CLASSROOM_UNIT_ID,professor_id,subject_variant,subject_name,year,session,n_student_classroom_observations,n_unique_students,n_unique_careers,mean_visits,median_visits,max_visits,mean_raw_grade_numeric,raw_grade_missing_count,raw_grade_non_missing_count,mean_impmean,mean_impkde,raw_grade_missing_prop,classroom_size
22114 | MAT2012 | 2019 | OTOÑO,22114,MAT2012,CÁLCULO II,2019,OTOÑO,107,107,20,0.794392523364486,0.0,7,8.883653846153846,3,104,8.827102803738319,8.820560747663551,0.028037383177570093,107
23162 | MAT2012 | 2021 | OTOÑO,23162,MAT2012,CÁLCULO II,2021,OTOÑO,106,106,22,2.2641509433962264,0.0,27,9.425961538461538,2,104,9.355031446540881,9.362264150943396,0.018867924528301886,106
23133 | MAT1012 | 2020 | OTOÑO,23133,MAT1012,MATEMÁTICAS UNIVERSITARIAS,2020,OTOÑO,95,95,26,0.6842105263157895,0.0,28,8.860674157303372,6,89,8.59284210526316,8.541052631578948,0.06315789473684211,95
16164 | MAT2092 | 2020 | OTOÑO,16164,MAT2092,ESTADÍSTICA PARA CIENCIAS DE LA SALUD,2020,OTOÑO,93,93,1,1.3763440860215055,0.0,16,8.525,9,84,8.25741935483871,8.174193548387096,0.0967741935483871,93
23837 | MAT1012 | 2019 | OTOÑO,23837,MAT1012,MATEMÁTICAS UNIVERSITARIAS,2019,OTOÑO,90,90,25,2.3222222222222224,1.0,17,7.809333333333334,15,75,7.214444444444444,7.226666666666667,0.16666666666666666,90
23468 | MAT1012 | 2019 | OTOÑO,23468,MAT1012,MATEMÁTICAS UNIVERSITARIAS,2019,OTOÑO,89,89,24,2.460674157303371,1.0,24,7.9714285714285715,19,70,7.390449438202247,7.371910112359551,0.21348314606741572,89
22115 | MAT2022 | 2021 | OTOÑO,22115,MAT2022,ESTADÍSTICA PARA NEGOCIOS I,2021,OTOÑO,87,87,7,0.8735632183908046,0.0,10,8.879268292682926,5,82,8.675,8.695402298850574,0.05747126436781609,87
23453 | MAT1012 | 2021 | PRIMAVERA,23453,MAT1012,MATEMÁTICAS UNIVERSITARIAS,2021,PRIMAVERA,87,87,23,1.0919540229885059,0.0,44,8.333333333333334,3,84,8.2433908045977,8.228735632183907,0.034482758620689655,87
23434 | MAT1012 | 2019 | OTOÑO,23434,MAT1012,MATEMÁTICAS UNIVERSITARIAS,2019,OTOÑO,85,85,26,2.3411764705882354,0.0,28,7.984375,21,64,7.104117647058824,6.649411764705883,0.24705882352941178,85
23452 | MAT1012 | 2020 | OTOÑO,23452,MAT1012,MATEMÁTICAS UNIVERSITARIAS,2020,OTOÑO,85,85,18,0.9294117647058824,0.0,14,9.393589743589745,7,78,9.23764705882353,8.924705882352942,0.08235294117647059,85
23839 | MAT1012 | 2019 | OTOÑO,23839,MAT1012,MATEMÁTICAS UNIVERSITARIAS,2019,OTOÑO,84,84,25,1.7380952380952381,0.0,23,7.961666666666667,24,60,6.936904761904763,6.625,0.2857142857142857,84
22521 | MAT1022 | 2021 | PRIMAVERA,22521,MAT1022,CÁLCULO I,2021,PRIMAVERA,83,83,26,2.289156626506024,0.0,114,8.351724137931035,25,58,7.218340026773762,7.137349397590361,0.30120481927710846,83
23452 | MAT1032 | 2023 | PRIMAVERA,23452,MAT1032,ÁLGEBRA LINEAL,2023,PRIMAVERA,80,80,20,5.2375,2.0,48,9.055263157894737,4,76,8.925833333333333,8.6675,0.05,80
20566 | MAT2092 | 2019 | OTOÑO,20566,MAT2092,ESTADÍSTICA PARA CIENCIAS DE LA SALUD,2019,OTOÑO,76,76,1,0.17105263157894737,0.0,3,8.938356164383562,3,73,8.803947368421053,8.648684210526316,0.039473684210526314,76
23434 | MAT1012 | 2019 | PRIMAVERA,23434,MAT1012,MATEMÁTICAS UNIVERSITARIAS,2019,PRIMAVERA,75,75,24,1.2133333333333334,0.0,18,7.395081967213115,14,61,6.98695652173913,6.784,0.18666666666666668,75
23859 | MAT2022 | 2020 | OTOÑO,23859,MAT2022,ESTADÍSTICA PARA NEGOCIOS I,2020,OTOÑO,75,75,7,2.6933333333333334,1.0,28,9.856164383561644,2,73,9.856164383561644,9.692,0.02666666666666667,75
23411 | MAT1022 | 2022 | PRIMAVERA,23411,MAT1022,CÁLCULO I,2022,PRIMAVERA,75,75,25,1.48,0.0,15,8.933823529411764,7,68,8.683333333333334,8.650666666666666,0.09333333333333334,75
21192 | MAT1032 | 2024 | PRIMAVERA,21192,MAT1032,ÁLGEBRA LINEAL,2024,PRIMAVERA,72,72,16,1.6666666666666667,0.0,26,9.58695652173913,3,69,9.291666666666666,9.291666666666666,0.041666666666666664,72
23162 | MAT1022 | 2021 | PRIMAVERA,23162,MAT1022,CÁLCULO I,2021,PRIMAVERA,71,71,18,2.211267605633803,1.0,17,9.573239436619719,0,71,9.573239436619719,9.573239436619719,0.0,71
23859 | MAT2022 | 2021 | OTOÑO,23859,MAT2022,ESTADÍSTICA PARA NEGOCIOS I,2021,OTOÑO,71,71,9,1.2816901408450705,0.0,14,9.568115942028987,2,69,9.419718309859155,9.469014084507041,0.028169014084507043,71
23824 | MAT2012 | 2021 | OTOÑO,23824,MAT2012,CÁLCULO II,2021,OTOÑO,70,70,20,1.042857142857143,0.0,10,8.921875,6,64,8.514285714285714,8.457142857142857,0.08571428571428572,70
23839 | MAT1012 | 2021 | OTOÑO,23839,MAT1012,MATEMÁTICAS UNIVERSITARIAS,2021,OTOÑO,70,70,27,0.42857142857142855,0.0,4,8.2,6,64,7.946285714285715,7.89,0.08571428571428572,70
23885 | MAT1012 | 2021 | OTOÑO,23885,MAT1012,MATEMÁTICAS UNIVERSITARIAS,2021,OTOÑO,70,70,20,0.6571428571428571,0.0,12,8.78688524590164,9,61,7.905714285714286,7.924285714285715,0.12857142857142856,70
23152 | MAT1012 | 2023 | PRIMAVERA,23152,MAT1012,MATEMÁTICAS UNIVERSITARIAS,2023,PRIMAVERA,70,70,23,2.2714285714285714,0.0,26,7.915517241379311,12,58,7.460909090909091,7.055714285714285,0.17142857142857143,70
23852 | MAT1022 | 2024 | PRIMAVERA,23852,MAT1022,CÁLCULO I,2024,PRIMAVERA,70,70,21,1.6857142857142857,0.0,15,8.912857142857142,0,70,8.912857142857142,8.912857142857142,0.0,70
23218 | MAT1012 | 2021 | OTOÑO,23218,MAT1012,MATEMÁTICAS UNIVERSITARIAS,2021,OTOÑO,69,69,29,0.9565217391304348,0.0,12,7.5875,5,64,7.281159420289855,7.095652173913043,0.07246376811594203,69
23836 | MAT1022 | 2024 | PRIMAVERA,23836,MAT1022,CÁLCULO I,2024,PRIMAVERA,69,69,17,1.6666666666666667,0.0,34,9.442424242424243,3,66,9.442424242424243,9.192753623188405,0.043478260869565216,69
23411 | MAT2012 | 2019 | OTOÑO,23411,MAT2012,CÁLCULO II,2019,OTOÑO,68,68,16,2.176470588235294,0.5,29,8.841071428571428,12,56,8.533823529411764,8.39264705882353,0.17647058823529413,68
23149 | MAT1012 | 2020 | OTOÑO,23149,MAT1012,MATEMÁTICAS UNIVERSITARIAS,2020,OTOÑO,68,68,18,1.4705882352941178,0.0,16,6.952272727272727,24,44,5.983088235294118,5.44264705882353,0.35294117647058826,68
23468 | MAT1012 | 2020 | OTOÑO,23468,MAT1012,MATEMÁTICAS UNIVERSITARIAS,2020,OTOÑO,68,68,27,1.588235294117647,0.0,39,7.913846153846153,3,65,7.759625668449197,7.622058823529411,0.04411764705882353,68
23837 | MAT1012 | 2021 | OTOÑO,23837,MAT1012,MATEMÁTICAS UNIVERSITARIAS,2021,OTOÑO,68,68,22,1.9558823529411764,0.0,70,7.676666666666667,8,60,7.404901960784314,7.391176470588236,0.11764705882352941,68
21852 | MAT1052 | 2020 | PRIMAVERA,21852,MAT1052,ESTADÍSTICA PARA CIENCIAS SOCIALES,2020,PRIMAVERA,67,67,10,0.34328358208955223,0.0,4,9.253225806451614,5,62,9.055223880597016,8.853731343283583,0.07462686567164178,67
16164 | MAT2022 | 2021 | PRIMAVERA,16164,MAT2022,ESTADÍSTICA PARA NEGOCIOS I,2021,PRIMAVERA,67,67,10,0.9253731343283582,0.0,11,8.668181818181818,1,66,8.62776119402985,8.631343283582089,0.014925373134328358,67
25487 | MAT1012 | 2024 | PRIMAVERA,25487,MAT1012,MATEMÁTICAS UNIVERSITARIAS,2024,PRIMAVERA,67,67,26,0.582089552238806,0.0,9,7.66774193548387,5,62,7.195251017639077,7.095522388059702,0.07462686567164178,67
25494 | MAT1012 | 2024 | PRIMAVERA,25494,MAT1012,MATEMÁTICAS UNIVERSITARIAS,2024,PRIMAVERA,67,67,18,1.8805970149253732,1.0,15,9.217857142857143,11,56,8.40497512437811,8.100000000000001,0.16417910447761194,67
23835 | MAT1022 | 2020 | PRIMAVERA,23835,MAT1022,CÁLCULO I,2020,PRIMAVERA,65,65,20,1.9384615384615385,1.0,11,8.576666666666666,5,60,8.367884615384616,8.361538461538462,0.07692307692307693,65
24117 | MAT1012 | 2020 | OTOÑO,24117,MAT1012,MATEMÁTICAS UNIVERSITARIAS,2020,OTOÑO,65,65,22,1.323076923076923,0.0,13,8.05,9,56,7.774674556213018,7.624615384615385,0.13846153846153847,65
23837 | MAT2012 | 2021 | PRIMAVERA,23837,MAT2012,CÁLCULO II,2021,PRIMAVERA,65,65,20,2.0615384615384613,0.0,17,7.7124999999999995,9,56,7.293254437869822,7.281538461538462,0.13846153846153847,65
23425 | MAT1012 | 2022 | OTOÑO,23425,MAT1012,MATEMÁTICAS UNIVERSITARIAS,2022,OTOÑO,65,65,20,1.8615384615384616,0.0,17,8.12741935483871,3,62,7.8364102564102565,7.892307692307693,0.046153846153846156,65
25531 | MAT1012 | 2025 | PRIMAVERA,25531,MAT1012,MATEMÁTICAS UNIVERSITARIAS,2025,PRIMAVERA,65,65,20,0.0,0.0,0,8.459322033898305,6,59,8.044615384615383,7.947692307692308,0.09230769230769231,65
22114 | MAT1022 | 2020 | PRIMAVERA,22114,MAT1022,CÁLCULO I,2020,PRIMAVERA,64,64,23,3.046875,1.0,33,8.574193548387097,2,62,8.485763888888888,8.4546875,0.03125,64
23452 | MAT1032 | 2020 | PRIMAVERA,23452,MAT1032,ÁLGEBRA LINEAL,2020,PRIMAVERA,64,64,16,1.796875,0.0,15,9.040625,0,64,9.040625,9.040625,0.0,64
23824 | MAT1022 | 2021 | PRIMAVERA,23824,MAT1022,CÁLCULO I,2021,PRIMAVERA,64,64,21,1.59375,0.0,39,9.239655172413793,6,58,8.9828125,8.9828125,0.09375,64
23149 | MAT1012 | 2022 | OTOÑO,23149,MAT1012,MATEMÁTICAS UNIVERSITARIAS,2022,OTOÑO,64,64,24,5.390625,3.0,30,8.548717948717949,25,39,7.486160714285715,6.484375,0.390625,64
23453 | MAT1012 | 2022 | OTOÑO,23453,MAT1012,MATEMÁTICAS UNIVERSITARIAS,2022,OTOÑO,64,64,21,2.53125,0.0,43,7.418918918918919,27,37,6.6965625,6.334375,0.421875,64
23824 | MAT1032 | 2020 | PRIMAVERA,23824,MAT1032,ÁLGEBRA LINEAL,2020,PRIMAVERA,63,63,14,2.0952380952380953,0.0,28,9.388709677419355,1,62,9.298412698412697,9.357142857142858,0.015873015873015872,63
23434 | MAT1012 | 2022 | OTOÑO,23434,MAT1012,MATEMÁTICAS UNIVERSITARIAS,2022,OTOÑO,63,63,25,2.9365079365079363,1.0,48,8.1625,15,48,7.7214285714285715,7.5809523809523816,0.23809523809523808,63
20792 | MAT1022 | 2023 | PRIMAVERA,20792,MAT1022,CÁLCULO I,2023,PRIMAVERA,63,63,21,4.333333333333333,1.0,36,7.048275862068966,34,29,6.034188034188035,4.657142857142857,0.5396825396825397,63
25494 | MAT1012 | 2024 | OTOÑO,25494,MAT1012,MATEMÁTICAS UNIVERSITARIAS,2024,OTOÑO,63,63,22,0.0,0.0,0,9.153703703703703,9,54,8.867460317460317,8.717460317460318,0.14285714285714285,63
23425 | MAT1012 | 2019 | OTOÑO,23425,MAT1012,MATEMÁTICAS UNIVERSITARIAS,2019,OTOÑO,62,62,24,3.032258064516129,1.0,22,7.709433962264152,9,53,7.100806451612903,6.746774193548387,0.14516129032258066,62
23152 | MAT1032 | 2020 | PRIMAVERA,23152,MAT1032,ÁLGEBRA LINEAL,2020,PRIMAVERA,62,62,14,2.7096774193548385,0.0,33,8.751724137931035,4,58,8.478709677419355,8.430645161290323,0.06451612903225806,62
23852 | MAT1022 | 2021 | PRIMAVERA,23852,MAT1022,CÁLCULO I,2021,PRIMAVERA,62,62,22,2.7419354838709675,0.0,28,9.473770491803279,1,61,9.362903225806452,9.362903225806452,0.016129032258064516,62
21779 | MAT1012 | 2023 | OTOÑO,21779,MAT1012,MATEMÁTICAS UNIVERSITARIAS,2023,OTOÑO,62,62,21,1.7741935483870968,0.0,25,7.7575,22,40,6.839354838709678,6.404838709677419,0.3548387096774194,62
23149 | MAT1012 | 2023 | OTOÑO,23149,MAT1012,MATEMÁTICAS UNIVERSITARIAS,2023,OTOÑO,62,62,20,0.9516129032258065,0.0,9,7.526470588235294,28,34,5.679838709677419,4.974193548387096,0.45161290322580644,62
22109 | MAT1012 | 2024 | OTOÑO,22109,MAT1012,MATEMÁTICAS UNIVERSITARIAS,2024,OTOÑO,62,62,22,0.0,0.0,0,8.2,16,46,7.27741935483871,6.440322580645161,0.25806451612903225,62
24085 | MAT1022 | 2024 | PRIMAVERA,24085,MAT1022,CÁLCULO I,2024,PRIMAVERA,62,62,21,2.1451612903225805,1.0,18,9.883870967741935,0,62,9.883870967741935,9.883870967741935,0.0,62
22114 | MAT1022 | 2019 | PRIMAVERA,22114,MAT1022,CÁLCULO I,2019,PRIMAVERA,61,61,23,2.0,0.0,26,8.79245283018868,8,53,8.512412177985949,8.429508196721311,0.13114754098360656,61
22091 | MAT2022 | 2020 | OTOÑO,22091,MAT2022,ESTADÍSTICA PARA NEGOCIOS I,2020,OTOÑO,61,61,7,3.1639344262295084,1.0,18,9.605084745762712,2,59,9.605084745762712,9.411475409836067,0.03278688524590164,61
23468 | MAT1012 | 2020 | PRIMAVERA,23468,MAT1012,MATEMÁTICAS UNIVERSITARIAS,2020,PRIMAVERA,61,61,21,1.1639344262295082,0.0,26,6.8641509433962264,8,53,6.512683347713546,6.439344262295082,0.13114754098360656,61
24097 | MAT1032 | 2021 | PRIMAVERA,24097,MAT1032,ÁLGEBRA LINEAL,2021,PRIMAVERA,61,61,19,1.1967213114754098,0.0,16,9.22456140350877,4,57,9.111475409836064,8.862295081967213,0.06557377049180328,61
23887 | MAT1052 | 2022 | PRIMAVERA,23887,MAT1052,ESTADÍSTICA PARA CIENCIAS SOCIALES,2022,PRIMAVERA,61,61,12,0.7868852459016393,0.0,42,8.378181818181819,6,55,8.061639344262295,7.844262295081967,0.09836065573770492,61
24097 | MAT1012 | 2023 | PRIMAVERA,24097,MAT1012,MATEMÁTICAS UNIVERSITARIAS,2023,PRIMAVERA,61,61,22,1.3934426229508197,0.0,20,9.056896551724137,3,58,8.980327868852457,8.793442622950819,0.04918032786885246,61
25496 | MAT1012 | 2024 | OTOÑO,25496,MAT1012,MATEMÁTICAS UNIVERSITARIAS,2024,OTOÑO,61,61,20,0.0,0.0,0,8.690909090909091,6,55,7.836065573770492,7.836065573770492,0.09836065573770492,61
23836 | MAT1022 | 2025 | PRIMAVERA,23836,MAT1022,CÁLCULO I,2025,PRIMAVERA,61,61,18,0.16393442622950818,0.0,6,8.93,1,60,8.844918032786884,8.878688524590164,0.01639344262295082,61
23978 | MAT1022 | 2025 | PRIMAVERA,23978,MAT1022,CÁLCULO I,2025,PRIMAVERA,61,61,17,0.08196721311475409,0.0,2,8.94915254237288,2,59,8.693442622950819,8.693442622950819,0.03278688524590164,61
22473 | MAT1012 | 2019 | OTOÑO,22473,MAT1012,MATEMÁTICAS UNIVERSITARIAS,2019,OTOÑO,60,60,23,3.25,0.0,27,8.645098039215686,9,51,8.280833333333334,8.135,0.15,60
22503 | MAT2022 | 2019 | OTOÑO,22503,MAT2022,ESTADÍSTICA PARA NEGOCIOS I,2019,OTOÑO,60,60,8,1.1333333333333333,0.0,10,8.529166666666667,12,48,7.738333333333333,7.641666666666667,0.2,60
23162 | MAT1022 | 2019 | PRIMAVERA,23162,MAT1022,CÁLCULO I,2019,PRIMAVERA,60,60,22,1.0,0.0,13,9.360714285714286,4,56,9.360714285714286,8.983333333333333,0.06666666666666667,60
23218 | MAT1032 | 2019 | PRIMAVERA,23218,MAT1032,ÁLGEBRA LINEAL,2019,PRIMAVERA,60,60,17,1.2,0.0,18,8.356521739130434,14,46,8.005686274509804,7.926666666666667,0.23333333333333334,60
23425 | MAT1032 | 2019 | PRIMAVERA,23425,MAT1032,ÁLGEBRA LINEAL,2019,PRIMAVERA,60,60,17,1.25,0.5,14,9.176271186440678,1,59,9.176271186440678,9.085,0.016666666666666666,60
23835 | MAT1012 | 2019 | OTOÑO,23835,MAT1012,MATEMÁTICAS UNIVERSITARIAS,2019,OTOÑO,60,60,24,1.5,0.0,8,7.566071428571428,4,56,7.38439393939394,7.385000000000001,0.06666666666666667,60
23885 | MAT2012 | 2019 | OTOÑO,23885,MAT2012,CÁLCULO II,2019,OTOÑO,60,60,16,1.3833333333333333,0.0,14,9.052542372881357,1,59,8.901666666666667,8.901666666666667,0.016666666666666666,60
23162 | MAT1022 | 2020 | OTOÑO,23162,MAT1022,CÁLCULO I,2020,OTOÑO,60,60,19,2.25,1.0,21,9.128813559322035,1,59,8.976666666666667,8.976666666666667,0.016666666666666666,60
23425 | MAT1012 | 2020 | OTOÑO,23425,MAT1012,MATEMÁTICAS UNIVERSITARIAS,2020,OTOÑO,60,60,11,0.4666666666666667,0.0,5,9.032075471698112,7,53,8.3575,8.161666666666667,0.11666666666666667,60
23453 | MAT1012 | 2020 | OTOÑO,23453,MAT1012,MATEMÁTICAS UNIVERSITARIAS,2020,OTOÑO,60,60,23,0.55,0.0,5,7.785454545454545,5,55,7.508194444444444,7.658333333333333,0.08333333333333333,60
23836 | MAT1022 | 2020 | PRIMAVERA,23836,MAT1022,CÁLCULO I,2020,PRIMAVERA,60,60,19,2.783333333333333,1.0,27,8.392727272727273,5,55,8.206296296296296,8.12,0.08333333333333333,60
23897 | MAT1022 | 2020 | PRIMAVERA,23897,MAT1022,CÁLCULO I,2020,PRIMAVERA,60,60,19,2.033333333333333,0.0,19,9.433333333333334,0,60,9.433333333333334,9.433333333333334,0.0,60
23874 | MAT1022 | 2021 | PRIMAVERA,23874,MAT1022,CÁLCULO I,2021,PRIMAVERA,60,60,20,1.0166666666666666,0.0,6,9.098148148148148,6,54,8.878333333333334,8.878333333333334,0.1,60
22473 | MAT1012 | 2022 | OTOÑO,22473,MAT1012,MATEMÁTICAS UNIVERSITARIAS,2022,OTOÑO,60,60,21,1.3833333333333333,0.0,20,8.54,10,50,8.147222222222222,7.751666666666667,0.16666666666666666,60
22521 | MAT1012 | 2022 | OTOÑO,22521,MAT1012,MATEMÁTICAS UNIVERSITARIAS,2022,OTOÑO,60,60,28,5.933333333333334,1.0,49,7.3675,20,40,5.741666666666666,5.35,0.3333333333333333,60
16164 | MAT2022 | 2023 | OTOÑO,16164,MAT2022,ESTADÍSTICA PARA NEGOCIOS I,2023,OTOÑO,60,60,10,3.95,1.0,37,9.398275862068965,2,58,9.398275862068965,9.208333333333334,0.03333333333333333,60
21262 | MAT1012 | 2023 | OTOÑO,21262,MAT1012,MATEMÁTICAS UNIVERSITARIAS,2023,OTOÑO,60,60,19,1.3666666666666667,0.0,18,8.204651162790698,17,43,7.5233333333333325,6.078333333333333,0.2833333333333333,60
23153 | MAT1012 | 2023 | OTOÑO,23153,MAT1012,MATEMÁTICAS UNIVERSITARIAS,2023,OTOÑO,60,60,22,2.1666666666666665,0.0,26,9.001923076923077,8,52,8.596333333333332,8.436666666666666,0.13333333333333333,60
23836 | MAT1012 | 2023 | OTOÑO,23836,MAT1012,MATEMÁTICAS UNIVERSITARIAS,2023,OTOÑO,60,60,17,1.6,0.0,33,8.803571428571429,4,56,8.466666666666667,8.216666666666667,0.06666666666666667,60
24085 | MAT1012 | 2024 | OTOÑO,24085,MAT1012,MATEMÁTICAS UNIVERSITARIAS,2024,OTOÑO,60,60,19,0.23333333333333334,0.0,11,9.078846153846154,8,52,8.168333333333333,8.168333333333333,0.13333333333333333,60
21192 | MAT1032 | 2025 | PRIMAVERA,21192,MAT1032,ÁLGEBRA LINEAL,2025,PRIMAVERA,60,60,15,0.03333333333333333,0.0,1,9.254237288135593,1,59,9.196111111111112,9.138333333333332,0.016666666666666666,60
24085 | MAT1022 | 2025 | PRIMAVERA,24085,MAT1022,CÁLCULO I,2025,PRIMAVERA,60,60,22,0.15,0.0,4,9.467241379310344,2,58,9.231666666666666,9.231666666666666,0.03333333333333333,60
21852 | MAT2022 | 2019 | OTOÑO,21852,MAT2022,ESTADÍSTICA PARA NEGOCIOS I,2019,OTOÑO,59,59,8,1.4915254237288136,0.0,11,9.161538461538461,7,52,8.62824858757062,8.423728813559322,0.11864406779661017,59
23149 | MAT1032 | 2019 | PRIMAVERA,23149,MAT1032,ÁLGEBRA LINEAL,2019,PRIMAVERA,59,59,18,0.6610169491525424,0.0,8,7.76595744680851,12,47,7.311440677966102,7.179661016949153,0.2033898305084746,59
23411 | MAT1032 | 2019 | PRIMAVERA,23411,MAT1032,ÁLGEBRA LINEAL,2019,PRIMAVERA,59,59,16,1.694915254237288,0.0,35,8.6625,11,48,7.942372881355933,7.91864406779661,0.1864406779661017,59
18269 | MAT1012 | 2021 | OTOÑO,18269,MAT1012,MATEMÁTICAS UNIVERSITARIAS,2021,OTOÑO,59,59,18,2.2711864406779663,0.0,32,8.264583333333333,11,48,7.408474576271185,7.4,0.1864406779661017,59
22446 | MAT1022 | 2022 | PRIMAVERA,22446,MAT1022,CÁLCULO I,2022,PRIMAVERA,59,59,20,0.576271186440678,0.0,8,9.427586206896551,1,58,9.338983050847459,9.338983050847459,0.01694915254237288,59
23852 | MAT1022 | 2025 | PRIMAVERA,23852,MAT1022,CÁLCULO I,2025,PRIMAVERA,59,59,20,0.01694915254237288,0.0,1,8.553448275862069,1,58,8.463983050847459,8.41864406779661,0.01694915254237288,59
24086 | MAT1022 | 2025 | PRIMAVERA,24086,MAT1022,CÁLCULO I,2025,PRIMAVERA,59,59,18,0.13559322033898305,0.0,7,8.757692307692308,7,52,8.386016949152541,8.19322033898305,0.11864406779661017,59
23148 | MAT1012 | 2020 | OTOÑO,23148,MAT1012,MATEMÁTICAS UNIVERSITARIAS,2020,OTOÑO,58,58,17,1.2413793103448276,0.0,16,8.931481481481482,4,54,8.48793103448276,8.315517241379311,0.06896551724137931,58
23152 | MAT1012 | 2020 | OTOÑO,23152,MAT1012,MATEMÁTICAS UNIVERSITARIAS,2020,OTOÑO,58,58,13,0.8793103448275862,0.0,15,8.323214285714286,2,56,8.21551724137931,8.279310344827586,0.034482758620689655,58
24097 | MAT1012 | 2020 | OTOÑO,24097,MAT1012,MATEMÁTICAS UNIVERSITARIAS,2020,OTOÑO,58,58,11,0.7241379310344828,0.0,8,9.36909090909091,3,55,9.272413793103448,9.075862068965517,0.05172413793103448,58
23452 | MAT1032 | 2022 | PRIMAVERA,23452,MAT1032,ÁLGEBRA LINEAL,2022,PRIMAVERA,58,58,17,1.9137931034482758,0.0,23,9.329629629629629,4,54,8.858620689655172,8.858620689655172,0.06896551724137931,58
21779 | MAT1022 | 2024 | PRIMAVERA,21779,MAT1022,CÁLCULO I,2024,PRIMAVERA,58,58,18,3.103448275862069,1.0,25,8.604878048780488,17,41,7.788620689655173,7.562068965517242,0.29310344827586204,58
23434 | MAT1012 | 2024 | OTOÑO,23434,MAT1012,MATEMÁTICAS UNIVERSITARIAS,2024,OTOÑO,58,58,22,0.05172413793103448,0.0,2,6.985714285714285,16,42,5.879310344827586,5.415517241379311,0.27586206896551724,58
23133 | MAT1012 | 2019 | OTOÑO,23133,MAT1012,MATEMÁTICAS UNIVERSITARIAS,2019,OTOÑO,57,57,22,0.631578947368421,0.0,8,8.405454545454546,2,55,8.364912280701754,8.285964912280702,0.03508771929824561,57
23453 | MAT1012 | 2019 | OTOÑO,23453,MAT1012,MATEMÁTICAS UNIVERSITARIAS,2019,OTOÑO,57,57,22,2.1578947368421053,0.0,28,6.35625,25,32,4.634547908232118,4.275438596491228,0.43859649122807015,57
23978 | MAT1012 | 2019 | OTOÑO,23978,MAT1012,MATEMÁTICAS UNIVERSITARIAS,2019,OTOÑO,57,57,21,1.456140350877193,0.0,14,9.1,6,51,8.536842105263158,8.142105263157895,0.10526315789473684,57
23852 | MAT1022 | 2020 | PRIMAVERA,23852,MAT1022,CÁLCULO I,2020,PRIMAVERA,57,57,20,1.3508771929824561,0.0,12,8.481818181818182,2,55,8.308771929824562,8.335087719298246,0.03508771929824561,57
23468 | MAT1032 | 2021 | PRIMAVERA,23468,MAT1032,ÁLGEBRA LINEAL,2021,PRIMAVERA,57,57,18,1.2105263157894737,0.0,14,9.28,2,55,9.203508771929824,9.203508771929824,0.03508771929824561,57
23836 | MAT1022 | 2021 | PRIMAVERA,23836,MAT1022,CÁLCULO I,2021,PRIMAVERA,57,57,15,1.1403508771929824,0.0,9,8.4,7,50,7.806432748538011,7.819298245614035,0.12280701754385964,57
21853 | MAT1032 | 2025 | PRIMAVERA,21853,MAT1032,ÁLGEBRA LINEAL,2025,PRIMAVERA,57,57,14,0.08771929824561403,0.0,3,8.517999999999999,7,50,8.031929824561404,8.152631578947368,0.12280701754385964,57
22480 | MAT1022 | 2019 | PRIMAVERA,22480,MAT1022,CÁLCULO I,2019,PRIMAVERA,56,56,21,1.0714285714285714,0.0,11,8.907843137254902,5,51,8.716666666666667,8.689285714285715,0.08928571428571429,56
23152 | MAT1012 | 2019 | OTOÑO,23152,MAT1012,MATEMÁTICAS UNIVERSITARIAS,2019,OTOÑO,56,56,18,1.375,0.0,13,8.6,18,38,7.442857142857143,5.835714285714286,0.32142857142857145,56
21262 | MAT1012 | 2020 | OTOÑO,21262,MAT1012,MATEMÁTICAS UNIVERSITARIAS,2020,OTOÑO,56,56,9,0.8392857142857143,0.0,17,8.937735849056603,3,53,8.842857142857143,8.8375,0.05357142857142857,56
23453 | MAT1012 | 2020 | PRIMAVERA,23453,MAT1012,MATEMÁTICAS UNIVERSITARIAS,2020,PRIMAVERA,56,56,25,0.5357142857142857,0.0,7,7.147826086956522,10,46,6.827678571428572,6.644642857142857,0.17857142857142858,56
23823 | MAT1012 | 2020 | PRIMAVERA,23823,MAT1012,MATEMÁTICAS UNIVERSITARIAS,2020,PRIMAVERA,56,56,20,1.25,0.0,17,8.524489795918367,7,49,8.257366071428573,8.189285714285715,0.125,56
23148 | MAT1032 | 2021 | PRIMAVERA,23148,MAT1032,ÁLGEBRA LINEAL,2021,PRIMAVERA,56,56,16,2.2857142857142856,0.0,26,9.518518518518519,2,54,9.446428571428571,9.310714285714285,0.03571428571428571,56
23452 | MAT1032 | 2021 | PRIMAVERA,23452,MAT1032,ÁLGEBRA LINEAL,2021,PRIMAVERA,56,56,14,0.9642857142857143,0.0,8,9.574545454545454,1,55,9.574545454545454,9.469642857142857,0.017857142857142856,56
23162 | MAT2012 | 2022 | OTOÑO,23162,MAT2012,CÁLCULO II,2022,OTOÑO,56,56,15,2.9285714285714284,1.0,23,9.618867924528303,3,53,9.618867924528303,9.301785714285714,0.05357142857142857,56
23852 | MAT2012 | 2022 | OTOÑO,23852,MAT2012,CÁLCULO II,2022,OTOÑO,56,56,18,1.9107142857142858,0.0,32,8.933962264150944,3,53,8.746428571428572,8.525,0.05357142857142857,56
23885 | MAT1022 | 2023 | PRIMAVERA,23885,MAT1022,CÁLCULO I,2023,PRIMAVERA,56,56,22,4.285714285714286,1.0,33,9.255102040816327,7,49,9.255102040816327,8.560714285714285,0.125,56
22109 | MAT1052 | 2025 | PRIMAVERA,22109,MAT1052,ESTADÍSTICA PARA CIENCIAS SOCIALES,2025,PRIMAVERA,56,56,10,0.07142857142857142,0.0,4,8.397368421052633,18,38,8.007142857142856,7.498214285714285,0.32142857142857145,56
22115 | MAT1052 | 2019 | OTOÑO,22115,MAT1052,ESTADÍSTICA PARA CIENCIAS SOCIALES,2019,OTOÑO,55,55,9,1.018181818181818,0.0,10,7.906818181818181,11,44,7.516363636363636,6.821818181818181,0.2,55
23468 | MAT1012 | 2019 | PRIMAVERA,23468,MAT1012,MATEMÁTICAS UNIVERSITARIAS,2019,PRIMAVERA,55,55,20,1.3454545454545455,0.0,15,7.554347826086956,9,46,7.2322077922077925,7.18,0.16363636363636364,55
22471 | MAT2012 | 2020 | OTOÑO,22471,MAT2012,CÁLCULO II,2020,OTOÑO,55,55,16,3.5090909090909093,0.0,37,8.706060606060607,22,33,7.4336363636363645,6.949090909090909,0.4,55
24086 | MAT1032 | 2020 | PRIMAVERA,24086,MAT1032,ÁLGEBRA LINEAL,2020,PRIMAVERA,55,55,12,1.5454545454545454,0.0,17,8.53,5,50,8.193939393939393,7.967272727272727,0.09090909090909091,55
23149 | MAT1012 | 2021 | OTOÑO,23149,MAT1012,MATEMÁTICAS UNIVERSITARIAS,2021,OTOÑO,55,55,19,1.0363636363636364,0.0,7,7.2631578947368425,17,38,6.285454545454545,5.8981818181818175,0.3090909090909091,55
16164 | MAT2022 | 2022 | OTOÑO,16164,MAT2022,ESTADÍSTICA PARA NEGOCIOS I,2022,OTOÑO,55,55,7,1.2181818181818183,0.0,19,9.33529411764706,4,51,9.172727272727272,9.172727272727272,0.07272727272727272,55
18269 | MAT1022 | 2022 | PRIMAVERA,18269,MAT1022,CÁLCULO I,2022,PRIMAVERA,55,55,21,2.2545454545454544,0.0,22,8.54186046511628,12,43,7.747272727272727,7.618181818181818,0.21818181818181817,55
23149 | MAT1022 | 2023 | PRIMAVERA,23149,MAT1022,CÁLCULO I,2023,PRIMAVERA,55,55,20,3.5636363636363635,2.0,27,8.547058823529412,21,34,7.256363636363637,6.456363636363637,0.38181818181818183,55
21815 | MAT2022 | 2024 | OTOÑO,21815,MAT2022,ESTADÍSTICA PARA NEGOCIOS I,2024,OTOÑO,55,55,7,1.6727272727272726,0.0,11,9.420370370370371,1,54,9.294545454545455,9.249090909090908,0.01818181818181818,55
22446 | MAT2012 | 2020 | OTOÑO,22446,MAT2012,CÁLCULO II,2020,OTOÑO,54,54,15,2.814814814814815,1.0,25,9.301851851851852,0,54,9.301851851851852,9.301851851851852,0.0,54
22473 | MAT1032 | 2020 | PRIMAVERA,22473,MAT1032,ÁLGEBRA LINEAL,2020,PRIMAVERA,54,54,15,1.9814814814814814,0.5,16,9.326415094339623,1,53,9.262037037037036,9.268518518518519,0.018518518518518517,54
23442 | MAT1012 | 2020 | OTOÑO,23442,MAT1012,MATEMÁTICAS UNIVERSITARIAS,2020,OTOÑO,54,54,8,2.5,0.0,32,9.29,4,50,9.022222222222222,9.022222222222222,0.07407407407407407,54
23897 | MAT1012 | 2020 | OTOÑO,23897,MAT1012,MATEMÁTICAS UNIVERSITARIAS,2020,OTOÑO,54,54,12,0.7407407407407407,0.0,12,9.026,4,50,8.450000000000001,8.450000000000001,0.07407407407407407,54
23897 | MAT1012 | 2021 | OTOÑO,23897,MAT1012,MATEMÁTICAS UNIVERSITARIAS,2021,OTOÑO,54,54,19,0.7037037037037037,0.0,7,8.955102040816326,5,49,8.35925925925926,8.294444444444444,0.09259259259259259,54
21192 | MAT1022 | 2022 | PRIMAVERA,21192,MAT1022,CÁLCULO I,2022,PRIMAVERA,54,54,19,2.8518518518518516,0.0,70,9.078000000000001,4,50,8.86037037037037,8.831481481481482,0.07407407407407407,54
22115 | MAT1052 | 2019 | PRIMAVERA,22115,MAT1052,ESTADÍSTICA PARA CIENCIAS SOCIALES,2019,PRIMAVERA,53,53,9,0.018867924528301886,0.0,1,8.419512195121952,12,41,7.836118598382749,7.584905660377358,0.22641509433962265,53
23836 | MAT1012 | 2019 | OTOÑO,23836,MAT1012,MATEMÁTICAS UNIVERSITARIAS,2019,OTOÑO,53,53,25,1.6603773584905661,0.0,15,7.546511627906977,10,43,6.946091644204852,6.573584905660377,0.18867924528301888,53
22521 | MAT2012 | 2020 | OTOÑO,22521,MAT2012,CÁLCULO II,2020,OTOÑO,53,53,18,2.811320754716981,1.0,18,8.203333333333333,23,30,6.487735849056604,6.5150943396226415,0.4339622641509434,53
23434 | MAT1022 | 2020 | PRIMAVERA,23434,MAT1022,CÁLCULO I,2020,PRIMAVERA,53,53,20,2.2452830188679247,0.0,13,8.080434782608695,7,46,7.866194968553459,7.630188679245283,0.1320754716981132,53
24086 | MAT1012 | 2021 | OTOÑO,24086,MAT1012,MATEMÁTICAS UNIVERSITARIAS,2021,OTOÑO,53,53,17,0.5849056603773585,0.0,13,7.520408163265306,4,49,7.187373004354136,7.056603773584905,0.07547169811320754,53
23434 | MAT1012 | 2021 | PRIMAVERA,23434,MAT1012,MATEMÁTICAS UNIVERSITARIAS,2021,PRIMAVERA,52,52,26,0.7692307692307693,0.0,5,7.733333333333333,4,48,7.499300699300699,7.421153846153846,0.07692307692307693,52
23452 | MAT1012 | 2021 | OTOÑO,23452,MAT1012,MATEMÁTICAS UNIVERSITARIAS,2021,OTOÑO,52,52,17,1.3269230769230769,0.0,19,8.525,4,48,8.152747252747254,8.125,0.07692307692307693,52
24097 | MAT1012 | 2021 | OTOÑO,24097,MAT1012,MATEMÁTICAS UNIVERSITARIAS,2021,OTOÑO,52,52,14,1.0769230769230769,0.0,13,8.146938775510204,3,49,7.976346153846153,7.948076923076924,0.057692307692307696,52
23839 | MAT1022 | 2024 | PRIMAVERA,23839,MAT1022,CÁLCULO I,2024,PRIMAVERA,52,52,20,1.0384615384615385,0.0,11,7.804545454545454,8,44,7.104945054945055,6.9653846153846155,0.15384615384615385,52
21262 | MAT1022 | 2021 | PRIMAVERA,21262,MAT1022,CÁLCULO I,2021,PRIMAVERA,51,51,16,1.392156862745098,0.0,14,9.359183673469389,2,49,9.359183673469389,9.137254901960784,0.0392156862745098,51
23148 | MAT1012 | 2021 | OTOÑO,23148,MAT1012,MATEMÁTICAS UNIVERSITARIAS,2021,OTOÑO,51,51,21,0.8823529411764706,0.0,14,7.485106382978723,4,47,7.161568627450981,7.113725490196079,0.0784313725490196,51
23425 | MAT1022 | 2022 | PRIMAVERA,23425,MAT1022,CÁLCULO I,2022,PRIMAVERA,51,51,21,1.1568627450980393,0.0,32,9.352083333333333,3,48,9.352083333333333,9.019607843137255,0.058823529411764705,51
23897 | MAT1022 | 2022 | PRIMAVERA,23897,MAT1022,CÁLCULO I,2022,PRIMAVERA,51,51,20,2.215686274509804,0.0,32,9.572340425531914,4,47,8.954901960784314,8.954901960784314,0.0784313725490196,51
21852 | MAT1052 | 2019 | PRIMAVERA,21852,MAT1052,ESTADÍSTICA PARA CIENCIAS SOCIALES,2019,PRIMAVERA,50,50,12,0.02,0.0,1,8.646511627906976,7,43,8.203199999999999,8.048,0.14,50
21853 | MAT1022 | 2021 | PRIMAVERA,21853,MAT1022,CÁLCULO I,2021,PRIMAVERA,50,50,21,1.46,0.0,17,8.989583333333334,2,48,8.93,8.777999999999999,0.04,50
23453 | MAT1022 | 2022 | PRIMAVERA,23453,MAT1022,CÁLCULO I,2022,PRIMAVERA,50,50,27,1.58,0.0,19,8.141463414634147,9,41,7.951428571428571,7.784,0.18,50
24085 | MAT1022 | 2022 | PRIMAVERA,24085,MAT1022,CÁLCULO I,2022,PRIMAVERA,50,50,23,2.02,0.0,23,9.717391304347826,4,46,9.26,9.26,0.08,50
23839 | MAT1022 | 2020 | PRIMAVERA,23839,MAT1022,CÁLCULO I,2020,PRIMAVERA,49,49,20,2.163265306122449,1.0,10,8.248888888888889,4,45,7.990476190476191,7.738775510204081,0.08163265306122448,49
23411 | MAT1022 | 2021 | PRIMAVERA,23411,MAT1022,CÁLCULO I,2021,PRIMAVERA,49,49,29,0.7959183673469388,0.0,14,8.905555555555557,13,36,8.26734693877551,8.26734693877551,0.2653061224489796,49
21779 | MAT1022 | 2025 | PRIMAVERA,21779,MAT1022,CÁLCULO I,2025,PRIMAVERA,49,49,20,0.0,0.0,0,7.981578947368422,11,38,7.072789115646258,6.485714285714286,0.22448979591836735,49
22471 | MAT1022 | 2021 | PRIMAVERA,22471,MAT1022,CÁLCULO I,2021,PRIMAVERA,48,48,17,1.1458333333333333,0.0,27,7.476470588235294,14,34,6.339351851851852,6.252083333333334,0.2916666666666667,48
23152 | MAT1032 | 2021 | PRIMAVERA,23152,MAT1032,ÁLGEBRA LINEAL,2021,PRIMAVERA,47,47,14,1.0638297872340425,0.0,15,8.34,2,45,8.202127659574469,8.119148936170212,0.0425531914893617,47
21815 | MAT1052 | 2024 | PRIMAVERA,21815,MAT1052,ESTADÍSTICA PARA CIENCIAS SOCIALES,2024,PRIMAVERA,47,47,7,0.14893617021276595,0.0,4,9.393023255813953,4,43,8.593617021276595,8.593617021276595,0.0851063829787234,47
23887 | MAT2022 | 2024 | PRIMAVERA,23887,MAT2022,ESTADÍSTICA PARA NEGOCIOS I,2024,PRIMAVERA,47,47,7,0.851063829787234,0.0,6,7.736585365853658,6,41,7.160283687943263,7.129787234042554,0.1276595744680851,47
23897 | MAT2012 | 2024 | PRIMAVERA,23897,MAT2012,CÁLCULO II,2024,PRIMAVERA,47,47,15,4.48936170212766,1.0,29,8.97857142857143,5,42,8.422340425531916,8.02340425531915,0.10638297872340426,47
23835 | MAT1022 | 2021 | PRIMAVERA,23835,MAT1022,CÁLCULO I,2021,PRIMAVERA,46,46,18,0.8478260869565217,0.0,10,8.475,6,40,8.217391304347826,8.08695652173913,0.13043478260869565,46
24013 | MAT2022 | 2020 | OTOÑO,24013,MAT2022,ESTADÍSTICA PARA NEGOCIOS I,2020,OTOÑO,45,45,8,2.311111111111111,1.0,22,9.071111111111112,0,45,9.071111111111112,9.071111111111112,0.0,45
21228 | MAT2022 | 2020 | OTOÑO,21228,MAT2022,ESTADÍSTICA PARA NEGOCIOS I,2020,OTOÑO,44,44,8,2.5454545454545454,0.0,27,8.644736842105264,6,38,8.371753246753245,8.079545454545455,0.13636363636363635,44
22767 | MAT1052 | 2021 | PRIMAVERA,22767,MAT1052,ESTADÍSTICA PARA CIENCIAS SOCIALES,2021,PRIMAVERA,44,44,12,0.022727272727272728,0.0,1,9.272093023255813,1,43,9.19090909090909,9.174999999999999,0.022727272727272728,44
20530 | MAT1052 | 2021 | PRIMAVERA,20530,MAT1052,ESTADÍSTICA PARA CIENCIAS SOCIALES,2021,PRIMAVERA,42,42,9,0.6190476190476191,0.0,10,8.575609756097561,1,41,8.514880952380953,8.52142857142857,0.023809523809523808,42
23149 | MAT1032 | 2022 | PRIMAVERA,23149,MAT1032,ÁLGEBRA LINEAL,2022,PRIMAVERA,42,42,12,1.7619047619047619,0.0,12,7.661764705882353,8,34,6.855442176870748,6.509523809523809,0.19047619047619047,42
21853 | MAT2012 | 2020 | OTOÑO,21853,MAT2012,CÁLCULO II,2020,OTOÑO,41,41,17,2.6341463414634148,1.0,17,9.025641025641026,2,39,8.865853658536585,8.865853658536585,0.04878048780487805,41
22446 | MAT1012 | 2023 | PRIMAVERA,22446,MAT1012,MATEMÁTICAS UNIVERSITARIAS,2023,PRIMAVERA,41,41,19,1.4146341463414633,0.0,15,7.630303030303031,8,33,6.774216027874564,6.8341463414634145,0.1951219512195122,41
23887 | MAT2092 | 2021 | OTOÑO,23887,MAT2092,ESTADÍSTICA PARA CIENCIAS DE LA SALUD,2021,OTOÑO,40,40,1,0.2,0.0,4,8.294871794871796,1,39,8.113125,8.0875,0.025,40
21854 | MAT1012 | 2022 | PRIMAVERA,21854,MAT1012,MATEMÁTICAS UNIVERSITARIAS,2022,PRIMAVERA,40,40,23,1.425,0.0,22,6.544444444444445,13,27,5.760833333333333,5.4399999999999995,0.325,40
22767 | MAT2022 | 2023 | PRIMAVERA,22767,MAT2022,ESTADÍSTICA PARA NEGOCIOS I,2023,PRIMAVERA,40,40,8,2.65,0.0,27,8.502702702702702,3,37,8.1815,8.0625,0.075,40
23411 | MAT1012 | 2023 | PRIMAVERA,23411,MAT1012,MATEMÁTICAS UNIVERSITARIAS,2023,PRIMAVERA,40,40,20,2.2,0.0,23,7.791428571428571,5,35,7.259166666666667,7.279999999999999,0.125,40
23978 | MAT1012 | 2023 | PRIMAVERA,23978,MAT1012,MATEMÁTICAS UNIVERSITARIAS,2023,PRIMAVERA,40,40,18,1.825,0.0,10,9.21025641025641,1,39,9.091249999999999,9.127500000000001,0.025,40
21192 | MAT1022 | 2024 | OTOÑO,21192,MAT1022,CÁLCULO I,2024,OTOÑO,40,40,17,1.2,0.0,28,9.486842105263158,2,38,9.486842105263158,9.197500000000002,0.05,40
21815 | MAT2012 | 2020 | PRIMAVERA,21815,MAT2012,CÁLCULO II,2020,PRIMAVERA,39,39,17,2.1538461538461537,0.0,15,9.677777777777777,3,36,9.51025641025641,9.217948717948717,0.07692307692307693,39
22521 | MAT1012 | 2023 | PRIMAVERA,22521,MAT1012,MATEMÁTICAS UNIVERSITARIAS,2023,PRIMAVERA,39,39,19,2.1025641025641026,0.0,29,8.03125,7,32,7.34,6.892307692307693,0.1794871794871795,39
23148 | MAT2012 | 2020 | OTOÑO,23148,MAT2012,CÁLCULO II,2020,OTOÑO,38,38,13,4.315789473684211,1.0,33,9.723684210526315,0,38,9.723684210526315,9.723684210526315,0.0,38
23885 | MAT2012 | 2021 | PRIMAVERA,23885,MAT2012,CÁLCULO II,2021,PRIMAVERA,38,38,16,2.026315789473684,0.0,26,8.567567567567568,1,37,8.371052631578948,8.371052631578948,0.02631578947368421,38
23874 | MAT2012 | 2023 | PRIMAVERA,23874,MAT2012,CÁLCULO II,2023,PRIMAVERA,38,38,12,3.4210526315789473,0.5,22,7.093103448275862,9,29,6.3971291866028706,6.342105263157895,0.23684210526315788,38
23452 | MAT2012 | 2019 | OTOÑO,23452,MAT2012,CÁLCULO II,2019,OTOÑO,37,37,16,2.5945945945945947,1.0,34,9.245454545454546,4,33,9.056756756756757,8.645945945945945,0.10810810810810811,37
16164 | MAT1052 | 2022 | PRIMAVERA,16164,MAT1052,ESTADÍSTICA PARA CIENCIAS SOCIALES,2022,PRIMAVERA,37,37,7,0.32432432432432434,0.0,2,8.287878787878787,4,33,7.536036036036036,7.5,0.10810810810810811,37
24097 | MAT1032 | 2022 | PRIMAVERA,24097,MAT1032,ÁLGEBRA LINEAL,2022,PRIMAVERA,37,37,14,2.135135135135135,0.0,32,9.045714285714286,2,35,8.68108108108108,8.68108108108108,0.05405405405405406,37
20792 | MAT1012 | 2019 | OTOÑO,20792,MAT1012,MATEMÁTICAS UNIVERSITARIAS,2019,OTOÑO,36,36,6,5.222222222222222,3.0,42,8.662962962962963,9,27,8.307222222222222,8.211111111111112,0.25,36
23096 | MAT1012 | 2019 | OTOÑO,23096,MAT1012,MATEMÁTICAS UNIVERSITARIAS,2019,OTOÑO,36,36,6,3.2222222222222223,1.0,42,6.858333333333333,12,24,5.368055555555555,5.35,0.3333333333333333,36
23442 | MAT1012 | 2019 | OTOÑO,23442,MAT1012,MATEMÁTICAS UNIVERSITARIAS,2019,OTOÑO,36,36,7,3.0,1.0,19,8.865714285714287,1,35,8.759027777777778,8.81388888888889,0.027777777777777776,36
23133 | MAT2012 | 2020 | PRIMAVERA,23133,MAT2012,CÁLCULO II,2020,PRIMAVERA,36,36,14,1.5555555555555556,0.0,15,9.208333333333334,0,36,9.208333333333334,9.208333333333334,0.0,36
21854 | MAT1032 | 2021 | PRIMAVERA,21854,MAT1032,ÁLGEBRA LINEAL,2021,PRIMAVERA,36,36,10,4.333333333333333,0.0,114,8.188235294117646,2,34,8.076666666666666,8.055555555555555,0.05555555555555555,36
22109 | MAT2092 | 2021 | OTOÑO,22109,MAT2092,ESTADÍSTICA PARA CIENCIAS DE LA SALUD,2021,OTOÑO,36,36,1,0.027777777777777776,0.0,1,7.903333333333333,6,30,7.400396825396825,7.324999999999999,0.16666666666666666,36
23452 | MAT1012 | 2021 | PRIMAVERA,23452,MAT1012,MATEMÁTICAS UNIVERSITARIAS,2021,PRIMAVERA,36,36,12,0.6388888888888888,0.0,8,9.108571428571429,1,35,8.911111111111111,8.911111111111111,0.027777777777777776,36
23162 | MAT2012 | 2022 | PRIMAVERA,23162,MAT2012,CÁLCULO II,2022,PRIMAVERA,36,36,14,2.611111111111111,0.5,32,9.360000000000001,1,35,9.360000000000001,9.202777777777778,0.027777777777777776,36
21779 | MAT1022 | 2023 | PRIMAVERA,21779,MAT1022,CÁLCULO I,2023,PRIMAVERA,37,36,19,3.054054054054054,0.0,30,7.853125,5,32,7.438851351351351,7.656756756756757,0.13513513513513514,36
21815 | MAT1052 | 2023 | PRIMAVERA,21815,MAT1052,ESTADÍSTICA PARA CIENCIAS SOCIALES,2023,PRIMAVERA,36,36,9,0.08333333333333333,0.0,3,9.377142857142857,1,35,9.220833333333333,9.116666666666667,0.027777777777777776,36
21853 | MAT1032 | 2024 | PRIMAVERA,21853,MAT1032,ÁLGEBRA LINEAL,2024,PRIMAVERA,36,36,12,2.5,1.0,18,9.384848484848485,3,33,9.227777777777778,8.911111111111111,0.08333333333333333,36
21854 | MAT1012 | 2024 | PRIMAVERA,21854,MAT1012,MATEMÁTICAS UNIVERSITARIAS,2024,PRIMAVERA,36,36,14,0.4722222222222222,0.0,7,8.24516129032258,5,31,8.027777777777779,8.005555555555555,0.1388888888888889,36
23148 | MAT1032 | 2024 | PRIMAVERA,23148,MAT1032,ÁLGEBRA LINEAL,2024,PRIMAVERA,36,36,13,2.9722222222222223,1.0,28,8.958620689655174,7,29,8.354166666666666,8.033333333333333,0.19444444444444445,36
23153 | MAT1012 | 2024 | PRIMAVERA,23153,MAT1012,MATEMÁTICAS UNIVERSITARIAS,2024,PRIMAVERA,36,36,19,0.6388888888888888,0.0,8,7.573529411764706,2,34,7.396666666666667,7.352777777777778,0.05555555555555555,36
23162 | MAT2012 | 2024 | PRIMAVERA,23162,MAT2012,CÁLCULO II,2024,PRIMAVERA,36,36,16,7.277777777777778,2.0,116,9.175,0,36,9.175,9.175,0.0,36
21262 | MAT1012 | 2025 | PRIMAVERA,21262,MAT1012,MATEMÁTICAS UNIVERSITARIAS,2025,PRIMAVERA,36,36,17,0.0,0.0,0,6.859999999999999,16,20,5.2407407407407405,4.3805555555555555,0.4444444444444444,36
20792 | MAT1022 | 2019 | OTOÑO,20792,MAT1022,CÁLCULO I,2019,OTOÑO,35,35,16,2.4857142857142858,1.0,14,7.486206896551724,6,29,7.339999999999999,7.1971428571428575,0.17142857142857143,35
22471 | MAT1022 | 2019 | OTOÑO,22471,MAT1022,CÁLCULO I,2019,OTOÑO,35,35,17,5.428571428571429,1.0,35,6.777272727272727,13,22,6.065142857142857,5.76,0.37142857142857144,35
22473 | MAT2012 | 2019 | OTOÑO,22473,MAT2012,CÁLCULO II,2019,OTOÑO,35,35,15,2.4285714285714284,0.0,17,9.293939393939393,2,33,9.188571428571429,9.185714285714285,0.05714285714285714,35
22521 | MAT1022 | 2019 | OTOÑO,22521,MAT1022,CÁLCULO I,2019,OTOÑO,35,35,19,4.2,1.0,26,8.31304347826087,12,23,7.9399999999999995,7.6571428571428575,0.34285714285714286,35
23148 | MAT1022 | 2020 | PRIMAVERA,23148,MAT1022,CÁLCULO I,2020,PRIMAVERA,35,35,15,1.1714285714285715,0.0,8,9.391428571428571,0,35,9.391428571428571,9.391428571428571,0.0,35
23799 | MAT2012 | 2020 | OTOÑO,23799,MAT2012,CÁLCULO II,2020,OTOÑO,35,35,13,1.9428571428571428,0.0,19,9.229411764705883,1,34,9.229411764705883,9.071428571428571,0.02857142857142857,35
16164 | MAT1052 | 2021 | PRIMAVERA,16164,MAT1052,ESTADÍSTICA PARA CIENCIAS SOCIALES,2021,PRIMAVERA,35,35,8,0.0,0.0,0,9.237142857142857,0,35,9.237142857142857,9.237142857142857,0.0,35
21262 | MAT2012 | 2021 | OTOÑO,21262,MAT2012,CÁLCULO II,2021,OTOÑO,35,35,14,3.2857142857142856,0.0,26,9.534285714285714,0,35,9.534285714285714,9.534285714285714,0.0,35
21779 | MAT1012 | 2021 | PRIMAVERA,21779,MAT1012,MATEMÁTICAS UNIVERSITARIAS,2021,PRIMAVERA,35,35,15,0.45714285714285713,0.0,11,8.808823529411764,1,34,8.624285714285715,8.69142857142857,0.02857142857142857,35
21854 | MAT1012 | 2021 | OTOÑO,21854,MAT1012,MATEMÁTICAS UNIVERSITARIAS,2021,OTOÑO,35,35,11,1.1142857142857143,0.0,23,7.8428571428571425,7,28,7.519285714285715,7.468571428571428,0.2,35
22114 | MAT1022 | 2021 | OTOÑO,22114,MAT1022,CÁLCULO I,2021,OTOÑO,35,35,21,1.8285714285714285,1.0,12,9.020588235294117,1,34,8.905714285714286,8.84,0.02857142857142857,35
23149 | MAT1022 | 2021 | PRIMAVERA,23149,MAT1022,CÁLCULO I,2021,PRIMAVERA,35,35,20,2.085714285714286,0.0,14,8.713636363636365,13,22,7.792380952380952,7.594285714285714,0.37142857142857144,35
23425 | MAT1022 | 2021 | OTOÑO,23425,MAT1022,CÁLCULO I,2021,OTOÑO,35,35,15,0.6571428571428571,0.0,5,9.294117647058824,1,34,9.237142857142857,9.237142857142857,0.02857142857142857,35
23837 | MAT1022 | 2021 | OTOÑO,23837,MAT1022,CÁLCULO I,2021,OTOÑO,35,35,17,0.9714285714285714,0.0,10,8.02258064516129,4,31,7.887428571428572,7.822857142857143,0.11428571428571428,35
24085 | MAT2012 | 2021 | OTOÑO,24085,MAT2012,CÁLCULO II,2021,OTOÑO,35,35,12,1.542857142857143,0.0,13,9.670588235294119,1,34,9.670588235294119,9.5,0.02857142857142857,35
23885 | MAT1032 | 2022 | PRIMAVERA,23885,MAT1032,ÁLGEBRA LINEAL,2022,PRIMAVERA,35,35,13,1.7428571428571429,0.0,19,8.73030303030303,2,33,8.34,8.34,0.05714285714285714,35
23978 | MAT1022 | 2022 | PRIMAVERA,23978,MAT1022,CÁLCULO I,2022,PRIMAVERA,35,35,14,1.3142857142857143,0.0,6,9.103125,3,32,8.322857142857144,8.322857142857144,0.08571428571428572,35
24085 | MAT1012 | 2022 | PRIMAVERA,24085,MAT1012,MATEMÁTICAS UNIVERSITARIAS,2022,PRIMAVERA,35,35,13,0.6,0.0,7,9.44516129032258,4,31,9.142857142857142,9.142857142857142,0.11428571428571428,35
21853 | MAT1012 | 2023 | OTOÑO,21853,MAT1012,MATEMÁTICAS UNIVERSITARIAS,2023,OTOÑO,35,35,16,1.0285714285714285,0.0,6,9.121875,3,32,8.34,8.34,0.08571428571428572,35
16164 | MAT2022 | 2024 | PRIMAVERA,16164,MAT2022,ESTADÍSTICA PARA NEGOCIOS I,2024,PRIMAVERA,35,35,6,2.0,0.0,11,8.805882352941175,1,34,8.712380952380952,8.734285714285713,0.02857142857142857,35
21262 | MAT1022 | 2024 | PRIMAVERA,21262,MAT1022,CÁLCULO I,2024,PRIMAVERA,35,35,15,1.9428571428571428,0.0,11,7.8,8,27,6.913142857142858,6.708571428571429,0.22857142857142856,35
23162 | MAT2012 | 2024 | OTOÑO,23162,MAT2012,CÁLCULO II,2024,OTOÑO,35,35,12,2.3714285714285714,1.0,12,9.625714285714285,0,35,9.625714285714285,9.625714285714285,0.0,35
23411 | MAT1022 | 2024 | PRIMAVERA,23411,MAT1022,CÁLCULO I,2024,PRIMAVERA,35,35,18,1.2285714285714286,0.0,15,9.033333333333333,8,27,8.568571428571428,8.51142857142857,0.22857142857142856,35
23452 | MAT1022 | 2024 | OTOÑO,23452,MAT1022,CÁLCULO I,2024,OTOÑO,35,35,18,1.2571428571428571,0.0,7,8.545454545454545,2,33,8.168571428571427,8.168571428571427,0.05714285714285714,35
23452 | MAT1022 | 2024 | PRIMAVERA,23452,MAT1022,CÁLCULO I,2024,PRIMAVERA,35,35,16,2.2285714285714286,1.0,14,9.214285714285714,0,35,9.214285714285714,9.214285714285714,0.0,35
23452 | MAT1032 | 2024 | PRIMAVERA,23452,MAT1032,ÁLGEBRA LINEAL,2024,PRIMAVERA,35,35,12,4.257142857142857,1.0,34,9.244117647058824,1,34,9.164285714285715,9.134285714285713,0.02857142857142857,35
23852 | MAT2012 | 2024 | PRIMAVERA,23852,MAT2012,CÁLCULO II,2024,PRIMAVERA,35,35,12,2.142857142857143,1.0,11,8.193939393939393,2,33,7.992857142857143,7.854285714285713,0.05714285714285714,35
24097 | MAT1022 | 2024 | PRIMAVERA,24097,MAT1022,CÁLCULO I,2024,PRIMAVERA,35,35,16,1.3714285714285714,0.0,8,9.405714285714286,0,35,9.405714285714286,9.405714285714286,0.0,35
24097 | MAT2012 | 2024 | OTOÑO,24097,MAT2012,CÁLCULO II,2024,OTOÑO,35,35,13,1.3142857142857143,0.0,14,9.30857142857143,0,35,9.30857142857143,9.30857142857143,0.0,35
25503 | MAT1012 | 2024 | PRIMAVERA,25503,MAT1012,MATEMÁTICAS UNIVERSITARIAS,2024,PRIMAVERA,35,35,18,0.8,0.0,5,9.081818181818182,2,33,8.743809523809523,8.705714285714285,0.05714285714285714,35
25510 | MAT2012 | 2024 | OTOÑO,25510,MAT2012,CÁLCULO II,2024,OTOÑO,35,35,13,2.4857142857142858,0.0,34,9.138235294117647,1,34,9.022857142857143,9.014285714285714,0.02857142857142857,35
22446 | MAT1012 | 2025 | PRIMAVERA,22446,MAT1012,MATEMÁTICAS UNIVERSITARIAS,2025,PRIMAVERA,35,35,14,0.0,0.0,0,8.551612903225807,4,31,8.145714285714286,7.574285714285715,0.11428571428571428,35
22471 | MAT1012 | 2025 | PRIMAVERA,22471,MAT1012,MATEMÁTICAS UNIVERSITARIAS,2025,PRIMAVERA,35,35,17,0.0,0.0,0,6.792857142857143,21,14,4.6731428571428575,4.174285714285714,0.6,35
23885 | MAT2012 | 2025 | PRIMAVERA,23885,MAT2012,CÁLCULO II,2025,PRIMAVERA,35,35,13,1.4,0.0,10,8.787096774193548,4,31,7.782857142857142,7.782857142857142,0.11428571428571428,35
25494 | MAT1012 | 2025 | PRIMAVERA,25494,MAT1012,MATEMÁTICAS UNIVERSITARIAS,2025,PRIMAVERA,35,35,15,0.0,0.0,0,8.264516129032257,4,31,8.027142857142858,8.088571428571429,0.11428571428571428,35
25496 | MAT1012 | 2025 | PRIMAVERA,25496,MAT1012,MATEMÁTICAS UNIVERSITARIAS,2025,PRIMAVERA,35,35,16,0.0,0.0,0,7.854838709677419,4,31,7.02,7.02,0.11428571428571428,35
25843 | MAT1012 | 2025 | PRIMAVERA,25843,MAT1012,MATEMÁTICAS UNIVERSITARIAS,2025,PRIMAVERA,35,35,15,0.0,0.0,0,7.968965517241379,6,29,7.781428571428572,7.460000000000001,0.17142857142857143,35
18269 | MAT1012 | 2019 | OTOÑO,18269,MAT1012,MATEMÁTICAS UNIVERSITARIAS,2019,OTOÑO,34,34,8,3.0588235294117645,1.0,13,8.592307692307692,8,26,7.582352941176471,7.582352941176471,0.23529411764705882,34
23148 | MAT1032 | 2020 | PRIMAVERA,23148,MAT1032,ÁLGEBRA LINEAL,2020,PRIMAVERA,34,34,12,1.7352941176470589,0.5,12,9.74705882352941,0,34,9.74705882352941,9.74705882352941,0.0,34
23411 | MAT2012 | 2020 | OTOÑO,23411,MAT2012,CÁLCULO II,2020,OTOÑO,34,34,13,2.264705882352941,1.0,15,9.226470588235294,0,34,9.226470588235294,9.226470588235294,0.0,34
20792 | MAT1022 | 2021 | PRIMAVERA,20792,MAT1022,CÁLCULO I,2021,PRIMAVERA,34,34,11,3.5588235294117645,0.0,32,8.106896551724137,5,29,7.510294117647058,7.335294117647059,0.14705882352941177,34
23852 | MAT1032 | 2021 | PRIMAVERA,23852,MAT1032,ÁLGEBRA LINEAL,2021,PRIMAVERA,34,34,14,1.7941176470588236,0.0,11,8.978787878787879,1,33,8.923529411764704,8.911764705882353,0.029411764705882353,34
24117 | MAT1032 | 2021 | PRIMAVERA,24117,MAT1032,ÁLGEBRA LINEAL,2021,PRIMAVERA,34,34,12,2.588235294117647,0.0,28,8.855172413793104,5,29,8.655882352941177,8.097058823529412,0.14705882352941177,34
22473 | MAT2012 | 2022 | PRIMAVERA,22473,MAT2012,CÁLCULO II,2022,PRIMAVERA,34,34,15,1.0294117647058822,0.0,7,8.483870967741936,3,31,8.339705882352941,8.388235294117647,0.08823529411764706,34
23835 | MAT1022 | 2022 | PRIMAVERA,23835,MAT1022,CÁLCULO I,2022,PRIMAVERA,34,34,16,1.6176470588235294,0.5,10,7.291666666666667,10,24,5.823529411764706,5.608823529411764,0.29411764705882354,34
23887 | MAT2022 | 2022 | PRIMAVERA,23887,MAT2022,ESTADÍSTICA PARA NEGOCIOS I,2022,PRIMAVERA,34,34,7,0.5588235294117647,0.0,4,8.606896551724137,5,29,8.360084033613445,8.320588235294117,0.14705882352941177,34
20792 | MAT1012 | 2023 | OTOÑO,20792,MAT1012,MATEMÁTICAS UNIVERSITARIAS,2023,OTOÑO,34,34,8,3.411764705882353,2.5,17,7.876190476190477,13,21,7.165196078431372,6.658823529411765,0.38235294117647056,34
22473 | MAT1012 | 2023 | OTOÑO,22473,MAT1012,MATEMÁTICAS UNIVERSITARIAS,2023,OTOÑO,34,34,12,0.7352941176470589,0.0,6,9.07,4,30,8.444117647058825,8.444117647058825,0.11764705882352941,34
24827 | MAT1012 | 2023 | OTOÑO,24827,MAT1012,MATEMÁTICAS UNIVERSITARIAS,2023,OTOÑO,34,34,9,1.7941176470588236,0.0,23,8.41,4,30,7.814705882352941,7.76764705882353,0.11764705882352941,34
22767 | MAT2022 | 2024 | OTOÑO,22767,MAT2022,ESTADÍSTICA PARA NEGOCIOS I,2024,OTOÑO,34,34,7,1.6176470588235294,0.0,11,9.338235294117647,0,34,9.338235294117647,9.338235294117647,0.0,34
23839 | MAT1012 | 2024 | PRIMAVERA,23839,MAT1012,MATEMÁTICAS UNIVERSITARIAS,2024,PRIMAVERA,34,34,20,0.7941176470588235,0.0,10,7.64375,2,32,7.376470588235295,7.247058823529412,0.058823529411764705,34
24097 | MAT1032 | 2024 | PRIMAVERA,24097,MAT1032,ÁLGEBRA LINEAL,2024,PRIMAVERA,34,34,12,1.6176470588235294,0.0,9,8.929411764705883,0,34,8.929411764705883,8.929411764705883,0.0,34
21262 | MAT1022 | 2025 | PRIMAVERA,21262,MAT1022,CÁLCULO I,2025,PRIMAVERA,34,34,16,0.029411764705882353,0.0,1,6.5200000000000005,14,20,5.7952941176470585,4.597058823529412,0.4117647058823529,34
23452 | MAT1022 | 2025 | PRIMAVERA,23452,MAT1022,CÁLCULO I,2025,PRIMAVERA,34,34,17,0.0,0.0,0,9.157575757575756,1,33,9.035294117647059,9.1,0.029411764705882353,34
23887 | MAT1012 | 2025 | PRIMAVERA,23887,MAT1012,MATEMÁTICAS UNIVERSITARIAS,2025,PRIMAVERA,34,34,20,0.08823529411764706,0.0,3,7.668181818181818,12,22,6.726470588235294,4.961764705882352,0.35294117647058826,34
23148 | MAT1032 | 2019 | OTOÑO,23148,MAT1032,ÁLGEBRA LINEAL,2019,OTOÑO,33,33,14,1.7272727272727273,0.0,18,8.990625,1,32,8.94141414141414,8.933333333333334,0.030303030303030304,33
23453 | MAT1022 | 2019 | OTOÑO,23453,MAT1022,CÁLCULO I,2019,OTOÑO,33,33,20,2.6363636363636362,0.0,18,6.705263157894737,14,19,6.384848484848485,6.366666666666666,0.42424242424242425,33
22115 | MAT1052 | 2020 | PRIMAVERA,22115,MAT1052,ESTADÍSTICA PARA CIENCIAS SOCIALES,2020,PRIMAVERA,33,33,9,0.6060606060606061,0.0,10,8.516666666666667,3,30,8.342424242424244,8.293939393939393,0.09090909090909091,33
21815 | MAT2012 | 2021 | PRIMAVERA,21815,MAT2012,CÁLCULO II,2021,PRIMAVERA,33,33,12,1.5151515151515151,0.0,23,9.299999999999999,4,29,8.172727272727272,8.172727272727272,0.12121212121212122,33
22767 | MAT2022 | 2021 | OTOÑO,22767,MAT2022,ESTADÍSTICA PARA NEGOCIOS I,2021,OTOÑO,33,33,7,0.6363636363636364,0.0,11,8.821875,1,32,8.711363636363638,8.590909090909092,0.030303030303030304,33
24328 | MAT1022 | 2021 | PRIMAVERA,24328,MAT1022,CÁLCULO I,2021,PRIMAVERA,33,33,20,0.6363636363636364,0.0,13,9.416129032258064,2,31,9.416129032258064,9.06969696969697,0.06060606060606061,33
23442 | MAT1012 | 2022 | OTOÑO,23442,MAT1012,MATEMÁTICAS UNIVERSITARIAS,2022,OTOÑO,33,33,8,8.393939393939394,3.0,116,8.758064516129032,2,31,8.366666666666667,8.227272727272727,0.06060606060606061,33
23452 | MAT1012 | 2022 | OTOÑO,23452,MAT1012,MATEMÁTICAS UNIVERSITARIAS,2022,OTOÑO,33,33,12,2.4545454545454546,0.0,20,8.259375,1,32,8.101212121212122,8.00909090909091,0.030303030303030304,33
23852 | MAT1032 | 2022 | PRIMAVERA,23852,MAT1032,ÁLGEBRA LINEAL,2022,PRIMAVERA,33,33,14,1.5151515151515151,0.0,14,9.148387096774194,2,31,9.148387096774194,8.818181818181818,0.06060606060606061,33
22471 | MAT1012 | 2023 | OTOÑO,22471,MAT1012,MATEMÁTICAS UNIVERSITARIAS,2023,OTOÑO,33,33,14,2.515151515151515,1.0,24,7.65925925925926,6,27,7.050757575757576,6.851515151515152,0.18181818181818182,33
23836 | MAT1022 | 2023 | PRIMAVERA,23836,MAT1022,CÁLCULO I,2023,PRIMAVERA,33,33,17,7.454545454545454,1.0,116,8.035714285714286,5,28,7.679292929292929,7.587878787878788,0.15151515151515152,33
23148 | MAT1012 | 2024 | PRIMAVERA,23148,MAT1012,MATEMÁTICAS UNIVERSITARIAS,2024,PRIMAVERA,33,33,17,1.0303030303030303,0.0,9,8.541379310344826,4,29,8.415151515151514,7.954545454545454,0.12121212121212122,33
24097 | MAT1032 | 2024 | OTOÑO,24097,MAT1032,ÁLGEBRA LINEAL,2024,OTOÑO,33,33,11,0.9393939393939394,0.0,7,8.521875,1,32,8.391919191919191,8.33030303030303,0.030303030303030304,33
23852 | MAT2012 | 2025 | PRIMAVERA,23852,MAT2012,CÁLCULO II,2025,PRIMAVERA,33,33,11,2.8181818181818183,0.0,28,8.787096774193548,2,31,8.563636363636364,8.563636363636364,0.06060606060606061,33
24097 | MAT1022 | 2025 | PRIMAVERA,24097,MAT1022,CÁLCULO I,2025,PRIMAVERA,33,33,12,0.06060606060606061,0.0,1,9.572727272727272,0,33,9.572727272727272,9.572727272727272,0.0,33
22767 | MAT2022 | 2019 | OTOÑO,22767,MAT2022,ESTADÍSTICA PARA NEGOCIOS I,2019,OTOÑO,32,32,8,0.25,0.0,2,8.686666666666667,2,30,8.6125,8.375,0.0625,32
23148 | MAT2012 | 2019 | OTOÑO,23148,MAT2012,CÁLCULO II,2019,OTOÑO,32,32,13,2.0,0.0,26,9.661290322580646,1,31,9.661290322580646,9.475,0.03125,32
23162 | MAT2012 | 2019 | PRIMAVERA,23162,MAT2012,CÁLCULO II,2019,PRIMAVERA,32,32,16,0.03125,0.0,1,9.14516129032258,1,31,8.9765625,8.859375,0.03125,32
23852 | MAT1022 | 2019 | OTOÑO,23852,MAT1022,CÁLCULO I,2019,OTOÑO,32,32,17,0.53125,0.0,11,7.890322580645161,1,31,7.835625,7.85625,0.03125,32
16164 | MAT2022 | 2020 | PRIMAVERA,16164,MAT2022,ESTADÍSTICA PARA NEGOCIOS I,2020,PRIMAVERA,32,32,7,1.90625,0.0,35,9.19032258064516,1,31,9.19032258064516,9.01875,0.03125,32
22767 | MAT1052 | 2020 | OTOÑO,22767,MAT1052,ESTADÍSTICA PARA CIENCIAS SOCIALES,2020,OTOÑO,32,32,10,0.34375,0.0,3,8.861290322580645,1,31,8.75625,8.65625,0.03125,32
23859 | MAT1052 | 2020 | PRIMAVERA,23859,MAT1052,ESTADÍSTICA PARA CIENCIAS SOCIALES,2020,PRIMAVERA,32,32,10,0.0,0.0,0,8.59,2,30,8.2390625,8.315625,0.0625,32
23978 | MAT1032 | 2020 | PRIMAVERA,23978,MAT1032,ÁLGEBRA LINEAL,2020,PRIMAVERA,32,32,11,2.59375,1.0,22,9.058064516129033,1,31,9.058064516129033,8.890625,0.03125,32
16164 | MAT2022 | 2021 | OTOÑO,16164,MAT2022,ESTADÍSTICA PARA NEGOCIOS I,2021,OTOÑO,32,32,9,5.125,0.0,114,9.084375,0,32,9.084375,9.084375,0.0,32
20792 | MAT2012 | 2021 | OTOÑO,20792,MAT2012,CÁLCULO II,2021,OTOÑO,32,32,12,5.46875,1.5,32,8.581818181818182,10,22,8.165625,8.08125,0.3125,32
23468 | MAT1022 | 2021 | OTOÑO,23468,MAT1022,CÁLCULO I,2021,OTOÑO,32,32,16,0.8125,0.0,11,8.63103448275862,3,29,8.315,8.228125,0.09375,32
20792 | MAT1012 | 2022 | OTOÑO,20792,MAT1012,MATEMÁTICAS UNIVERSITARIAS,2022,OTOÑO,32,32,16,4.96875,1.5,33,8.25,14,18,6.28125,4.640625,0.4375,32
21192 | MAT1012 | 2022 | OTOÑO,21192,MAT1012,MATEMÁTICAS UNIVERSITARIAS,2022,OTOÑO,32,32,16,1.03125,0.0,10,7.76875,0,32,7.76875,7.76875,0.0,32
21779 | MAT1012 | 2022 | OTOÑO,21779,MAT1012,MATEMÁTICAS UNIVERSITARIAS,2022,OTOÑO,32,32,10,1.65625,0.5,12,8.260714285714286,4,28,7.6625,7.6625,0.125,32
21853 | MAT1012 | 2022 | OTOÑO,21853,MAT1012,MATEMÁTICAS UNIVERSITARIAS,2022,OTOÑO,32,32,16,2.3125,1.0,12,7.845833333333334,8,24,6.988541666666666,6.603125,0.25,32
21854 | MAT1012 | 2022 | OTOÑO,21854,MAT1012,MATEMÁTICAS UNIVERSITARIAS,2022,OTOÑO,32,32,15,1.78125,1.0,11,7.657692307692307,6,26,7.2390625,6.9875,0.1875,32
22446 | MAT1012 | 2022 | OTOÑO,22446,MAT1012,MATEMÁTICAS UNIVERSITARIAS,2022,OTOÑO,32,32,10,5.5,2.0,36,9.079310344827586,3,29,8.228125,8.228125,0.09375,32
23978 | MAT1012 | 2022 | OTOÑO,23978,MAT1012,MATEMÁTICAS UNIVERSITARIAS,2022,OTOÑO,32,32,10,1.5625,0.0,11,8.840625,0,32,8.840625,8.840625,0.0,32
23885 | MAT1012 | 2023 | OTOÑO,23885,MAT1012,MATEMÁTICAS UNIVERSITARIAS,2023,OTOÑO,32,32,11,1.40625,0.0,9,8.717241379310344,3,29,7.9,7.9,0.09375,32
21779 | MAT1012 | 2024 | OTOÑO,21779,MAT1012,MATEMÁTICAS UNIVERSITARIAS,2024,OTOÑO,32,32,17,0.0,0.0,0,9.055,12,20,9.055,7.046875,0.375,32
21852 | MAT1052 | 2024 | PRIMAVERA,21852,MAT1052,ESTADÍSTICA PARA CIENCIAS SOCIALES,2024,PRIMAVERA,32,32,8,0.375,0.0,3,9.509677419354839,1,31,9.509677419354839,9.328125,0.03125,32
22471 | MAT1012 | 2024 | OTOÑO,22471,MAT1012,MATEMÁTICAS UNIVERSITARIAS,2024,OTOÑO,32,32,17,0.0,0.0,0,8.38421052631579,13,19,6.278125,6.278125,0.40625,32
23148 | MAT1022 | 2024 | OTOÑO,23148,MAT1022,CÁLCULO I,2024,OTOÑO,32,32,16,1.5625,0.0,9,8.3375,8,24,7.946875,7.765625,0.25,32
23434 | MAT1012 | 2024 | PRIMAVERA,23434,MAT1012,MATEMÁTICAS UNIVERSITARIAS,2024,PRIMAVERA,32,32,14,0.4375,0.0,4,7.441666666666666,8,24,6.85875,6.78125,0.25,32
23452 | MAT1012 | 2024 | OTOÑO,23452,MAT1012,MATEMÁTICAS UNIVERSITARIAS,2024,OTOÑO,32,32,18,0.0,0.0,0,8.124137931034483,3,29,7.65078125,7.671875,0.09375,32
23885 | MAT1012 | 2024 | OTOÑO,23885,MAT1012,MATEMÁTICAS UNIVERSITARIAS,2024,OTOÑO,32,32,18,0.0,0.0,0,8.1,5,27,7.146875,6.85,0.15625,32
24086 | MAT1022 | 2024 | OTOÑO,24086,MAT1022,CÁLCULO I,2024,OTOÑO,32,32,16,1.09375,0.0,11,7.576190476190476,11,21,6.7808593749999995,6.58125,0.34375,32
24086 | MAT1022 | 2024 | PRIMAVERA,24086,MAT1022,CÁLCULO I,2024,PRIMAVERA,32,32,17,4.0625,1.0,33,8.732142857142858,4,28,8.219791666666666,8.21875,0.125,32
24097 | MAT1012 | 2024 | OTOÑO,24097,MAT1012,MATEMÁTICAS UNIVERSITARIAS,2024,OTOÑO,32,32,10,0.0,0.0,0,9.103225806451613,1,31,8.96875,8.96875,0.03125,32
25843 | MAT1012 | 2024 | OTOÑO,25843,MAT1012,MATEMÁTICAS UNIVERSITARIAS,2024,OTOÑO,32,32,16,0.0,0.0,0,8.181481481481482,5,27,7.8,7.2906249999999995,0.15625,32
23434 | MAT1012 | 2025 | PRIMAVERA,23434,MAT1012,MATEMÁTICAS UNIVERSITARIAS,2025,PRIMAVERA,32,32,12,0.0,0.0,0,6.45,12,20,5.947159090909091,5.509375,0.375,32
23885 | MAT1022 | 2025 | PRIMAVERA,23885,MAT1022,CÁLCULO I,2025,PRIMAVERA,32,32,17,0.0,0.0,0,9.0,1,31,8.8671875,8.78125,0.03125,32
25487 | MAT1012 | 2025 | PRIMAVERA,25487,MAT1012,MATEMÁTICAS UNIVERSITARIAS,2025,PRIMAVERA,32,32,15,0.0,0.0,0,9.135483870967741,1,31,8.99375,8.903125,0.03125,32
22474 | MAT1022 | 2019 | PRIMAVERA,22474,MAT1022,CÁLCULO I,2019,PRIMAVERA,31,31,17,1.1935483870967742,0.0,8,9.241935483870968,0,31,9.241935483870968,9.241935483870968,0.0,31
23096 | MAT1032 | 2019 | PRIMAVERA,23096,MAT1032,ÁLGEBRA LINEAL,2019,PRIMAVERA,31,31,12,1.935483870967742,1.0,20,8.110344827586207,2,29,8.004105571847507,8.012903225806452,0.06451612903225806,31
23133 | MAT1032 | 2019 | PRIMAVERA,23133,MAT1032,ÁLGEBRA LINEAL,2019,PRIMAVERA,31,31,13,0.3548387096774194,0.0,2,8.226086956521739,8,23,8.038709677419355,7.058064516129033,0.25806451612903225,31
23148 | MAT1022 | 2019 | PRIMAVERA,23148,MAT1022,CÁLCULO I,2019,PRIMAVERA,31,31,18,1.6774193548387097,0.0,26,9.706451612903225,0,31,9.706451612903225,9.706451612903225,0.0,31
23152 | MAT1032 | 2019 | PRIMAVERA,23152,MAT1032,ÁLGEBRA LINEAL,2019,PRIMAVERA,31,31,12,2.3548387096774195,1.0,34,9.227586206896552,2,29,9.116129032258065,8.870967741935484,0.06451612903225806,31
23852 | MAT1012 | 2019 | OTOÑO,23852,MAT1012,MATEMÁTICAS UNIVERSITARIAS,2019,OTOÑO,31,31,20,1.1612903225806452,0.0,17,8.406896551724138,2,29,8.241290322580644,8.080645161290322,0.06451612903225806,31
23824 | MAT1012 | 2020 | PRIMAVERA,23824,MAT1012,MATEMÁTICAS UNIVERSITARIAS,2020,PRIMAVERA,31,31,13,0.7419354838709677,0.0,6,8.403571428571428,3,28,7.604838709677419,7.609677419354839,0.0967741935483871,31
20530 | MAT2022 | 2021 | OTOÑO,20530,MAT2022,ESTADÍSTICA PARA NEGOCIOS I,2021,OTOÑO,31,31,6,1.2258064516129032,0.0,11,9.183333333333334,1,30,9.183333333333334,9.006451612903225,0.03225806451612903,31
23835 | MAT1012 | 2021 | OTOÑO,23835,MAT1012,MATEMÁTICAS UNIVERSITARIAS,2021,OTOÑO,31,31,6,2.5161290322580645,0.0,26,8.244,6,25,7.793548387096774,7.361290322580645,0.1935483870967742,31
22767 | MAT1052 | 2022 | PRIMAVERA,22767,MAT1052,ESTADÍSTICA PARA CIENCIAS SOCIALES,2022,PRIMAVERA,31,31,9,0.0,0.0,0,8.325925925925926,4,27,7.861290322580645,7.861290322580645,0.12903225806451613,31
23152 | MAT1012 | 2022 | OTOÑO,23152,MAT1012,MATEMÁTICAS UNIVERSITARIAS,2022,OTOÑO,31,31,12,2.6129032258064515,1.0,21,8.077272727272726,9,22,7.024193548387097,6.729032258064516,0.2903225806451613,31
22446 | MAT1012 | 2023 | OTOÑO,22446,MAT1012,MATEMÁTICAS UNIVERSITARIAS,2023,OTOÑO,31,31,9,1.7096774193548387,0.0,21,9.072413793103449,2,29,9.072413793103449,8.725806451612904,0.06451612903225806,31
23852 | MAT2012 | 2023 | PRIMAVERA,23852,MAT2012,CÁLCULO II,2023,PRIMAVERA,31,31,14,4.096774193548387,1.0,70,8.589285714285714,3,28,8.3,7.932258064516129,0.0967741935483871,31
22446 | MAT1012 | 2024 | OTOÑO,22446,MAT1012,MATEMÁTICAS UNIVERSITARIAS,2024,OTOÑO,31,31,12,0.0,0.0,0,9.1,2,29,8.635483870967741,8.635483870967741,0.06451612903225806,31
22521 | MAT1012 | 2024 | OTOÑO,22521,MAT1012,MATEMÁTICAS UNIVERSITARIAS,2024,OTOÑO,31,31,11,0.0,0.0,0,8.385714285714286,3,28,8.267096774193547,8.209677419354838,0.0967741935483871,31
22521 | MAT1012 | 2024 | PRIMAVERA,22521,MAT1012,MATEMÁTICAS UNIVERSITARIAS,2024,PRIMAVERA,31,31,13,0.7096774193548387,0.0,7,8.35,3,28,7.943548387096774,7.835483870967742,0.0967741935483871,31
23152 | MAT1012 | 2024 | OTOÑO,23152,MAT1012,MATEMÁTICAS UNIVERSITARIAS,2024,OTOÑO,31,31,17,0.0,0.0,0,8.582608695652175,8,23,8.096774193548388,8.106451612903227,0.25806451612903225,31
23823 | MAT1022 | 2024 | PRIMAVERA,23823,MAT1022,CÁLCULO I,2024,PRIMAVERA,31,31,16,2.064516129032258,0.0,23,8.519354838709678,0,31,8.519354838709678,8.519354838709678,0.0,31
23852 | MAT2012 | 2024 | OTOÑO,23852,MAT2012,CÁLCULO II,2024,OTOÑO,31,31,12,1.3225806451612903,0.0,9,8.758620689655173,2,29,8.329032258064515,8.329032258064515,0.06451612903225806,31
23978 | MAT2012 | 2024 | OTOÑO,23978,MAT2012,CÁLCULO II,2024,OTOÑO,31,31,16,1.2258064516129032,0.0,8,9.43448275862069,2,29,9.43448275862069,9.064516129032258,0.06451612903225806,31
24086 | MAT2012 | 2024 | OTOÑO,24086,MAT2012,CÁLCULO II,2024,OTOÑO,31,31,12,2.064516129032258,1.0,13,8.793103448275861,2,29,8.610752688172044,8.619354838709677,0.06451612903225806,31
25487 | MAT1012 | 2024 | OTOÑO,25487,MAT1012,MATEMÁTICAS UNIVERSITARIAS,2024,OTOÑO,31,31,13,0.0,0.0,0,9.02258064516129,0,31,9.02258064516129,9.02258064516129,0.0,31
23153 | MAT1022 | 2025 | PRIMAVERA,23153,MAT1022,CÁLCULO I,2025,PRIMAVERA,31,31,15,0.0,0.0,0,9.124137931034484,2,29,8.535483870967743,8.535483870967743,0.06451612903225806,31
12516 | MAT1022 | 2019 | PRIMAVERA,12516,MAT1022,CÁLCULO I,2019,PRIMAVERA,30,30,14,0.3,0.0,3,7.8999999999999995,6,24,7.489999999999999,7.3966666666666665,0.2,30
15282 | MAT2022 | 2019 | OTOÑO,15282,MAT2022,ESTADÍSTICA PARA NEGOCIOS I,2019,OTOÑO,30,30,7,1.1666666666666667,0.5,5,8.407142857142857,2,28,8.213333333333333,8.146666666666667,0.06666666666666667,30
18269 | MAT1012 | 2019 | PRIMAVERA,18269,MAT1012,MATEMÁTICAS UNIVERSITARIAS,2019,PRIMAVERA,30,30,21,0.5666666666666667,0.0,7,6.3999999999999995,7,23,6.191372549019608,6.296666666666667,0.23333333333333334,30
20529 | MAT1022 | 2019 | PRIMAVERA,20529,MAT1022,CÁLCULO I,2019,PRIMAVERA,30,30,14,2.3666666666666667,0.0,29,9.107142857142858,2,28,8.860000000000001,8.72,0.06666666666666667,30
20566 | MAT1052 | 2019 | PRIMAVERA,20566,MAT1052,ESTADÍSTICA PARA CIENCIAS SOCIALES,2019,PRIMAVERA,30,30,10,0.0,0.0,0,9.313793103448276,1,29,9.313793103448276,9.126666666666667,0.03333333333333333,30
20792 | MAT1012 | 2019 | PRIMAVERA,20792,MAT1012,MATEMÁTICAS UNIVERSITARIAS,2019,PRIMAVERA,30,30,12,2.1666666666666665,0.0,29,7.366666666666666,9,21,6.4938095238095235,6.293333333333334,0.3,30
21226 | MAT1032 | 2019 | OTOÑO,21226,MAT1032,ÁLGEBRA LINEAL,2019,OTOÑO,30,30,11,2.2,0.0,35,8.4625,6,24,6.77,6.77,0.2,30
21228 | MAT1052 | 2019 | PRIMAVERA,21228,MAT1052,ESTADÍSTICA PARA CIENCIAS SOCIALES,2019,PRIMAVERA,30,30,9,0.26666666666666666,0.0,3,8.970588235294118,13,17,8.116666666666667,7.9,0.43333333333333335,30
21756 | MAT1052 | 2019 | PRIMAVERA,21756,MAT1052,ESTADÍSTICA PARA CIENCIAS SOCIALES,2019,PRIMAVERA,30,30,9,0.13333333333333333,0.0,3,8.903703703703703,3,27,8.513333333333334,8.013333333333334,0.1,30
21815 | MAT2022 | 2019 | OTOÑO,21815,MAT2022,ESTADÍSTICA PARA NEGOCIOS I,2019,OTOÑO,30,30,7,0.36666666666666664,0.0,4,8.944827586206896,1,29,8.806666666666667,8.806666666666667,0.03333333333333333,30
21854 | MAT1012 | 2019 | OTOÑO,21854,MAT1012,MATEMÁTICAS UNIVERSITARIAS,2019,OTOÑO,30,30,16,0.9666666666666667,0.0,6,8.062962962962963,3,27,7.8116666666666665,7.703333333333333,0.1,30
22446 | MAT1022 | 2019 | PRIMAVERA,22446,MAT1022,CÁLCULO I,2019,PRIMAVERA,30,30,16,0.5666666666666667,0.0,5,8.662962962962963,3,27,8.546666666666665,8.166666666666666,0.1,30
22446 | MAT2012 | 2019 | OTOÑO,22446,MAT2012,CÁLCULO II,2019,OTOÑO,30,30,12,3.1333333333333333,1.0,20,8.73076923076923,4,26,8.506666666666666,8.506666666666666,0.13333333333333333,30
22471 | MAT1022 | 2019 | PRIMAVERA,22471,MAT1022,CÁLCULO I,2019,PRIMAVERA,30,30,15,2.7333333333333334,1.0,18,8.61578947368421,11,19,8.133333333333333,8.133333333333333,0.36666666666666664,30
22473 | MAT1022 | 2019 | PRIMAVERA,22473,MAT1022,CÁLCULO I,2019,PRIMAVERA,30,30,17,1.5333333333333334,0.0,14,8.346153846153847,4,26,8.233333333333333,7.7266666666666675,0.13333333333333333,30
22474 | MAT1012 | 2019 | PRIMAVERA,22474,MAT1012,MATEMÁTICAS UNIVERSITARIAS,2019,PRIMAVERA,30,30,14,1.9333333333333333,0.0,22,7.740909090909091,8,22,6.912222222222223,6.53,0.26666666666666666,30
22503 | MAT1022 | 2019 | PRIMAVERA,22503,MAT1022,CÁLCULO I,2019,PRIMAVERA,30,30,17,1.3,0.0,14,8.584615384615384,4,26,8.106666666666666,7.4399999999999995,0.13333333333333333,30
22521 | MAT1022 | 2019 | PRIMAVERA,22521,MAT1022,CÁLCULO I,2019,PRIMAVERA,30,30,18,1.7333333333333334,0.0,13,8.152000000000001,5,25,7.990952380952381,7.84,0.16666666666666666,30
22521 | MAT2012 | 2019 | OTOÑO,22521,MAT2012,CÁLCULO II,2019,OTOÑO,30,30,15,1.7333333333333334,1.0,14,8.35909090909091,8,22,8.041111111111112,8.043333333333333,0.26666666666666666,30
23148 | MAT1032 | 2019 | PRIMAVERA,23148,MAT1032,ÁLGEBRA LINEAL,2019,PRIMAVERA,30,30,11,0.9,0.0,8,9.653333333333334,0,30,9.653333333333334,9.653333333333334,0.0,30
23218 | MAT1022 | 2019 | PRIMAVERA,23218,MAT1022,CÁLCULO I,2019,PRIMAVERA,30,30,17,1.2333333333333334,0.0,14,8.252380952380951,9,21,7.366666666666666,7.366666666666666,0.3,30
23425 | MAT1022 | 2019 | PRIMAVERA,23425,MAT1022,CÁLCULO I,2019,PRIMAVERA,30,30,16,0.5,0.0,5,8.65,2,28,8.65,8.32,0.06666666666666667,30
23442 | MAT1022 | 2019 | PRIMAVERA,23442,MAT1022,CÁLCULO I,2019,PRIMAVERA,30,30,14,0.5666666666666667,0.0,4,8.124,5,25,7.2325,7.293333333333334,0.16666666666666666,30
23452 | MAT1012 | 2019 | OTOÑO,23452,MAT1012,MATEMÁTICAS UNIVERSITARIAS,2019,OTOÑO,30,30,18,0.9666666666666667,0.0,12,8.18,5,25,7.491666666666666,7.1866666666666665,0.16666666666666666,30
23453 | MAT1022 | 2019 | PRIMAVERA,23453,MAT1022,CÁLCULO I,2019,PRIMAVERA,30,30,16,1.4,0.0,20,8.811111111111112,3,27,8.633333333333333,8.54,0.1,30
23453 | MAT1032 | 2019 | PRIMAVERA,23453,MAT1032,ÁLGEBRA LINEAL,2019,PRIMAVERA,30,30,12,1.9666666666666666,0.0,16,8.916,5,25,8.68,8.046666666666667,0.16666666666666666,30
23824 | MAT1012 | 2019 | OTOÑO,23824,MAT1012,MATEMÁTICAS UNIVERSITARIAS,2019,OTOÑO,30,30,17,0.6333333333333333,0.0,7,9.135714285714286,2,28,8.54,8.54,0.06666666666666667,30
23874 | MAT1012 | 2019 | OTOÑO,23874,MAT1012,MATEMÁTICAS UNIVERSITARIAS,2019,OTOÑO,30,30,13,1.1666666666666667,0.0,12,7.854166666666667,6,24,6.8533333333333335,6.866666666666666,0.2,30
23897 | MAT1012 | 2019 | OTOÑO,23897,MAT1012,MATEMÁTICAS UNIVERSITARIAS,2019,OTOÑO,30,30,9,0.8,0.0,6,8.428571428571429,2,28,8.016666666666667,8.073333333333332,0.06666666666666667,30
20792 | MAT1022 | 2020 | PRIMAVERA,20792,MAT1022,CÁLCULO I,2020,PRIMAVERA,30,30,15,8.566666666666666,6.5,42,8.910714285714286,2,28,8.787777777777778,8.773333333333333,0.06666666666666667,30
21779 | MAT1012 | 2020 | OTOÑO,21779,MAT1012,MATEMÁTICAS UNIVERSITARIAS,2020,OTOÑO,30,30,9,0.4,0.0,4,9.474074074074073,3,27,9.474074074074073,8.896666666666667,0.1,30
21815 | MAT1012 | 2020 | OTOÑO,21815,MAT1012,MATEMÁTICAS UNIVERSITARIAS,2020,OTOÑO,30,30,14,1.3666666666666667,0.0,9,9.420689655172414,1,29,9.223333333333333,9.223333333333333,0.03333333333333333,30
21853 | MAT1022 | 2020 | PRIMAVERA,21853,MAT1022,CÁLCULO I,2020,PRIMAVERA,30,30,17,2.6333333333333333,1.0,19,8.273076923076923,4,26,8.043333333333333,8.053333333333333,0.13333333333333333,30
22114 | MAT1012 | 2020 | OTOÑO,22114,MAT1012,MATEMÁTICAS UNIVERSITARIAS,2020,OTOÑO,30,30,3,0.6333333333333333,0.0,6,8.774074074074074,3,27,8.261666666666667,8.139999999999999,0.1,30
22446 | MAT1012 | 2020 | PRIMAVERA,22446,MAT1012,MATEMÁTICAS UNIVERSITARIAS,2020,PRIMAVERA,30,30,18,0.16666666666666666,0.0,3,8.567857142857143,2,28,8.24,8.24,0.06666666666666667,30
22446 | MAT1022 | 2020 | PRIMAVERA,22446,MAT1022,CÁLCULO I,2020,PRIMAVERA,30,30,15,0.9,0.0,7,8.848275862068967,1,29,8.848275862068967,8.676666666666668,0.03333333333333333,30
22503 | MAT1052 | 2020 | PRIMAVERA,22503,MAT1052,ESTADÍSTICA PARA CIENCIAS SOCIALES,2020,PRIMAVERA,30,30,8,0.3333333333333333,0.0,2,7.65,8,22,6.532666666666667,6.263333333333334,0.26666666666666666,30
23152 | MAT1022 | 2020 | PRIMAVERA,23152,MAT1022,CÁLCULO I,2020,PRIMAVERA,30,30,16,1.6333333333333333,0.0,9,8.920689655172414,1,29,8.81777777777778,8.79,0.03333333333333333,30
23411 | MAT1012 | 2020 | OTOÑO,23411,MAT1012,MATEMÁTICAS UNIVERSITARIAS,2020,OTOÑO,30,30,13,0.7333333333333333,0.0,6,8.261538461538462,4,26,7.846666666666667,7.6899999999999995,0.13333333333333333,30
23411 | MAT1012 | 2020 | PRIMAVERA,23411,MAT1012,MATEMÁTICAS UNIVERSITARIAS,2020,PRIMAVERA,30,30,16,0.8,0.0,7,7.239999999999999,15,15,5.5,4.796666666666667,0.5,30
23411 | MAT1022 | 2020 | OTOÑO,23411,MAT1022,CÁLCULO I,2020,OTOÑO,30,30,16,1.8333333333333333,0.0,17,8.910714285714286,2,28,8.793333333333333,8.770000000000001,0.06666666666666667,30
23425 | MAT1022 | 2020 | PRIMAVERA,23425,MAT1022,CÁLCULO I,2020,PRIMAVERA,30,30,14,2.3666666666666667,0.0,17,8.71,0,30,8.71,8.71,0.0,30
23434 | MAT1012 | 2020 | OTOÑO,23434,MAT1012,MATEMÁTICAS UNIVERSITARIAS,2020,OTOÑO,30,30,9,1.2666666666666666,0.0,10,8.164,5,25,7.617222222222222,7.676666666666667,0.16666666666666666,30
23442 | MAT1022 | 2020 | PRIMAVERA,23442,MAT1022,CÁLCULO I,2020,PRIMAVERA,30,30,16,1.4333333333333333,1.0,6,8.946428571428571,2,28,8.79,8.79,0.06666666666666667,30
23452 | MAT1022 | 2020 | PRIMAVERA,23452,MAT1022,CÁLCULO I,2020,PRIMAVERA,30,30,13,2.6,1.0,25,9.466666666666667,0,30,9.466666666666667,9.466666666666667,0.0,30
23823 | MAT1022 | 2020 | PRIMAVERA,23823,MAT1022,CÁLCULO I,2020,PRIMAVERA,30,30,15,3.9,1.0,35,8.13076923076923,4,26,7.742666666666667,7.663333333333333,0.13333333333333333,30
23824 | MAT1022 | 2020 | OTOÑO,23824,MAT1022,CÁLCULO I,2020,OTOÑO,30,30,17,1.2666666666666666,0.0,15,8.620689655172415,1,29,8.398333333333333,8.433333333333334,0.03333333333333333,30
23835 | MAT1012 | 2020 | OTOÑO,23835,MAT1012,MATEMÁTICAS UNIVERSITARIAS,2020,OTOÑO,30,30,9,2.3666666666666667,0.0,17,7.98,5,25,7.697222222222223,7.6466666666666665,0.16666666666666666,30
23837 | MAT1022 | 2020 | PRIMAVERA,23837,MAT1022,CÁLCULO I,2020,PRIMAVERA,30,30,16,4.233333333333333,3.0,28,8.5,2,28,8.22,8.22,0.06666666666666667,30
23874 | MAT1012 | 2020 | OTOÑO,23874,MAT1012,MATEMÁTICAS UNIVERSITARIAS,2020,OTOÑO,30,30,14,4.266666666666667,0.0,114,7.541666666666667,6,24,6.616666666666666,6.306666666666667,0.2,30
23874 | MAT1012 | 2020 | PRIMAVERA,23874,MAT1012,MATEMÁTICAS UNIVERSITARIAS,2020,PRIMAVERA,30,30,16,1.9,0.0,21,7.061538461538461,4,26,6.7844444444444445,6.903333333333333,0.13333333333333333,30
23874 | MAT1022 | 2020 | PRIMAVERA,23874,MAT1022,CÁLCULO I,2020,PRIMAVERA,30,30,17,1.0666666666666667,0.0,6,7.325925925925926,3,27,7.148717948717948,7.1433333333333335,0.1,30
23885 | MAT1022 | 2020 | OTOÑO,23885,MAT1022,CÁLCULO I,2020,OTOÑO,30,30,14,0.9666666666666667,0.0,4,8.693333333333333,0,30,8.693333333333333,8.693333333333333,0.0,30
23978 | MAT1012 | 2020 | OTOÑO,23978,MAT1012,MATEMÁTICAS UNIVERSITARIAS,2020,OTOÑO,30,30,7,0.8333333333333334,0.0,11,9.374074074074073,3,27,9.374074074074073,8.806666666666667,0.1,30
24086 | MAT1012 | 2020 | OTOÑO,24086,MAT1012,MATEMÁTICAS UNIVERSITARIAS,2020,OTOÑO,30,30,9,2.1333333333333333,0.0,10,8.569230769230769,4,26,7.99,7.989999999999999,0.13333333333333333,30
18269 | MAT1012 | 2021 | PRIMAVERA,18269,MAT1012,MATEMÁTICAS UNIVERSITARIAS,2021,PRIMAVERA,30,30,16,1.0,0.0,6,8.033333333333333,6,24,7.173333333333333,7.09,0.2,30
24117 | MAT1012 | 2021 | PRIMAVERA,24117,MAT1012,MATEMÁTICAS UNIVERSITARIAS,2021,PRIMAVERA,30,30,16,1.3,0.0,17,8.620689655172415,1,29,8.583333333333334,8.456666666666667,0.03333333333333333,30
24510 | MAT1012 | 2021 | PRIMAVERA,24510,MAT1012,MATEMÁTICAS UNIVERSITARIAS,2021,PRIMAVERA,30,30,15,1.3666666666666667,0.5,10,7.782758620689655,1,29,7.5233333333333325,7.5233333333333325,0.03333333333333333,30
22109 | MAT2092 | 2022 | OTOÑO,22109,MAT2092,ESTADÍSTICA PARA CIENCIAS DE LA SALUD,2022,OTOÑO,30,30,1,0.8,0.5,3,7.979310344827587,1,29,7.895,7.776666666666667,0.03333333333333333,30
22767 | MAT2092 | 2022 | OTOÑO,22767,MAT2092,ESTADÍSTICA PARA CIENCIAS DE LA SALUD,2022,OTOÑO,30,30,1,0.0,0.0,0,8.389999999999999,0,30,8.389999999999999,8.389999999999999,0.0,30
21192 | MAT1012 | 2023 | OTOÑO,21192,MAT1012,MATEMÁTICAS UNIVERSITARIAS,2023,OTOÑO,30,30,11,1.7333333333333334,0.0,19,9.416666666666666,0,30,9.416666666666666,9.416666666666666,0.0,30
21852 | MAT2022 | 2023 | OTOÑO,21852,MAT2022,ESTADÍSTICA PARA NEGOCIOS I,2023,OTOÑO,30,30,7,4.3,2.0,18,9.374074074074073,3,27,9.116666666666667,9.116666666666667,0.1,30
22521 | MAT1012 | 2023 | OTOÑO,22521,MAT1012,MATEMÁTICAS UNIVERSITARIAS,2023,OTOÑO,30,30,14,1.6,0.0,28,7.74,10,20,6.071111111111111,5.3,0.3333333333333333,30
23096 | MAT1012 | 2023 | OTOÑO,23096,MAT1012,MATEMÁTICAS UNIVERSITARIAS,2023,OTOÑO,30,30,5,0.8666666666666667,0.0,7,8.603846153846153,4,26,7.923333333333333,7.983333333333333,0.13333333333333333,30
23839 | MAT1012 | 2023 | OTOÑO,23839,MAT1012,MATEMÁTICAS UNIVERSITARIAS,2023,OTOÑO,30,30,14,1.1666666666666667,0.0,8,8.744444444444444,3,27,8.620000000000001,8.24,0.1,30
23852 | MAT1022 | 2023 | OTOÑO,23852,MAT1022,CÁLCULO I,2023,OTOÑO,30,30,14,3.533333333333333,1.0,23,8.76551724137931,1,29,8.723333333333333,8.596666666666666,0.03333333333333333,30
23897 | MAT1022 | 2023 | PRIMAVERA,23897,MAT1022,CÁLCULO I,2023,PRIMAVERA,30,30,14,3.533333333333333,2.0,30,9.316666666666666,0,30,9.316666666666666,9.316666666666666,0.0,30
23978 | MAT2012 | 2023 | OTOÑO,23978,MAT2012,CÁLCULO II,2023,OTOÑO,30,30,12,4.9,1.0,43,9.05,0,30,9.05,9.05,0.0,30
24097 | MAT1012 | 2023 | OTOÑO,24097,MAT1012,MATEMÁTICAS UNIVERSITARIAS,2023,OTOÑO,30,30,13,1.2,0.0,8,8.975862068965517,1,29,8.676666666666668,8.676666666666668,0.03333333333333333,30
21192 | MAT1012 | 2024 | OTOÑO,21192,MAT1012,MATEMÁTICAS UNIVERSITARIAS,2024,OTOÑO,30,30,13,0.0,0.0,0,9.413793103448276,1,29,9.236666666666668,9.236666666666668,0.03333333333333333,30
21262 | MAT2022 | 2024 | OTOÑO,21262,MAT2022,ESTADÍSTICA PARA NEGOCIOS I,2024,OTOÑO,30,30,8,2.7666666666666666,0.0,15,8.722222222222221,3,27,8.23,7.86,0.1,30
22114 | MAT2012 | 2024 | OTOÑO,22114,MAT2012,CÁLCULO II,2024,OTOÑO,30,30,12,1.8333333333333333,0.0,14,8.731034482758622,1,29,8.525555555555556,8.52,0.03333333333333333,30
22472 | MAT1012 | 2024 | OTOÑO,22472,MAT1012,MATEMÁTICAS UNIVERSITARIAS,2024,OTOÑO,30,30,11,0.7333333333333333,0.0,9,8.338461538461539,4,26,7.944,7.52,0.13333333333333333,30
23148 | MAT1022 | 2024 | PRIMAVERA,23148,MAT1022,CÁLCULO I,2024,PRIMAVERA,30,30,16,2.7666666666666666,1.0,18,8.757142857142856,2,28,8.613333333333333,8.583333333333334,0.06666666666666667,30
23148 | MAT2012 | 2024 | OTOÑO,23148,MAT2012,CÁLCULO II,2024,OTOÑO,30,30,11,2.0,0.0,18,8.84074074074074,3,27,8.706666666666667,8.326666666666666,0.1,30
23152 | MAT1022 | 2024 | PRIMAVERA,23152,MAT1022,CÁLCULO I,2024,PRIMAVERA,30,30,17,2.466666666666667,1.0,15,8.641666666666667,6,24,8.185333333333334,7.273333333333334,0.2,30
23153 | MAT1012 | 2024 | OTOÑO,23153,MAT1012,MATEMÁTICAS UNIVERSITARIAS,2024,OTOÑO,30,30,17,0.0,0.0,0,9.295454545454545,8,22,9.295454545454545,7.803333333333333,0.26666666666666666,30
23836 | MAT1012 | 2024 | OTOÑO,23836,MAT1012,MATEMÁTICAS UNIVERSITARIAS,2024,OTOÑO,30,30,12,0.0,0.0,0,9.484,5,25,9.153333333333334,8.52,0.16666666666666666,30
23885 | MAT1022 | 2024 | PRIMAVERA,23885,MAT1022,CÁLCULO I,2024,PRIMAVERA,30,30,15,2.3,0.0,21,9.137931034482758,1,29,9.137931034482758,8.956666666666667,0.03333333333333333,30
23887 | MAT2022 | 2024 | OTOÑO,23887,MAT2022,ESTADÍSTICA PARA NEGOCIOS I,2024,OTOÑO,30,30,6,1.6333333333333333,0.0,8,8.334615384615384,4,26,7.7860000000000005,7.760000000000001,0.13333333333333333,30
23978 | MAT1012 | 2024 | OTOÑO,23978,MAT1012,MATEMÁTICAS UNIVERSITARIAS,2024,OTOÑO,30,30,14,0.0,0.0,0,8.775,2,28,8.69,8.436666666666666,0.06666666666666667,30
24827 | MAT1012 | 2024 | OTOÑO,24827,MAT1012,MATEMÁTICAS UNIVERSITARIAS,2024,OTOÑO,30,30,6,0.0,0.0,0,8.133333333333333,3,27,7.934444444444444,7.956666666666666,0.1,30
25510 | MAT1012 | 2024 | OTOÑO,25510,MAT1012,MATEMÁTICAS UNIVERSITARIAS,2024,OTOÑO,30,30,11,0.0,0.0,0,9.107692307692307,4,26,8.893333333333334,8.386666666666667,0.13333333333333333,30
25503 | MAT1022 | 2025 | PRIMAVERA,25503,MAT1022,CÁLCULO I,2025,PRIMAVERA,30,30,15,0.0,0.0,0,9.686666666666667,0,30,9.686666666666667,9.686666666666667,0.0,30
25531 | MAT1022 | 2025 | PRIMAVERA,25531,MAT1022,CÁLCULO I,2025,PRIMAVERA,30,30,14,0.4666666666666667,0.0,11,9.113793103448277,1,29,9.113793103448277,8.933333333333334,0.03333333333333333,30
25843 | MAT1022 | 2025 | PRIMAVERA,25843,MAT1022,CÁLCULO I,2025,PRIMAVERA,30,30,17,0.23333333333333334,0.0,7,8.003703703703703,3,27,7.695333333333334,7.2733333333333325,0.1,30
21262 | MAT1022 | 2019 | PRIMAVERA,21262,MAT1022,CÁLCULO I,2019,PRIMAVERA,29,29,15,1.5517241379310345,0.0,10,8.605,9,20,8.013793103448275,7.76551724137931,0.3103448275862069,29
21815 | MAT2022 | 2019 | PRIMAVERA,21815,MAT2022,ESTADÍSTICA PARA NEGOCIOS I,2019,PRIMAVERA,29,29,7,0.13793103448275862,0.0,2,9.232142857142858,1,28,8.96896551724138,8.96896551724138,0.034482758620689655,29
21852 | MAT2022 | 2019 | PRIMAVERA,21852,MAT2022,ESTADÍSTICA PARA NEGOCIOS I,2019,PRIMAVERA,29,29,8,0.27586206896551724,0.0,4,8.866666666666667,5,24,8.320689655172414,8.010344827586207,0.1724137931034483,29
22446 | MAT1012 | 2019 | OTOÑO,22446,MAT1012,MATEMÁTICAS UNIVERSITARIAS,2019,OTOÑO,29,29,16,1.6551724137931034,0.0,10,7.911538461538461,3,26,7.48103448275862,7.093103448275862,0.10344827586206896,29
22480 | MAT1012 | 2019 | PRIMAVERA,22480,MAT1012,MATEMÁTICAS UNIVERSITARIAS,2019,PRIMAVERA,29,29,16,0.6206896551724138,0.0,4,8.277777777777779,2,27,7.858620689655172,7.706896551724138,0.06896551724137931,29
23133 | MAT1022 | 2019 | PRIMAVERA,23133,MAT1022,CÁLCULO I,2019,PRIMAVERA,29,29,15,1.0344827586206897,0.0,7,8.568,4,25,8.356896551724137,8.16551724137931,0.13793103448275862,29
23152 | MAT1022 | 2019 | PRIMAVERA,23152,MAT1022,CÁLCULO I,2019,PRIMAVERA,29,29,15,2.7241379310344827,1.0,34,8.77142857142857,1,28,8.691379310344828,8.655172413793103,0.034482758620689655,29
23153 | MAT1022 | 2019 | PRIMAVERA,23153,MAT1022,CÁLCULO I,2019,PRIMAVERA,29,29,16,1.6551724137931034,0.0,35,8.77142857142857,8,21,7.386206896551724,6.3517241379310345,0.27586206896551724,29
20792 | MAT1012 | 2020 | PRIMAVERA,20792,MAT1012,MATEMÁTICAS UNIVERSITARIAS,2020,PRIMAVERA,29,29,18,1.8620689655172413,0.0,19,6.377272727272728,7,22,4.870114942528735,4.875862068965517,0.2413793103448276,29
21779 | MAT1012 | 2020 | PRIMAVERA,21779,MAT1012,MATEMÁTICAS UNIVERSITARIAS,2020,PRIMAVERA,29,29,13,1.6206896551724137,0.0,13,8.607999999999999,4,25,8.188505747126436,8.055172413793104,0.13793103448275862,29
22473 | MAT1022 | 2020 | PRIMAVERA,22473,MAT1022,CÁLCULO I,2020,PRIMAVERA,29,29,13,3.793103448275862,2.0,22,9.60344827586207,0,29,9.60344827586207,9.60344827586207,0.0,29
23096 | MAT1022 | 2020 | PRIMAVERA,23096,MAT1022,CÁLCULO I,2020,PRIMAVERA,29,29,17,2.2413793103448274,1.0,13,8.704,4,25,8.435862068965516,8.382758620689655,0.13793103448275862,29
23837 | MAT1012 | 2020 | PRIMAVERA,23837,MAT1012,MATEMÁTICAS UNIVERSITARIAS,2020,PRIMAVERA,29,29,13,1.1724137931034482,0.0,8,7.504347826086956,6,23,7.079310344827586,6.996551724137931,0.20689655172413793,29
23885 | MAT1022 | 2020 | PRIMAVERA,23885,MAT1022,CÁLCULO I,2020,PRIMAVERA,29,29,15,2.6551724137931036,1.0,14,9.182142857142859,1,28,9.182142857142859,8.993103448275862,0.034482758620689655,29
23897 | MAT1012 | 2020 | PRIMAVERA,23897,MAT1012,MATEMÁTICAS UNIVERSITARIAS,2020,PRIMAVERA,29,29,17,1.103448275862069,0.0,9,9.093103448275862,0,29,9.093103448275862,9.093103448275862,0.0,29
22446 | MAT1012 | 2021 | OTOÑO,22446,MAT1012,MATEMÁTICAS UNIVERSITARIAS,2021,OTOÑO,29,29,16,0.3448275862068966,0.0,5,8.525,5,24,7.50919540229885,7.548275862068966,0.1724137931034483,29
24086 | MAT1012 | 2021 | PRIMAVERA,24086,MAT1012,MATEMÁTICAS UNIVERSITARIAS,2021,PRIMAVERA,29,29,15,1.206896551724138,0.0,10,9.078571428571427,1,28,8.998850574712643,9.006896551724138,0.034482758620689655,29
24085 | MAT2012 | 2022 | OTOÑO,24085,MAT2012,CÁLCULO II,2022,OTOÑO,29,29,15,2.7586206896551726,0.0,16,9.433333333333334,2,27,8.817241379310344,8.817241379310344,0.06896551724137931,29
24117 | MAT2012 | 2022 | OTOÑO,24117,MAT2012,CÁLCULO II,2022,OTOÑO,29,29,15,2.793103448275862,1.0,32,7.5590909090909095,7,22,6.810344827586207,5.837931034482758,0.2413793103448276,29
21852 | MAT1052 | 2023 | PRIMAVERA,21852,MAT1052,ESTADÍSTICA PARA CIENCIAS SOCIALES,2023,PRIMAVERA,29,29,7,0.27586206896551724,0.0,7,9.133333333333333,2,27,8.955172413793104,8.889655172413793,0.06896551724137931,29
22115 | MAT1012 | 2023 | OTOÑO,22115,MAT1012,MATEMÁTICAS UNIVERSITARIAS,2023,OTOÑO,29,29,17,2.793103448275862,0.0,34,7.894736842105263,10,19,6.540229885057471,6.4896551724137925,0.3448275862068966,29
22473 | MAT1022 | 2023 | PRIMAVERA,22473,MAT1022,CÁLCULO I,2023,PRIMAVERA,29,29,19,4.620689655172414,1.0,48,8.960714285714285,1,28,8.908620689655173,8.906896551724138,0.034482758620689655,29
22767 | MAT2022 | 2023 | OTOÑO,22767,MAT2022,ESTADÍSTICA PARA NEGOCIOS I,2023,OTOÑO,29,29,6,2.689655172413793,0.0,36,9.203703703703704,2,27,9.058620689655172,9.058620689655172,0.06896551724137931,29
23148 | MAT1012 | 2023 | OTOÑO,23148,MAT1012,MATEMÁTICAS UNIVERSITARIAS,2023,OTOÑO,29,29,17,2.310344827586207,1.0,18,8.06842105263158,10,19,7.349425287356323,6.396551724137931,0.3448275862068966,29
23823 | MAT1012 | 2023 | PRIMAVERA,23823,MAT1012,MATEMÁTICAS UNIVERSITARIAS,2023,PRIMAVERA,29,29,12,2.4827586206896552,1.0,16,8.545833333333333,5,24,7.7908045977011495,7.417241379310345,0.1724137931034483,29
23824 | MAT1012 | 2023 | OTOÑO,23824,MAT1012,MATEMÁTICAS UNIVERSITARIAS,2023,OTOÑO,29,29,15,1.2413793103448276,0.0,7,7.6125,5,24,6.3,6.3,0.1724137931034483,29
23852 | MAT1022 | 2023 | PRIMAVERA,23852,MAT1022,CÁLCULO I,2023,PRIMAVERA,29,29,15,3.3448275862068964,1.0,20,9.192857142857141,1,28,9.017241379310345,9.017241379310345,0.034482758620689655,29
24827 | MAT1022 | 2023 | PRIMAVERA,24827,MAT1022,CÁLCULO I,2023,PRIMAVERA,29,29,14,4.103448275862069,1.0,43,9.276,4,25,8.865517241379312,8.865517241379312,0.13793103448275862,29
22109 | MAT2022 | 2024 | OTOÑO,22109,MAT2022,ESTADÍSTICA PARA NEGOCIOS I,2024,OTOÑO,29,29,7,1.5862068965517242,0.0,18,7.35,3,26,7.126436781609195,7.055172413793104,0.10344827586206896,29
22114 | MAT1012 | 2024 | OTOÑO,22114,MAT1012,MATEMÁTICAS UNIVERSITARIAS,2024,OTOÑO,29,29,11,0.10344827586206896,0.0,3,7.895238095238096,8,21,6.751724137931035,6.479310344827587,0.27586206896551724,29
22114 | MAT1032 | 2024 | PRIMAVERA,22114,MAT1032,ÁLGEBRA LINEAL,2024,PRIMAVERA,29,29,8,2.7241379310344827,1.0,15,8.64074074074074,2,27,8.23103448275862,8.210344827586207,0.06896551724137931,29
22471 | MAT1022 | 2024 | PRIMAVERA,22471,MAT1022,CÁLCULO I,2024,PRIMAVERA,29,29,15,1.3103448275862069,0.0,17,7.525,13,16,5.227586206896552,5.306896551724138,0.4482758620689655,29
23452 | MAT1032 | 2024 | OTOÑO,23452,MAT1032,ÁLGEBRA LINEAL,2024,OTOÑO,29,29,13,0.6896551724137931,0.0,8,8.860714285714286,1,28,8.803448275862069,8.782758620689656,0.034482758620689655,29
23885 | MAT2012 | 2024 | OTOÑO,23885,MAT2012,CÁLCULO II,2024,OTOÑO,29,29,12,2.5172413793103448,1.0,11,9.335714285714285,1,28,9.335714285714285,9.141379310344828,0.034482758620689655,29
25503 | MAT1012 | 2024 | OTOÑO,25503,MAT1012,MATEMÁTICAS UNIVERSITARIAS,2024,OTOÑO,29,29,11,0.0,0.0,0,9.38076923076923,3,26,8.410344827586208,8.410344827586208,0.10344827586206896,29
21852 | MAT1052 | 2025 | PRIMAVERA,21852,MAT1052,ESTADÍSTICA PARA CIENCIAS SOCIALES,2025,PRIMAVERA,29,29,8,0.06896551724137931,0.0,2,9.517857142857142,1,28,9.517857142857142,9.317241379310344,0.034482758620689655,29
22446 | MAT1022 | 2025 | PRIMAVERA,22446,MAT1022,CÁLCULO I,2025,PRIMAVERA,29,29,10,0.034482758620689655,0.0,1,8.5,3,26,7.993103448275861,7.993103448275861,0.10344827586206896,29
15282 | MAT1012 | 2019 | OTOÑO,15282,MAT1012,MATEMÁTICAS UNIVERSITARIAS,2019,OTOÑO,28,28,16,1.75,1.0,14,8.107692307692307,2,26,7.882857142857143,7.878571428571428,0.07142857142857142,28
21228 | MAT2022 | 2019 | OTOÑO,21228,MAT2022,ESTADÍSTICA PARA NEGOCIOS I,2019,OTOÑO,28,28,7,1.5714285714285714,0.0,14,8.104166666666666,4,24,7.577857142857143,7.271428571428571,0.14285714285714285,28
22091 | MAT2022 | 2019 | OTOÑO,22091,MAT2022,ESTADÍSTICA PARA NEGOCIOS I,2019,OTOÑO,28,28,5,2.107142857142857,1.0,12,8.914285714285715,0,28,8.914285714285715,8.914285714285715,0.0,28
22109 | MAT1022 | 2019 | PRIMAVERA,22109,MAT1022,CÁLCULO I,2019,PRIMAVERA,28,28,14,0.4642857142857143,0.0,3,8.377777777777778,10,18,7.1119047619047615,6.885714285714286,0.35714285714285715,28
22471 | MAT1012 | 2019 | OTOÑO,22471,MAT1012,MATEMÁTICAS UNIVERSITARIAS,2019,OTOÑO,28,28,13,3.7857142857142856,0.0,33,8.626666666666667,13,15,5.2250000000000005,5.2250000000000005,0.4642857142857143,28
22521 | MAT1012 | 2019 | OTOÑO,22521,MAT1012,MATEMÁTICAS UNIVERSITARIAS,2019,OTOÑO,28,28,16,1.8214285714285714,0.0,21,7.507692307692308,15,13,5.610714285714286,4.428571428571429,0.5357142857142857,28
23411 | MAT1022 | 2019 | PRIMAVERA,23411,MAT1022,CÁLCULO I,2019,PRIMAVERA,28,28,16,0.6071428571428571,0.0,4,8.691304347826087,5,23,8.417857142857143,8.389285714285714,0.17857142857142858,28
23411 | MAT1032 | 2019 | OTOÑO,23411,MAT1032,ÁLGEBRA LINEAL,2019,OTOÑO,28,28,14,2.2142857142857144,1.0,18,8.14,8,20,6.042857142857143,6.042857142857143,0.2857142857142857,28
18269 | MAT1012 | 2020 | OTOÑO,18269,MAT1012,MATEMÁTICAS UNIVERSITARIAS,2020,OTOÑO,28,28,5,3.4642857142857144,3.0,15,9.657142857142857,0,28,9.657142857142857,9.657142857142857,0.0,28
18269 | MAT2012 | 2020 | OTOÑO,18269,MAT2012,CÁLCULO II,2020,OTOÑO,28,28,17,1.5714285714285714,0.0,8,8.9,1,27,8.582142857142857,8.582142857142857,0.03571428571428571,28
20792 | MAT1012 | 2020 | OTOÑO,20792,MAT1012,MATEMÁTICAS UNIVERSITARIAS,2020,OTOÑO,28,28,6,5.214285714285714,3.0,26,8.36,3,25,7.908928571428572,7.8,0.10714285714285714,28
21852 | MAT2022 | 2020 | PRIMAVERA,21852,MAT2022,ESTADÍSTICA PARA NEGOCIOS I,2020,PRIMAVERA,28,28,7,3.2142857142857144,1.0,29,9.007407407407408,1,27,8.864285714285716,8.775,0.03571428571428571,28
22115 | MAT2022 | 2020 | OTOÑO,22115,MAT2022,ESTADÍSTICA PARA NEGOCIOS I,2020,OTOÑO,28,28,7,1.1785714285714286,0.0,5,9.033333333333333,4,24,7.742857142857143,7.742857142857143,0.14285714285714285,28
22471 | MAT1022 | 2020 | PRIMAVERA,22471,MAT1022,CÁLCULO I,2020,PRIMAVERA,28,28,18,4.0,0.0,28,8.285714285714286,7,21,7.389285714285713,7.457142857142856,0.25,28
23096 | MAT2012 | 2020 | OTOÑO,23096,MAT2012,CÁLCULO II,2020,OTOÑO,28,28,11,2.857142857142857,1.0,19,9.375,0,28,9.375,9.375,0.0,28
23149 | MAT1012 | 2020 | PRIMAVERA,23149,MAT1012,MATEMÁTICAS UNIVERSITARIAS,2020,PRIMAVERA,28,28,16,1.0357142857142858,0.0,13,5.5687500000000005,12,16,4.548809523809524,4.864285714285714,0.42857142857142855,28
23837 | MAT1022 | 2020 | OTOÑO,23837,MAT1022,CÁLCULO I,2020,OTOÑO,28,28,12,1.4642857142857142,0.0,8,7.550000000000001,2,26,7.284999999999999,7.239285714285714,0.07142857142857142,28
23839 | MAT1012 | 2020 | OTOÑO,23839,MAT1012,MATEMÁTICAS UNIVERSITARIAS,2020,OTOÑO,28,28,5,0.7857142857142857,0.0,9,9.177777777777779,1,27,9.05,9.05,0.03571428571428571,28
24085 | MAT1012 | 2020 | OTOÑO,24085,MAT1012,MATEMÁTICAS UNIVERSITARIAS,2020,OTOÑO,28,28,8,1.7142857142857142,0.0,22,9.518518518518519,1,27,9.518518518518519,9.310714285714285,0.03571428571428571,28
24097 | MAT1012 | 2020 | PRIMAVERA,24097,MAT1012,MATEMÁTICAS UNIVERSITARIAS,2020,PRIMAVERA,28,28,15,0.5714285714285714,0.0,5,7.08,8,20,6.076190476190476,5.778571428571429,0.2857142857142857,28
24097 | MAT1022 | 2020 | PRIMAVERA,24097,MAT1022,CÁLCULO I,2020,PRIMAVERA,28,28,16,3.6785714285714284,1.0,22,8.025,4,24,7.635714285714286,7.321428571428571,0.14285714285714285,28
21853 | MAT1012 | 2021 | OTOÑO,21853,MAT1012,MATEMÁTICAS UNIVERSITARIAS,2021,OTOÑO,28,28,15,0.8571428571428571,0.0,7,7.8839999999999995,3,25,7.29375,7.2178571428571425,0.10714285714285714,28
23411 | MAT1012 | 2021 | OTOÑO,23411,MAT1012,MATEMÁTICAS UNIVERSITARIAS,2021,OTOÑO,28,28,16,0.21428571428571427,0.0,2,8.848,3,25,8.378571428571428,8.378571428571428,0.10714285714285714,28
23453 | MAT1012 | 2021 | OTOÑO,23453,MAT1012,MATEMÁTICAS UNIVERSITARIAS,2021,OTOÑO,28,28,11,1.5,0.0,10,8.75,2,26,8.660714285714286,8.389285714285714,0.07142857142857142,28
23823 | MAT1012 | 2021 | OTOÑO,23823,MAT1012,MATEMÁTICAS UNIVERSITARIAS,2021,OTOÑO,28,28,10,1.25,0.0,10,8.651851851851852,1,27,8.41607142857143,8.407142857142857,0.03571428571428571,28
23823 | MAT1012 | 2021 | PRIMAVERA,23823,MAT1012,MATEMÁTICAS UNIVERSITARIAS,2021,PRIMAVERA,28,28,12,0.9642857142857143,0.0,11,7.1037037037037045,1,27,6.928571428571429,6.889285714285714,0.03571428571428571,28
23836 | MAT1012 | 2021 | OTOÑO,23836,MAT1012,MATEMÁTICAS UNIVERSITARIAS,2021,OTOÑO,28,28,4,1.6428571428571428,0.0,16,8.424,3,25,7.735714285714286,7.735714285714286,0.10714285714285714,28
23852 | MAT1012 | 2021 | OTOÑO,23852,MAT1012,MATEMÁTICAS UNIVERSITARIAS,2021,OTOÑO,28,28,10,0.7142857142857143,0.0,7,9.505263157894737,9,19,9.505263157894737,7.639285714285714,0.32142857142857145,28
24085 | MAT1012 | 2021 | OTOÑO,24085,MAT1012,MATEMÁTICAS UNIVERSITARIAS,2021,OTOÑO,28,28,12,1.5357142857142858,0.0,14,9.024,3,25,8.533928571428572,8.585714285714285,0.10714285714285714,28
24085 | MAT1022 | 2021 | PRIMAVERA,24085,MAT1022,CÁLCULO I,2021,PRIMAVERA,28,28,15,1.2142857142857142,0.0,11,9.307142857142859,0,28,9.307142857142859,9.307142857142859,0.0,28
20529 | MAT2012 | 2022 | OTOÑO,20529,MAT2012,CÁLCULO II,2022,OTOÑO,28,28,12,1.0714285714285714,1.0,4,8.786363636363637,6,22,8.510714285714286,7.696428571428571,0.21428571428571427,28
21779 | MAT2012 | 2022 | OTOÑO,21779,MAT2012,CÁLCULO II,2022,OTOÑO,28,28,11,1.7142857142857142,0.0,11,7.7625,4,24,7.427040816326531,7.164285714285714,0.14285714285714285,28
21852 | MAT2022 | 2022 | OTOÑO,21852,MAT2022,ESTADÍSTICA PARA NEGOCIOS I,2022,OTOÑO,28,28,7,1.25,0.0,23,9.58148148148148,1,27,9.58148148148148,9.37142857142857,0.03571428571428571,28
22115 | MAT2012 | 2022 | OTOÑO,22115,MAT2012,CÁLCULO II,2022,OTOÑO,28,28,13,1.5,0.5,13,7.406666666666666,13,15,5.975892857142858,4.478571428571429,0.4642857142857143,28
22767 | MAT2022 | 2022 | OTOÑO,22767,MAT2022,ESTADÍSTICA PARA NEGOCIOS I,2022,OTOÑO,28,28,8,0.4642857142857143,0.0,4,8.808,3,25,8.442857142857143,8.385714285714286,0.10714285714285714,28
23859 | MAT2022 | 2022 | OTOÑO,23859,MAT2022,ESTADÍSTICA PARA NEGOCIOS I,2022,OTOÑO,28,28,6,1.6071428571428572,0.0,19,9.314285714285715,0,28,9.314285714285715,9.314285714285715,0.0,28
23874 | MAT1022 | 2022 | OTOÑO,23874,MAT1022,CÁLCULO I,2022,OTOÑO,28,28,16,3.357142857142857,1.0,22,7.770588235294118,11,17,6.564285714285715,4.921428571428572,0.39285714285714285,28
23885 | MAT1022 | 2022 | OTOÑO,23885,MAT1022,CÁLCULO I,2022,OTOÑO,28,28,17,0.5357142857142857,0.0,7,8.570833333333333,4,24,8.089285714285714,7.760714285714286,0.14285714285714285,28
24097 | MAT1032 | 2022 | OTOÑO,24097,MAT1032,ÁLGEBRA LINEAL,2022,OTOÑO,28,28,11,1.1785714285714286,0.0,7,8.482142857142858,0,28,8.482142857142858,8.482142857142858,0.0,28
21192 | MAT1022 | 2023 | OTOÑO,21192,MAT1022,CÁLCULO I,2023,OTOÑO,28,28,15,1.8214285714285714,0.0,9,9.203703703703704,1,27,9.203703703703704,9.007142857142856,0.03571428571428571,28
21192 | MAT1032 | 2023 | PRIMAVERA,21192,MAT1032,ÁLGEBRA LINEAL,2023,PRIMAVERA,28,28,12,6.178571428571429,3.0,36,9.285714285714286,0,28,9.285714285714286,9.285714285714286,0.0,28
21815 | MAT2012 | 2023 | OTOÑO,21815,MAT2012,CÁLCULO II,2023,OTOÑO,28,28,15,2.392857142857143,0.5,11,9.62962962962963,1,27,9.285714285714286,9.285714285714286,0.03571428571428571,28
21852 | MAT1052 | 2023 | OTOÑO,21852,MAT1052,ESTADÍSTICA PARA CIENCIAS SOCIALES,2023,OTOÑO,28,28,6,0.07142857142857142,0.0,2,9.011111111111111,1,27,8.917857142857143,8.917857142857143,0.03571428571428571,28
22114 | MAT1022 | 2023 | OTOÑO,22114,MAT1022,CÁLCULO I,2023,OTOÑO,28,28,15,1.6071428571428572,1.0,9,8.16,8,20,6.835714285714286,6.460714285714286,0.2857142857142857,28
22114 | MAT1032 | 2023 | PRIMAVERA,22114,MAT1032,ÁLGEBRA LINEAL,2023,PRIMAVERA,28,28,11,5.178571428571429,2.5,29,9.121428571428572,0,28,9.121428571428572,9.121428571428572,0.0,28
22114 | MAT2012 | 2023 | OTOÑO,22114,MAT2012,CÁLCULO II,2023,OTOÑO,28,28,16,5.178571428571429,1.5,48,9.372,3,25,8.898214285714285,8.625,0.10714285714285714,28
22115 | MAT2022 | 2023 | PRIMAVERA,22115,MAT2022,ESTADÍSTICA PARA NEGOCIOS I,2023,PRIMAVERA,28,28,6,0.8214285714285714,0.0,6,8.5,3,25,8.185714285714285,8.175,0.10714285714285714,28
22473 | MAT1032 | 2023 | PRIMAVERA,22473,MAT1032,ÁLGEBRA LINEAL,2023,PRIMAVERA,28,28,11,1.3571428571428572,0.0,22,9.281481481481482,1,27,9.098214285714286,8.97857142857143,0.03571428571428571,28
22767 | MAT1052 | 2023 | PRIMAVERA,22767,MAT1052,ESTADÍSTICA PARA CIENCIAS SOCIALES,2023,PRIMAVERA,28,28,5,0.39285714285714285,0.0,3,8.495652173913044,5,23,8.273214285714285,8.221428571428572,0.17857142857142858,28
23148 | MAT1022 | 2023 | PRIMAVERA,23148,MAT1022,CÁLCULO I,2023,PRIMAVERA,28,28,17,4.714285714285714,2.5,16,8.596153846153847,2,26,8.517857142857142,8.246428571428572,0.07142857142857142,28
23148 | MAT1032 | 2023 | PRIMAVERA,23148,MAT1032,ÁLGEBRA LINEAL,2023,PRIMAVERA,28,28,13,3.142857142857143,1.5,27,8.503703703703703,1,27,8.354285714285714,8.2,0.03571428571428571,28
23411 | MAT1012 | 2023 | OTOÑO,23411,MAT1012,MATEMÁTICAS UNIVERSITARIAS,2023,OTOÑO,28,28,12,0.8928571428571429,0.0,6,8.982608695652173,5,23,8.277380952380952,8.153571428571428,0.17857142857142858,28
23425 | MAT1012 | 2023 | OTOÑO,23425,MAT1012,MATEMÁTICAS UNIVERSITARIAS,2023,OTOÑO,28,28,14,2.142857142857143,0.0,15,8.262962962962963,1,27,8.2125,8.142857142857142,0.03571428571428571,28
23452 | MAT1012 | 2023 | OTOÑO,23452,MAT1012,MATEMÁTICAS UNIVERSITARIAS,2023,OTOÑO,28,28,17,0.75,0.0,6,7.712000000000001,3,25,7.314285714285715,6.996428571428572,0.10714285714285714,28
23452 | MAT1022 | 2023 | OTOÑO,23452,MAT1022,CÁLCULO I,2023,OTOÑO,28,28,16,4.678571428571429,1.5,36,8.760714285714284,0,28,8.760714285714284,8.760714285714284,0.0,28
23852 | MAT2012 | 2023 | OTOÑO,23852,MAT2012,CÁLCULO II,2023,OTOÑO,28,28,11,2.7857142857142856,0.0,22,9.192592592592591,1,27,9.192592592592591,8.996428571428572,0.03571428571428571,28
23885 | MAT2012 | 2023 | OTOÑO,23885,MAT2012,CÁLCULO II,2023,OTOÑO,28,28,10,4.607142857142857,1.0,21,9.374074074074073,1,27,9.374074074074073,9.171428571428573,0.03571428571428571,28
23897 | MAT1012 | 2023 | OTOÑO,23897,MAT1012,MATEMÁTICAS UNIVERSITARIAS,2023,OTOÑO,28,28,15,2.5357142857142856,0.0,14,8.076923076923077,2,26,7.5946428571428575,7.671428571428572,0.07142857142857142,28
23897 | MAT2012 | 2023 | OTOÑO,23897,MAT2012,CÁLCULO II,2023,OTOÑO,28,28,13,5.25,3.0,28,9.348148148148148,1,27,9.348148148148148,9.146428571428572,0.03571428571428571,28
23978 | MAT1012 | 2023 | OTOÑO,23978,MAT1012,MATEMÁTICAS UNIVERSITARIAS,2023,OTOÑO,28,28,13,1.1785714285714286,0.0,8,9.465384615384615,2,26,9.465384615384615,9.053571428571429,0.07142857142857142,28
23978 | MAT2012 | 2023 | PRIMAVERA,23978,MAT2012,CÁLCULO II,2023,PRIMAVERA,28,28,14,1.8928571428571428,1.0,9,9.003571428571428,0,28,9.003571428571428,9.003571428571428,0.0,28
24085 | MAT1022 | 2023 | PRIMAVERA,24085,MAT1022,CÁLCULO I,2023,PRIMAVERA,28,28,16,4.678571428571429,1.0,36,9.921428571428573,0,28,9.921428571428573,9.921428571428573,0.0,28
24097 | MAT2012 | 2023 | OTOÑO,24097,MAT2012,CÁLCULO II,2023,OTOÑO,28,28,12,4.071428571428571,0.5,28,9.107407407407408,1,27,8.907142857142857,8.907142857142857,0.03571428571428571,28
25093 | MAT1012 | 2023 | OTOÑO,25093,MAT1012,MATEMÁTICAS UNIVERSITARIAS,2023,OTOÑO,28,28,16,1.1071428571428572,0.0,11,9.692307692307692,2,26,9.692307692307692,9.264285714285714,0.07142857142857142,28
21228 | MAT1052 | 2024 | OTOÑO,21228,MAT1052,ESTADÍSTICA PARA CIENCIAS SOCIALES,2024,OTOÑO,28,28,7,0.2857142857142857,0.0,8,7.6571428571428575,7,21,6.632857142857143,6.460714285714286,0.25,28
21852 | MAT2022 | 2024 | OTOÑO,21852,MAT2022,ESTADÍSTICA PARA NEGOCIOS I,2024,OTOÑO,28,28,8,2.142857142857143,0.0,19,9.044444444444444,1,27,8.939285714285715,8.889285714285714,0.03571428571428571,28
22115 | MAT1052 | 2024 | PRIMAVERA,22115,MAT1052,ESTADÍSTICA PARA CIENCIAS SOCIALES,2024,PRIMAVERA,28,28,7,1.6428571428571428,0.5,8,8.331578947368422,9,19,8.064285714285715,6.8428571428571425,0.32142857142857145,28
23096 | MAT1012 | 2024 | OTOÑO,23096,MAT1012,MATEMÁTICAS UNIVERSITARIAS,2024,OTOÑO,28,28,6,0.0,0.0,0,8.745000000000001,8,20,7.175,7.175,0.2857142857142857,28
23152 | MAT2012 | 2024 | OTOÑO,23152,MAT2012,CÁLCULO II,2024,OTOÑO,28,28,11,2.5357142857142856,0.0,26,8.657692307692308,2,26,8.529285714285715,8.539285714285715,0.07142857142857142,28
25093 | MAT1052 | 2024 | PRIMAVERA,25093,MAT1052,ESTADÍSTICA PARA CIENCIAS SOCIALES,2024,PRIMAVERA,28,28,6,0.17857142857142858,0.0,2,9.811538461538461,2,26,9.811538461538461,9.375,0.07142857142857142,28
25093 | MAT2022 | 2024 | OTOÑO,25093,MAT2022,ESTADÍSTICA PARA NEGOCIOS I,2024,OTOÑO,28,28,8,1.2142857142857142,0.0,7,9.910714285714286,0,28,9.910714285714286,9.910714285714286,0.0,28
20792 | MAT1022 | 2025 | PRIMAVERA,20792,MAT1022,CÁLCULO I,2025,PRIMAVERA,28,28,10,0.10714285714285714,0.0,2,9.442105263157895,9,19,9.442105263157895,7.596428571428571,0.32142857142857145,28
21852 | MAT2022 | 2025 | PRIMAVERA,21852,MAT2022,ESTADÍSTICA PARA NEGOCIOS I,2025,PRIMAVERA,28,28,6,0.7857142857142857,0.0,9,8.18695652173913,5,23,7.675,7.557142857142857,0.17857142857142858,28
22091 | MAT2022 | 2025 | PRIMAVERA,22091,MAT2022,ESTADÍSTICA PARA NEGOCIOS I,2025,PRIMAVERA,28,28,6,0.6428571428571429,0.0,6,8.472727272727273,6,22,7.085714285714286,7.085714285714286,0.21428571428571427,28
22114 | MAT1032 | 2025 | PRIMAVERA,22114,MAT1032,ÁLGEBRA LINEAL,2025,PRIMAVERA,28,28,11,0.10714285714285714,0.0,3,9.116,3,25,8.35357142857143,8.35357142857143,0.10714285714285714,28
22767 | MAT2022 | 2025 | PRIMAVERA,22767,MAT2022,ESTADÍSTICA PARA NEGOCIOS I,2025,PRIMAVERA,28,28,7,0.35714285714285715,0.0,7,8.4625,4,24,7.8500000000000005,7.639285714285714,0.14285714285714285,28
23148 | MAT1032 | 2025 | PRIMAVERA,23148,MAT1032,ÁLGEBRA LINEAL,2025,PRIMAVERA,28,28,10,0.03571428571428571,0.0,1,8.283999999999999,3,25,7.621428571428572,7.696428571428571,0.10714285714285714,28
23411 | MAT1032 | 2025 | PRIMAVERA,23411,MAT1032,ÁLGEBRA LINEAL,2025,PRIMAVERA,28,28,9,0.0,0.0,0,9.646153846153847,2,26,9.646153846153847,9.221428571428572,0.07142857142857142,28
23452 | MAT1032 | 2025 | PRIMAVERA,23452,MAT1032,ÁLGEBRA LINEAL,2025,PRIMAVERA,28,28,10,0.0,0.0,0,9.092592592592593,1,27,9.092592592592593,8.9,0.03571428571428571,28
23978 | MAT1032 | 2025 | PRIMAVERA,23978,MAT1032,ÁLGEBRA LINEAL,2025,PRIMAVERA,28,28,11,0.4642857142857143,0.0,9,9.132142857142856,0,28,9.132142857142856,9.132142857142856,0.0,28
24097 | MAT1032 | 2025 | PRIMAVERA,24097,MAT1032,ÁLGEBRA LINEAL,2025,PRIMAVERA,28,28,8,0.0,0.0,0,9.433333333333334,1,27,9.433333333333334,9.228571428571428,0.03571428571428571,28
21228 | MAT1052 | 2019 | OTOÑO,21228,MAT1052,ESTADÍSTICA PARA CIENCIAS SOCIALES,2019,OTOÑO,27,27,7,0.07407407407407407,0.0,1,7.1695652173913045,4,23,6.485185185185185,6.362962962962963,0.14814814814814814,27
23096 | MAT1022 | 2019 | PRIMAVERA,23096,MAT1022,CÁLCULO I,2019,PRIMAVERA,27,27,14,0.5925925925925926,0.0,3,8.273913043478261,4,23,8.036507936507936,7.944444444444445,0.14814814814814814,27
23874 | MAT1032 | 2019 | OTOÑO,23874,MAT1032,ÁLGEBRA LINEAL,2019,OTOÑO,27,27,12,1.6296296296296295,1.0,11,8.468,2,25,8.381481481481481,8.351851851851851,0.07407407407407407,27
23425 | MAT1032 | 2020 | PRIMAVERA,23425,MAT1032,ÁLGEBRA LINEAL,2020,PRIMAVERA,27,27,11,3.0,1.0,25,9.133333333333333,0,27,9.133333333333333,9.133333333333333,0.0,27
23874 | MAT1032 | 2020 | OTOÑO,23874,MAT1032,ÁLGEBRA LINEAL,2020,OTOÑO,27,27,13,4.111111111111111,0.0,26,7.145833333333333,3,24,6.611111111111111,6.685185185185185,0.1111111111111111,27
24117 | MAT1032 | 2020 | PRIMAVERA,24117,MAT1032,ÁLGEBRA LINEAL,2020,PRIMAVERA,27,27,13,3.1481481481481484,0.0,23,7.709090909090909,5,22,7.144444444444445,7.051851851851852,0.18518518518518517,27
23149 | MAT1012 | 2021 | PRIMAVERA,23149,MAT1012,MATEMÁTICAS UNIVERSITARIAS,2021,PRIMAVERA,27,27,17,1.3703703703703705,0.0,12,6.4,7,20,5.250617283950618,5.04074074074074,0.25925925925925924,27
21262 | MAT2012 | 2022 | OTOÑO,21262,MAT2012,CÁLCULO II,2022,OTOÑO,27,27,13,0.7777777777777778,0.0,4,8.273076923076923,1,26,8.180555555555555,8.196296296296296,0.037037037037037035,27
21815 | MAT2022 | 2022 | OTOÑO,21815,MAT2022,ESTADÍSTICA PARA NEGOCIOS I,2022,OTOÑO,27,27,7,1.4814814814814814,1.0,6,9.044444444444444,0,27,9.044444444444444,9.044444444444444,0.0,27
23411 | MAT1012 | 2022 | OTOÑO,23411,MAT1012,MATEMÁTICAS UNIVERSITARIAS,2022,OTOÑO,27,27,12,3.925925925925926,0.0,23,7.194444444444445,9,18,4.862962962962963,4.855555555555555,0.3333333333333333,27
23452 | MAT1032 | 2022 | OTOÑO,23452,MAT1032,ÁLGEBRA LINEAL,2022,OTOÑO,27,27,11,1.9259259259259258,1.0,12,8.318181818181818,5,22,7.874074074074074,7.662962962962963,0.18518518518518517,27
23874 | MAT2012 | 2022 | OTOÑO,23874,MAT2012,CÁLCULO II,2022,OTOÑO,27,27,14,1.9259259259259258,0.0,15,8.583333333333334,3,24,8.287962962962963,8.22962962962963,0.1111111111111111,27
24097 | MAT2012 | 2022 | OTOÑO,24097,MAT2012,CÁLCULO II,2022,OTOÑO,27,27,14,3.3703703703703702,1.0,14,9.176923076923076,1,26,9.114814814814814,8.974074074074075,0.037037037037037035,27
24827 | MAT1022 | 2022 | OTOÑO,24827,MAT1022,CÁLCULO I,2022,OTOÑO,27,27,16,2.740740740740741,1.0,15,8.554166666666667,3,24,8.02037037037037,7.6037037037037045,0.1111111111111111,27
22446 | MAT2012 | 2023 | PRIMAVERA,22446,MAT2012,CÁLCULO II,2023,PRIMAVERA,27,27,13,1.6296296296296295,1.0,8,6.69,7,20,6.002314814814815,5.937037037037037,0.25925925925925924,27
23162 | MAT2012 | 2023 | OTOÑO,23162,MAT2012,CÁLCULO II,2023,OTOÑO,27,27,11,5.0,2.0,36,9.255555555555556,0,27,9.255555555555556,9.255555555555556,0.0,27
23887 | MAT2022 | 2023 | OTOÑO,23887,MAT2022,ESTADÍSTICA PARA NEGOCIOS I,2023,OTOÑO,27,27,6,2.888888888888889,1.0,23,8.666666666666666,3,24,8.085185185185185,7.818518518518518,0.1111111111111111,27
22473 | MAT1022 | 2024 | OTOÑO,22473,MAT1022,CÁLCULO I,2024,OTOÑO,27,27,14,0.9629629629629629,0.0,9,7.984,2,25,7.749382716049382,7.5851851851851855,0.07407407407407407,27
22767 | MAT2022 | 2024 | PRIMAVERA,22767,MAT2022,ESTADÍSTICA PARA NEGOCIOS I,2024,PRIMAVERA,27,27,8,2.7037037037037037,0.0,18,8.715384615384615,1,26,8.593518518518518,8.648148148148149,0.037037037037037035,27
23153 | MAT1022 | 2024 | PRIMAVERA,23153,MAT1022,CÁLCULO I,2024,PRIMAVERA,27,27,15,3.111111111111111,1.0,26,8.903846153846153,1,26,8.798765432098765,8.692592592592591,0.037037037037037035,27
25496 | MAT1052 | 2024 | PRIMAVERA,25496,MAT1052,ESTADÍSTICA PARA CIENCIAS SOCIALES,2024,PRIMAVERA,27,27,7,1.1111111111111112,0.0,5,8.825000000000001,3,24,7.844444444444445,7.844444444444445,0.1111111111111111,27
23887 | MAT2022 | 2025 | PRIMAVERA,23887,MAT2022,ESTADÍSTICA PARA NEGOCIOS I,2025,PRIMAVERA,27,27,8,0.5925925925925926,0.0,11,7.823809523809524,6,21,7.151851851851852,6.707407407407407,0.2222222222222222,27
23152 | MAT1012 | 2019 | PRIMAVERA,23152,MAT1012,MATEMÁTICAS UNIVERSITARIAS,2019,PRIMAVERA,26,26,11,2.076923076923077,0.0,23,8.041666666666666,14,12,6.403846153846154,3.7115384615384617,0.5384615384615384,26
12516 | MAT1022 | 2020 | PRIMAVERA,12516,MAT1022,CÁLCULO I,2020,PRIMAVERA,26,26,13,2.1153846153846154,0.0,18,8.673076923076923,0,26,8.673076923076923,8.673076923076923,0.0,26
21779 | MAT1012 | 2021 | OTOÑO,21779,MAT1012,MATEMÁTICAS UNIVERSITARIAS,2021,OTOÑO,26,26,18,0.8846153846153846,0.0,10,8.281818181818181,4,22,7.505128205128205,7.176923076923076,0.15384615384615385,26
22109 | MAT2022 | 2021 | OTOÑO,22109,MAT2022,ESTADÍSTICA PARA NEGOCIOS I,2021,OTOÑO,26,26,6,1.0769230769230769,0.0,6,8.15,2,24,7.836538461538462,7.769230769230769,0.07692307692307693,26
22115 | MAT1052 | 2021 | PRIMAVERA,22115,MAT1052,ESTADÍSTICA PARA CIENCIAS SOCIALES,2021,PRIMAVERA,26,26,10,0.07692307692307693,0.0,1,8.91904761904762,5,21,8.511538461538462,8.511538461538462,0.19230769230769232,26
22767 | MAT1052 | 2021 | OTOÑO,22767,MAT1052,ESTADÍSTICA PARA CIENCIAS SOCIALES,2021,OTOÑO,26,26,8,0.2692307692307692,0.0,4,8.678260869565218,3,23,7.711538461538462,7.711538461538462,0.11538461538461539,26
23149 | MAT1032 | 2021 | OTOÑO,23149,MAT1032,ÁLGEBRA LINEAL,2021,OTOÑO,26,26,10,0.2692307692307692,0.0,2,5.709090909090909,4,22,5.253146853146854,5.1461538461538465,0.15384615384615385,26
23152 | MAT1012 | 2021 | OTOÑO,23152,MAT1012,MATEMÁTICAS UNIVERSITARIAS,2021,OTOÑO,26,26,7,0.9230769230769231,0.0,11,7.668421052631579,7,19,6.6,6.246153846153846,0.2692307692307692,26
23425 | MAT1012 | 2021 | OTOÑO,23425,MAT1012,MATEMÁTICAS UNIVERSITARIAS,2021,OTOÑO,26,26,9,0.7307692307692307,0.0,11,8.368181818181817,4,22,7.915384615384616,7.915384615384616,0.15384615384615385,26
23434 | MAT1012 | 2021 | OTOÑO,23434,MAT1012,MATEMÁTICAS UNIVERSITARIAS,2021,OTOÑO,26,26,14,0.7307692307692307,0.0,4,9.208695652173914,3,23,9.208695652173914,8.573076923076924,0.11538461538461539,26
23978 | MAT1012 | 2021 | PRIMAVERA,23978,MAT1012,MATEMÁTICAS UNIVERSITARIAS,2021,PRIMAVERA,26,26,10,0.5384615384615384,0.0,7,9.334615384615384,0,26,9.334615384615384,9.334615384615384,0.0,26
24510 | MAT1012 | 2021 | OTOÑO,24510,MAT1012,MATEMÁTICAS UNIVERSITARIAS,2021,OTOÑO,26,26,9,0.6923076923076923,0.0,7,8.320833333333333,2,24,8.093589743589744,8.026923076923076,0.07692307692307693,26
22503 | MAT2022 | 2022 | OTOÑO,22503,MAT2022,ESTADÍSTICA PARA NEGOCIOS I,2022,OTOÑO,26,26,6,1.2307692307692308,0.0,13,7.395238095238096,5,21,6.675000000000001,6.696153846153846,0.19230769230769232,26
23452 | MAT1022 | 2022 | OTOÑO,23452,MAT1022,CÁLCULO I,2022,OTOÑO,26,26,14,1.8076923076923077,0.5,18,8.826086956521738,3,23,8.53076923076923,8.403846153846153,0.11538461538461539,26
22503 | MAT2022 | 2023 | OTOÑO,22503,MAT2022,ESTADÍSTICA PARA NEGOCIOS I,2023,OTOÑO,26,26,7,5.115384615384615,1.0,43,7.89047619047619,5,21,7.265384615384615,7.242307692307692,0.19230769230769232,26
23425 | MAT2022 | 2023 | PRIMAVERA,23425,MAT2022,ESTADÍSTICA PARA NEGOCIOS I,2023,PRIMAVERA,26,26,7,0.7692307692307693,0.0,4,9.1,1,25,8.75,8.75,0.038461538461538464,26
23452 | MAT1032 | 2023 | OTOÑO,23452,MAT1032,ÁLGEBRA LINEAL,2023,OTOÑO,26,26,9,2.3461538461538463,1.0,20,8.372,1,25,8.190384615384614,8.061538461538461,0.038461538461538464,26
23978 | MAT1032 | 2023 | OTOÑO,23978,MAT1032,ÁLGEBRA LINEAL,2023,OTOÑO,26,26,12,2.923076923076923,1.0,23,8.873076923076923,0,26,8.873076923076923,8.873076923076923,0.0,26
24086 | MAT1012 | 2023 | OTOÑO,24086,MAT1012,MATEMÁTICAS UNIVERSITARIAS,2023,OTOÑO,26,26,15,0.23076923076923078,0.0,2,8.20625,10,16,6.376923076923077,6.196153846153846,0.38461538461538464,26
25093 | MAT1052 | 2023 | PRIMAVERA,25093,MAT1052,ESTADÍSTICA PARA CIENCIAS SOCIALES,2023,PRIMAVERA,26,26,7,1.0,0.0,9,9.7,1,25,9.7,9.46923076923077,0.038461538461538464,26
21262 | MAT1032 | 2024 | PRIMAVERA,21262,MAT1032,ÁLGEBRA LINEAL,2024,PRIMAVERA,26,26,8,0.4230769230769231,0.0,5,8.404545454545454,4,22,7.688461538461539,7.111538461538462,0.15384615384615385,26
22115 | MAT2022 | 2024 | OTOÑO,22115,MAT2022,ESTADÍSTICA PARA NEGOCIOS I,2024,OTOÑO,26,26,7,1.8076923076923077,0.5,15,7.625,6,20,7.207692307692308,7.115384615384615,0.23076923076923078,26
23897 | MAT2012 | 2024 | OTOÑO,23897,MAT2012,CÁLCULO II,2024,OTOÑO,26,26,11,2.1153846153846154,0.0,15,9.476923076923077,0,26,9.476923076923077,9.476923076923077,0.0,26
26078 | MAT1052 | 2025 | PRIMAVERA,26078,MAT1052,ESTADÍSTICA PARA CIENCIAS SOCIALES,2025,PRIMAVERA,26,26,9,0.0,0.0,0,8.786363636363637,4,22,8.203846153846154,7.434615384615385,0.15384615384615385,26
21779 | MAT1012 | 2019 | PRIMAVERA,21779,MAT1012,MATEMÁTICAS UNIVERSITARIAS,2019,PRIMAVERA,25,25,14,1.0,0.0,11,8.569230769230769,12,13,6.976,6.976,0.48,25
22091 | MAT1012 | 2019 | PRIMAVERA,22091,MAT1012,MATEMÁTICAS UNIVERSITARIAS,2019,PRIMAVERA,25,25,14,1.48,0.0,13,8.552173913043477,2,23,8.38,8.38,0.08,25
22473 | MAT1012 | 2019 | PRIMAVERA,22473,MAT1012,MATEMÁTICAS UNIVERSITARIAS,2019,PRIMAVERA,25,25,14,1.4,0.0,13,8.433333333333334,4,21,8.14,8.068,0.16,25
23133 | MAT1012 | 2019 | PRIMAVERA,23133,MAT1012,MATEMÁTICAS UNIVERSITARIAS,2019,PRIMAVERA,25,25,9,0.48,0.0,8,7.706666666666666,10,15,6.874,4.624,0.4,25
23153 | MAT1012 | 2019 | PRIMAVERA,23153,MAT1012,MATEMÁTICAS UNIVERSITARIAS,2019,PRIMAVERA,25,25,13,1.8,0.0,26,8.372222222222222,7,18,7.33,7.276,0.28,25
24086 | MAT1032 | 2020 | OTOÑO,24086,MAT1032,ÁLGEBRA LINEAL,2020,OTOÑO,25,25,11,2.44,0.0,27,8.541666666666666,1,24,8.398666666666667,8.468,0.04,25
21779 | MAT1022 | 2021 | PRIMAVERA,21779,MAT1022,CÁLCULO I,2021,PRIMAVERA,25,25,11,0.52,0.0,7,8.427999999999999,0,25,8.427999999999999,8.427999999999999,0.0,25
21852 | MAT2022 | 2021 | PRIMAVERA,21852,MAT2022,ESTADÍSTICA PARA NEGOCIOS I,2021,PRIMAVERA,25,25,8,1.84,1.0,19,9.375,1,24,9.3,9.148,0.04,25
22114 | MAT1022 | 2021 | PRIMAVERA,22114,MAT1022,CÁLCULO I,2021,PRIMAVERA,25,25,12,1.12,0.0,9,9.316,0,25,9.316,9.316,0.0,25
22446 | MAT1022 | 2021 | PRIMAVERA,22446,MAT1022,CÁLCULO I,2021,PRIMAVERA,25,25,14,0.4,0.0,6,9.495652173913044,2,23,9.304,9.304,0.08,25
23425 | MAT1022 | 2021 | PRIMAVERA,23425,MAT1022,CÁLCULO I,2021,PRIMAVERA,25,25,10,0.72,0.0,6,9.572000000000001,0,25,9.572000000000001,9.572000000000001,0.0,25
23859 | MAT1052 | 2021 | PRIMAVERA,23859,MAT1052,ESTADÍSTICA PARA CIENCIAS SOCIALES,2021,PRIMAVERA,25,25,8,0.12,0.0,1,9.482608695652173,2,23,8.724,8.724,0.08,25
21853 | MAT1022 | 2022 | PRIMAVERA,21853,MAT1022,CÁLCULO I,2022,PRIMAVERA,25,25,15,3.2,1.0,26,9.225,1,24,9.225,9.004,0.04,25
23452 | MAT1022 | 2022 | PRIMAVERA,23452,MAT1022,CÁLCULO I,2022,PRIMAVERA,25,25,17,2.44,1.0,16,9.508333333333333,1,24,9.508333333333333,9.276,0.04,25
24086 | MAT1012 | 2022 | PRIMAVERA,24086,MAT1012,MATEMÁTICAS UNIVERSITARIAS,2022,PRIMAVERA,25,25,13,1.6,0.0,13,8.68695652173913,2,23,8.232000000000001,8.352,0.08,25
24086 | MAT1022 | 2023 | OTOÑO,24086,MAT1022,CÁLCULO I,2023,OTOÑO,25,25,15,3.92,1.0,29,6.1,3,22,5.853,5.848,0.12,25
20792 | MAT1012 | 2024 | OTOÑO,20792,MAT1012,MATEMÁTICAS UNIVERSITARIAS,2024,OTOÑO,25,25,4,0.0,0.0,0,8.209090909090909,3,22,7.662000000000001,7.547999999999999,0.12,25
25093 | MAT1052 | 2025 | PRIMAVERA,25093,MAT1052,ESTADÍSTICA PARA CIENCIAS SOCIALES,2025,PRIMAVERA,25,25,6,0.0,0.0,0,9.683333333333334,1,24,9.683333333333334,9.443999999999999,0.04,25
23149 | MAT1032 | 2019 | OTOÑO,23149,MAT1032,ÁLGEBRA LINEAL,2019,OTOÑO,24,24,9,0.4583333333333333,0.0,5,7.084210526315789,5,19,6.655208333333333,6.679166666666667,0.20833333333333334,24
21852 | MAT1052 | 2021 | PRIMAVERA,21852,MAT1052,ESTADÍSTICA PARA CIENCIAS SOCIALES,2021,PRIMAVERA,24,24,8,0.375,0.0,5,9.204347826086956,1,23,9.108333333333333,9.058333333333334,0.041666666666666664,24
23823 | MAT1022 | 2021 | PRIMAVERA,23823,MAT1022,CÁLCULO I,2021,PRIMAVERA,24,24,11,1.8333333333333333,0.0,22,9.0,3,21,9.0,8.3375,0.125,24
23835 | MAT2012 | 2021 | OTOÑO,23835,MAT2012,CÁLCULO II,2021,OTOÑO,24,24,13,8.166666666666666,1.0,114,8.142105263157895,5,19,7.820833333333333,7.670833333333333,0.20833333333333334,24
23096 | MAT1032 | 2022 | PRIMAVERA,23096,MAT1032,ÁLGEBRA LINEAL,2022,PRIMAVERA,24,24,9,0.875,0.0,6,7.386666666666667,9,15,6.791666666666667,6.541666666666667,0.375,24
23978 | MAT1012 | 2022 | PRIMAVERA,23978,MAT1012,MATEMÁTICAS UNIVERSITARIAS,2022,PRIMAVERA,24,24,11,0.5416666666666666,0.0,6,8.17142857142857,3,21,7.2625,7.2250000000000005,0.125,24
22446 | MAT1022 | 2023 | PRIMAVERA,22446,MAT1022,CÁLCULO I,2023,PRIMAVERA,24,24,14,3.5416666666666665,1.0,18,8.166666666666666,3,21,7.6625000000000005,7.5249999999999995,0.125,24
21854 | MAT1022 | 2024 | OTOÑO,21854,MAT1022,CÁLCULO I,2024,OTOÑO,24,24,13,1.0416666666666667,0.0,6,7.2368421052631575,5,19,6.788690476190477,6.6375,0.20833333333333334,24
22114 | MAT1022 | 2024 | OTOÑO,22114,MAT1022,CÁLCULO I,2024,OTOÑO,24,24,12,1.2083333333333333,0.0,9,8.954545454545455,2,22,8.566666666666666,8.299999999999999,0.08333333333333333,24
23978 | MAT1022 | 2024 | PRIMAVERA,23978,MAT1022,CÁLCULO I,2024,PRIMAVERA,24,24,12,0.4166666666666667,0.0,5,8.643478260869566,1,23,8.283333333333333,8.283333333333333,0.041666666666666664,24
25093 | MAT1052 | 2024 | OTOÑO,25093,MAT1052,ESTADÍSTICA PARA CIENCIAS SOCIALES,2024,OTOÑO,24,24,7,0.20833333333333334,0.0,4,9.928571428571429,3,21,9.928571428571429,9.15,0.125,24
21262 | MAT1032 | 2025 | PRIMAVERA,21262,MAT1032,ÁLGEBRA LINEAL,2025,PRIMAVERA,24,24,12,0.041666666666666664,0.0,1,7.9523809523809526,3,21,7.305208333333333,7.108333333333333,0.125,24
22115 | MAT1052 | 2025 | PRIMAVERA,22115,MAT1052,ESTADÍSTICA PARA CIENCIAS SOCIALES,2025,PRIMAVERA,24,24,7,0.0,0.0,0,7.1066666666666665,9,15,6.563095238095237,4.879166666666666,0.375,24
20529 | MAT1022 | 2021 | PRIMAVERA,20529,MAT1022,CÁLCULO I,2021,PRIMAVERA,23,23,15,2.9130434782608696,1.0,12,8.843478260869565,0,23,8.843478260869565,8.843478260869565,0.0,23
20792 | MAT1012 | 2021 | OTOÑO,20792,MAT1012,MATEMÁTICAS UNIVERSITARIAS,2021,OTOÑO,23,23,4,5.086956521739131,2.0,22,8.40625,7,16,8.008695652173913,7.886956521739131,0.30434782608695654,23
22109 | MAT1052 | 2023 | PRIMAVERA,22109,MAT1052,ESTADÍSTICA PARA CIENCIAS SOCIALES,2023,PRIMAVERA,23,23,9,0.5652173913043478,0.0,7,8.440000000000001,3,20,8.108695652173912,7.691304347826088,0.13043478260869565,23
23152 | MAT2012 | 2023 | OTOÑO,23152,MAT2012,CÁLCULO II,2023,OTOÑO,23,23,10,7.695652173913044,0.0,116,6.216666666666667,5,18,5.871146245059288,5.2043478260869565,0.21739130434782608,23
23152 | MAT1022 | 2024 | OTOÑO,23152,MAT1022,CÁLCULO I,2024,OTOÑO,23,23,13,0.6086956521739131,0.0,7,4.2444444444444445,5,18,4.146467391304348,3.895652173913043,0.21739130434782608,23
23836 | MAT1032 | 2024 | PRIMAVERA,23836,MAT1032,ÁLGEBRA LINEAL,2024,PRIMAVERA,23,23,11,0.6521739130434783,0.0,6,9.082608695652175,0,23,9.082608695652175,9.082608695652175,0.0,23
23978 | MAT1032 | 2024 | OTOÑO,23978,MAT1032,ÁLGEBRA LINEAL,2024,OTOÑO,23,23,11,1.173913043478261,0.0,7,8.831818181818182,1,22,8.831818181818182,8.608695652173912,0.043478260869565216,23
23152 | MAT2012 | 2025 | PRIMAVERA,23152,MAT2012,CÁLCULO II,2025,PRIMAVERA,23,23,14,0.7391304347826086,0.0,7,7.9799999999999995,3,20,7.738043478260869,7.547826086956522,0.13043478260869565,23
23823 | MAT1022 | 2025 | PRIMAVERA,23823,MAT1022,CÁLCULO I,2025,PRIMAVERA,23,23,13,0.13043478260869565,0.0,2,9.152173913043478,0,23,9.152173913043478,9.152173913043478,0.0,23
22473 | MAT2012 | 2020 | OTOÑO,22473,MAT2012,CÁLCULO II,2020,OTOÑO,22,22,13,3.4545454545454546,1.0,22,9.768181818181818,0,22,9.768181818181818,9.768181818181818,0.0,22
21854 | MAT2012 | 2021 | OTOÑO,21854,MAT2012,CÁLCULO II,2021,OTOÑO,22,22,12,0.8181818181818182,0.0,14,7.555,2,20,7.438311688311688,7.509090909090909,0.09090909090909091,22
23218 | MAT1022 | 2021 | PRIMAVERA,23218,MAT1022,CÁLCULO I,2021,PRIMAVERA,22,22,12,1.5454545454545454,0.0,15,8.077777777777778,4,18,7.645454545454545,7.5636363636363635,0.18181818181818182,22
20792 | MAT2012 | 2022 | OTOÑO,20792,MAT2012,CÁLCULO II,2022,OTOÑO,22,22,11,4.636363636363637,1.0,26,6.7,8,14,5.223636363636364,5.795454545454546,0.36363636363636365,22
21854 | MAT1032 | 2022 | PRIMAVERA,21854,MAT1032,ÁLGEBRA LINEAL,2022,PRIMAVERA,22,22,13,1.6818181818181819,0.5,13,8.089473684210526,3,19,7.814772727272726,7.8136363636363635,0.13636363636363635,22
23859 | MAT1052 | 2022 | OTOÑO,23859,MAT1052,ESTADÍSTICA PARA CIENCIAS SOCIALES,2022,OTOÑO,22,22,6,0.045454545454545456,0.0,1,9.172727272727274,0,22,9.172727272727274,9.172727272727274,0.0,22
22115 | MAT1022 | 2023 | OTOÑO,22115,MAT1022,CÁLCULO I,2023,OTOÑO,22,22,14,1.0454545454545454,0.0,6,7.057142857142857,8,14,6.181818181818182,5.663636363636363,0.36363636363636365,22
22446 | MAT2012 | 2023 | OTOÑO,22446,MAT2012,CÁLCULO II,2023,OTOÑO,22,22,12,6.0,2.0,49,7.904761904761905,1,21,7.554545454545454,7.5636363636363635,0.045454545454545456,22
23152 | MAT1022 | 2023 | OTOÑO,23152,MAT1022,CÁLCULO I,2023,OTOÑO,22,22,13,5.454545454545454,0.5,49,6.283333333333333,4,18,6.005371900826447,5.595454545454545,0.18181818181818182,22
23887 | MAT2022 | 2023 | PRIMAVERA,23887,MAT2022,ESTADÍSTICA PARA NEGOCIOS I,2023,PRIMAVERA,22,22,7,4.454545454545454,1.5,44,8.2,4,18,7.472727272727273,7.472727272727273,0.18181818181818182,22
22446 | MAT1022 | 2024 | PRIMAVERA,22446,MAT1022,CÁLCULO I,2024,PRIMAVERA,22,22,14,1.7272727272727273,0.0,19,7.822222222222223,4,18,6.854545454545455,6.4,0.18181818181818182,22
25503 | MAT1022 | 2024 | OTOÑO,25503,MAT1022,CÁLCULO I,2024,OTOÑO,22,22,15,0.5454545454545454,0.0,5,9.518181818181818,0,22,9.518181818181818,9.518181818181818,0.0,22
22503 | MAT2022 | 2021 | OTOÑO,22503,MAT2022,ESTADÍSTICA PARA NEGOCIOS I,2021,OTOÑO,21,21,6,0.2857142857142857,0.0,2,7.02,6,15,6.3428571428571425,6.385714285714285,0.2857142857142857,21
23096 | MAT1012 | 2021 | OTOÑO,23096,MAT1012,MATEMÁTICAS UNIVERSITARIAS,2021,OTOÑO,21,21,4,2.0952380952380953,1.0,11,9.605555555555556,3,18,9.605555555555556,8.761904761904763,0.14285714285714285,21
23859 | MAT2022 | 2021 | PRIMAVERA,23859,MAT2022,ESTADÍSTICA PARA NEGOCIOS I,2021,PRIMAVERA,21,21,7,0.8095238095238095,0.0,6,9.638095238095238,0,21,9.638095238095238,9.638095238095238,0.0,21
18269 | MAT1012 | 2022 | PRIMAVERA,18269,MAT1012,MATEMÁTICAS UNIVERSITARIAS,2022,PRIMAVERA,21,21,12,1.0,0.0,8,6.927777777777778,3,18,6.619047619047619,6.571428571428571,0.14285714285714285,21
21192 | MAT1022 | 2022 | OTOÑO,21192,MAT1022,CÁLCULO I,2022,OTOÑO,21,21,11,0.6666666666666666,0.0,6,9.67142857142857,0,21,9.67142857142857,9.67142857142857,0.0,21
22471 | MAT1022 | 2022 | OTOÑO,22471,MAT1022,CÁLCULO I,2022,OTOÑO,21,21,12,5.0476190476190474,2.0,44,4.957142857142857,7,14,4.004761904761905,3.6714285714285713,0.3333333333333333,21
23096 | MAT1012 | 2022 | OTOÑO,23096,MAT1012,MATEMÁTICAS UNIVERSITARIAS,2022,OTOÑO,21,21,6,3.4285714285714284,0.0,14,8.855555555555556,3,18,7.590476190476191,7.590476190476191,0.14285714285714285,21
23411 | MAT1022 | 2022 | OTOÑO,23411,MAT1022,CÁLCULO I,2022,OTOÑO,21,21,12,1.7619047619047619,0.0,11,6.257142857142857,7,14,5.1380952380952385,5.519047619047619,0.3333333333333333,21
23836 | MAT1012 | 2022 | PRIMAVERA,23836,MAT1012,MATEMÁTICAS UNIVERSITARIAS,2022,PRIMAVERA,21,21,13,1.6666666666666667,0.0,11,7.735294117647059,4,17,6.636507936507937,6.542857142857143,0.19047619047619047,21
23978 | MAT1032 | 2022 | PRIMAVERA,23978,MAT1032,ÁLGEBRA LINEAL,2022,PRIMAVERA,21,21,11,1.2857142857142858,0.0,12,9.694736842105263,2,19,9.694736842105263,9.123809523809523,0.09523809523809523,21
24827 | MAT1032 | 2022 | PRIMAVERA,24827,MAT1032,ÁLGEBRA LINEAL,2022,PRIMAVERA,21,21,11,0.8095238095238095,0.0,7,7.973684210526316,2,19,7.766666666666667,7.8619047619047615,0.09523809523809523,21
23411 | MAT1022 | 2023 | OTOÑO,23411,MAT1022,CÁLCULO I,2023,OTOÑO,21,21,11,2.619047619047619,1.0,20,8.678947368421053,2,19,8.185714285714287,8.185714285714287,0.09523809523809523,21
24827 | MAT1032 | 2023 | PRIMAVERA,24827,MAT1032,ÁLGEBRA LINEAL,2023,PRIMAVERA,21,21,11,5.476190476190476,0.0,49,8.076470588235296,4,17,7.295238095238095,7.295238095238095,0.19047619047619047,21
18269 | MAT2012 | 2019 | OTOÑO,18269,MAT2012,CÁLCULO II,2019,OTOÑO,20,20,11,1.4,0.0,15,7.3500000000000005,8,12,6.04,5.41,0.4,20
23149 | MAT1032 | 2020 | PRIMAVERA,23149,MAT1032,ÁLGEBRA LINEAL,2020,PRIMAVERA,20,20,9,3.75,0.5,27,7.828571428571428,6,14,7.3775,7.025,0.3,20
23442 | MAT2012 | 2020 | OTOÑO,23442,MAT2012,CÁLCULO II,2020,OTOÑO,20,20,8,1.4,1.0,6,9.15,0,20,9.15,9.15,0.0,20
23452 | MAT2012 | 2020 | OTOÑO,23452,MAT2012,CÁLCULO II,2020,OTOÑO,20,20,8,3.15,1.0,21,9.605,0,20,9.605,9.605,0.0,20
23835 | MAT2012 | 2020 | OTOÑO,23835,MAT2012,CÁLCULO II,2020,OTOÑO,20,20,10,2.55,1.0,14,9.24736842105263,1,19,9.24736842105263,8.97,0.05,20
23852 | MAT2012 | 2020 | OTOÑO,23852,MAT2012,CÁLCULO II,2020,OTOÑO,20,20,8,0.95,0.0,3,9.242105263157894,1,19,9.155,8.965,0.05,20
23897 | MAT2012 | 2020 | OTOÑO,23897,MAT2012,CÁLCULO II,2020,OTOÑO,20,20,7,2.15,1.0,15,9.595,0,20,9.595,9.595,0.0,20
21852 | MAT2092 | 2021 | OTOÑO,21852,MAT2092,ESTADÍSTICA PARA CIENCIAS DE LA SALUD,2021,OTOÑO,20,20,1,0.15,0.0,1,8.994736842105263,1,19,8.565000000000001,8.565000000000001,0.05,20
20792 | MAT1012 | 2022 | PRIMAVERA,20792,MAT1012,MATEMÁTICAS UNIVERSITARIAS,2022,PRIMAVERA,20,20,14,2.0,0.0,18,7.714285714285714,6,14,6.890000000000001,6.890000000000001,0.3,20
22114 | MAT2012 | 2022 | PRIMAVERA,22114,MAT2012,CÁLCULO II,2022,PRIMAVERA,20,20,11,2.15,1.0,13,8.973684210526315,1,19,8.895,8.885,0.05,20
22115 | MAT2022 | 2022 | PRIMAVERA,22115,MAT2022,ESTADÍSTICA PARA NEGOCIOS I,2022,PRIMAVERA,20,20,6,1.5,0.0,13,8.846153846153847,7,13,8.375,7.045,0.35,20
22446 | MAT2012 | 2022 | PRIMAVERA,22446,MAT2012,CÁLCULO II,2022,PRIMAVERA,20,20,12,1.0,0.0,11,8.525,0,20,8.525,8.525,0.0,20
22521 | MAT1022 | 2022 | PRIMAVERA,22521,MAT1022,CÁLCULO I,2022,PRIMAVERA,20,20,12,1.75,0.0,10,8.664705882352942,3,17,8.49,7.92,0.15,20
23148 | MAT1022 | 2022 | PRIMAVERA,23148,MAT1022,CÁLCULO I,2022,PRIMAVERA,20,20,11,0.35,0.0,4,7.7,3,17,6.99,6.99,0.15,20
23852 | MAT1012 | 2022 | PRIMAVERA,23852,MAT1012,MATEMÁTICAS UNIVERSITARIAS,2022,PRIMAVERA,20,20,13,1.3,0.5,6,9.142105263157895,1,19,8.78,8.78,0.05,20
23874 | MAT1032 | 2022 | PRIMAVERA,23874,MAT1032,ÁLGEBRA LINEAL,2022,PRIMAVERA,20,20,10,1.45,1.0,6,8.81111111111111,2,18,8.64,8.6,0.1,20
23885 | MAT1012 | 2022 | PRIMAVERA,23885,MAT1012,MATEMÁTICAS UNIVERSITARIAS,2022,PRIMAVERA,20,20,15,0.4,0.0,3,8.616666666666667,2,18,7.93,7.93,0.1,20
23887 | MAT2022 | 2022 | OTOÑO,23887,MAT2022,ESTADÍSTICA PARA NEGOCIOS I,2022,OTOÑO,20,20,8,4.45,0.0,70,8.33125,4,16,7.611666666666667,7.334999999999999,0.2,20
23897 | MAT1012 | 2022 | PRIMAVERA,23897,MAT1012,MATEMÁTICAS UNIVERSITARIAS,2022,PRIMAVERA,20,20,15,2.1,0.0,15,8.161111111111111,2,18,7.595000000000001,7.49,0.1,20
24086 | MAT2012 | 2023 | OTOÑO,24086,MAT2012,CÁLCULO II,2023,OTOÑO,20,20,9,1.55,1.0,10,7.958823529411766,3,17,7.5525,7.18,0.15,20
24097 | MAT1032 | 2023 | OTOÑO,24097,MAT1032,ÁLGEBRA LINEAL,2023,OTOÑO,20,20,12,4.55,0.5,49,8.379999999999999,0,20,8.379999999999999,8.379999999999999,0.0,20
23411 | MAT1022 | 2025 | PRIMAVERA,23411,MAT1022,CÁLCULO I,2025,PRIMAVERA,20,20,12,0.0,0.0,0,8.372222222222222,2,18,7.834999999999999,7.675,0.1,20
23836 | MAT1032 | 2025 | PRIMAVERA,23836,MAT1032,ÁLGEBRA LINEAL,2025,PRIMAVERA,20,20,9,0.0,0.0,0,9.15,0,20,9.15,9.15,0.0,20
20792 | MAT2012 | 2020 | OTOÑO,20792,MAT2012,CÁLCULO II,2020,OTOÑO,19,19,8,7.473684210526316,3.0,42,8.929411764705883,2,17,8.105263157894736,8.105263157894736,0.10526315789473684,19
23152 | MAT2012 | 2020 | OTOÑO,23152,MAT2012,CÁLCULO II,2020,OTOÑO,19,19,9,0.7368421052631579,0.0,9,8.807142857142857,5,14,8.807142857142857,7.463157894736843,0.2631578947368421,19
20530 | MAT1052 | 2021 | OTOÑO,20530,MAT1052,ESTADÍSTICA PARA CIENCIAS SOCIALES,2021,OTOÑO,19,19,8,0.3684210526315789,0.0,4,8.033333333333333,1,18,7.76140350877193,7.673684210526316,0.05263157894736842,19
23152 | MAT1012 | 2021 | PRIMAVERA,23152,MAT1012,MATEMÁTICAS UNIVERSITARIAS,2021,PRIMAVERA,19,19,12,0.6842105263157895,0.0,4,7.8999999999999995,3,16,7.242105263157894,7.242105263157894,0.15789473684210525,19
22767 | MAT2022 | 2022 | PRIMAVERA,22767,MAT2022,ESTADÍSTICA PARA NEGOCIOS I,2022,PRIMAVERA,19,19,7,0.5263157894736842,0.0,3,9.378947368421052,0,19,9.378947368421052,9.378947368421052,0.0,19
21262 | MAT1032 | 2023 | PRIMAVERA,21262,MAT1032,ÁLGEBRA LINEAL,2023,PRIMAVERA,19,19,9,2.789473684210526,0.0,30,6.233333333333333,7,12,5.526315789473684,3.9578947368421056,0.3684210526315789,19
22521 | MAT1022 | 2023 | PRIMAVERA,22521,MAT1022,CÁLCULO I,2023,PRIMAVERA,19,19,14,9.894736842105264,4.0,49,8.186666666666666,4,15,6.536842105263158,6.536842105263158,0.21052631578947367,19
24097 | MAT1032 | 2023 | PRIMAVERA,24097,MAT1032,ÁLGEBRA LINEAL,2023,PRIMAVERA,19,19,9,1.368421052631579,1.0,4,8.073684210526316,0,19,8.073684210526316,8.073684210526316,0.0,19
21852 | MAT1052 | 2024 | OTOÑO,21852,MAT1052,ESTADÍSTICA PARA CIENCIAS SOCIALES,2024,OTOÑO,19,19,6,0.3157894736842105,0.0,3,8.223529411764705,2,17,7.947368421052632,7.78421052631579,0.10526315789473684,19
21853 | MAT1032 | 2024 | OTOÑO,21853,MAT1032,ÁLGEBRA LINEAL,2024,OTOÑO,19,19,9,0.5789473684210527,0.0,3,8.558823529411764,2,17,8.305263157894737,8.163157894736841,0.10526315789473684,19
22446 | MAT2012 | 2024 | OTOÑO,22446,MAT2012,CÁLCULO II,2024,OTOÑO,19,19,11,0.7368421052631579,0.0,9,8.3125,3,16,7.7894736842105265,7.0,0.15789473684210525,19
23153 | MAT2012 | 2025 | PRIMAVERA,23153,MAT2012,CÁLCULO II,2025,PRIMAVERA,19,19,9,0.7368421052631579,0.0,6,7.222222222222222,1,18,7.069172932330827,6.842105263157895,0.05263157894736842,19
23096 | MAT1032 | 2020 | OTOÑO,23096,MAT1032,ÁLGEBRA LINEAL,2020,OTOÑO,18,18,13,1.2777777777777777,0.5,6,8.316666666666666,0,18,8.316666666666666,8.316666666666666,0.0,18
18269 | MAT2012 | 2021 | OTOÑO,18269,MAT2012,CÁLCULO II,2021,OTOÑO,18,18,11,4.333333333333333,0.0,39,8.329411764705881,1,17,8.19351851851852,7.866666666666666,0.05555555555555555,18
21262 | MAT1022 | 2021 | OTOÑO,21262,MAT1022,CÁLCULO I,2021,OTOÑO,18,18,12,1.3333333333333333,0.5,5,7.75625,2,16,7.454444444444444,7.161111111111111,0.1111111111111111,18
22114 | MAT2012 | 2021 | OTOÑO,22114,MAT2012,CÁLCULO II,2021,OTOÑO,18,18,10,3.0,1.5,11,9.564705882352941,1,17,9.564705882352941,9.238888888888889,0.05555555555555555,18
22473 | MAT2012 | 2021 | OTOÑO,22473,MAT2012,CÁLCULO II,2021,OTOÑO,18,18,13,2.3333333333333335,0.5,17,9.064705882352941,1,17,8.794444444444444,8.794444444444444,0.05555555555555555,18
23978 | MAT1022 | 2021 | OTOÑO,23978,MAT1022,CÁLCULO I,2021,OTOÑO,18,18,10,0.6111111111111112,0.0,3,8.966666666666667,0,18,8.966666666666667,8.966666666666667,0.0,18
21192 | MAT1032 | 2022 | OTOÑO,21192,MAT1032,ÁLGEBRA LINEAL,2022,OTOÑO,18,18,10,1.8333333333333333,1.0,7,9.377777777777778,0,18,9.377777777777778,9.377777777777778,0.0,18
21852 | MAT2022 | 2022 | PRIMAVERA,21852,MAT2022,ESTADÍSTICA PARA NEGOCIOS I,2022,PRIMAVERA,18,18,7,1.7222222222222223,0.0,11,8.847058823529412,1,17,8.585185185185185,8.605555555555556,0.05555555555555555,18
22471 | MAT2012 | 2022 | OTOÑO,22471,MAT2012,CÁLCULO II,2022,OTOÑO,18,18,11,1.3888888888888888,0.5,6,5.507692307692308,5,13,4.033333333333333,4.05,0.2777777777777778,18
23824 | MAT1012 | 2024 | OTOÑO,23824,MAT1012,MATEMÁTICAS UNIVERSITARIAS,2024,OTOÑO,18,18,12,0.1111111111111111,0.0,1,7.675,2,16,7.4981481481481485,7.183333333333334,0.1111111111111111,18
21228 | MAT1052 | 2020 | OTOÑO,21228,MAT1052,ESTADÍSTICA PARA CIENCIAS SOCIALES,2020,OTOÑO,17,17,7,0.7058823529411765,0.0,10,8.022222222222222,8,9,6.294117647058823,4.811764705882353,0.47058823529411764,17
23411 | MAT1022 | 2020 | PRIMAVERA,23411,MAT1022,CÁLCULO I,2020,PRIMAVERA,17,17,11,2.7058823529411766,0.0,27,9.438461538461539,4,13,9.438461538461539,8.088235294117647,0.23529411764705882,17
21192 | MAT1022 | 2021 | OTOÑO,21192,MAT1022,CÁLCULO I,2021,OTOÑO,17,17,12,1.2352941176470589,0.0,8,8.75625,1,16,8.554901960784314,8.594117647058823,0.058823529411764705,17
21815 | MAT2012 | 2021 | OTOÑO,21815,MAT2012,CÁLCULO II,2021,OTOÑO,17,17,14,1.4705882352941178,0.0,9,9.875,1,16,9.875,9.511764705882353,0.058823529411764705,17
21852 | MAT2022 | 2021 | OTOÑO,21852,MAT2022,ESTADÍSTICA PARA NEGOCIOS I,2021,OTOÑO,17,17,6,1.8823529411764706,0.0,12,9.446666666666665,2,15,9.446666666666665,8.770588235294117,0.11764705882352941,17
22446 | MAT2012 | 2021 | OTOÑO,22446,MAT2012,CÁLCULO II,2021,OTOÑO,17,17,10,0.35294117647058826,0.0,3,9.566666666666666,2,15,9.566666666666666,8.876470588235295,0.11764705882352941,17
23133 | MAT1032 | 2021 | PRIMAVERA,23133,MAT1032,ÁLGEBRA LINEAL,2021,PRIMAVERA,17,17,10,0.6470588235294118,0.0,8,8.66875,1,16,8.6,8.376470588235295,0.058823529411764705,17
23152 | MAT1032 | 2021 | OTOÑO,23152,MAT1032,ÁLGEBRA LINEAL,2021,OTOÑO,17,17,9,1.9411764705882353,0.0,12,7.94375,1,16,7.8352941176470585,7.5058823529411764,0.058823529411764705,17
23823 | MAT1022 | 2021 | OTOÑO,23823,MAT1022,CÁLCULO I,2021,OTOÑO,17,17,12,1.4705882352941178,0.0,13,7.2846153846153845,4,13,6.96890756302521,6.811764705882353,0.23529411764705882,17
21228 | MAT2022 | 2022 | PRIMAVERA,21228,MAT2022,ESTADÍSTICA PARA NEGOCIOS I,2022,PRIMAVERA,17,17,6,0.7647058823529411,0.0,6,6.533333333333334,5,12,5.541176470588235,5.411764705882353,0.29411764705882354,17
21852 | MAT1052 | 2022 | OTOÑO,21852,MAT1052,ESTADÍSTICA PARA CIENCIAS SOCIALES,2022,OTOÑO,17,17,7,0.35294117647058826,0.0,2,9.2375,1,16,9.2375,8.911764705882353,0.058823529411764705,17
23836 | MAT1022 | 2022 | PRIMAVERA,23836,MAT1022,CÁLCULO I,2022,PRIMAVERA,17,17,8,0.9411764705882353,0.0,9,8.157142857142857,3,14,6.7176470588235295,6.7176470588235295,0.17647058823529413,17
23897 | MAT1022 | 2022 | OTOÑO,23897,MAT1022,CÁLCULO I,2022,OTOÑO,17,17,12,4.705882352941177,5.0,14,7.8875,1,16,7.657352941176471,7.68235294117647,0.058823529411764705,17
21852 | MAT2022 | 2024 | PRIMAVERA,21852,MAT2022,ESTADÍSTICA PARA NEGOCIOS I,2024,PRIMAVERA,17,17,6,3.0,0.0,15,8.046666666666667,2,15,7.676470588235294,7.523529411764706,0.11764705882352941,17
21815 | MAT1052 | 2019 | OTOÑO,21815,MAT1052,ESTADÍSTICA PARA CIENCIAS SOCIALES,2019,OTOÑO,16,16,6,0.375,0.0,3,8.484615384615385,3,13,8.3,7.5875,0.1875,16
20529 | MAT2012 | 2021 | OTOÑO,20529,MAT2012,CÁLCULO II,2021,OTOÑO,16,16,8,4.9375,2.0,14,9.5,2,14,9.25,8.775,0.125,16
21192 | MAT2012 | 2021 | OTOÑO,21192,MAT2012,CÁLCULO II,2021,OTOÑO,16,16,10,0.9375,0.5,4,9.38125,0,16,9.38125,9.38125,0.0,16
21815 | MAT1052 | 2021 | PRIMAVERA,21815,MAT1052,ESTADÍSTICA PARA CIENCIAS SOCIALES,2021,PRIMAVERA,16,16,6,0.0,0.0,0,9.746666666666666,1,15,9.746666666666666,9.36875,0.0625,16
22446 | MAT1022 | 2021 | OTOÑO,22446,MAT1022,CÁLCULO I,2021,OTOÑO,16,16,11,0.5,0.0,4,8.25,2,14,7.747916666666667,7.7125,0.125,16
23148 | MAT2012 | 2021 | OTOÑO,23148,MAT2012,CÁLCULO II,2021,OTOÑO,16,16,10,0.3125,0.0,2,9.2625,0,16,9.2625,9.2625,0.0,16
23453 | MAT1022 | 2021 | OTOÑO,23453,MAT1022,CÁLCULO I,2021,OTOÑO,16,16,10,0.75,0.0,6,7.207142857142857,2,14,6.91125,6.84375,0.125,16
23799 | MAT1032 | 2021 | OTOÑO,23799,MAT1032,ÁLGEBRA LINEAL,2021,OTOÑO,16,16,11,0.625,0.0,3,7.818181818181818,5,11,6.0,6.125,0.3125,16
23836 | MAT2012 | 2021 | OTOÑO,23836,MAT2012,CÁLCULO II,2021,OTOÑO,16,16,8,1.5625,0.0,9,8.65,0,16,8.65,8.65,0.0,16
23839 | MAT1032 | 2021 | PRIMAVERA,23839,MAT1032,ÁLGEBRA LINEAL,2021,PRIMAVERA,16,16,8,2.0625,1.0,9,7.60625,0,16,7.60625,7.60625,0.0,16
23897 | MAT1032 | 2021 | OTOÑO,23897,MAT1032,ÁLGEBRA LINEAL,2021,OTOÑO,16,16,9,1.9375,0.5,17,9.2875,0,16,9.2875,9.2875,0.0,16
20792 | MAT2012 | 2022 | PRIMAVERA,20792,MAT2012,CÁLCULO II,2022,PRIMAVERA,16,16,12,0.75,0.0,6,4.36,6,10,3.6732142857142858,3.39375,0.375,16
21779 | MAT1022 | 2022 | PRIMAVERA,21779,MAT1022,CÁLCULO I,2022,PRIMAVERA,16,16,9,0.5625,0.0,2,6.333333333333333,4,12,5.666666666666666,5.6125,0.25,16
22471 | MAT1012 | 2022 | PRIMAVERA,22471,MAT1012,MATEMÁTICAS UNIVERSITARIAS,2022,PRIMAVERA,16,16,7,0.75,0.0,6,6.7846153846153845,3,13,6.43125,6.25,0.1875,16
21228 | MAT1052 | 2023 | OTOÑO,21228,MAT1052,ESTADÍSTICA PARA CIENCIAS SOCIALES,2023,OTOÑO,16,16,6,0.1875,0.0,2,7.70625,0,16,7.70625,7.70625,0.0,16
23887 | MAT1022 | 2023 | OTOÑO,23887,MAT1022,CÁLCULO I,2023,OTOÑO,16,16,12,2.125,0.5,11,8.476923076923077,3,13,7.89375,7.09375,0.1875,16
23411 | MAT1032 | 2024 | PRIMAVERA,23411,MAT1032,ÁLGEBRA LINEAL,2024,PRIMAVERA,16,16,10,1.5,0.0,21,7.207692307692308,3,13,6.315625,6.46875,0.1875,16
16164 | MAT2022 | 2020 | OTOÑO,16164,MAT2022,ESTADÍSTICA PARA NEGOCIOS I,2020,OTOÑO,15,15,5,2.6,0.0,26,9.54,0,15,9.54,9.54,0.0,15
21815 | MAT1022 | 2020 | OTOÑO,21815,MAT1022,CÁLCULO I,2020,OTOÑO,15,15,12,0.7333333333333333,0.0,7,9.146666666666667,0,15,9.146666666666667,9.146666666666667,0.0,15
21815 | MAT2022 | 2020 | OTOÑO,21815,MAT2022,ESTADÍSTICA PARA NEGOCIOS I,2020,OTOÑO,15,15,5,1.8666666666666667,0.0,18,9.706666666666667,0,15,9.706666666666667,9.706666666666667,0.0,15
21852 | MAT2022 | 2020 | OTOÑO,21852,MAT2022,ESTADÍSTICA PARA NEGOCIOS I,2020,OTOÑO,15,15,6,4.266666666666667,2.0,21,9.620000000000001,0,15,9.620000000000001,9.620000000000001,0.0,15
22473 | MAT1032 | 2020 | OTOÑO,22473,MAT1032,ÁLGEBRA LINEAL,2020,OTOÑO,15,15,8,1.2666666666666666,0.0,7,8.866666666666667,0,15,8.866666666666667,8.866666666666667,0.0,15
23149 | MAT1022 | 2020 | OTOÑO,23149,MAT1022,CÁLCULO I,2020,OTOÑO,15,15,7,1.1333333333333333,0.0,6,8.222222222222221,6,9,8.222222222222221,6.413333333333333,0.4,15
23887 | MAT2022 | 2020 | OTOÑO,23887,MAT2022,ESTADÍSTICA PARA NEGOCIOS I,2020,OTOÑO,15,15,5,1.0666666666666667,0.0,8,9.673333333333334,0,15,9.673333333333334,9.673333333333334,0.0,15
20530 | MAT2022 | 2021 | PRIMAVERA,20530,MAT2022,ESTADÍSTICA PARA NEGOCIOS I,2021,PRIMAVERA,15,15,5,1.0,0.0,8,7.785714285714286,1,14,7.551111111111111,7.54,0.06666666666666667,15
22521 | MAT2012 | 2021 | OTOÑO,22521,MAT2012,CÁLCULO II,2021,OTOÑO,15,15,10,1.6,0.0,14,7.06923076923077,2,13,6.489999999999999,6.633333333333334,0.13333333333333333,15
23839 | MAT2012 | 2021 | PRIMAVERA,23839,MAT2012,CÁLCULO II,2021,PRIMAVERA,15,15,7,1.6,0.0,7,7.457142857142857,1,14,7.293333333333334,6.96,0.06666666666666667,15
23897 | MAT2012 | 2021 | PRIMAVERA,23897,MAT2012,CÁLCULO II,2021,PRIMAVERA,15,15,11,1.5333333333333334,0.0,10,9.293333333333333,0,15,9.293333333333333,9.293333333333333,0.0,15
24510 | MAT1032 | 2021 | OTOÑO,24510,MAT1032,ÁLGEBRA LINEAL,2021,OTOÑO,15,15,8,0.8666666666666667,0.0,5,5.0375,7,8,3.984,4.3,0.4666666666666667,15
23411 | MAT2012 | 2022 | OTOÑO,23411,MAT2012,CÁLCULO II,2022,OTOÑO,15,15,9,2.533333333333333,0.0,14,8.054545454545455,4,11,6.1866666666666665,6.1866666666666665,0.26666666666666666,15
24086 | MAT1032 | 2022 | OTOÑO,24086,MAT1032,ÁLGEBRA LINEAL,2022,OTOÑO,15,15,10,1.1333333333333333,0.0,6,6.415384615384616,2,13,5.733333333333333,5.58,0.13333333333333333,15
24827 | MAT1032 | 2022 | OTOÑO,24827,MAT1032,ÁLGEBRA LINEAL,2022,OTOÑO,15,15,11,1.3333333333333333,0.0,7,6.707692307692308,2,13,6.2266666666666675,5.9399999999999995,0.13333333333333333,15
23411 | MAT1022 | 2023 | PRIMAVERA,23411,MAT1022,CÁLCULO I,2023,PRIMAVERA,15,15,7,4.0,0.0,20,8.935714285714285,1,14,8.506666666666666,8.506666666666666,0.06666666666666667,15
22471 | MAT2012 | 2024 | OTOÑO,22471,MAT2012,CÁLCULO II,2024,OTOÑO,15,15,6,0.06666666666666667,0.0,1,7.5,7,8,5.75,4.0,0.4666666666666667,15
21852 | MAT1052 | 2020 | OTOÑO,21852,MAT1052,ESTADÍSTICA PARA CIENCIAS SOCIALES,2020,OTOÑO,14,14,7,2.5714285714285716,0.0,28,9.042857142857143,0,14,9.042857142857143,9.042857142857143,0.0,14
23859 | MAT1052 | 2020 | OTOÑO,23859,MAT1052,ESTADÍSTICA PARA CIENCIAS SOCIALES,2020,OTOÑO,14,14,7,0.35714285714285715,0.0,3,9.661538461538461,1,13,9.661538461538461,9.235714285714286,0.07142857142857142,14
21228 | MAT1052 | 2021 | OTOÑO,21228,MAT1052,ESTADÍSTICA PARA CIENCIAS SOCIALES,2021,OTOÑO,14,14,7,0.21428571428571427,0.0,1,7.699999999999999,5,9,4.95,4.95,0.35714285714285715,14
21853 | MAT1022 | 2021 | OTOÑO,21853,MAT1022,CÁLCULO I,2021,OTOÑO,14,14,10,1.5,0.0,10,8.214285714285714,0,14,8.214285714285714,8.214285714285714,0.0,14
22767 | MAT2022 | 2021 | PRIMAVERA,22767,MAT2022,ESTADÍSTICA PARA NEGOCIOS I,2021,PRIMAVERA,14,14,7,0.7142857142857143,0.0,3,8.96923076923077,1,13,8.828571428571427,8.828571428571427,0.07142857142857142,14
23799 | MAT1022 | 2021 | PRIMAVERA,23799,MAT1022,CÁLCULO I,2021,PRIMAVERA,14,14,12,1.5714285714285714,0.0,13,8.409090909090908,3,11,7.7,7.185714285714285,0.21428571428571427,14
23978 | MAT2012 | 2021 | PRIMAVERA,23978,MAT2012,CÁLCULO II,2021,PRIMAVERA,14,14,9,2.0,1.0,7,9.014285714285714,0,14,9.014285714285714,9.014285714285714,0.0,14
24086 | MAT2012 | 2021 | PRIMAVERA,24086,MAT2012,CÁLCULO II,2021,PRIMAVERA,14,14,9,3.0,0.5,15,9.314285714285715,0,14,9.314285714285715,9.314285714285715,0.0,14
21228 | MAT1052 | 2022 | OTOÑO,21228,MAT1052,ESTADÍSTICA PARA CIENCIAS SOCIALES,2022,OTOÑO,14,14,5,0.0,0.0,0,7.133333333333333,2,12,6.489285714285714,6.542857142857143,0.14285714285714285,14
22471 | MAT2012 | 2022 | PRIMAVERA,22471,MAT2012,CÁLCULO II,2022,PRIMAVERA,14,14,5,1.6428571428571428,0.0,11,4.6625,6,8,3.3392857142857144,3.435714285714286,0.42857142857142855,14
23149 | MAT2012 | 2022 | PRIMAVERA,23149,MAT2012,CÁLCULO II,2022,PRIMAVERA,14,14,9,0.14285714285714285,0.0,1,6.666666666666667,8,6,6.0,3.7142857142857144,0.5714285714285714,14
21192 | MAT1032 | 2023 | OTOÑO,21192,MAT1032,ÁLGEBRA LINEAL,2023,OTOÑO,14,14,7,1.8571428571428572,0.0,10,8.171428571428573,0,14,8.171428571428573,8.171428571428573,0.0,14
22473 | MAT1032 | 2024 | PRIMAVERA,22473,MAT1032,ÁLGEBRA LINEAL,2024,PRIMAVERA,14,14,8,0.7857142857142857,0.0,7,8.564285714285715,0,14,8.564285714285715,8.564285714285715,0.0,14
21262 | MAT1022 | 2020 | OTOÑO,21262,MAT1022,CÁLCULO I,2020,OTOÑO,13,13,11,2.769230769230769,0.0,26,7.161538461538461,0,13,7.161538461538461,7.161538461538461,0.0,13
24097 | MAT1022 | 2020 | OTOÑO,24097,MAT1022,CÁLCULO I,2020,OTOÑO,13,13,10,2.230769230769231,0.0,22,8.333333333333334,1,12,8.142307692307693,8.169230769230769,0.07692307692307693,13
23149 | MAT1032 | 2021 | PRIMAVERA,23149,MAT1032,ÁLGEBRA LINEAL,2021,PRIMAVERA,13,13,8,0.15384615384615385,0.0,1,6.818181818181818,2,11,6.330769230769231,6.315384615384616,0.15384615384615385,13
23442 | MAT1012 | 2021 | OTOÑO,23442,MAT1012,MATEMÁTICAS UNIVERSITARIAS,2021,OTOÑO,13,13,5,2.3846153846153846,1.0,17,7.3,2,11,6.887692307692307,6.576923076923077,0.15384615384615385,13
24117 | MAT1032 | 2021 | OTOÑO,24117,MAT1032,ÁLGEBRA LINEAL,2021,OTOÑO,13,13,8,0.3076923076923077,0.0,2,6.258333333333333,1,12,6.0138461538461545,5.776923076923077,0.07692307692307693,13
21853 | MAT2012 | 2023 | PRIMAVERA,21853,MAT2012,CÁLCULO II,2023,PRIMAVERA,13,13,9,1.3076923076923077,0.0,6,6.533333333333333,4,9,4.5948717948717945,4.615384615384615,0.3076923076923077,13
23152 | MAT1022 | 2025 | PRIMAVERA,23152,MAT1022,CÁLCULO I,2025,PRIMAVERA,13,13,8,0.0,0.0,0,8.379999999999999,3,10,8.142307692307693,8.107692307692307,0.23076923076923078,13
22521 | MAT1022 | 2021 | OTOÑO,22521,MAT1022,CÁLCULO I,2021,OTOÑO,12,12,12,1.8333333333333333,0.5,11,8.620000000000001,2,10,8.433333333333334,7.8,0.16666666666666666,12
23411 | MAT2012 | 2021 | OTOÑO,23411,MAT2012,CÁLCULO II,2021,OTOÑO,12,12,7,1.3333333333333333,0.5,8,5.6000000000000005,5,7,4.516666666666667,4.266666666666667,0.4166666666666667,12
23152 | MAT2012 | 2022 | OTOÑO,23152,MAT2012,CÁLCULO II,2022,OTOÑO,12,12,11,1.3333333333333333,0.0,13,6.7,2,10,6.2250000000000005,5.983333333333333,0.16666666666666666,12
21854 | MAT1022 | 2020 | OTOÑO,21854,MAT1022,CÁLCULO I,2020,OTOÑO,11,11,8,0.7272727272727273,0.0,7,6.2555555555555555,2,9,5.947272727272727,6.418181818181818,0.18181818181818182,11
22521 | MAT1032 | 2022 | PRIMAVERA,22521,MAT1032,ÁLGEBRA LINEAL,2022,PRIMAVERA,11,11,7,1.8181818181818181,0.0,9,7.5181818181818185,0,11,7.5181818181818185,7.5181818181818185,0.0,11
23149 | MAT1022 | 2022 | OTOÑO,23149,MAT1022,CÁLCULO I,2022,OTOÑO,11,11,9,4.7272727272727275,2.0,13,7.857142857142857,4,7,7.351515151515151,7.163636363636363,0.36363636363636365,11
22503 | MAT1052 | 2023 | OTOÑO,22503,MAT1052,ESTADÍSTICA PARA CIENCIAS SOCIALES,2023,OTOÑO,11,11,7,0.5454545454545454,0.0,5,8.033333333333333,2,9,7.7,7.7,0.18181818181818182,11
23839 | MAT1022 | 2020 | OTOÑO,23839,MAT1022,CÁLCULO I,2020,OTOÑO,10,10,8,0.5,0.0,4,5.99,0,10,5.99,5.99,0.0,10
21192 | MAT1032 | 2021 | OTOÑO,21192,MAT1032,ÁLGEBRA LINEAL,2021,OTOÑO,10,10,7,0.5,0.0,3,9.18,0,10,9.18,9.18,0.0,10
16164 | MAT2022 | 2023 | PRIMAVERA,16164,MAT2022,ESTADÍSTICA PARA NEGOCIOS I,2023,PRIMAVERA,10,10,4,1.9,0.5,7,8.9625,2,8,8.9625,7.909999999999999,0.2,10
23823 | MAT1022 | 2023 | OTOÑO,23823,MAT1022,CÁLCULO I,2023,OTOÑO,10,10,6,0.1,0.0,1,6.533333333333333,1,9,6.023333333333333,5.88,0.1,10
23411 | MAT2012 | 2024 | OTOÑO,23411,MAT2012,CÁLCULO II,2024,OTOÑO,10,10,7,5.5,0.0,26,8.7125,2,8,7.67,7.67,0.2,10
23839 | MAT2012 | 2020 | OTOÑO,23839,MAT2012,CÁLCULO II,2020,OTOÑO,9,9,7,1.8888888888888888,1.0,5,8.95,1,8,8.95,8.366666666666667,0.1111111111111111,9
23835 | MAT1022 | 2021 | OTOÑO,23835,MAT1022,CÁLCULO I,2021,OTOÑO,9,9,8,0.5555555555555556,0.0,2,5.355555555555556,0,9,5.355555555555556,5.355555555555556,0.0,9
22471 | MAT1022 | 2023 | OTOÑO,22471,MAT1022,CÁLCULO I,2023,OTOÑO,9,9,5,1.7777777777777777,1.0,11,4.783333333333334,3,6,3.533333333333333,3.533333333333333,0.3333333333333333,9
23835 | MAT1032 | 2020 | OTOÑO,23835,MAT1032,ÁLGEBRA LINEAL,2020,OTOÑO,8,8,7,0.75,0.0,4,6.3999999999999995,1,7,6.3075,5.9625,0.125,8
23411 | MAT2012 | 2023 | OTOÑO,23411,MAT2012,CÁLCULO II,2023,OTOÑO,8,8,6,9.5,8.0,23,9.685714285714285,1,7,9.685714285714285,8.9375,0.125,8
24328 | MAT1032 | 2020 | OTOÑO,24328,MAT1032,ÁLGEBRA LINEAL,2020,OTOÑO,7,7,5,0.0,0.0,0,9.757142857142856,0,7,9.757142857142856,9.757142857142856,0.0,7
21815 | MAT2022 | 2021 | PRIMAVERA,21815,MAT2022,ESTADÍSTICA PARA NEGOCIOS I,2021,PRIMAVERA,4,4,3,0.25,0.0,1,10.0,1,3,10.0,8.425,0.25,4
