id,carrera1,carrera2,carrera3
88493,LCN,,
92988,LPA,,
94286,LEF,,
111083,LFP,,
134718,LIS,,
140079,LNA,,
141549,LIC,,
145096,BBA,,
146503,LFP,,
146943,LCN,,
146952,LIC,,
148182,LFP,,
148941,LPA,,
149147,LNI,,
149242,LPD,,
149292,LRM,,
149356,LMT,,
149449,LFP,,
150996,LIS,,
151115,LMK,,
151457,LMK,,
151487,LAR,,
151524,LII,,
151533,LDS,,
152062,LMT,,
152249,LPA,,
152934,LMT,,
153142,LFP,,
153270,LIM,,
153774,LMK,,
153896,LAR,,
154011,LRT,,
154059,LFB,,
154302,LPA,,
154329,LMK,,
154472,CIV,,
154666,LEA,,
154677,LPM,,
154723,LRI,,
154817,LIY,,
155122,LNI,,
155221,LII,,
155623,LAD,,
155634,LEC,,
155700,LPM,,
155843,LPT,,
156018,LPA,,
156053,LEC,,
156192,LPM,,
156299,LAP,,
156400,LPA,,
156546,LNM,,
156677,LPO,,
156695,LAD,,
156816,LNI,,
156840,LBM,,
156841,LBM,,
156910,LNI,,
157032,LFB,,
157150,LCS,,
157265,LMT,,
157293,LPM,,
157496,LFP,,
157755,LEC,,
157794,LEA,,
157880,LPM,,
157920,LIC,,
157980,BAR,,
158085,LNI,,
158100,LAD,,
158188,LHR,,
158197,LNM,,
158276,LNI,,
158304,LBN,,
158394,LEA,,
158396,LPM,,
158434,LDS,,
158454,LNM,,
158493,LPT,,
158504,LBC,,
158532,LBM,,
158650,LRP,,
158655,LBN,,
158681,LPA,,
158716,LRP,,
158739,LFP,,
158815,LEC,,
158840,LHR,,
158874,LNI,,
158882,LNI,,
158902,LNA,,
158922,LRM,,
158930,LEC,,
158955,LAD,,
158959,LFA,,
158979,LIS,,
158991,LFP,,
159029,LNI,,
159054,LNI,,
159060,LIM,,
159061,LEF,,
159064,LRP,,
159073,LNI,,
159081,LBM,,
159105,LMK,,
159109,LIY,,
159167,LAR,,
159185,LAR,,
159210,LII,,
159221,LIY,,
159224,LAD,,
159233,LII,,
159262,LAR,,
159272,LFP,,
159350,LPO,,
159385,LPM,,
159387,LPA,,
159396,LPA,,
159426,LPM,,
159437,LCN,LPA,
159460,LNI,,
159490,LHR,,
159491,LRM,,
159518,LFA,,
159522,LBN,,
159535,LMK,,
159577,LPA,,
159605,LFB,,
159641,LBN,,
159685,LEC,,
159723,LFA,LDS,
159749,LAR,,
159803,LII,,
159828,LIC,,
159831,LII,,
159838,LMT,,
159841,LMK,,
159868,LAD,,
159900,LIS,,
159904,LIS,,
159925,LRP,,
159940,LBN,,
159956,LNI,,
159959,LIV,,
159988,LEA,,
160003,LIS,LRT,
160015,LNI,,
160040,LIM,,
160060,LRP,,
160069,LNI,,
160072,LAI,,
160082,LBN,,
160085,LNM,,
160104,LEC,,
160110,LFA,,
160182,LRP,,
160190,LBN,,
160192,LIS,,
160219,LNM,,
160235,BNI,,
160260,LNI,,
160261,LFP,,
160271,LBN,,
160273,LIS,,
160298,LPM,LRP,
160322,LPA,,
160337,LRP,,
160411,LIM,,
160426,LBN,,
160427,LPM,,
160430,LPA,LPO,
160473,LCN,,
160485,LFP,,
160490,LCU,,
160495,LAT,,
160520,LAD,,
160530,LFP,,
160536,LRP,,
160545,LII,,
160549,LFP,,
160552,LMT,,
160564,LMT,,
160568,LIC,,
160569,LII,,
160583,LRM,,
160628,LFB,,
160657,LAT,,
160668,LBN,,
160672,LCS,,
160682,LNI,,
160698,LII,,
160748,LNI,,
160769,LNM,,
160786,LFP,,
160790,LIC,,
160799,LRI,,
160917,LMT,,
160953,LBN,,
160964,LFP,,
160980,LMK,,
160989,LCN,,
160996,LII,LCS,
160998,LNI,,
161008,LMK,,
161021,LEC,,
161044,LRT,,
161050,LEC,,
161068,LIC,,
161072,LEC,,
161078,LEC,,
161079,LMT,,
161097,LRP,,
161104,LPM,,
161129,LBN,,
161140,LMK,,
161166,LFP,,
161194,LMT,,
161202,LEA,,
161234,LAD,,
161236,LPM,,
161247,LII,,
161264,LMK,,
161303,LBM,,
161387,LMT,,
161389,LPM,,
161393,LIC,,
161395,LCS,,
161416,LFP,,
161421,LMK,,
161431,LRP,,
161436,LPM,,
161450,LAD,,
161454,LAD,,
161509,LBI,,
161514,LMK,,
161532,LMT,,
161550,LMK,,
161558,LBM,,
161564,LMT,,
161573,LIC,,
161577,LPA,,
161581,LIC,,
161635,LMT,,
161637,LNI,,
161640,LNI,,
161645,LMK,,
161648,LPA,LPO,
161660,LNI,,
161664,LMK,,
161671,LNM,,
161672,LBN,,
161673,LEC,,
161678,LRP,,
161679,LBN,,
161680,LFA,,
161681,LMT,,
161683,LAT,,
161692,LAT,,
161696,LBI,,
161698,LBN,,
161700,LMT,,
161703,BBA,,
161707,LPT,LRI,
161715,LNI,,
161722,LBN,,
161730,LAD,,
161734,LNI,,
161738,LNI,,
161739,LAR,,
161746,LNA,,
161747,LBN,,
161798,LAD,,
161799,LMK,,
161803,LEC,,
161806,LFP,,
161807,LRI,,
161810,LPM,,
161816,LBM,,
161819,LNI,,
161821,LQI,,
161823,LAD,,
161824,LEF,,
161825,LEF,,
161826,LQI,,
161829,LII,,
161830,LCS,,
161831,LII,,
161834,LIN,,
161835,LIM,,
161836,LPM,,
161839,LAT,,
161840,LCU,,
161842,LEC,,
161845,LNI,,
161846,LEF,,
161851,LEF,,
161852,LFP,,
161857,LBM,,
161860,LAR,,
161867,LPA,,
161869,LIM,,
161874,LAD,,
161875,LNI,,
161876,LHR,,
161878,LBN,,
161881,LFA,,
161882,LRI,,
161883,LIV,,
161884,LIC,,
161891,LFP,,
161896,LIC,,
161898,LFP,,
161902,LPM,,
161913,LBI,,
161914,LAD,,
161920,LII,,
161921,LEC,,
161924,LBC,LFB,
161926,LAT,,
161927,LAD,,
161929,LQI,,
161931,LPA,,
161934,LBI,LCN,
161936,LAR,,
161940,LIM,,
161944,LEC,,
161950,LEF,,
161951,LEF,,
161954,LIM,,
161955,LBN,,
161956,LEF,,
161957,LEF,,
161961,LCS,,
161963,LIY,,
161964,LAT,,
161967,LMT,,
161970,LQI,,
161971,LAT,,
161972,LAT,,
161973,LPA,,
161978,LFP,,
161979,LEC,,
161981,LEC,,
161982,LMK,,
161989,LBN,,
161990,LNI,,
161992,LMK,,
161993,LNI,,
161996,LNI,,
161997,LAD,,
161999,LAR,,
162000,LAR,,
162004,LHR,,
162007,LPA,,
162009,LII,,
162010,LBN,,
162014,LAD,,
162016,LPM,,
162017,LAT,,
162020,LNI,,
162021,LNI,,
162022,LEC,,
162023,LNI,,
162024,LIM,LII,
162025,LFP,,
162026,LNM,,
162030,LNI,,
162064,LIS,,
162066,LFB,,
162067,LQI,,
162072,LAD,,
162073,LIM,,
162076,LEC,,
162078,LMK,,
162082,LBM,,
162090,LAT,,
162092,LAD,,
162094,LCS,,
162098,LNI,,
162100,LNI,,
162101,LAR,,
162104,LIM,,
162105,LMK,,
162106,LIS,,
162107,LIS,,
162112,LFP,,
162118,LIC,,
162119,LMT,,
162120,LNI,,
162128,LIC,,
162129,LNI,,
162130,LRT,,
162131,LBM,,
162136,LAT,,
162137,LFP,,
162138,LBN,,
162140,LRP,,
162142,LAR,,
162143,LBC,,
162145,LII,LCS,
162146,LEA,,
162148,LIS,,
162150,LRI,,
162152,LAD,,
162153,LPM,,
162156,LDE,,
162158,LII,,
162159,LCS,,
162160,LMT,,
162162,LNA,,
162163,LAR,,
162164,BMK,,
162167,LAR,,
162168,LAR,,
162170,LFP,,
162173,LIM,,
162176,LIC,,
162180,LMK,,
162181,LFP,,
162190,LAR,,
162193,LCS,,
162194,LNI,,
162196,LCS,,
162199,LAT,,
162202,LAR,,
162203,LIV,,
162205,LFB,,
162207,LAR,,
162208,LPT,LRI,
162213,LBI,,
162225,LPT,LRI,
162226,LAR,,
162228,LBM,,
162229,LMK,,
162230,LPT,,
162232,LAD,,
162234,LNI,,
162236,LAT,,
162237,LIN,LQI,
162239,LFA,,
162241,LAR,,
162242,LEC,,
162246,LNI,,
162251,LHR,,
162257,LRI,,
162261,LAT,,
162262,LFP,,
162263,LEC,LNI,
162264,LRI,,
162278,LIY,,
162280,LII,,
162289,LAR,,
162290,LEF,,
162291,LII,,
162299,LIM,,
162302,LNM,,
162304,LBC,,
162305,LAR,,
162306,LII,LCS,
162308,LMK,,
162309,LMK,,
162311,LAD,LMK,
162313,LBM,,
162314,LBN,,
162328,LIS,,
162329,LAD,,
162330,LRI,,
162333,LNM,,
162334,LNI,,
162337,LBN,,
162344,LAR,,
162346,LEF,,
162347,LEF,,
162349,LEF,,
162350,LBN,,
162352,LEF,,
162356,LBI,,
162360,LBN,,
162361,LAT,,
162362,LEC,,
162363,LMK,LNI,
162367,LRP,,
162371,LPD,,
162374,LRI,LPT,
162375,LAT,,
162376,LMK,,
162382,LRP,,
162384,LBI,,
162387,LBM,,
162389,LMK,,
162390,LNI,,
162391,LMK,,
162392,LAD,,
162395,LNM,,
162396,LHR,,
162402,LRP,,
162404,LAD,,
162405,LRI,,
162406,LCS,,
162407,LAT,,
162408,LIC,,
162413,LRP,,
162416,LEC,,
162420,LRI,,
162421,LNI,,
162424,LBN,,
162425,LCS,LII,
162427,LEC,,
162430,LEF,,
162432,LPA,,
162433,LHR,,
162434,LAR,,
162435,LEF,,
162437,LEF,,
162438,LFB,,
162440,LBN,,
162441,LAT,,
162442,LIS,,
162444,LNI,,
162447,LIC,,
162450,LBC,,
162451,LEC,,
162453,LMK,,
162454,LFP,,
162455,LMT,,
162456,LPA,,
162457,LNM,,
162459,LPD,,
162461,LIN,,
162462,LNI,,
162466,LBC,,
162470,LEC,,
162474,LRP,LPM,
162479,LHR,,
162480,LIS,,
162482,LEF,,
162485,LNI,,
162487,LMT,,
162488,LMT,,
162490,LBN,LFP,
162493,LAR,,
162495,LNM,,
162496,LIS,,
162500,LMT,,
162501,LDS,,
162503,LPM,,
162506,LBI,,
162508,LNI,,
162509,LNI,,
162511,LRI,,
162513,LPD,,
162514,LBM,,
162517,LNA,,
162523,LBM,,
162524,LNI,,
162528,LEC,,
162534,LQI,,
162538,LHR,,
162541,LAT,,
162546,LNM,,
162552,LRT,,
162553,LRI,,
162555,LIC,,
162556,LNI,,
162557,LNI,,
162559,LIM,,
162560,LAT,,
162566,LAR,,
162567,LNI,,
162569,LIN,,
162570,LBC,,
162571,LBC,LFB,
162572,LPM,,
162574,LEC,,
162575,LNM,,
162577,LRI,,
162578,LQI,,
162584,LII,,
162586,LIC,,
162587,LAT,,
162591,LNM,LQI,
162592,LAD,,
162593,LNM,LBC,
162596,BNI,,
162601,LFA,,
162632,LCS,LII,
162637,LNI,,
162638,LFP,,
162639,LNM,LBC,
162640,LFP,,
162641,LPA,,
162642,LMK,,
162644,LIM,,
162645,LMT,,
162646,LRI,,
162649,LMT,LBM,
162654,LAR,,
162655,LAR,,
162657,LPM,,
162658,LIM,,
162659,LQI,,
162661,LPA,LPO,
162663,LFP,,
162667,LCS,LII,
162672,LPT,LRI,
162673,LNM,,
162674,LII,,
162675,LIY,,
162676,LQI,,
162678,LPA,,
162681,LEC,,
162682,LNI,,
162683,LRI,,
162684,LFP,,
162690,LPA,,
162692,LBM,,
162699,LPM,,
162700,LNM,,
162701,LRI,,
162702,LBM,,
162705,LIC,,
162706,LFA,,
162708,LIM,,
162709,LRM,,
162710,LBC,,
162714,LAD,,
162718,LBN,,
162719,LBN,,
162721,LAR,,
162723,LAT,,
162724,LBI,,
162726,LEC,,
162732,LEC,,
162734,LBI,,
162740,LPT,,
162741,LPA,,
162745,LCN,,
162747,LPA,,
162750,LIY,,
162752,LFA,,
162754,LNI,,
162755,LII,,
162756,LHR,,
162762,LQI,,
162764,LQI,,
162767,LFA,,
162774,LII,,
162776,LAD,,
162777,LBC,LFB,
162778,LAR,,
162780,LCS,LII,
162781,LII,,
162782,LAD,,
162783,LII,,
162784,LQI,,
162785,LPM,,
162786,LAR,,
162787,LNI,,
162788,LHC,,
162789,LEC,,
162790,LRI,,
162791,LNI,,
162792,LNA,,
162793,LPA,,
162795,LAT,LDS,
162796,LBC,,
162797,LAD,,
162798,LNI,,
162799,LII,,
162800,LNI,,
162803,LBC,LFB,
162807,LBM,,
162811,LMT,,
162817,LCN,,
162819,LBI,,
162820,LIY,,
162822,LMT,,
162823,LFA,,
162824,LMT,,
162826,LNI,,
162831,LAD,,
162832,LEF,,
162833,LEF,,
162834,LEF,,
162836,LIM,,
162837,LAD,,
162838,LPD,,
162839,LPA,LPO,
162840,LRP,,
162843,LNI,,
162845,LFA,,
162846,LNM,,
162847,LAT,,
162849,LAD,,
162850,LNI,,
162851,LNI,,
162854,LRI,LPT,
162856,LRM,,
162857,LNM,,
162858,LPA,,
162861,LII,,
162862,LNI,,
162863,LFB,,
162865,LRI,,
162867,LIC,,
162869,LIM,,
162871,LPA,,
162872,LRI,,
162875,LCU,,
162880,LPM,,
162885,LPM,,
162886,BFP,,
162887,LBN,,
162889,LFP,,
162891,LAT,,
162893,LPM,,
162894,LRI,,
162895,LAD,,
162899,LEC,,
162901,LBN,,
162902,LFP,,
162903,LMT,,
162904,LMT,,
162907,LRI,LPT,
162908,LBN,,
162909,LFP,,
162910,LRI,,
162914,LRI,,
162917,LEC,,
162918,LEC,,
162921,LII,,
162922,LII,,
162924,LNI,,
162925,LBI,,
162927,LNM,,
162928,LBN,,
162930,LRM,,
162932,LFP,,
162933,LAP,,
162934,LCS,,
162937,LAT,,
162939,LNM,,
162940,LAD,,
162941,LCS,,
162942,LAT,,
162946,LEF,,
162947,LPO,,
162950,LEC,,
162951,LII,,
162952,LNA,,
162955,LAD,,
162960,LEC,,
162961,LAT,,
162963,LNM,,
162964,LAD,,
162966,LQI,,
162967,LHR,,
162969,LFP,,
162971,LEA,LPA,
162972,LII,,
162975,LIC,,
162976,LIS,,
162977,LPD,,
162978,LIS,,
162981,LNI,,
162986,LPA,,
162993,LAT,,
162994,LRI,LPT,
162995,LBN,,
162997,LPT,LRI,
162998,LNI,,
163003,LAT,,
163006,LRP,,
163007,LHR,,
163008,LNI,,
163009,LMT,,
163013,LPA,,
163014,LBI,,
163016,LIC,,
163018,LBM,,
163020,LEC,,
163022,LAT,LDS,
163023,LRT,,
163024,LMK,,
163026,LII,,
163028,LBM,,
163030,LMT,,
163031,LIS,,
163032,LPA,,
163033,LPA,,
163035,LAR,,
163036,LDS,,
163037,LFB,LBC,
163040,LNM,,
163041,LNM,,
163042,LPT,,
163043,LBN,,
163044,LRT,,
163045,LCN,,
163049,LNI,,
163052,LIS,,
163053,LFP,,
163054,LAT,,
163055,LMT,,
163061,LMT,,
163062,LEA,,
163063,LEC,,
163064,LPA,,
163068,LFP,,
163069,LIC,,
163071,LRI,,
163074,LMT,,
163075,LNI,,
163077,LMK,,
163079,LAR,,
163080,LFP,,
163081,LBI,,
163084,LMK,,
163087,LAR,,
163091,LNI,,
163094,LAT,,
163095,LII,,
163096,LIN,,
163129,LAR,,
163134,LMK,,
163136,LAD,,
163139,LRP,,
163140,LAT,,
163150,LEF,,
163152,LRT,,
163153,LBC,LNM,
163155,LAT,,
163156,LIS,,
163158,LFP,,
163159,LCU,,
163160,LPM,,
163162,LFP,,
163163,LPD,,
163164,LIC,,
163165,LPA,,
163167,LMK,,
163169,LBC,,
163170,LFP,,
163171,LEF,,
163172,LBM,,
163173,LIM,,
163174,LMT,,
163175,LAR,,
163177,LBM,,
163179,LMK,,
163181,LAD,,
163182,LAR,,
163183,LPM,,
163185,LPM,,
163189,LQI,LIN,
163192,LBN,,
163193,LMK,,
163194,LNI,,
163198,LAR,,
163199,LRI,,
163202,LIM,,
163203,LNI,,
163205,LII,,
163206,LNM,,
163208,LNI,,
163209,LAT,,
163210,LBN,,
163211,LPA,,
163218,LAT,LDS,
163219,LEC,,
163221,LAT,LDS,
163226,LBN,,
163227,LPO,,
163231,LIS,,
163233,LII,,
163234,LII,,
163235,LAR,,
163236,LII,,
163237,LNI,,
163241,LNA,,
163244,LIC,,
163246,LII,,
163247,LIS,LMT,
163251,LBN,,
163253,LPO,,
163254,LEC,,
163255,LNI,,
163256,LAT,,
163258,LPO,,
163259,LIS,,
163260,LHR,,
163261,LMT,,
163263,LPM,,
163264,LAD,,
163265,LAD,LMK,
163266,LPA,LPO,
163267,LIC,,
163269,LHR,,
163270,LFP,,
163272,LIS,,
163275,LMT,LIM,
163276,LMK,,
163279,LNM,,
163281,LNI,,
163284,LNM,,
163285,LAD,,
163289,LFA,,
163290,LBN,,
163292,LFA,,
163293,LCS,LII,
163294,LRI,,
163297,LII,,
163299,LRP,,
163300,LBI,,
163302,LNI,,
163304,LBM,,
163305,LBC,,
163307,LEF,,
163308,LMK,,
163309,LAD,,
163310,LNI,,
163312,LBN,,
163313,LQI,LIN,
163314,LAD,,
163315,LBC,,
163318,LEC,,
163319,LMT,,
163329,LBN,,
163335,LFB,,
163337,LPT,,
163338,LNI,,
163339,LFP,,
163341,LRI,,
163342,LMT,,
163345,LEC,,
163347,LNI,,
163350,LMT,,
163355,LBN,,
163359,LRI,,
163360,LAT,,
163361,LNI,,
163362,LFB,LBC,
163363,LIC,,
163365,LNM,,
163368,LHR,,
163369,LNM,,
163370,LBI,,
163371,LAR,,
163372,LBI,,
163373,LNM,,
163374,LMT,,
163378,LEC,,
163379,LBN,,
163380,LIS,,
163382,LIC,,
163383,LRP,,
163384,LNM,,
163385,LEC,,
163388,LNM,,
163389,LBN,,
163390,LRT,LBM,
163391,LNM,,
163393,LIY,,
163394,LPD,,
163395,LNI,,
163397,LPA,,
163398,LPM,,
163399,LRI,,
163400,LPM,,
163401,LPT,,
163406,LNI,,
163407,LMK,,
163408,LRT,,
163410,LEF,,
163411,LAT,,
163412,LNI,,
163413,LAT,,
163414,LIM,,
163415,LMK,,
163416,LPA,,
163417,LBN,LEC,
163419,LEC,,
163420,LRI,,
163422,LDS,,
163424,LIY,,
163425,LAD,,
163427,LPA,,
163428,LFP,,
163429,LEC,,
163430,LMK,,
163433,LAT,,
163434,LIM,,
163435,LNM,,
163436,LAI,,
163437,LAT,,
163438,LAT,,
163442,LII,,
163443,LRI,LRM,
163444,LRP,,
163445,LRI,LPT,
163448,LAT,,
163449,LIS,,
163450,LIC,,
163451,LCS,,
163452,LEC,,
163453,LIS,,
163454,LII,,
163456,LBC,LFB,
163457,LFB,,
163461,LEF,,
163463,LII,,
163465,LRI,,
163466,LIS,,
163471,LRI,,
163473,LAR,,
163478,LMU,,
163480,LPM,,
163481,LII,,
163483,LNM,,
163484,LPA,,
163487,LAR,,
163488,LIM,,
163489,LCN,,
163491,LFB,,
163494,LHR,,
163495,LAD,,
163498,LFP,,
163499,LII,,
163500,LAD,LCN,
163507,LMT,,
163509,LII,,
163510,LII,,
163512,LEC,,
163514,LBI,,
163516,LAD,,
163518,LNM,,
163519,LFB,,
163525,LNI,,
163529,LPM,,
163530,LEC,,
163532,LNI,,
163533,LBC,LCN,
163534,LAD,,
163535,LRI,,
163537,LBC,,
163539,LIY,,
163540,LBN,,
163542,LPM,,
163543,LII,,
163544,LIS,,
163547,LAT,,
163548,LPA,,
163549,LBN,,
163550,LMU,,
163551,LNI,,
163552,LND,,
163553,LEC,,
163556,LAD,,
163560,LQI,,
163561,LMK,,
163562,LEF,,
163564,LFP,,
163572,LFP,,
163573,LFP,,
163576,LRI,,
163577,LIC,,
163578,LNI,,
163579,LIC,,
163581,LBN,,
163582,LAR,,
163583,LPM,,
163584,LMK,,
163586,LIC,,
163589,LPD,,
163590,LFA,,
163592,LIM,,
163593,LRI,,
163596,LMK,,
163598,BIM,,
163599,LNI,,
163600,LQI,,
163603,BPO,LPO,
163604,LBN,,
163606,LAD,,
163607,LBM,,
163608,LBM,,
163609,LAT,,
163610,LPM,,
163613,LBC,LFB,
163614,LAR,,
163615,LAD,,
163617,LAD,,
163620,LRT,,
163621,LAT,,
163622,LCS,,
163628,LEF,,
163632,LAR,,
163637,LEF,,
163639,LFA,,
163640,LMK,,
163643,LBC,,
163644,LDE,,
163645,LAR,,
163646,LRP,,
163647,LCS,,
163648,LII,,
163685,LAD,,
163686,LPO,,
163687,LEF,,
163688,LBM,,
163689,LHR,,
163693,LIC,,
163695,LCS,LII,
163696,LPO,,
163698,LEF,,
163699,LBM,,
163701,LIC,,
163703,LNM,,
163707,LNI,,
163708,LEF,,
163709,LMT,,
163710,LPA,,
163713,LAT,,
163714,LIY,,
163715,LBC,LFB,
163716,LIC,,
163717,LNI,,
163720,LRI,,
163722,LAR,,
163725,BBA,,
163726,BNI,,
163728,LIN,,
163729,LIC,,
163730,LBM,,
163731,LNM,,
163732,LEC,,
163735,LHR,,
163739,LBN,,
163742,LCS,,
163745,LFP,,
163746,LNA,,
163749,LAT,,
163751,LEF,,
163753,LEC,,
163754,LFP,,
163755,LAD,,
163758,LAT,,
163759,LPM,,
163760,LAT,,
163765,LFA,,
163771,LEF,,
163772,LMK,,
163777,LNM,,
163782,LNI,,
163783,LEF,,
163784,LII,,
163785,LII,,
163786,LHR,,
163790,LBN,,
163791,LCN,,
163796,LAT,,
163797,LIC,,
163799,LAR,,
163800,LCS,,
163801,LEF,,
163802,LFA,,
163804,LEF,,
163809,LFP,,
163811,LII,,
163813,LEA,,
163815,LPA,,
163816,LIM,,
163817,LEF,,
163818,LIC,,
163827,LII,,
163836,LII,,
163837,LEF,,
163838,LMK,,
163842,LAR,,
163848,LAT,,
163852,LRM,,
163853,LEF,,
163854,LCN,,
163855,LAT,,
163856,LPT,,
163858,LBI,,
163859,LIN,,
163861,LRI,,
163869,LMK,,
163870,LAT,,
163872,LEC,,
163874,LEF,,
163876,LEC,,
163877,LEF,,
163882,LAD,,
163884,LRI,LPT,
163888,LPM,,
163889,LFA,,
163892,LHR,,
163898,LEF,,
163899,LRI,,
163900,LII,,
163901,LBM,,
163902,LAT,,
163904,LAD,,
163905,LAT,,
163909,LIC,,
163910,LII,,
163911,LFP,,
163913,LEC,,
163915,LMK,,
163916,LEF,,
163920,LBC,,
163921,LRT,,
163922,LIC,,
163924,LAR,,
163926,LEF,,
163927,LEF,,
163929,LII,,
163930,LIS,,
163931,LMT,,
163932,LBM,,
163934,LQI,LIN,
163936,LEC,,
163938,LRI,LRM,
163939,LIC,,
163945,LIC,,
163946,LAD,,
163947,LRI,,
163951,LNI,,
163955,LAD,,
163956,LAD,,
163959,LIV,,
163962,LIS,LRT,
163964,LNI,,
163969,LPM,,
163971,LEF,,
163973,LFP,,
163974,LEF,,
163975,LRP,,
163976,LNI,,
163977,LBN,,
163981,LAT,,
163982,LAR,,
163983,LAT,,
163986,LII,,
163994,LIC,,
163995,LAT,,
163997,LAD,,
164000,LPM,,
164001,LPT,,
164002,LAD,,
164003,LNI,,
164004,LNI,,
164005,LPM,,
164006,LII,,
164009,LBC,,
164016,LIM,LII,
164017,LEF,,
164019,LND,,
164021,LRM,,
164024,LBN,,
164025,LPA,,
164027,LAD,,
164028,LPM,,
164031,LFA,,
164034,LPA,,
164043,LFA,,
164046,LPM,,
164050,LII,,
164052,LMK,,
164056,LPO,,
164057,LPT,LRI,
164060,LCU,,
164063,LPA,,
164064,LNI,,
164065,LPT,LRI,
164067,LIM,,
164068,LBC,,
164069,LNM,,
164070,LBN,,
164073,LEC,,
164074,LBC,,
164080,LEC,,
164081,LAR,,
164083,LAR,,
164085,LNI,,
164086,LBC,,
164087,LBN,,
164089,LNI,,
164092,LFA,,
164094,LIS,,
164095,LNI,,
164098,LMT,,
164099,LBN,,
164101,LAR,,
164103,LFP,,
164105,LBI,,
164106,LRT,,
164107,LFP,,
164109,LAD,,
164110,LNM,LFA,
164111,LQI,,
164112,LIM,,
164113,LBN,,
164114,LII,,
164115,LPT,,
164116,LND,,
164117,LND,,
164118,LMT,,
164119,LRT,,
164120,LAR,LAD,
164122,LIM,,
164123,LPA,,
164124,LBI,,
164125,LBM,,
164126,LHR,,
164127,LNI,,
164128,LII,,
164129,LRT,,
164130,LBI,,
164131,LEC,,
164133,LII,,
164134,LBC,,
164139,LII,,
164141,LEC,,
164142,LRP,,
164143,LEF,,
164145,LCS,,
164146,LPM,,
164147,BRI,,
164152,LFP,,
164154,LBM,,
164155,LRI,,
164157,LPA,,
164160,LII,,
164162,LAT,,
164165,LII,,
164167,LEC,,
164169,LRP,LNI,LPT
164171,LFP,,
164173,LFP,,
164174,LII,,
164175,LAT,,
164177,BHR,,
164178,LAD,,
164180,LNI,,
164181,LNI,,
164182,LAT,,
164185,BNI,,
164187,LBN,,
164190,LNM,,
164191,LIS,,
164192,LRI,,
164193,LPM,,
164194,LII,,
164197,LBN,,
164198,LIM,,
164199,LAT,,
164201,LBC,,
164204,LNI,,
164206,LAR,,
164207,LEF,,
164242,LRP,,
164245,LII,,
164246,LBN,,
164249,LNM,,
164251,LCS,,
164254,LNI,,
164257,LRI,,
164258,LEC,,
164259,LFA,,
164260,LNM,,
164261,LIN,LQI,
164262,LPT,,
164265,LIS,,
164268,LAR,,
164269,LFP,,
164270,LBN,,
164273,LEC,,
164274,LRI,,
164275,LPD,,
164276,LAD,,
164278,LFB,,
164282,LNI,,
164283,LAD,,
164284,LPA,,
164285,LAD,,
164287,LBC,,
164291,LEF,,
164292,LMK,,
164293,LIM,,
164294,LAD,,
164298,LEF,,
164299,LRT,,
164300,LRI,,
164301,LEC,,
164302,LBN,,
164303,LAD,,
164304,LPM,,
164305,LQI,LIN,
164306,LEC,,
164310,LRI,,
164311,LNI,,
164312,LAR,,
164313,LBM,,
164316,LII,,
164317,LEC,LFP,
164318,LAR,,
164319,LAD,,
164321,LRT,,
164322,LAR,,
164325,LNI,,
164326,LEC,,
164327,LHR,,
164328,LMK,,
164329,LPT,,
164334,LBM,,
164335,LAD,,
164336,LIN,LQI,
164338,LBM,,
164340,LHR,,
164341,LBI,,
164342,LNI,,
164344,LAR,,
164346,LEF,,
164349,LEA,,
164351,LAR,,
164353,LBI,,
164354,LMK,,
164356,LAT,,
164359,LRM,,
164360,LNI,,
164362,LNI,,
164363,LRI,LPT,
164367,LMK,,
164370,LNA,,
164372,LAT,,
164373,LMK,,
164374,LMT,,
164375,LAT,,
164376,LPA,,
164377,LBC,LNM,
164378,LNI,,
164380,LNI,,
164382,LMK,,
164383,LIN,,
164384,LQI,,
164387,LPM,,
164388,LMK,,
164393,LPA,LPO,
164399,LCS,,
164402,LII,,
164403,LFA,,
164404,LAD,,
164405,LMK,,
164406,LBN,,
164409,LRM,,
164410,LNI,,
164411,LRI,,
164415,LAD,,
164416,LII,,
164417,LHR,,
164418,LNI,,
164419,LII,,
164422,LFP,,
164424,LHR,,
164425,LNM,,
164426,LDS,LAT,
164427,LAR,,
164428,LRI,,
164433,LMT,,
164436,LCS,,
164437,LNM,,
164442,LFP,,
164444,LPA,,
164446,LMT,,
164449,LMT,,
164454,LII,,
164455,LEF,,
164457,LFA,,
164460,LIM,,
164461,LMK,,
164464,LBM,,
164465,LRI,,
164466,LAD,,
164467,LRT,,
164470,LMK,,
164471,LAT,,
164472,LBN,,
164473,LPM,,
164474,LFP,,
164475,LBN,,
164476,LAR,,
164477,LAP,,
164478,LBN,,
164481,LEA,LRM,
164483,LAR,,
164484,LRI,,
164485,LAD,,
164486,LPM,,
164487,LMK,,
164491,LAD,,
164492,LAR,,
164495,LAR,,
164498,LIM,,
164499,LRI,,
164500,LFP,,
164501,LBM,,
164504,LIY,,
164505,LCS,,
164507,LAD,,
164509,LAD,,
164513,LBN,,
164515,LHR,,
164516,LMK,,
164517,LQI,,
164518,LBN,,
164519,LII,,
164524,LQI,,
164530,LRM,,
164531,LPM,,
164533,LMT,,
164534,LIM,,
164538,LRI,,
164539,LBC,,
164540,LEC,,
164541,LAR,,
164542,LBI,,
164544,LEC,,
164545,LNI,,
164548,LPA,,
164550,LPT,LRI,
164551,LAR,,
164563,LRP,,
164564,LIM,,
164566,LHR,,
164571,LAR,,
164573,LIN,LQI,
164574,LFB,,
164576,LEF,,
164577,LPM,,
164578,LMT,,
164579,LFA,,
164581,LMT,LRT,
164583,LEF,,
164586,LAD,,
164588,LNM,LFB,
164589,LBI,,
164592,LBM,,
164593,LPT,LRI,
164594,LHR,,
164595,LPA,,
164596,LFP,,
164598,LIN,,
164601,LEC,,
164604,LMK,,
164606,LAR,,
164607,LAD,,
164610,LHR,,
164611,LAT,,
164613,LAD,,
164615,LAR,,
164617,LQI,,
164622,LBN,,
164623,LIM,,
164624,LAD,,
164625,LMT,,
164626,LBM,,
164628,LPO,LPA,
164630,LQI,,
164631,LAD,,
164633,LBM,,
164635,LPM,,
164639,LBN,,
164643,LAR,,
164645,LMT,,
164646,LAT,,
164649,LPM,,
164652,LPA,,
164657,LAT,,
164658,LII,,
164664,LAD,,
164665,LNI,,
164668,LPM,,
164674,LEF,,
164675,LII,,
164676,LBI,,
164678,LAR,,
164681,LAR,,
164682,LEF,,
164683,LBI,LBC,
164684,LEA,,
164686,LPO,,
164687,LNI,,
164691,LFA,,
164693,BRI,,
164695,LBI,,
164698,LEC,,
164699,LIC,,
164707,LII,,
164709,LIM,,
164711,LEF,,
164713,LFP,,
164714,LEF,,
164715,LEF,,
164719,LAT,,
164720,LEC,,
164721,LIC,,
164723,LEF,,
164724,LEF,,
164726,LAD,,
164727,LEF,,
164728,LEF,,
164729,LEF,,
164732,LMK,,
164733,LEF,,
164735,LMT,,
164736,LEF,,
164738,LEF,,
164741,LEF,,
164743,LEF,,
164744,LRI,LPT,
164788,LNI,,
164789,LEC,,
164790,LEF,,
164791,LEF,,
164792,LEF,,
164799,LIC,,
164800,LMT,,
164802,LNM,,
164803,LAD,,
164804,LMT,,
164805,LFA,,
164807,LMT,,
164816,LMK,,
164817,LIC,,
164818,LAD,,
164819,LIM,,
164822,LMT,,
164823,LFA,,
164825,LFA,,
164827,LMK,,
164828,LRI,,
164832,LBC,,
164833,LBM,,
164835,LFA,,
164836,LAD,,
164838,LMT,,
164839,LPO,,
164841,LAD,,
164842,LAT,,
164845,LIS,,
164846,LAT,,
164848,LAR,,
164850,LBI,,
164853,LFA,,
164854,LAD,,
164855,LIC,,
164858,LII,,
164859,LAD,,
164860,LPM,,
164861,LBC,,
164864,LMT,,
164865,LPT,,
164867,LAD,,
164869,LFA,,
164871,LAD,,
164872,LFA,,
164873,LIM,,
164880,LBN,,
164883,LMT,,
164884,LAT,,
164886,LII,,
164889,LNA,,
164890,LAT,,
164891,LAD,,
164893,LQI,,
164894,LIC,,
164896,LMK,,
164904,LPM,,
164905,LAD,,
164908,LIM,,
164910,LMT,,
164911,LII,,
164916,LMT,,
164917,LIN,LQI,
164918,LHR,,
164920,LPM,,
164921,LRI,LPT,
164922,LAD,,
164924,LIN,,
164931,LCU,,
164933,LDE,,
164977,LPM,,
164978,LEF,,
164980,LIC,,
164988,LNM,,
164989,LRP,,
164992,LPM,,
164995,LNI,,
164997,LAR,,
165000,LNI,,
165016,LEC,,
165021,LFP,,
165022,LNA,,
165024,LNI,,
165025,LNI,,
165028,LIC,,
165031,LAR,,
165033,LNI,,
165035,LAT,LDS,
165043,LHR,,
165045,LPM,,
165047,LAD,,
165048,LRM,,
165053,LAT,,
165054,LMK,,
165055,LPT,,
165058,LPA,LPO,
165060,LMK,,
165061,LAT,,
165065,LAR,,
165066,LAT,LIS,
165067,LMK,,
165072,LPA,,
165073,LBC,,
165085,LMK,,
165089,LNM,LFB,
165094,LAD,,
165096,LRT,LMT,
165097,LIC,,
165105,LCN,,
165106,LPA,,
165108,LPA,,
165109,LIV,,
165110,LEC,,
165114,LEC,,
165115,LBI,,
165116,LAD,,
165117,LPM,,
165120,LMT,,
165124,LNA,,
165130,LPA,,
165232,LFB,LBC,
165237,LAR,,
165238,LCN,,
165241,LMT,LIS,
165243,LMT,,
165244,LNM,,
165245,LFP,,
165247,LAT,,
165248,LHR,,
165249,LII,,
165252,LII,,
165254,LDS,,
165255,LPA,,
165258,LMK,,
165259,LII,,
165261,LAI,,
165262,LBC,,
165266,LBC,,
165268,LAD,,
165272,LAR,,
165274,LMT,,
165275,LAR,,
165276,LPT,LRI,
165277,LAD,,
165280,LMK,,
165283,LPT,LRI,
165286,LAR,,
165289,LMK,,
165294,LBC,,
165295,LPM,,
165297,LAT,,
165301,LEA,,
165303,LNA,,
165308,LBI,,
165309,LBN,,
165313,LEF,,
165316,LBM,,
165318,LPM,LRP,
165320,LAD,,
165322,LNI,,
165325,LNM,,
165326,LAD,,
165331,LAT,,
165335,LCN,,
165336,LAR,,
165337,LNA,,
165338,LBN,,
165340,LNM,LFB,
165341,LPM,,
165344,LAT,,
165348,LCD,,
165349,LAD,,
165350,LAT,,
165351,LII,,
165352,LPM,,
165354,LNI,,
165355,LAD,,
165356,LPT,LRI,
165361,LAD,,
165364,LPA,,
165366,LAR,,
165369,LAD,,
165371,LBN,,
165372,LRP,,
165375,LEF,,
165376,LCN,,
165377,LIM,,
165378,LIM,,
165386,LBN,,
165388,LFP,,
165390,LBC,,
165391,LNM,,
165392,LEF,,
165393,LMK,,
165395,LEF,,
165396,LNM,,
165402,LRI,,
165408,LNI,,
165411,LEF,,
165414,LNM,LFB,
165420,LIC,,
165421,LAR,,
165422,LPA,,
165423,LPD,,
165426,LFP,,
165427,LMK,,
165431,LIY,,
165432,LPM,,
165437,LRI,,
165438,LII,,
165440,LPA,LPO,
165442,LIC,,
165450,LNI,,
165451,LPA,,
165453,LMT,,
165454,LNM,,
165457,LAT,,
165458,LRI,,
165459,LIS,,
165462,LAR,,
165463,LBI,,
165464,LRI,,
165466,BHR,,
165468,LAT,,
165469,LAR,,
165472,LAD,,
165474,LRI,,
165475,LRI,,
165477,LRI,LPT,
165479,LAD,LMK,
165480,LAI,,
165483,LAR,,
165486,LBN,,
165487,LNM,,
165488,LNM,,
165489,LPA,,
165490,LFP,,
165492,LEF,,
165493,LEF,,
165499,LCS,,
165500,LIN,LIY,
165502,LEF,,
165503,LRI,,
165505,LCN,,
165509,LMK,,
165515,LII,,
165516,LMK,,
165517,LNI,,
165520,LBM,,
165526,LBM,,
165528,LQI,,
165530,LAT,,
165535,LPM,,
165537,LIY,,
165545,LNM,,
165547,LRI,,
165548,LPM,,
165553,LRI,,
165555,LAT,,
165566,LNI,,
165568,LNM,,
165570,LQI,LIN,
165574,LAD,,
165577,LIM,,
165579,LAT,,
165585,LRI,,
165589,LFP,,
165596,LAD,,
165597,LAT,,
165599,LAT,,
165605,LAT,LDS,
165609,LEC,,
165612,LND,,
165617,LII,,
165618,LIC,,
165619,LNM,,
165631,LFA,,
165634,LMK,,
165639,LQI,,
165650,LAT,,
165654,LII,,
165656,LAD,,
165659,LAR,,
165661,LAR,,
165667,LFP,,
165668,LPD,,
165670,LMT,,
165672,LFP,,
165676,LMK,,
165679,LAD,,
165680,LAD,,
165681,LPA,,
165682,LMK,,
165683,LEF,,
165684,LMT,,
165685,LPA,,
165686,LAR,,
165687,LCS,,
165693,LAT,,
165694,LIC,,
165695,LBN,,
165696,LII,,
165699,LFP,,
165700,LNM,,
165703,LMK,,
165706,LMT,,
165707,LRI,,
165708,LAD,,
165709,LPT,LRI,
165710,LFB,,
165712,LEC,,
165719,BNI,,
165723,LEF,,
165724,LBM,,
165725,LMT,,
165726,LBN,,
165729,LBN,,
165738,LBN,,
165742,LAD,,
165743,LNM,,
165744,LAT,,
165749,LAT,,
165769,LHR,,
165770,LRP,,
165771,LAD,,
165772,LBN,,
165776,LEC,,
165778,LAD,,
165779,LCN,,
165782,LNI,,
165784,LAT,,
165785,LFA,,
165786,LAD,,
165787,LAD,,
165789,LAR,,
165795,LIC,,
165796,LPM,,
165800,LBM,,
165804,LBM,,
165817,LAD,,
165819,LPT,,
165826,LAD,,
165830,LRI,,
165839,LMK,,
165841,LMK,,
165842,LAD,,
165845,LNI,,
165846,LCN,,
165849,LMK,,
165851,LBC,LFB,
165852,LFA,,
165853,LMK,,
165854,LIC,,
165855,LNI,,
165856,LAD,,
165857,LFP,,
165858,LEC,LBN,
165859,LAD,,
165864,LRM,,
165866,LMT,,
165869,LEC,,
165872,LMK,,
165876,LBC,,
165878,LQI,,
165879,LPA,,
165880,LQI,LNM,
165883,LRI,,
165886,LBI,,
165893,LII,,
165894,LAT,,
165898,LPM,,
165899,LAR,,
165900,LCN,,
165901,LIS,,
165902,LRP,,
165903,LRI,,
165904,LHR,,
165906,LAD,,
165908,LIS,,
165909,LQI,,
165911,LNI,,
165912,LAD,,
165913,LCU,,
165916,LAT,,
165917,LRI,,
165918,LNM,,
165919,LPT,,
165922,LIM,,
165927,LNI,,
165928,LNI,,
165930,LHR,,
165931,LII,,
165934,LPD,,
165935,LII,,
165936,LAR,,
165937,LEC,,
165939,LNI,,
165942,LIM,,
165943,LMK,,
165944,LQI,,
165945,LRP,,
165946,LAR,,
165947,LIM,,
165950,LAD,,
165951,LNA,,
165952,LRM,,
165954,LNI,,
165962,LAT,,
165967,LAT,,
165970,LNM,LFB,
165972,LIS,,
165973,LII,,
165974,LDS,,
165976,LHR,,
165978,LII,,
165981,LFB,LBC,
165982,LAD,,
165984,LNI,,
165986,LRP,,
165990,LBN,,
165992,LIC,,
165993,LAD,,
165994,LMK,,
165995,LFP,,
165998,LAD,,
165999,LAT,,
166000,LEC,,
166001,LHR,,
166003,LAD,,
166004,LNI,,
166005,LNI,,
166006,LRM,,
166008,LBI,,
166009,LIM,,
166010,LAD,,
166011,LIM,,
166012,LMK,,
166013,LIM,,
166014,LIM,,
166015,LII,,
166016,LAT,,
166020,LBN,,
166021,LAR,,
166022,LAD,,
166026,LFA,,
166031,LPA,LPO,
166033,LQI,,
166036,LEF,,
166038,LPT,LRI,
166039,LEC,,
166041,LNI,,
166042,LBN,,
166045,LIS,,
166048,LIM,,
166052,LBN,,
166053,LII,,
166054,LBM,,
166055,LMT,,
166057,LEC,,
166058,LAT,,
166059,LII,,
166060,LAT,,
166062,LHC,,
166066,LEF,,
166068,LAD,,
166071,LAT,,
166072,LII,,
166073,LIM,,
166076,LHR,,
166077,LAD,,
166078,LEF,,
166079,LEF,,
166089,LMK,,
166090,LPD,,
166092,LAR,,
166094,LEF,,
166095,LBN,,
166096,LHR,,
166097,LNM,,
166098,LIM,,
166099,LBM,,
166103,LEF,,
166104,LEF,,
166105,LCU,,
166107,LEF,,
166108,LAD,,
166110,LFB,LBC,
166116,LAR,,
166117,LRM,,
166119,LAR,,
166120,LEF,,
166122,LNI,,
166126,LFP,,
166127,LNI,,
166129,LIS,,
166132,LAD,,
166133,LEF,,
166135,LEF,,
166136,LIN,LQI,
166139,LNM,,
166144,LAR,,
166147,LNI,,
166148,LAT,,
166149,LIS,,
166150,LBN,,
166151,LIN,LQI,
166155,LRI,,
166156,LNI,,
166158,LAR,,
166159,LNI,,
166161,LII,,
166163,LPM,,
166164,LAT,,
166165,LBM,,
166166,LIY,,
166167,LAD,,
166169,LEF,,
166170,LNI,,
166171,LEC,,
166172,LAR,,
166175,LEF,,
166176,LEF,,
166177,LEF,,
166178,LMT,,
166181,LMT,LNM,
166182,LEC,,
166185,LEF,,
166186,LAD,,
166187,LNI,,
166188,LQI,,
166190,LRI,LRM,
166191,LAT,,
166194,LQI,,
166201,LEC,,
166203,LNM,,
166208,LFA,,
166210,LIC,,
166217,LQI,,
166220,LAT,,
166221,LEC,,
166227,LPM,,
166229,LMT,,
166230,LPA,,
166232,LII,,
166233,LNI,,
166234,LRM,,
166235,LEF,,
166236,LNI,,
166237,LAT,,
166239,LFP,,
166241,LIY,,
166243,LNI,,
166245,LNM,,
166246,LIV,,
166247,LPM,,
166256,LFB,,
166259,LBM,,
166266,LMK,,
166269,LNM,,
166272,LIM,,
166279,LAT,,
166280,LNI,,
166282,LPA,,
166283,LAR,,
166284,LNI,,
166285,LNM,,
166286,LAD,,
166287,LMK,,
166288,LII,,
166289,LIN,,
166290,LBN,,
166294,LEF,,
166295,LEF,,
166296,LIV,,
166297,BNI,,
166298,LII,,
166299,LAR,,
166300,LBI,,
166301,LBI,,
166302,LIC,,
166303,LMK,,
166304,LII,,
166306,LRI,,
166307,LBC,,
166313,LPM,,
166314,LAD,,
166315,LNI,,
166316,LIM,,
166318,LPO,,
166320,LAT,,
166321,LAD,,
166322,LCU,,
166323,LAD,,
166324,LMT,,
166325,LPM,,
166326,LPD,,
166327,LAR,,
166328,LRM,,
166329,LIC,,
166330,LPT,,
166331,LAT,,
166332,LAD,,
166333,LIM,,
166335,LEA,LRM,
166336,LNI,,
166338,LNM,,
166341,LBI,,
166342,LFA,,
166344,LAR,,
166346,LIC,,
166347,LNI,,
166349,LPA,,
166352,LRT,,
166353,LAD,,
166354,LFP,,
166356,LII,,
166359,LNM,LFB,
166360,LBN,,
166361,LPA,,
166363,LFP,,
166364,LMK,,
166365,LII,,
166367,LMT,,
166368,LFP,,
166369,LBI,,
166371,LII,,
166372,LPA,,
166374,LRP,,
166375,LIC,,
166376,LAD,,
166377,LAR,,
166380,LAR,,
166381,LPM,,
166384,LPA,,
166386,LCN,,
166387,LIS,,
166388,LNI,,
166389,LNA,,
166390,LPA,,
166392,LBM,,
166393,LAR,,
166394,LBN,,
166396,LEC,,
166400,LMT,,
166401,LEC,,
166402,LAR,,
166404,LII,,
166405,LCN,,
166406,LAR,,
166409,LMK,,
166411,LIY,,
166416,LIC,,
166417,LAR,,
166418,LFA,,
166419,LII,,
166420,LNM,,
166421,LND,,
166423,LAD,,
166424,LNI,,
166425,LPM,,
166428,LAR,,
166431,LNA,,
166432,LAT,,
166433,LHR,,
166435,LIS,,
166436,LBN,,
166437,LBN,,
166438,LBM,,
166442,LHR,,
166443,LBC,,
166445,LQI,,
166448,LII,,
166449,LII,,
166451,LQI,LIN,
166452,LIM,,
166454,LAR,,
166456,LRI,,
166457,LAT,,
166458,LMK,,
166463,LPM,,
166465,LFP,,
166468,LIS,,
166469,LNA,,
166471,LAT,,
166472,LAR,,
166477,LBM,,
166478,LNM,,
166484,LBM,,
166485,LAR,,
166491,LAD,,
166495,LFB,LBC,
166496,LBI,,
166502,LIS,,
166505,LBM,,
166508,LAR,,
166509,LII,,
166516,LEF,,
166518,LEF,,
166520,LIS,,
166521,LNI,,
166522,LFA,,
166524,LII,,
166525,LMT,,
166526,LAT,,
166532,LMT,,
166537,LII,,
166539,LII,,
166540,LBM,,
166542,LRP,,
166543,LII,,
166545,LEC,,
166546,LAR,,
166547,LIC,LII,
166548,LII,,
166557,LAR,,
166558,LEC,,
166559,LRI,,
166560,LPM,,
166565,LBI,,
166567,LBN,,
166571,LFP,,
166572,LMK,,
166574,LNM,,
166578,LCS,,
166580,LIS,,
166582,LBI,,
166583,LNI,,
166584,LAR,,
166585,LAT,,
166586,LBM,,
166587,LMK,,
166588,LNA,,
166589,LFA,,
166590,LBN,,
166696,LCN,,
166700,LAD,,
166702,LND,,
166709,LII,,
166710,LIS,,
166713,LBC,,
166714,LRI,,
166715,LII,,
166716,LEC,,
166717,LND,,
166726,LNI,,
166728,LMK,,
166729,LPM,,
166732,LRI,,
166735,LRI,,
166736,LCN,,
166737,LBM,,
166738,LRP,,
166741,LIM,,
166743,LFA,,
166746,LHR,,
166748,LPM,,
166751,LBM,,
166752,LFP,,
166753,LNM,,
166754,LNM,,
166755,LFB,,
166757,LAT,,
166758,LMT,,
166759,LNM,,
166761,LFB,,
166765,LNI,,
166767,LIN,LQI,
166769,LII,,
166770,LTE,,
166771,LBN,,
166772,LRI,,
166774,LAT,,
166776,LMK,,
166777,LBC,LFB,
166778,LAT,,
166787,LBC,,
166788,LPM,,
166789,LCN,,
166790,LNI,,
166793,LAT,,
166797,LCU,,
166799,LBN,,
166801,LFP,,
166808,LBC,,
166809,LIC,,
166815,LRM,,
166816,LAT,LDS,
166819,LII,,
166820,LNI,,
166821,LNI,,
166822,LFA,,
166823,LNI,,
166825,LBI,,
166829,LAR,,
166830,LNI,,
166831,LDS,LAT,
166834,LCS,,
166839,LNI,,
166840,LAD,,
166841,LRI,,
166842,LAD,,
166843,LEF,,
166844,LEF,,
166845,LEF,,
166846,LQI,,
166848,LAD,,
166849,LAR,,
166850,LMT,,
166851,LIM,LMT,
166852,LIN,,
166854,LMK,,
166855,LIS,,
166856,LII,,
166857,LAT,,
166858,LEF,,
166859,LPT,,
166861,LCN,,
166862,LEC,,
166863,LIC,,
166864,LAD,,
166865,LMT,,
166866,LRI,,
166867,LRP,,
166870,LAT,,
166871,LBM,,
166875,LND,,
166876,LBM,LMT,
166878,LNI,,
166881,LAR,,
166885,LNI,,
166888,LQI,,
166890,LNI,,
166891,LMT,,
166892,LMK,,
166893,LMK,,
166894,LAT,,
166895,LEF,,
166896,LIS,,
166898,LII,,
166901,LPA,,
166905,LPM,,
166908,LBC,LFB,
166912,LDS,LAT,
166915,LII,,
166916,LCS,,
166917,LPM,,
166918,LIS,,
166921,LIN,LQI,
166924,LPA,,
166925,LQI,,
166930,LAI,,
166931,LNI,,
166935,LAD,,
166941,LIS,,
166945,LAT,,
166949,LMT,LBI,
166950,LAD,,
166951,LII,,
166952,LIC,,
166953,LAR,,
166954,LII,,
166957,LEC,,
166958,LFP,,
166960,LFB,,
166963,LBN,,
166964,LNA,,
166965,LCN,,
166967,LFP,,
166974,LPD,,
166975,LMK,,
166976,LRP,,
166977,LFB,,
166978,LNM,,
166979,LAR,,
166982,LQI,,
166985,LRP,,
166986,LQI,,
166987,LEF,,
166989,LIS,,
166991,LIC,,
166993,LMT,,
166994,LFP,,
166996,LFP,,
166997,LRP,,
166998,LBN,,
167000,LPA,,
167001,LII,,
167007,LRT,,
167008,LMK,,
167010,LAT,,
167011,LEF,,
167013,LAD,,
167014,LEC,,
167015,LII,,
167019,LNI,,
167022,LPM,,
167024,LBN,,
167025,LCN,,
167027,LAD,,
167029,LIN,,
167030,LBI,,
167032,LNM,LBC,
167033,LPA,,
167036,LBC,,
167040,LMK,,
167042,LMK,,
167043,LAT,,
167048,LFB,LBC,
167051,LFP,,
167052,LBM,,
167054,LII,,
167055,LAR,,
167059,LAR,,
167061,LAD,,
167063,LFP,,
167067,LAR,LIC,
167069,LAD,,
167071,LNM,,
167072,LMK,,
167073,LBN,,
167074,LEF,,
167075,LEF,,
167076,LMK,,
167077,LEF,,
167080,LAR,,
167081,LAD,,
167083,LMT,,
167084,LNI,,
167086,LEA,,
167091,LEF,,
167092,LEF,,
167094,LEF,,
167095,LFP,,
167096,LMK,,
167097,LFP,,
167100,LBM,,
167102,LMK,,
167103,LEC,LBN,
167104,LBC,,
167105,LII,,
167107,LNI,,
167108,LNI,,
167109,LNI,,
167112,LBC,,
167113,LRI,,
167115,LNM,,
167117,LMT,,
167118,LEF,,
167119,LQI,,
167121,LIN,,
167122,LNI,,
167123,LII,,
167124,LHR,,
167125,LBM,,
167127,LNM,,
167128,LBM,,
167131,LPA,,
167132,LEC,,
167134,LNM,,
167135,LNI,,
167138,LBM,,
167140,LAD,,
167141,LAR,,
167143,LEF,,
167147,LEF,,
167148,LFP,,
167150,LPM,,
167151,LRM,,
167152,LEF,,
167153,LFP,,
167155,LFP,,
167157,LPM,,
167158,LBC,,
167159,LIC,,
167161,LPT,,
167167,LPM,,
167169,LMT,,
167170,LIS,,
167171,LHR,,
167175,LAR,,
167181,LRT,,
167184,LPM,,
167185,LRI,,
167186,LBC,,
167187,LMT,LIS,
167188,BMK,,
167190,LMT,,
167191,LIC,,
167192,LII,,
167193,LBN,,
167195,LPT,,
167196,LFP,,
167200,LNM,,
167202,LMK,,
167203,LQI,,
167204,LNI,,
167205,LPA,LRI,
167209,LAR,,
167210,LIS,LRT,
167211,LAT,,
167212,LBM,,
167214,LAD,,
167216,LRI,,
167218,LPM,,
167219,LCN,,
167223,LAT,,
167225,LAD,,
167226,LBN,,
167231,LQI,,
167232,LCN,,
167233,LDE,,
167234,LNI,,
167235,LPM,,
167237,LPM,,
167238,LAR,,
167239,LFP,LNI,
167243,LBM,,
167246,LAR,,
167247,LNI,,
167248,LBM,,
167250,LMK,,
167251,LNI,,
167252,LAR,,
167254,LNI,,
167256,LNI,,
167257,LNM,,
167260,LPA,,
167263,LMT,,
167270,LEC,,
167272,LII,,
167273,LNI,,
167275,LPA,,
167276,LAD,,
167281,LBM,LNM,
167282,LIS,,
167289,LNI,,
167290,LBM,,
167291,LBI,,
167292,LEF,,
167293,LRI,,
167295,LNI,,
167296,LBM,,
167299,LIS,,
167308,LFB,LBC,
167311,LBI,,
167313,LRM,,
167314,LNI,,
167315,LAT,,
167316,LNM,,
167317,LNA,,
167318,LMK,,
167319,LAT,LDS,
167320,LBC,LFB,
167322,LEC,,
167323,LFB,,
167324,LCN,,
167325,LDS,,
167333,LIV,,
167335,LNI,,
167337,LEF,,
167338,LEF,,
167340,LAR,,
167341,LEF,,
167342,LEC,,
167343,LRT,,
167346,LBC,,
167348,LBN,,
167349,LBC,,
167350,LPD,,
167351,LMU,,
167353,LNM,,
167354,LAD,,
167355,LPM,,
167356,LMT,,
167359,LDE,,
167365,LBM,,
167369,LAD,,
167371,LAR,,
167372,LIN,,
167374,LAT,,
167377,LIM,,
167379,LQI,,
167380,LEC,,
167381,LBN,,
167383,LHR,,
167384,LAD,LPD,
167385,LEF,,
167390,LEF,,
167391,LFA,,
167392,LFP,,
167393,LFP,,
167394,LNI,,
167395,LMK,,
167400,LBM,,
167402,LNM,,
167403,LIN,,
167407,LAR,,
167410,LPA,,
167411,LPA,,
167412,LIM,,
167413,LFP,,
167415,LEF,,
167420,LPA,,
167424,LMT,,
167430,LEC,,
167437,LNI,,
167438,LIM,,
167439,LEF,,
167440,LFA,,
167442,LNI,,
167443,LNM,,
167444,LBN,,
167445,LIN,LQI,
167448,LBC,,
167449,LEC,,
167452,LIS,,
167454,LFB,,
167455,LII,,
167456,LHR,,
167461,LEC,,
167463,LAT,,
167464,LMT,LRT,
167469,LAR,,
167470,LNI,,
167471,LND,,
167472,LAT,,
167474,LII,,
167475,LNM,,
167480,LRT,,
167481,LBM,,
167488,LNI,,
167490,LAD,,
167491,LQI,,
167492,LAR,,
167494,LIV,,
167495,LAT,LFA,
167496,LAT,,
167501,LEC,LBN,
167507,LBI,,
167508,LBI,,
167509,LII,,
167510,LIS,,
167511,LAD,,
167512,LMK,,
167514,LRI,,
167524,LAT,,
167525,LAD,,
167527,LMK,,
167532,LFA,,
167534,LIC,,
167536,LBI,,
167540,LEF,,
167541,LEF,,
167542,LAR,,
167543,LHR,,
167544,LAT,,
167547,LPA,,
167548,LAR,,
167549,LIS,,
167552,LNM,,
167553,LII,,
167554,LEF,,
167557,LII,,
167559,LII,,
167560,LII,,
167561,LEA,,
167562,LRI,,
167563,LPA,,
167564,LRT,,
167565,LAD,,
167566,LBI,,
167569,LMT,,
167574,LEC,,
167575,LQI,,
167581,LMT,,
167582,LEC,,
167585,LIM,,
167589,LAD,,
167590,LII,,
167591,LFP,,
167594,LFA,,
167599,LIN,,
167605,LAT,,
167609,LNI,,
167611,LEC,,
167613,LQI,,
167614,LPM,,
167617,LIC,,
167623,LFA,,
167628,LNI,,
167629,LNI,,
167631,LNM,,
167633,LEC,,
167635,LQI,,
167636,LEC,,
167637,LAR,,
167638,LMT,,
167640,LMT,,
167641,LMT,,
167642,LFA,,
167645,LAD,,
167646,LIN,,
167649,LFB,,
167650,LAD,,
167651,LCS,,
167652,LIM,,
167653,LDS,,
167654,LIS,,
167658,LBC,LFB,
167659,BNI,,
167660,LMT,,
167662,LNI,,
167663,LMK,,
167665,LBM,,
167666,LRP,,
167667,LRI,,
167670,LCN,,
167671,LFA,LDS,
167675,LMK,,
167677,LEF,,
167681,LIM,,
167682,LFA,,
167689,LDE,,
167691,LHR,,
167692,LII,,
167693,LNI,,
167698,LHR,,
167700,LIM,,
167701,LMT,,
167703,LBI,,
167704,LRI,,
167707,LEC,,
167712,LMT,,
167714,LEF,,
167715,LNI,,
167717,LII,,
167718,LHR,,
167723,LAT,,
167725,LFA,,
167726,LII,,
167728,LIC,,
167729,LBC,,
167730,LBN,,
167731,LMT,,
167732,LAR,,
167741,LEC,,
167743,LMT,,
167747,LNM,,
167752,LIY,,
167756,LEF,,
167757,LEF,,
167759,LIS,,
167760,LBM,,
167761,LIC,,
167765,LAD,,
167768,LIN,,
167773,LNI,,
167774,LIC,,
167777,LPO,LPA,
167778,LIM,,
167782,LBM,,
167783,LCN,,
167785,LNI,,
167786,LAD,,
167787,LAT,,
167788,LIM,,
167789,LMK,,
167792,LEC,,
167793,LHR,,
167796,LPO,,
167797,LIS,,
167799,LRI,,
167800,LNA,,
167803,LPD,,
167804,LQI,,
167805,LIS,,
167806,LCN,,
167808,LPM,,
167809,LMT,,
167810,LFA,,
167812,LNI,,
167813,LIC,,
167815,LIC,,
167816,LRT,LMT,
167818,LNM,,
167819,LII,,
167820,LNI,,
167824,LAD,,
167831,LBC,LFB,
167832,LEF,,
167836,LNI,,
167838,LRT,,
167843,LNI,,
167847,LMK,,
167848,LQI,,
167852,LNI,,
167854,LFP,,
167855,LHR,,
167857,LNM,,
167858,LMK,,
167860,LMT,LIM,
167861,LNM,,
167866,LPA,,
167868,LNI,,
167869,LBM,,
167870,LAT,,
167871,LAT,,
167873,LDS,,
167875,LEC,,
167876,LBI,,
167877,LRI,,
167879,LIN,,
167880,LMK,,
167884,LRI,,
167885,LPM,,
167888,LEF,,
167890,LPT,,
167892,LRI,LPT,
167894,LAR,,
167896,LMK,,
167899,LPA,,
167900,LCS,,
168001,LIC,,
168003,LII,,
168004,LNI,,
168006,LII,,
168007,LAD,,
168009,LPO,LPA,
168013,LIS,,
168016,LBN,,
168018,LII,,
168019,LAD,,
168020,LIM,,
168021,LNI,,
168022,LMK,,
168027,LFA,,
168029,LAT,LDS,
168030,LII,,
168031,LNA,,
168034,LEC,,
168035,LNI,,
168036,LMT,,
168037,LNM,,
168038,LFP,,
168039,LBN,,
168040,LAD,,
168043,LBC,,
168045,LPO,,
168047,LEC,,
168053,LCN,,
168054,LPO,,
168060,LEC,LBN,
168062,LIM,,
168063,LIC,,
168064,LNM,,
168065,LAT,,
168066,LNI,,
168067,LIC,,
168068,LNI,,
168069,LPD,,
168070,LAD,,
168071,LII,,
168072,LII,,
168073,LEA,,
168075,LAR,,
168077,LCN,,
168079,LFP,,
168080,LII,,
168081,LRP,,
168082,LPM,,
168083,LNI,,
168087,LNM,,
168089,LNI,,
168092,LPT,,
168093,LDS,,
168094,LBM,,
168095,LQI,,
168100,LEF,,
168101,LAR,,
168102,LRI,,
168103,LIM,,
168104,LFP,,
168108,LQI,,
168110,LPM,,
168112,LIS,,
168114,LAR,,
168115,LAT,,
168116,LNI,,
168120,LIC,,
168121,LEF,,
168123,LEF,,
168124,LEF,,
168125,LEF,,
168126,LAR,,
168128,LNI,,
168129,LBM,,
168131,LEF,,
168134,LBM,,
168135,LCN,,
168137,LAD,,
168138,LAT,,
168140,LMT,,
168141,LQI,,
168142,LFP,,
168143,LAD,,
168144,LHR,,
168145,LNM,,
168146,LCU,,
168148,LAD,,
168152,LPA,,
168158,LDS,,
168159,LCS,,
168161,LAD,,
168163,LAR,,
168164,LCU,,
168165,LIS,,
168167,LFP,,
168171,LQI,,
168172,LCS,,
168175,LII,,
168176,LAD,,
168177,LNA,,
168178,LPA,,
168181,LFB,,
168182,LNI,,
168184,LAR,,
168186,LPM,,
168189,LHR,,
168191,LMK,,
168192,LAR,,
168194,LAT,,
168197,LBM,,
168200,LPA,,
168208,LIC,,
168210,LHR,,
168211,LAD,,
168212,LMK,,
168214,LNI,,
168220,LRI,LPT,
168221,LAD,,
168223,LII,LCS,
168224,LFP,,
168228,LAD,,
168236,LMT,,
168237,LAT,LDS,
168238,LIS,,
168240,LRT,,
168242,LMK,,
168243,LHR,,
168244,LRI,LPT,
168245,LPM,,
168246,LRI,,
168248,BBA,,
168252,LNA,,
168253,LBC,,
168257,LAD,,
168260,LBM,,
168262,LAD,,
168263,LNM,,
168264,LBC,,
168265,LRI,,
168268,LMK,,
168270,LNI,,
168277,LPA,,
168278,LPO,,
168281,LPM,,
168283,LIC,,
168284,LDE,,
168285,LFP,,
168287,LII,,
168291,LII,,
168292,LFB,,
168293,LNM,,
168294,LAT,,
168295,LPA,,
168296,LMK,,
168297,LIM,,
168298,LMK,,
168299,LMK,,
168303,LBM,,
168306,LBC,LFB,
168307,LMK,,
168308,LBN,,
168309,LEF,,
168311,LFP,,
168317,LEF,,
168318,LEF,,
168319,LEF,,
168320,LEF,,
168321,LEF,,
168323,LEF,,
168324,LEF,,
168325,LEF,,
168327,LPM,LRP,
168329,LCN,,
168330,LAR,,
168334,LAD,,
168335,LMK,,
168337,LIC,,
168341,LAD,,
168342,LMT,,
168343,LPM,,
168344,LAR,,
168345,LAD,,
168347,LHR,,
168350,LBI,,
168351,LAD,,
168354,LRI,,
168355,LCS,,
168357,LIM,,
168358,LFP,,
168359,LBN,,
168360,LAT,,
168361,LIN,,
168363,LND,,
168367,LFP,,
168369,LRI,,
168370,LEC,,
168371,LFP,,
168372,LNI,,
168373,LDE,,
168374,LBM,,
168375,LMT,,
168377,LII,,
168378,LAR,,
168379,LNI,,
168380,LPA,LPO,
168381,LIC,,
168382,LII,,
168384,LAD,,
168387,LAT,,
168388,LEF,,
168393,LAT,,
168396,LAT,,
168397,LEC,,
168399,LRT,,
168400,LIM,,
168405,LEC,,
168406,LDS,,
168407,LAT,,
168410,LPA,,
168411,LAR,,
168417,LIS,,
168418,LIM,,
168419,LAD,,
168424,LFP,,
168426,LNI,,
168430,LDS,,
168431,LII,,
168432,BBA,,
168433,LMT,,
168434,LFP,,
168435,LPT,,
168436,LFP,,
168438,LIM,,
168439,LCS,,
168440,LMU,,
168441,LIM,,
168443,LIC,,
168444,LAR,,
168445,LCN,,
168446,LIM,,
168447,LFA,,
168448,LNM,,
168449,LMT,,
168450,LHR,,
168451,LFA,,
168452,LCN,,
168453,LIM,,
168454,LCS,,
168456,LRM,,
168457,LIN,,
168458,LHR,,
168461,LCS,,
168462,LEC,,
168463,LFP,,
168464,LPA,,
168465,LAD,,
168466,LAD,,
168467,LND,,
168468,LBI,,
168470,LFP,,
168472,LAD,,
168473,LFP,,
168476,LQI,,
168477,LFB,,
168478,LAT,,
168480,LNI,,
168481,LAR,,
168483,LNI,,
168484,LIS,,
168485,LFA,,
168486,LAD,,
168488,LEF,,
168489,LCN,,
168490,LMK,,
168491,LIC,,
168493,LQI,LAR,
168496,LBM,,
168499,LBN,LEC,
168500,LHR,,
168501,LAD,,
168502,LAR,,
168503,LAR,,
168504,LMT,,
168505,LIC,,
168506,LPA,,
168508,LRT,,
168509,LIC,,
168510,LNI,,
168511,LNM,LBC,
168512,LIM,,
168513,LII,,
168514,LMK,,
168515,LEC,,
168516,LIM,,
168517,LAD,,
168518,LMT,,
168519,LPA,,
168521,LDS,,
168522,LBN,,
168524,LNI,,
168525,LPA,,
168528,LEF,,
168529,LPD,,
168531,LCN,,
168533,LRI,,
168534,LRI,,
168535,LIC,,
168536,LBN,,
168539,LMT,,
168540,LBN,,
168546,LEC,,
168547,LCN,,
168548,LII,,
168549,LAD,,
168550,LNI,,
168551,LNI,,
168552,LQI,,
168553,LEC,,
168557,LEC,,
168559,LAT,,
168560,LNI,,
168563,LAD,,
168564,LAD,,
168565,LAR,,
168566,LFB,,
168570,LAD,,
168571,LMK,,
168572,LPD,,
168574,LNM,,
168576,LAD,,
168577,LPA,,
168578,LND,,
168579,LPA,,
168582,LAD,,
168583,LBI,,
168586,LMK,,
168589,LBC,LFB,
168590,LPT,LRI,
168591,LFP,,
168592,LNM,,
168593,LAR,,
168594,LFP,,
168595,LFP,,
168597,LEF,,
168598,LEF,,
168599,LEF,,
168600,LEF,,
168601,LEF,,
168603,LAD,,
168604,LQI,,
168606,BPM,,
168608,LBN,,
168609,LBM,,
168611,LIC,,
168617,LAD,,
168619,LNI,,
168620,LEF,,
168621,LMK,,
168622,LII,,
168623,LPO,,
168625,LIM,,
168626,LII,,
168627,LRI,,
168628,LMT,,
168632,LPA,,
168634,LII,,
168635,LPA,,
168639,LRI,LPT,
168640,LFB,,
168641,LIC,,
168647,LII,,
168648,LBM,,
168649,LDS,,
168650,LNI,,
168652,LPA,,
168653,LNM,,
168655,LNM,,
168656,LPO,,
168657,BNI,,
168658,LMT,,
168659,LAD,,
168661,LNM,,
168663,LDS,,
168664,LAD,,
168665,LIS,,
168666,LPA,,
168669,LAD,,
168671,LRM,,
168672,LBM,,
168674,LMT,,
168675,LCN,,
168676,LIY,,
168679,LAD,,
168681,LFP,,
168683,LPM,,
168686,LCN,,
168687,LMT,,
168689,LRT,,
168693,LII,,
168701,LRI,,
168702,LPA,,
168711,LEF,,
168712,LNI,,
168713,LII,,
168719,LQI,,
168723,LCS,,
168724,LDS,,
168725,LAT,,
168726,LMT,,
168727,LII,,
168729,LAR,,
168737,LFA,,
168738,LAR,,
168741,LAT,,
168743,LAT,,
168744,LPA,,
168745,LNI,,
168747,LAD,,
168748,LDS,,
168750,LBI,,
168753,LAD,,
168754,LQI,,
168755,LFB,,
168758,LRM,,
168759,LBC,,
168761,LRI,,
168763,LBC,,
168764,LFP,,
168765,LFP,,
168766,LIC,,
168767,BNI,,
168769,LAR,,
168771,LMK,,
168773,LII,,
168776,LPA,,
168778,LAT,LDS,
168780,LBM,,
168781,LCN,,
168782,LII,,
168784,LDS,,
168786,LPA,LPD,
168787,LAD,,
168788,LII,,
168790,LBN,LDS,
168793,LFA,,
168794,LII,,
168797,LFP,,
168800,LIS,,
168802,LAT,LDS,
168804,LAT,LDS,
168805,LMK,,
168807,LQI,,
168809,LFP,,
168810,LFB,,
168811,LAD,,
168814,LAD,,
168815,LAR,,
168820,LMK,,
168821,LPM,,
168823,LAT,,
168824,LAD,,
168825,LFP,,
168826,LAR,,
168827,LPO,LPA,
168828,LBM,,
168831,LPA,LPO,
168834,LFA,,
168836,LAD,,
168837,LFP,,
168840,LMK,,
168841,LMK,,
168843,LAT,,
168845,LAD,,
168847,LDE,,
168848,LMK,,
168850,LCS,,
168851,LEC,,
168852,LAD,,
168853,LFB,,
168854,LFB,LBC,
168855,LMT,,
168857,LPM,,
168863,LAD,,
168865,LNI,,
168866,LIS,,
168869,LAT,,
168870,LAR,,
168871,LRT,,
168872,LRP,,
168873,LAD,,
168874,LAR,,
168877,LBN,,
168880,LEC,,
168885,LII,,
168886,LRT,,
168887,LBI,,
168888,LND,,
168889,LRI,,
168891,LIM,,
168892,LAD,,
168898,LAD,,
168900,LQI,,
168905,LIM,,
168906,LPO,,
168907,LEF,,
168908,LPO,,
168909,LIC,,
168910,LEF,,
168911,LII,,
168912,LEF,,
168913,LNI,,
168917,LFA,,
168918,LAR,,
168922,LAT,,
168924,LII,,
168926,LIS,,
168942,LII,,
168944,LPA,LRI,
168948,LPA,,
168949,LMT,,
168951,LBI,,
168958,LAR,,
168959,LAD,,
168964,LDE,,
168968,LPM,,
168969,LNI,,
169015,LAD,,
169016,LND,,
169029,LIY,,
169033,LNI,,
169037,LRI,,
169038,LPM,,
169040,LEC,,
169045,LIY,,
169046,LAT,,
169047,LRP,,
169048,LFA,,
169049,LCS,,
169050,LNI,,
169055,LPM,,
169058,LEF,,
169060,LDS,,
169062,LNI,,
169074,LNA,,
169076,LBC,,
169080,LEC,,
169084,LRI,,
169093,LNI,,
169096,LBI,,
169100,LPM,,
169101,LFP,,
169107,LBI,LFB,
169111,LCN,,
169112,LNI,,
169114,LNI,,
169117,LIC,,
169118,LIM,LMT,
169120,LMK,,
169121,LPA,,
169122,LBM,,
169123,LCN,,
169124,LBC,,
169127,LRI,,
169131,LBM,,
169139,LAI,,
169141,LAR,,
169145,LFA,LNM,
169146,LMK,,
169147,LAR,,
169152,LAT,,
169156,LQI,,
169177,LBC,LFB,
169179,LII,,
169180,LFA,,
169181,LAD,,
169184,LRP,,
169186,LBI,,
169189,LAD,,
169191,LFP,,
169192,LRI,,
169194,LBN,,
169200,LFA,,
169206,LDS,,
169209,LRI,,
169210,LAT,LDS,
169212,LCN,LPA,
169213,LNM,,
169217,LNM,,
169220,LPD,,
169225,LEC,,
169229,LBN,,
169230,LMT,,
169231,LNI,,
169232,LBM,,
169233,LRI,LPT,
169244,LII,,
169253,LAT,,
169254,LFP,,
169263,LPM,,
169265,LIS,,
169266,LPM,,
169270,LPD,,
169272,LPT,LRI,
169273,LDE,,
169277,LAT,,
169278,LAD,,
169280,LQI,,
169281,LNI,,
169282,LBM,,
169283,LFA,,
169285,LPM,,
169286,LNM,,
169287,LQI,,
169289,LPO,,
169290,LMT,,
169291,LFA,,
169292,LRT,,
169294,LMT,,
169298,LIM,,
169299,LAD,,
169300,LAR,,
169304,LNI,,
169316,LPA,,
169317,LNI,,
169318,LNI,,
169320,LIC,,
169333,LAR,,
169334,LNI,,
169342,LBM,,
169348,LIM,,
169351,LNM,,
169360,LNI,,
169362,LAR,,
169363,LIM,,
169366,LFB,,
169381,LQI,,
169382,LDS,LRT,
169386,LFA,,
169387,LFP,,
169398,LBM,,
169400,LHR,,
169401,LIS,,
169402,LFP,,
169403,LPD,,
169405,LFP,,
169407,LNA,,
169408,LBM,,
169409,LMK,,
169415,LMT,,
169419,LNI,,
169424,LEF,,
169425,LEF,,
169426,LEF,,
169427,LEF,,
169428,LEF,,
169429,LEF,,
169430,LEF,,
169431,LEF,,
169432,LEF,,
169433,LEF,,
169436,LEF,,
169441,LQI,,
169451,LCS,LII,
169469,LEF,,
169473,LAD,,
169477,LAD,,
169488,LMT,,
169489,LAT,,
169491,LEC,,
169493,LIC,,
169496,LHR,,
169502,LPM,,
169504,LIC,,
169514,LAD,,
169516,LCS,,
169519,LMK,,
169520,LAR,,
169521,LNI,,
169523,LPD,,
169525,LDE,,
169527,LPM,,
169542,LIV,,
169544,LFB,LBC,
169547,LEF,,
169548,LHR,,
169555,LQI,,
169560,LAD,,
169563,LAT,,
169565,LFP,,
169568,LAT,,
169571,LMT,,
169572,LBC,,
169574,LNM,,
169575,LAT,,
169576,LRP,LPM,
169577,LNM,,
169580,LPT,LRI,
169582,LPM,,
169584,LAR,,
169586,LMU,,
169588,LPA,,
169589,LNI,,
169591,LII,,
169598,LNM,,
169599,LRT,,
169604,LCN,,
169606,LNI,,
169611,LAT,,
169614,LNM,,
169618,LIC,,
169624,LDS,,
169628,LAT,,
169629,LII,,
169630,LHR,,
169633,LBN,LEC,
169635,LAT,,
169644,LNM,,
169645,LNM,,
169646,LAD,,
169647,LPA,LPO,
169649,LBM,,
169659,LII,,
169660,LAT,,
169662,LAR,,
169667,LNM,,
169673,LFP,,
169674,LNI,,
169675,LNI,LCS,
169676,LIS,,
169680,LIS,,
169681,LBI,,
169682,LDS,,
169683,LDS,,
169685,LIV,,
169686,LII,,
169692,LEF,,
169694,LMK,,
169695,LQI,,
169703,LAT,,
169704,LNM,,
169711,LFB,,
169719,LEF,,
169720,LBN,,
169721,LAT,,
169722,LBM,,
169723,LBI,,
169724,LNM,,
169728,LAT,,
169729,BIC,,
169733,LRI,,
169734,LAD,,
169735,LPM,,
169738,LIM,,
169740,LIN,,
169741,LAT,,
169742,CIV,LBC,LFB
169743,LCN,,
169745,LNM,,
169749,LHR,,
169750,LII,,
169753,LBN,LEC,
169754,LFB,,
169758,LMK,,
169762,LRI,,
169764,LMK,,
169765,LPT,LRI,
169768,LAT,,
169771,LAD,,
169779,LAR,,
169780,LMK,,
169785,LMK,,
169803,LPA,,
169808,LAR,,
169809,LEA,,
169810,LBN,,
169811,LMT,,
169813,LAT,,
169815,LBN,,
169826,LFA,,
169828,LIN,LQI,
169829,LNM,,
169830,LBC,,
169836,LBN,,
169839,LFA,,
169841,LBN,LEC,
169845,LPM,,
169849,LAT,,
169850,LPM,,
169852,LMK,,
169853,LIS,,
169856,LEF,,
169860,LBN,,
169862,LBM,,
169864,LNI,,
169865,LPA,LPO,
169872,LFA,,
169877,LMK,,
169881,LIS,,
169885,LPM,,
169886,LBC,,
169888,LFP,,
169889,LNI,,
169902,LPA,,
169903,LNM,,
169905,LIS,LMT,
169906,LEC,,
169907,LFP,,
169908,LCS,,
169910,LNI,,
169913,BMK,,
169914,LII,LCS,
169915,LNA,,
169919,LEF,,
169923,LIM,,
169924,LPM,,
169925,LIC,,
169926,LAT,,
169931,LQI,,
169936,LBM,,
169939,LHR,,
169942,LAT,,
169943,LMK,,
169945,LBI,,
169948,LBN,,
169949,LNI,,
169958,LII,,
169960,LII,,
169961,LIM,,
169962,LMT,,
169964,LPD,,
169971,LAI,,
169974,LAI,,
169975,LBN,,
169976,LAD,,
169978,LAR,,
169982,LHR,,
169985,LNI,,
169987,LAD,,
169988,LAD,,
169990,LIM,LMT,
169991,LQI,,
169993,LRI,,
169994,LHR,,
169996,LFP,,
169997,LMK,,
170001,LNM,,
170003,LBN,,
170005,LNM,,
170009,LII,,
170010,LAT,,
170011,LAT,,
170012,LMK,,
170015,LMK,,
170017,LII,,
170019,LPM,,
170021,LFP,,
170024,LAD,,
170026,LII,,
170027,LNI,,
170028,LCU,,
170029,LFP,,
170030,LAD,,
170035,LPT,LRI,
170038,LAD,,
170046,LBN,,
170047,LHR,,
170048,LAD,,
170049,LFA,,
170053,LBN,,
170056,LFA,,
170059,LAT,,
170060,LFA,,
170064,LFB,,
170068,LMK,,
170070,LII,,
170072,LIC,,
170076,LNM,,
170077,LMT,,
170078,LNI,,
170079,LBI,,
170082,LEC,,
170083,LNI,,
170088,LBM,,
170090,LAD,,
170094,LBI,,
170095,LBM,,
170096,LBC,,
170099,LMT,,
170100,LPT,,
170108,LIC,,
170112,LFP,,
170117,LAT,,
170118,LNI,,
170119,LIN,,
170124,LIN,,
170134,LBC,,
170137,LHR,,
170138,LPA,LRI,
170140,LAD,,
170142,LDS,LAT,
170143,LII,,
170144,LIC,,
170146,LPA,,
170149,LNI,,
170153,LIS,,
170164,LAR,,
170173,LMT,,
170176,LMT,,
170180,LNI,,
170184,LMT,,
170185,LIC,,
170190,LPM,,
170193,LMK,,
170195,LNI,,
170198,LAR,,
170207,LPA,,
170209,LAT,,
170210,LFA,,
170212,LDS,,
170214,LIN,,
170218,LNM,,
170219,LIS,,
170220,LCN,,
170221,LPA,LPO,
170236,LMT,,
170240,LAT,,
170242,LIM,,
170245,LNI,,
170246,LAD,,
170247,LNI,,
170250,LHR,,
170253,LAD,,
170257,LRI,,
170258,LMT,,
170266,LAT,,
170268,LCU,,
170269,LMK,,
170270,LPT,LRI,
170271,LIN,,
170273,LAT,,
170274,LAD,,
170275,LNI,,
170276,LBC,,
170278,LRI,,
170281,LIC,,
170282,LAT,,
170284,LII,,
170288,LFP,,
170292,LIC,,
170293,LPM,,
170296,LAD,,
170297,LNI,,
170302,LAR,,
170305,LBN,,
170306,LHR,,
170314,LIY,,
170315,LIC,,
170316,LBI,,
170318,LCS,,
170320,LBC,LFB,
170322,LPA,,
170325,LAR,,
170327,LIC,,
170328,LIC,,
170329,LFP,,
170333,LCN,,
170334,LMK,,
170336,LPA,,
170341,LQI,,
170342,LMK,,
170343,LII,,
170344,LAT,,
170345,LBI,,
170347,LBM,,
170348,LFP,,
170352,LQI,,
170353,LBC,,
170354,LIS,,
170357,LMK,,
170359,LFP,,
170360,LBI,,
170362,LAT,,
170363,LBI,,
170365,LAD,,
170368,LAR,,
170369,LQI,,
170370,LFP,,
170371,LBN,,
170372,LRT,,
170378,LNI,,
170379,LAI,,
170381,LBI,,
170382,LRI,,
170384,LRT,,
170396,LBN,,
170397,LIC,,
170399,LNI,,
170400,LNI,,
170401,LMT,,
170402,LBC,LFB,
170403,LHR,,
170404,LEF,,
170405,LPA,,
170406,LEF,,
170407,LEF,,
170408,LEF,,
170409,LEF,,
170411,LEF,,
170412,LPM,,
170413,LEF,,
170416,LFP,,
170417,LIC,,
170419,LDS,,
170420,LII,,
170423,LRT,,
170424,LRI,,
170426,LFP,,
170428,BNI,,
170429,LAR,,
170430,LCN,,
170431,LII,LCS,
170433,LNI,,
170435,LRM,,
170436,LAD,,
170437,LAR,,
170443,LNM,,
170444,LAD,,
170446,LBN,,
170448,LAR,,
170450,LAD,,
170451,LPT,LRI,
170455,LEA,,
170460,BII,,
170462,BNI,,
170463,LNM,,
170464,LNM,,
170465,LMT,,
170466,LND,,
170468,LHR,,
170469,LFB,,
170470,LFP,,
170473,LFP,,
170474,LFP,,
170475,LAR,,
170480,LIC,,
170482,LIM,,
170486,LAD,,
170487,LAR,,
170488,LMK,,
170496,LMT,,
170497,LFP,,
170498,LBC,,
170499,LAI,,
170504,LCS,,
170505,LFB,,
170506,LHR,,
170508,LNA,,
170509,LNI,,
170510,LBI,,
170512,LFA,,
170515,LPA,,
170516,LMK,,
170521,LAR,,
170522,LFB,,
170525,LAT,,
170526,LCU,,
170527,LMK,,
170529,LEF,,
170530,LCN,,
170531,LDS,,
170532,LEC,,
170533,LIM,,
170534,LNI,,
170535,LAT,,
170538,LII,,
170542,LHR,,
170544,LBC,,
170549,LEF,,
170550,LAT,,
170551,LNM,,
170552,LFA,,
170553,LAR,,
170554,LCN,,
170555,LPA,,
170557,LNI,,
170558,LPA,,
170559,LII,,
170560,LEF,,
170561,LAD,,
170562,LAR,,
170564,LMK,,
170565,LBM,,
170567,LBN,,
170569,LAR,,
170570,LNI,,
170571,LRI,,
170572,LMK,,
170576,LIM,,
170579,LNM,,
170580,LPA,,
170581,LAD,,
170582,LPM,,
170589,LIN,,
170591,LNM,,
170593,LNI,,
170594,LQI,,
170595,LEC,,
170597,LMK,,
170599,LPD,,
170600,LFA,,
170602,LAR,,
170603,LII,,
170611,LAT,,
170612,LAT,,
170613,LBM,,
170615,LMT,,
170619,LNI,,
170623,LII,,
170626,LRM,,
170629,LAD,,
170632,LQI,,
170633,LMK,,
170634,LQI,,
170636,LIC,,
170637,LAT,,
170640,LIY,LQI,
170641,LMK,,
170642,LRT,,
170646,LII,,
170659,LAR,,
170660,LNM,,
170662,LNI,,
170663,LFP,,
170664,LRI,,
170665,LBN,,
170666,LFA,,
170667,LNI,,
170668,LCN,,
170669,LEC,,
170671,LAD,,
170676,LMK,,
170677,LII,,
170678,LCS,,
170679,LNI,,
170680,LAR,,
170682,LAD,,
170683,LQI,,
170684,LPM,,
170686,LBN,,
170687,LDE,,
170688,LFB,,
170689,LNI,,
170690,LIN,,
170691,LBI,,
170692,LPD,,
170694,LBI,,
170695,LNI,,
170698,LNI,,
170699,LFP,,
170701,LNI,,
170702,LPM,,
170703,LMT,,
170704,LEC,,
170705,LPM,,
170706,LMR,,
170708,LPO,,
170711,LPA,LPO,
170712,LNI,,
170713,LAR,,
170714,LNI,,
170716,LDS,,
170718,LNI,,
170719,LNI,,
170720,LAD,,
170725,LEA,,
170726,LPM,,
170727,LMT,,
170729,LPA,,
170730,LMT,LIM,
170732,LIS,,
170733,LEF,,
170737,LCS,,
170738,LAT,LEC,
170742,LEF,,
170743,LEF,,
170745,LEF,,
170747,LBN,LEC,
170748,LAD,,
170752,LRI,,
170753,LFA,,
170754,LII,,
170756,LMK,,
170760,LIC,,
170764,LMT,,
170765,LCN,,
170772,LNI,,
170774,LNI,,
170775,LNM,,
170783,LAD,,
170785,LAT,,
170786,LCN,,
170788,LNM,,
170794,LAD,,
170797,LAR,,
170801,LAR,,
170803,LFP,,
170809,LAD,,
170810,LCU,,
170811,LBN,,
170820,LFA,,
170822,LPA,,
170824,LAT,,
170827,LNM,,
170829,LEF,,
170831,LNM,,
170832,LII,,
170833,LBM,,
170834,LAI,,
170837,LFP,,
170840,LAT,,
170843,LAD,,
170844,LIO,,
170848,LPD,,
170850,LFA,,
170851,LHR,LNA,
170852,LNI,,
170853,LNA,,
170857,LMT,,
170858,LNA,,
170859,LIC,,
170860,LBM,,
170861,LII,,
170862,LAR,,
170863,LIC,,
170864,LAD,,
170865,LIM,,
170866,LAT,,
170867,LNA,,
170869,LIM,,
170870,LRI,,
170872,LMK,,
170873,LHR,,
170876,LIS,,
170882,LNI,,
170885,LIC,,
170889,LNM,,
170890,LBM,LRT,
170892,LBN,,
170897,LNI,,
170899,LMK,,
170900,LAD,,
170901,LDE,,
170904,LCN,,
170907,LPM,,
170908,LIS,,
170909,LIC,,
170911,LAT,,
170915,LIC,,
170916,LII,,
170917,LCN,,
170918,LMT,,
170920,LHR,,
170921,LBI,,
170923,LPA,,
170924,LBM,,
170925,LAI,,
170929,LAT,,
170930,LIY,,
170933,LPO,,
170935,LFP,,
170937,LEC,,
170938,LAT,,
170939,LPM,,
170940,LRI,,
170941,LPM,,
170942,LFP,,
170943,LNI,,
170945,LPD,LRI,
170948,LHR,,
170950,LNI,,
170958,LAR,,
170961,LBC,,
170963,LQI,,
170964,LRT,,
170965,LMT,,
170967,LPT,,
170969,LPA,LPO,
170975,LNM,,
170979,LEC,,
170983,LAD,,
170984,LAD,,
170987,LNI,,
170989,LPM,,
170990,LIN,,
170993,LFP,,
170994,LMT,,
170995,LRT,,
170998,LII,,
170999,LAT,,
171002,LBI,,
171007,LIM,,
171009,LNM,,
171010,LFP,,
171012,LCN,,
171013,LNI,,
171016,LQI,,
171017,LEF,,
171021,LPA,,
171023,LBM,,
171025,LRP,,
171026,LEC,,
171027,LAR,,
171031,LPM,,
171034,LRI,,
171040,LIM,,
171041,LAR,,
171044,LAR,,
171046,LBN,,
171048,LAD,,
171054,LIM,,
171055,LIM,,
171059,LAD,,
171060,LRI,,
171061,LQI,,
171063,LAD,,
171065,LFP,,
171066,LPA,,
171069,LBI,,
171071,LIM,LMT,
171072,LFA,,
171074,LPA,,
171075,LAD,,
171077,LAT,,
171081,LEF,,
171084,LAT,,
171085,LMT,,
171089,LBN,,
171090,LCS,,
171091,LAD,,
171092,LNI,,
171093,LCS,,
171094,LFP,,
171095,LMT,,
171098,LRI,,
171102,LNI,,
171103,LFA,,
171104,LNI,,
171106,LIY,,
171107,LEF,,
171108,LNI,,
171109,LIC,,
171110,LFB,,
171111,LHR,,
171115,LEF,,
171119,LAD,,
171122,LAT,,
171123,LMT,,
171124,LFB,,
171126,LAD,,
171129,LMK,,
171132,BAR,,
171134,LAT,,
171135,LFP,,
171136,LNI,,
171138,LFP,,
171139,LFB,,
171141,LPA,,
171142,LMT,,
171144,LNI,,
171146,LPM,,
171147,LAP,,
171152,LNA,,
171153,LHR,,
171156,LIN,LQI,
171157,LAD,,
171158,LIM,,
171159,LMT,,
171162,LPO,,
171164,LPA,,
171166,LMK,,
171167,LFB,,
171170,LAR,,
171171,LQI,,
171172,LMK,LNI,
171173,LEF,,
171174,LEF,,
171177,LPT,,
171179,LCN,,
171181,LII,,
171182,LPM,,
171185,LNI,,
171186,LNI,,
171187,LII,,
171192,LPM,,
171193,LNI,,
171194,LNM,,
171195,LEF,,
171197,LFP,,
171199,LIC,,
171200,LII,,
171201,LAR,,
171203,LAD,,
171204,LRI,,
171205,LNI,,
171207,LMT,,
171208,LNM,,
171217,LEA,,
171221,LPA,,
171222,LPO,,
171223,LII,LCS,
171225,LIC,,
171226,LNI,,
171233,LIC,,
171234,LAR,,
171235,LIN,LQI,
171236,LIS,,
171242,LHR,,
171243,LAD,,
171244,LNM,,
171246,LCS,,
171247,BPA,,
171249,LCU,,
171250,LPA,,
171252,LIC,,
171253,LBN,,
171254,LAI,,
171255,BCN,,
171256,LEF,,
171257,LIM,,
171258,LBN,,
171259,LFP,,
171260,LMT,,
171261,LCS,,
171262,LNI,,
171263,LRM,,
171265,LAT,,
171266,LMT,,
171267,LBN,,
171268,LRI,,
171271,LNM,,
171272,LAT,,
171273,LAD,,
171275,LIM,,
171276,LBM,,
171277,LPA,LPD,
171278,LEC,,
171283,LMK,,
171289,LPM,,
171290,LAR,,
171292,LAR,,
171293,LNM,LFB,
171297,LDE,,
171298,BMK,,
171299,LBM,,
171300,LMT,,
171301,LIC,,
171302,LMK,LPM,
171303,LAD,,
171304,LNI,,
171305,LAR,,
171309,LNI,,
171310,LAR,,
171314,LBI,,
171315,LNI,,
171316,LIM,,
171319,LIS,,
171320,LNI,,
171323,LIC,,
171324,LBN,,
171325,LQI,,
171326,LAT,,
171327,LNM,,
171337,LFA,,
171338,LAR,,
171340,LEF,,
171347,LEF,,
171348,LBM,,
171349,LAD,,
171351,LPA,,
171358,LEF,,
171359,LAT,,
171361,LNM,,
171362,LAR,,
171364,LAT,,
171365,LAT,,
171367,LBC,,
171370,LAD,,
171371,LPT,,
171372,LIM,,
171373,LFP,,
171374,LIY,,
171375,LIC,,
171376,LPT,LRI,
171379,LNI,,
171380,LAD,,
171383,LQI,,
171384,LNM,,
171388,LND,,
171391,LHR,,
171393,LMT,,
171396,LEC,,
171402,LRI,,
171405,LII,,
171406,LIC,,
171407,LMT,,
171408,LIC,,
171410,LBN,,
171413,LEF,,
171414,LEF,,
171415,LPT,LRI,
171418,LFP,,
171420,LAT,,
171421,LII,,
171422,LRP,,
171430,LBM,,
171432,LNI,,
171434,LAR,,
171436,LAT,,
171438,LNI,,
171441,LAD,,
171443,LIC,,
171445,LRI,,
171446,LRP,,
171448,LMK,,
171449,LEC,,
171451,LIC,,
171452,LIS,,
171454,LCS,,
171456,LII,,
171457,LFP,,
171461,LPM,,
171462,LCS,,
171463,LNI,,
171464,LIM,,
171465,LAD,,
171467,LFB,,
171469,LPM,,
171471,LBC,,
171474,LFA,,
171476,LBN,,
171482,LEC,,
171483,LPM,,
171484,LAD,,
171487,LAR,,
171488,LBN,,
171491,LIN,,
171494,LAT,,
171496,LMK,,
171498,LPO,,
171501,LRM,,
171503,LBN,,
171506,LIM,,
171507,LII,,
171508,LBM,LMT,
171509,LAR,,
171510,LMK,,
171512,LAD,,
171513,LMK,,
171514,LMT,,
171515,LMT,,
171517,LII,,
171518,LRI,,
171520,LBN,,
171521,LRI,,
171525,LBM,,
171526,LIS,,
171529,LNI,,
171532,LPA,,
171534,LEF,,
171535,LII,,
171537,LCN,,
171542,LIC,,
171543,LIO,,
171546,LMT,,
171547,LIC,,
171548,LNM,,
171551,LNI,,
171552,LFP,,
171553,LEC,,
171554,LPA,,
171555,LNM,,
171558,LPA,,
171559,LAR,,
171560,LII,,
171563,LRI,,
171564,LPA,,
171565,LII,,
171567,LCN,,
171569,LAD,,
171578,LAR,,
171580,LRT,,
171581,LMT,,
171585,LCN,,
171586,LPA,,
171588,LNM,,
171589,LMK,,
171591,LAR,,
171593,LBI,,
171597,LIC,,
171599,LAR,,
171600,LII,,
171602,LAR,,
171606,LNI,,
171608,LCN,,
171609,LAD,,
171610,LAR,,
171619,LHR,,
171620,LMK,,
171621,LIS,,
171622,LAT,,
171623,LPA,,
171626,LQI,,
171627,LRP,,
171630,LNI,,
171631,LFP,,
171634,LHR,,
171639,LCS,,
171645,LPM,,
171648,LAD,,
171649,LRI,,
171650,LBC,,
171654,LII,,
171656,LFP,,
171657,LIS,,
171658,LFP,,
171659,LFP,,
171660,LBN,,
171661,LFP,,
171662,LIC,,
171663,LFP,,
171667,LEF,,
171669,LIC,,
171672,LAT,,
171673,LIM,,
171674,LNM,,
171679,LQI,,
171681,LPM,,
171684,LBM,,
171685,LPA,,
171688,LMT,,
171691,LHR,,
171693,LFP,,
171694,LFP,,
171695,LBM,,
171696,LFA,,
171698,LBN,,
171700,LPD,,
171701,LAR,,
171703,LBN,,
171704,LMK,,
171707,LIS,,
171709,LAD,,
171710,LNI,,
171711,LAD,,
171713,LPO,,
171715,LEC,,
171716,LPM,,
171717,LIS,,
171724,LAD,,
171726,LFP,,
171727,LNI,,
171728,LFB,,
171730,LFP,,
171732,LCN,,
171734,LEC,,
171735,LAR,,
171737,LCS,,
171739,LAD,,
171741,BII,,
171742,LNI,,
171743,LFB,,
171744,LRI,LPT,
171746,LRP,,
171747,LAD,,
171748,LMK,,
171749,LFP,,
171750,LFB,,
171753,LRI,,
171754,LRT,,
171757,LPA,,
171763,LCS,,
171764,LQI,,
171765,LAR,,
171768,LNM,,
171769,LFB,,
171770,LNM,,
171774,LAT,,
171778,LAD,,
171779,LMT,,
171780,LAD,,
171781,LHR,,
171783,LPM,,
171784,LRI,,
171785,LIM,,
171786,LII,,
171787,LMU,,
171788,LAT,,
171789,LFA,,
171790,LRP,,
171791,LRT,,
171792,LDS,,
171793,LBN,,
171794,LBI,,
171796,LPM,,
171798,LFP,,
171799,LBI,,
171802,LPM,,
171803,LMK,,
171804,LIM,,
171805,LNM,,
171807,LFP,,
171808,LNI,,
171809,LDS,,
171811,LAR,,
171812,LMT,,
171813,LBN,,
171815,LAT,,
171817,LBI,,
171821,LHR,,
171822,LMT,,
171824,LRI,,
171825,LFP,,
171826,LBC,LFB,
171829,LIS,,
171830,LPA,,
171831,LAD,,
171832,LRI,,
171836,LBM,,
171838,LFP,,
171842,LPT,LRI,
171843,LBN,,
171844,LBC,,
171848,LIC,,
171849,LAT,,
171855,LBI,,
171856,LEA,,
171857,LAT,,
171858,LII,,
171860,LFB,,
171862,LRT,,
171863,LMT,,
171868,LAD,,
171870,LMT,,
171871,LFP,,
171873,LAT,,
171874,LMT,,
171875,LPA,LPO,
171876,LNI,,
171877,LNI,,
171878,LNI,,
171880,LFA,,
171881,LEF,,
171883,LII,,
171884,LNM,,
171885,LPA,,
171888,LIS,,
171890,LFP,,
171892,LMK,,
171895,LBC,,
171897,LMT,,
171899,LFP,,
171900,LBN,,
171902,LMT,,
171905,LCN,,
171907,LII,,
171908,LAR,,
171909,LRP,,
171910,LRP,,
171913,LMK,,
171914,LII,,
171925,LEF,,
171926,LII,,
171927,LEC,,
171928,LPD,,
171930,LAT,,
171932,LEC,,
171933,LBM,,
171936,LAD,,
171937,LAD,,
171938,LFB,,
171940,LPA,,
171942,LAD,LIN,
171943,BNI,,
171944,LFP,,
171945,LEF,,
171949,LBN,,
171951,LRT,,
171952,LIC,,
171953,LMK,,
171955,LFB,,
171958,LBN,,
171959,LAT,,
171960,LRT,,
171965,LIC,,
171966,LFA,,
171967,LNI,,
171972,LMK,,
171974,BBA,,
171975,LII,,
171976,LII,,
171977,LIN,,
171981,LPM,,
171982,LFP,,
171983,LRI,,
171986,LIN,,
171988,LFP,,
171989,LFP,,
171990,LFA,,
171992,LCS,,
171995,LBN,,
171996,LAD,,
171997,LFP,,
171998,LMT,,
171999,LIC,,
172001,LII,,
172004,LPA,,
172005,LQI,,
172011,LCN,,
172014,LEF,,
172015,LBM,,
172019,LAT,,
172020,LMT,,
172030,LEC,,
172031,LAR,,
172032,LAT,,
172034,LFP,,
172035,LIN,,
172043,LRI,,
172044,LPM,,
172045,LNI,,
172046,LAT,,
172052,LFA,,
172053,LIC,,
172054,LPM,,
172055,LFA,,
172058,LCS,,
172061,LAT,,
172062,LIS,,
172063,LBI,,
172064,LAD,,
172066,LNA,,
172067,LAD,,
172069,LRI,,
172070,LIS,,
172072,LIS,,
172077,LNM,,
172078,LEF,,
172080,LAT,,
172081,LBM,,
172082,LAD,,
172083,LFP,,
172087,LNI,,
172088,LBI,,
172090,LMT,,
172093,LNI,,
172094,LPO,,
172096,LDS,,
172098,LCN,,
172104,LAD,,
172107,LQI,,
172108,LFP,,
172109,BCN,,
172110,LIN,,
172113,LNM,,
172116,LNI,,
172119,LMK,,
172121,LIS,,
172122,LRM,,
172123,LAD,,
172124,LAT,,
172126,LBC,,
172127,LIC,,
172128,LEF,,
172129,LIM,,
172131,LRI,,
172132,LPM,,
172134,LNI,,
172135,LMK,,
172137,LHR,,
172141,LBM,,
172144,LHR,,
172145,LMK,,
172147,LFP,,
172148,LMT,,
172150,LRI,,
172151,LAR,,
172152,LHR,,
172155,LPM,,
172158,LRI,LPO,
172159,LMK,,
172160,LAD,,
172161,LIS,,
172162,LPA,,
172163,LNI,,
172165,LHR,,
172167,LMK,,
172169,LMT,,
172172,LFP,,
172173,LFP,,
172174,LBN,,
172175,LIC,,
172176,LMK,,
172179,LQI,,
172180,LAT,,
172181,LIS,,
172182,LCN,,
172183,LPD,,
172187,LRI,,
172190,LIS,,
172191,LEF,,
172192,LNI,,
172193,LII,,
172196,LBI,,
172198,LAR,,
172199,LHR,,
172201,LNI,,
172203,LPT,LRI,
172204,LPA,,
172205,LAT,,
172206,LAD,,
172207,LBN,,
172209,LBM,,
172210,LBN,,
172211,LFA,,
172213,LBN,,
172215,LBC,,
172216,LNM,,
172217,LEF,,
172218,LAR,,
172227,LAR,,
172228,LFB,,
172229,LII,,
172232,LIM,,
172233,LFB,,
172234,LBN,,
172235,LEF,,
172238,LAD,,
172239,LMT,,
172241,LBN,,
172244,LAD,,
172245,LAD,,
172246,LAT,,
172247,LFB,,
172248,LNI,,
172251,LAD,,
172252,LII,,
172255,LMT,,
172257,LBC,,
172260,LBN,,
172261,LAD,,
172264,LMT,,
172266,LIS,LPA,
172267,BBA,,
172269,LNI,,
172274,LAD,,
172278,LNM,,
172279,LCS,,
172282,LBN,,
172284,LFP,,
172285,LHR,,
172286,LPM,,
172287,LNI,,
172288,LIC,,
172292,LIM,,
172295,LRI,,
172296,LMT,,
172297,LFP,,
172300,LAD,,
172301,LIN,,
172302,LEC,,
172305,LAR,,
172306,LPD,,
172310,LIC,,
172311,LFP,,
172317,LBM,,
172318,LNM,,
172319,LRT,,
172320,LMK,,
172321,LIC,,
172322,LEF,,
172324,LNI,,
172325,LMK,,
172326,LBM,,
172327,LFA,,
172328,LMK,,
172329,LIM,,
172333,LEF,,
172334,LEF,,
172335,LNM,,
172338,LNM,,
172339,LEC,,
172342,LAR,,
172343,LQI,,
172344,LEF,,
172345,LEF,,
172346,LEF,,
172350,LIM,,
172352,LII,,
172353,LFP,,
172356,LCS,,
172360,LIS,,
172368,LIS,,
172370,LHR,,
172371,LEF,,
172379,LIC,,
172380,LAR,,
172384,LAR,,
172387,LAD,,
172392,BPA,,
172393,LIC,,
172396,LAD,,
172398,LAD,,
172411,LPA,,
172415,LIM,,
172417,LHR,,
172419,LCN,,
172421,LRI,,
172422,LNI,,
172423,LEF,,
172424,LAR,,
172433,LBI,,
172438,LRI,,
172453,LAR,,
172454,LAD,,
172457,LRP,,
172458,LEC,,
172459,LMK,,
172461,LIM,,
172462,LIS,,
172463,LHR,,
172469,LMT,,
172470,LMK,,
172471,LEF,,
172472,LEF,,
172473,LEC,,
172474,LBC,,
172481,LPA,,
172485,LFA,,
172486,LEF,,
172489,LII,,
172491,LEF,,
172492,LEF,,
172493,LEF,,
172494,LEF,,
172496,LEF,,
172497,LEF,,
172499,LEF,,
172504,LIC,LQI,
172505,LAR,,
172506,LEF,,
172514,LEF,,
172515,LAP,,
172517,LDE,,
172518,LBC,,
172519,LNM,,
172521,LPM,,
172522,LIC,,
172527,LBM,,
172528,LAD,,
172529,LFP,,
172530,LIM,,
172531,LDS,,
172533,LPA,,
172537,LRI,,
172538,LPM,,
172545,LII,,
172551,LNM,,
172555,LBN,,
172557,LRI,,
172559,LQI,,
172561,LNI,,
172562,LRT,,
172571,LIS,,
172573,LAD,,
172575,LBC,,
172576,LAD,,
172578,LPM,,
172580,LBM,,
172581,LMT,,
172583,LCN,,
172585,LPD,,
172587,LAI,,
172590,LHR,,
172599,LIC,,
172601,LIY,,
172607,LPM,,
172610,LIC,,
172611,LRI,,
172613,LPT,,
172614,LMT,,
172621,LEF,,
172623,LAD,,
172627,LFP,,
172628,LNM,,
172629,LMT,,
172630,LBN,,
172631,LPO,,
172633,LAD,,
172638,LIM,,
172641,LAR,,
172642,LNI,,
172643,LPO,,
172644,LIY,,
172645,LAT,,
172647,LIS,,
172648,LFA,,
172650,LIM,,
172652,LRI,,
172657,LBI,,
172659,LMT,,
172660,LAD,,
172662,LIC,,
172663,LEF,,
172664,LEF,,
172665,LEF,,
172666,LEF,,
172667,LEF,,
172668,LEF,,
172669,LEF,,
172670,LEF,,
172673,LAD,,
172676,LAT,,
172677,LMT,,
172691,LRT,LIS,
172694,LAR,,
172695,LAR,,
172696,LMT,,
172697,LAR,,
172701,LRT,,
172703,LII,,
172707,LAT,,
172708,LAT,,
172709,LAT,,
172714,LAD,,
172718,LIY,,
172719,LRP,,
172720,LMT,,
172723,LBI,,
172725,LIS,,
172731,LAT,,
172733,LFB,LBC,
172735,LNA,,
172737,LPT,,
172740,LAD,,
172741,LAT,,
172742,LFP,,
172743,LFP,,
172746,LPM,,
172747,LIC,,
172748,LBC,,
172751,LII,,
172755,LHR,,
172757,LIM,,
172761,LMT,,
172764,LAT,,
172765,LIC,,
172766,LRI,,
172767,LFA,,
172773,LMK,,
172774,LRT,,
172776,LMT,,
172777,LAD,,
172778,LAD,,
172779,LAD,,
172783,LPM,,
172789,LNM,,
172790,LFP,,
172797,LAD,,
172799,LMK,,
172805,LNI,,
172810,LFA,,
172819,LBN,,
172820,LRT,LMT,
172828,LFB,LBC,
172830,LAT,,
172831,LMT,,
172832,LPT,,
172833,LBI,,
172835,LBM,,
172836,LRI,,
172838,LMT,,
172846,LMT,LRT,
172852,LIM,,
172863,LNI,,
172864,LIS,,
172869,LNM,,
172870,LPO,LPA,
172878,LMK,,
172885,LBN,,
172887,LEC,,
172888,LBN,,
172892,LAT,,
172894,LRP,,
172896,LNI,,
172897,LIC,,
172899,LAD,,
172902,LIC,,
172910,LIY,,
172913,LNM,,
172917,LFA,,
172919,LIC,,
172926,LBM,,
172928,LFB,,
172929,LPM,,
172935,LEC,,
172936,LHR,,
172944,LAD,,
172945,LCN,,
172946,LRI,,
172950,LBI,,
172954,LMK,,
172967,LQI,,
172970,LQI,,
172973,LFA,,
172975,LIS,,
172978,LMK,,
172979,LQI,,
172980,LFP,,
172981,LNM,,
172983,LAR,,
172985,LPM,,
172986,LPO,,
172988,LCN,,
172990,LQI,,
172992,LPM,,
172997,LFA,,
172999,LEF,,
173000,LIC,,
173001,LFP,,
173005,LFP,,
173006,LAD,,
173008,LPA,,
173009,LII,,
173010,LPA,,
173011,LIS,,
173012,LII,,
173013,LAD,,
173016,LMK,,
173017,LFP,,
173019,LAD,,
173021,LAR,,
173022,LEF,,
173024,LFP,,
173025,LDS,,
173026,LMT,,
173027,LMT,,
173029,LAT,,
173030,LAD,,
173034,LEF,,
173035,LAD,,
173037,LBI,,
173039,LPT,LRI,
173040,LPM,,
173041,LAD,,
173042,LBN,,
173063,LBN,,
173086,LHR,,
173089,LIS,,
173091,LPM,,
173093,LAD,,
173097,LPA,,
173098,LNM,,
173100,LPT,,
173101,LFB,,
173103,LQI,,
173104,LCN,,
173105,LNA,,
173107,LEC,,
173109,LFP,,
173112,LQI,,
173115,LRI,,
173118,LII,,
173119,LEC,,
173120,LEA,,
173121,LEC,,
173122,LIS,,
173125,LPT,LRI,
173126,LCN,,
173127,LIS,,
173129,LFP,,
173131,LMT,,
173132,LNM,LBI,LBC
173135,LCN,,
173137,LMK,,
173140,LNI,,
173142,LQI,,
173143,LRP,,
173144,LNI,,
173146,LAT,,
173149,LPM,,
173150,LRI,,
173151,LAT,,
173157,LBM,,
173158,LAT,,
173159,LCS,LII,
173160,LCN,,
173162,LMK,,
173167,LQI,,
173170,LBM,,
173171,LCU,,
173173,LEA,,
173176,LAR,,
173183,LFA,,
173187,LBM,LRT,
173190,LAR,,
173192,LNI,,
173193,LAR,,
173194,LFA,,
173197,LEF,,
173198,LEF,,
173199,LBN,LAD,
173200,LMT,,
173202,LIM,,
173203,LPA,,
173204,LAD,,
173206,LRI,,
173214,LNM,,
173217,LFB,,
173218,LFB,,
173219,LFB,,
173223,LAT,LDS,
173225,LNI,,
173226,LRI,,
173227,LEF,,
173229,LRI,,
173231,LCS,LII,
173232,LII,,
173233,LII,,
173234,LEF,,
173235,LRI,,
173243,LBC,LFB,
173245,LII,,
173251,LBM,,
173252,LNM,,
173253,LPM,,
173258,LNM,,
173259,LIS,,
173260,LIS,LPM,
173261,LNI,,
173263,LII,,
173264,LRT,,
173268,LMK,,
173269,LII,,
173270,LEC,,
173279,LHR,,
173286,LNI,,
173291,LIS,,
173294,LIM,,
173295,LPM,,
173297,LAT,,
173300,LQI,,
173301,LEA,,
173302,LRI,,
173304,LNI,,
173309,LAR,,
173311,LPA,,
173313,LQI,,
173316,LAR,,
173321,LNM,,
173323,LNI,,
173324,LHR,,
173328,LPO,LPA,
173336,LMT,,
173339,LPT,,
173349,LAT,,
173350,LNI,,
173354,LNI,,
173357,LQI,,
173361,LBI,,
173371,LPA,,
173375,LAT,,
173376,LIM,,
173379,LNA,,
173381,LFP,,
173382,LNM,,
173384,LBN,,
173387,LNI,,
173388,LPT,LEC,
173391,LDS,,
173392,LAT,,
173393,LFP,,
173394,LAR,,
173396,LQI,,
173409,LNI,,
173410,LII,,
173412,LAR,,
173414,LFP,,
173416,LAT,,
173417,LBM,,
173418,LFP,,
173420,LNI,,
173421,LNI,,
173422,LFB,,
173424,LEC,,
173426,LPA,,
173427,LIS,,
173428,LDS,,
173430,LRI,,
173432,LAT,,
173435,LMK,,
173436,LNI,,
173437,LAT,,
173438,LAD,,
173439,LII,,
173446,LBN,,
173447,LCN,,
173460,LNM,,
173461,LPA,,
173462,LBM,,
173465,LQI,,
173466,LMK,,
173470,LII,,
173471,LRI,LNI,
173474,LBN,,
173475,LII,,
173477,LAD,,
173478,LEF,,
173480,LPA,,
173481,LRI,,
173483,LPM,,
173486,LRI,,
173489,LDS,,
173490,LFB,,
173493,LBN,,
173498,LIC,,
173501,LMK,,
173505,LAD,,
173507,LAR,,
173508,LEF,,
173509,LEF,,
173511,LAR,,
173518,LFP,,
173526,LNI,,
173528,LCN,,
173529,LEF,,
173533,LPO,,
173536,LIS,,
173538,LRT,,
173541,LMK,,
173544,LBI,,
173545,LAT,,
173548,LIV,,
173549,LMT,,
173553,LEF,,
173554,LEC,,
173561,LNM,,
173562,LMK,,
173563,LBM,,
173572,LFP,,
173574,LFA,,
173576,LNI,,
173580,LEC,,
173582,LAT,,
173588,LBN,,
173589,LCN,,
173591,LDS,,
173592,LCS,,
173593,LCN,,
173596,LBI,,
173597,LIM,,
173598,LMK,,
173599,LFB,,
173602,LII,,
173605,LAT,LDS,
173608,LNI,,
173609,LAR,,
173613,LMT,,
173614,LQI,,
173619,LCN,,
173621,LHR,,
173626,LCN,,
173628,LBM,,
173633,LIS,,
173634,LEC,,
173635,LPM,,
173638,LIM,,
173640,LEF,,
173642,LEF,,
173643,LNI,,
173649,LNM,,
173650,LEF,,
173652,LIM,,
173653,LAD,,
173654,LQI,,
173656,LFP,,
173658,LPM,,
173660,LMT,,
173662,LEA,LRM,
173664,LII,,
173665,LII,,
173669,LEF,,
173671,LAR,,
173672,LMK,,
173673,LFP,,
173674,LNI,,
173675,LII,,
173676,LBN,,
173678,LEA,,
173684,LBI,,
173685,LIS,,
173687,LHR,,
173688,LIS,,
173689,LAT,,
173691,LIC,,
173692,LEC,,
173693,LFB,,
173694,LCN,,
173697,LHR,,
173699,LEF,,
173703,LIS,,
173706,LII,,
173709,LCS,LII,
173714,LHR,,
173719,LAD,,
173721,LPA,,
173723,LIS,,
173724,LNM,,
173725,LEF,,
173731,LNI,,
173732,LAD,,
173740,LEC,,
173749,LRT,LMT,
173750,LEC,,
173751,LIS,,
173752,LEC,,
173760,LMT,,
173766,BAR,,
173769,LMT,LBM,
173770,LEC,,
173771,LNI,,
173772,LNI,,
173774,LNM,,
173777,LAD,,
173778,LII,,
173783,LNI,,
173786,LMK,,
173788,LRT,,
173789,LAR,,
173793,LNI,,
173795,LFB,,
173800,LFP,,
173802,LDS,LAT,
173808,LBM,,
173809,LMK,,
173810,LNM,,
173813,LFP,,
173814,LNM,,
173815,LMT,,
173820,LMK,,
173822,LBN,,
173825,LIS,,
173826,LBM,,
173827,LNI,,
173832,LNA,,
173834,LFP,,
173835,LBN,,
173837,LRI,,
173841,LFP,,
173842,LHR,,
173845,LBM,,
173848,LEC,,
173851,LMT,LBM,
173853,LMT,,
173854,LAT,,
173856,LBM,,
173863,LIS,,
173864,LPA,,
173866,LDS,,
173871,LCN,,
173874,LNI,,
173875,LIS,,
173876,LRT,,
173877,LIM,,
173878,LFP,,
173880,LNM,,
173881,LEF,,
173882,LBC,LFB,
173887,LNM,,
173888,LII,,
173890,LQI,,
173891,LIM,,
173893,LMK,,
173900,LFA,,
173907,LEC,,
173912,LFP,,
173913,LMT,,
173914,LAT,,
173915,LBC,,
173918,LMK,,
173921,LFB,LBC,
173922,LEF,,
173924,LNM,,
173925,BIS,,
173927,LEF,,
173933,LEF,,
173936,LII,,
173937,LIV,,
173938,LRT,,
173941,LHR,,
173944,LIS,,
173946,LEC,,
173948,LIS,,
173949,LNI,,
173950,LPA,,
173952,LAT,,
173954,LMK,,
173957,LAD,,
173962,LCN,,
173965,LAT,,
173968,LQI,,
173972,LNM,,
173973,LAT,,
173983,LBC,LFB,
173989,LPT,,
173990,LCN,,
173994,LAR,,
173995,LAR,,
174000,LMT,,
174001,LMK,,
174004,LII,,
174005,LAD,,
174007,LMK,,
174012,LEC,,
174014,LAR,,
174017,LII,,
174018,LNM,,
174023,LIM,,
174029,LBM,,
174031,LBM,,
174033,LAR,,
174034,LPD,,
174042,LFB,,
174045,LAD,,
174047,LPA,,
174048,LEF,,
174049,LMT,,
174051,LRP,,
174052,LPA,,
174053,LAT,,
174062,LNI,,
174064,LAT,,
174067,LIC,,
174068,LIN,,
174069,LNM,,
174072,LPA,,
174075,LPA,,
174078,LNM,,
174080,LPA,,
174084,LBN,,
174086,LIS,,
174089,LEC,,
174090,LIM,,
174093,LIC,,
174094,LIN,,
174098,LBM,,
174100,BIY,,
174101,LFP,,
174104,LEF,,
174105,LFA,,
174107,LBC,,
174109,LAD,,
174111,LFA,,
174112,LMT,,
174117,LIS,,
174124,LAT,,
174127,LRP,,
174129,LAT,,
174131,LEF,,
174132,LPA,,
174135,LNM,,
174136,LEC,,
174137,LAD,,
174139,LNM,,
174142,LPA,,
174143,LBM,,
174144,LIS,,
174145,LIS,,
174146,LNM,,
174147,LNI,,
174149,LNA,,
174151,LNA,,
174154,LBI,,
174156,LEA,,
174160,LPA,,
174162,LNI,,
174165,LAR,,
174166,LCS,,
174167,LBN,,
174174,LAD,,
174175,LBN,,
174176,LEF,,
174177,LDS,,
174179,LAT,LDS,
174181,LMK,,
174186,LMT,,
174190,LCS,,
174191,LII,,
174193,LDE,,
174194,LEF,,
174195,LCS,,
174203,LNM,,
174207,LPA,,
174208,LNM,,
174210,LEF,,
174213,LAD,,
174215,LCS,,
174216,LNI,,
174218,LPD,,
174219,LIN,,
174220,LAR,,
174221,LIM,,
174222,LPA,,
174223,LNI,,
174225,LEF,,
174226,LIC,,
174227,LEF,,
174229,LNM,,
174235,LRT,,
174236,LNI,,
174237,LIM,,
174238,LAT,LDS,
174239,LNM,,
174240,LMK,,
174243,LRI,,
174246,LAT,,
174251,LFP,,
174256,LFP,,
174257,LDS,,
174263,LPA,,
174264,LFP,,
174267,LBI,,
174268,LND,,
174269,LCN,,
174270,LFP,,
174271,LIS,,
174272,LNM,,
174273,LCN,,
174274,LFB,,
174277,LHR,,
174278,LBM,,
174279,LNI,,
174281,LEF,,
174282,LEF,,
174283,LNI,,
174286,LPA,,
174288,LII,,
174289,LIC,,
174290,LQI,,
174291,LAT,LDS,
174293,LPA,,
174294,LAD,,
174298,LNI,,
174304,LPM,,
174305,LNA,,
174306,LFA,,
174307,LFP,,
174308,LEF,,
174312,LNM,,
174313,LQI,,
174320,LHR,,
174328,LNI,,
174329,LBM,,
174331,LEF,,
174334,LAR,,
174335,LNI,,
174336,LNI,,
174341,LAP,,
174342,LEC,,
174345,LDS,LAT,
174346,LBM,,
174348,LEF,,
174353,LEF,,
174357,LBM,LBC,
174359,LPA,,
174362,LNM,,
174364,LBN,,
174365,LIS,,
174366,LPO,,
174368,LBC,,
174370,LNA,,
174372,LBN,,
174374,LAR,,
174376,LNI,,
174377,LFP,,
174378,LIM,,
174380,LBN,,
174384,LNM,,
174385,LAT,,
174394,LCN,,
174395,LPM,,
174400,LNA,,
174405,LPA,,
174406,LBN,,
174407,LNI,,
174408,LPA,,
174409,LNI,,
174412,LAR,,
174415,LAD,,
174416,LBM,,
174417,LHR,,
174419,LEC,LFP,
174421,LNM,,
174424,LNM,,
174425,LAD,,
174427,LQI,,
174428,LMK,,
174431,LIM,,
174433,LAT,,
174440,LEF,,
174442,LBI,,
174443,LEC,LNI,
174444,LAD,LHR,
174446,LAD,,
174447,LAD,,
174453,LII,,
174454,LAT,,
174455,LMT,,
174460,LNI,,
174462,LEC,,
174463,LAD,,
174464,LNI,,
174466,LBN,,
174467,LIN,LBI,
174468,LNI,,
174470,LEC,,
174471,LIC,,
174473,LIM,,
174476,LPO,,
174481,LNI,,
174482,LAR,,
174483,LHR,,
174484,LNI,,
174485,LRI,,
174487,LAT,,
174488,LNI,,
174489,LIS,,
174491,LHR,,
174492,LNI,,
174495,LMT,,
174497,LPA,,
174498,LPO,LPA,
174499,LRP,,
174502,LHR,,
174503,LAR,,
174504,LFA,,
174506,LMK,,
174508,LFB,,
174509,LIS,,
174510,LIY,,
174511,LMK,,
174512,LMT,,
174513,LMT,,
174514,LIM,,
174516,LIC,,
174517,LMK,,
174520,LAT,,
174521,LPT,,
174523,LFP,,
174525,LIN,,
174526,LCN,,
174527,LRT,,
174528,LPT,,
174530,LMK,,
174534,LEF,,
174535,LEF,,
174539,LEC,,
174541,LCS,,
174542,LIN,,
174543,LAT,,
174544,LII,,
174545,LPM,,
174550,LMT,,
174555,LAD,,
174562,BNI,,
174567,LPM,,
174568,LIN,,
174572,LEF,,
174574,LNM,,
174577,LCN,,
174581,LII,,
174585,LBM,,
174592,LIS,,
174594,LRP,,
174595,LAT,,
174600,LFP,,
174601,LIM,,
174604,LBN,,
174612,LHR,,
174615,LDS,,
174616,LBI,,
174617,LMK,,
174618,LNA,,
174620,LBM,,
174622,LIN,,
174625,LBM,,
174626,LAT,,
174627,LAR,,
174629,LCU,,
174630,LBI,,
174631,LMK,,
174633,LQI,,
174635,LII,,
174636,LNA,,
174637,LPM,,
174638,LAR,,
174639,LII,,
174642,LBC,,
174647,LAD,,
174649,LFB,,
174652,LAR,,
174653,LIS,,
174654,LPD,,
174655,LAD,,
174657,LII,,
174660,LHR,,
174661,LFA,,
174662,LMK,,
174664,LAR,,
174666,LCS,,
174667,LHR,,
174668,LMT,,
174670,LAR,,
174672,LAD,,
174675,LII,,
174677,LAI,,
174681,LEC,,
174682,LRI,,
174684,LIM,,
174685,LIS,,
174686,LPM,,
174689,LEC,,
174690,LAT,,
174694,LII,,
174695,LAD,LMK,
174697,LBN,,
174699,LBN,,
174701,LEF,,
174702,LIS,,
174703,LNI,,
174704,LIM,,
174706,LEF,,
174707,LDS,LAT,
174708,LAT,LDS,
174709,LFB,LBC,
174711,LFP,,
174715,LQI,,
174716,LMK,,
174717,LHR,,
174718,LNI,,
174720,LMT,,
174723,LIS,,
174724,LNI,,
174725,LBI,,
174727,LMK,,
174728,LAT,,
174730,LNI,,
174733,LMK,,
174734,LFP,,
174735,LBI,,
174738,LFB,,
174739,LMR,,
174743,LAR,,
174745,LEC,,
174746,LMK,,
174748,LAD,,
174750,LPA,,
174751,LII,,
174755,LAR,,
174757,LNI,,
174758,LPA,,
174761,LRT,LMT,
174762,LDS,,
174766,LNI,,
174770,LBI,,
174771,LAT,,
174772,LRI,,
174773,LQI,,
174774,LRT,,
174775,LPA,,
174776,LAR,,
174780,LIS,,
174782,LPM,,
174783,LBM,,
174784,LRP,,
174787,LFP,,
174788,LFA,,
174789,LNI,,
174790,LIC,,
174792,LIM,,
174793,LNI,,
174795,LAR,,
174796,LBI,LBC,
174798,LMT,,
174799,LFA,,
174801,LNM,,
174803,LAT,,
174805,LPM,,
174806,LNM,,
174808,LMK,,
174810,LII,,
174812,LBI,,
174813,LEF,,
174814,LFP,,
174816,LMT,,
174819,LEF,,
174820,LEF,,
174821,LAD,LMK,
174829,LIS,,
174830,LRI,,
174831,LNI,,
174834,LNA,,
174839,LBM,,
174841,LFA,,
174842,LEF,,
174844,LEF,,
174846,LAD,,
174849,LMK,,
174853,LEF,,
174856,LFA,,
174861,LMK,,
174863,LAT,,
174864,LIC,,
174865,LAR,,
174866,LNM,,
174867,LEF,,
174868,LEF,,
174874,LAT,,
174877,LNI,,
174881,LFA,,
174882,LFB,,
174883,LPM,,
174886,LIN,,
174887,LBC,,
174891,LNI,,
174893,LMT,,
174896,LII,,
174897,LII,,
174898,LCN,,
174902,LIS,,
174910,LAR,,
174912,LAD,,
174920,LIS,,
174922,LIM,,
174924,LFA,,
174925,LBN,,
174926,LRT,LIS,
174927,LFP,,
174930,LBN,,
174935,LNI,,
174937,LPT,LRI,
174938,LAD,,
174939,LFB,,
174940,LII,,
174941,LAD,,
174943,LII,,
174945,LPA,,
174946,LAT,,
174951,BMK,,
174953,LFP,,
174954,LQI,,
174955,LNI,,
174956,LNM,,
174957,LII,,
174965,LMK,,
174966,LHR,,
174967,LRI,,
174969,LFA,,
174970,LAT,,
174973,LNI,,
174977,LII,,
174985,LBM,,
174987,LMT,,
174991,LNA,,
174992,LNI,,
174994,LNI,,
174998,LBN,LEC,
174999,LDS,,
175001,LRI,,
175008,LIS,,
175009,LMU,,
175014,LDS,,
175015,LMT,,
175016,LPO,LPA,
175021,LPM,,
175022,LAR,,
175029,LIC,,
175030,LPM,,
175032,LHR,,
175034,LAR,,
175035,LIN,LQI,
175036,LIC,,
175038,LMK,,
175039,LPM,,
175041,LIM,,
175043,LIS,,
175044,LPA,,
175046,LEC,,
175051,LBM,,
175052,LRI,,
175057,LAR,,
175060,LCN,,
175063,LAT,,
175065,LIC,,
175068,LMT,,
175069,LAT,LDS,
175070,LAR,,
175071,LCS,,
175078,LIM,,
175087,LCN,,
175092,LRT,,
175095,LPM,,
175102,LBN,,
175103,LIC,,
175104,LAD,,
175105,LNI,,
175107,LNI,,
175108,LPA,,
175109,LMT,,
175113,LQI,,
175114,LRI,,
175115,LAR,,
175122,LNI,,
175123,LAD,,
175124,LAR,,
175126,LIS,,
175127,LII,,
175129,LQI,,
175130,LPA,,
175131,LFA,,
175133,LFB,,
175137,LII,,
175140,LNM,,
175141,LEC,,
175145,LII,,
175146,LIC,,
175153,LRI,,
175154,LII,,
175155,LNI,,
175162,LBI,,
175165,LIC,,
175169,LDS,,
175171,LDS,LAT,
175172,LII,,
175173,LDS,,
175176,LFP,,
175178,LNM,,
175180,LCD,,
175181,LIM,,
175182,LIM,,
175183,LAR,,
175185,LIC,,
175187,LHR,,
175189,LNI,,
175198,LHR,,
175199,LAT,LDS,
175201,LRT,,
175202,LFP,,
175204,LEC,,
175205,LAR,,
175206,LNI,,
175211,LCD,,
175213,LPA,,
175216,LAR,,
175217,LMK,,
175219,LBN,,
175222,LRT,,
175226,LHR,,
175228,LAT,,
175232,LMK,,
175234,LII,,
175235,LEC,,
175238,LNI,,
175239,LFP,,
175241,LFP,,
175243,LBN,,
175248,LPM,,
175251,LMT,,
175254,LFA,,
175256,LIM,,
175257,LNM,,
175260,LHR,,
175261,LPM,,
175262,LMU,,
175263,LNI,,
175265,LRT,,
175272,LQI,LIN,
175276,LII,,
175277,LRT,,
175278,LEC,,
175282,LPM,,
175283,LCS,,
175284,LFP,,
175286,LPM,,
175287,LPA,,
175288,LMR,,
175289,LBN,,
175296,LIY,,
175298,LRI,,
175300,LII,,
175305,LPT,,
175308,LAT,,
175309,LBM,,
175310,LMT,,
175312,LCN,,
175314,LFP,,
175315,LFP,,
175317,LMK,,
175323,LAT,,
175327,LBN,,
175328,LMT,,
175331,LBC,,
175333,LMT,,
175334,LII,,
175335,LPA,,
175336,LBN,,
175339,LIS,,
175340,LFB,,
175341,LRP,,
175342,LRP,,
175349,LMK,,
175350,LDS,,
175353,LAD,,
175354,LMT,,
175355,LBN,,
175356,LNI,,
175357,LNM,,
175358,LII,,
175362,LAR,,
175363,LAD,,
175368,LRP,,
175370,LRI,,
175371,LMK,,
175373,LAD,,
175376,LIC,,
175381,LRI,,
175382,LAT,,
175383,LMK,,
175386,LEC,,
175387,LPT,,
175388,LMK,,
175389,LIY,,
175390,LNI,,
175393,LMT,,
175397,LAD,,
175398,LII,,
175402,LPT,LRI,
175403,LII,,
175404,LMK,,
175405,LFB,,
175406,LFA,,
175410,BBA,,
175411,LRT,,
175412,LIC,,
175413,LIS,,
175419,LBI,,
175422,LMK,,
175423,LAT,,
175424,LPA,,
175428,LNM,,
175429,LAT,,
175430,LAD,,
175433,LQI,,
175435,LBN,,
175437,LBM,,
175438,LBM,,
175439,LNM,,
175441,LIN,,
175444,LCS,,
175446,LBM,,
175447,BNI,,
175449,LIM,,
175454,LMT,LRT,
175455,LAD,,
175458,LMK,,
175464,LAR,,
175465,LIC,,
175467,LAD,,
175470,LAR,,
175471,LPM,,
175473,LHR,,
175474,LAD,,
175477,LPM,,
175479,LPA,LPO,
175480,LFA,,
175482,LAD,,
175483,LPT,LRI,
175484,LAD,,
175486,LPM,,
175488,LIV,,
175489,LAR,,
175491,LBC,,
175492,LEC,,
175497,LFB,,
175499,LNI,,
175502,LIC,,
175504,LAR,,
175505,LMK,,
175506,LCD,,
175507,LIC,,
175508,LPA,,
175512,LBM,,
175513,LMT,,
175514,LIC,,
175523,LAT,LDS,
175532,LAR,,
175533,LIM,,
175535,LAT,,
175536,LII,,
175542,LAT,,
175544,LFP,,
175545,LNM,,
175546,LAD,,
175549,LRT,,
175553,LEC,,
175554,LFA,,
175561,LCN,,
175562,LFP,,
175563,LMK,,
175570,LBN,,
175573,LEC,,
175575,LPA,,
175577,LPA,,
175581,LII,,
175582,LQI,,
175585,LNI,,
175587,LEC,,
175593,LEA,,
175596,LHR,,
175600,LAR,,
175602,LPA,,
175603,LCS,,
175605,LII,,
175606,LIC,,
175610,LIC,,
175615,LBM,,
175622,LBC,,
175623,LAD,,
175626,LDE,,
175629,LRT,,
175630,LMK,,
175634,LFP,,
175636,LAT,,
175637,LNI,,
175640,LAR,,
175641,LCS,,
175644,LAR,,
175645,LNI,,
175648,LAR,,
175649,LAR,,
175651,LIS,,
175652,LBN,,
175654,LAD,,
175655,LDS,LAT,
175657,LPA,,
175658,LNI,,
175660,LQI,,
175665,LII,,
175666,LII,,
175667,LMT,,
175670,LAR,,
175671,LNI,,
175673,LFA,,
175674,LBN,,
175675,LAR,,
175676,LAT,,
175679,LPM,,
175680,LRI,,
175681,LAR,,
175682,LPM,,
175684,LAR,,
175685,LQI,,
175688,LAD,,
175691,LQI,,
175692,LMK,,
175693,LBN,,
175694,LPA,LPO,
175697,LRI,,
175698,LIC,,
175700,LBN,,
175701,LEA,,
175706,LAD,,
175707,LFP,,
175716,LAR,,
175717,LHR,,
175719,LMT,,
175720,LRI,,
175721,LRI,,
175723,LAR,,
175726,LFP,,
175734,LRT,,
175736,LCN,,
175737,LIM,,
175741,LAR,,
175745,LRI,,
175754,LPT,LRI,
175757,LIM,,
175758,LPM,,
175759,LAD,,
175761,LAD,,
175762,LFA,,
175767,LBM,,
175769,LFP,,
175773,LRM,,
175774,LIS,,
175775,BRI,,
175776,LIN,,
175778,LCS,,
175780,LIC,,
175783,LAD,,
175785,LII,,
175787,LRT,,
175788,LPM,,
175791,LIM,,
175794,LNI,,
175796,LMT,,
175797,LBN,,
175800,LMK,,
175802,LII,,
175805,LBM,,
175806,LNI,,
175809,LNM,,
175810,LAR,,
175812,LPA,,
175814,LQI,,
175815,LCN,,
175816,LMK,,
175819,LHR,,
175820,LAD,,
175821,LFA,,
175822,BFA,,
175823,LAD,,
175824,LFA,LNM,
175826,LAT,,
175827,LBM,,
175828,LCN,,
175829,LNI,,
175830,LFP,,
175831,LII,,
175832,LIC,,
175833,LBI,,
175834,LAD,,
175835,LFA,,
175836,LFP,,
175838,LIM,,
175839,LIS,,
175843,LBM,,
175844,LAR,,
175849,LIM,,
175852,LCN,,
175853,LAR,,
175857,LPA,,
175858,LQI,,
175860,LIM,,
175861,LRI,,
175862,LRT,,
175864,LNI,,
175868,LMT,,
175869,LRP,,
175871,BQI,,
175875,LAT,,
175877,LHR,,
175880,LNI,,
175881,LIM,,
175883,LLI,,
175886,LFA,LQI,
175887,LIV,,
175888,LDS,,
175893,LMK,,
175899,LIM,,
175902,LNI,,
175903,LNM,,
175904,LMK,,
175908,LNM,,
175910,LAD,,
175911,LFP,,
175912,LNI,,
175913,LII,,
175914,LCN,,
175915,LAT,,
175919,LIC,,
175920,LCN,,
175922,LIC,,
175928,LHR,LFP,
175929,LFA,,
175935,LHR,,
175936,LHR,,
175938,LAD,,
175939,LCS,,
175941,LBM,,
175946,LAD,,
175947,LII,,
175948,LIC,,
175949,LMT,,
175951,LPA,,
175952,LNA,,
175953,LHR,,
175954,LNI,,
175955,LIC,,
175958,LMT,,
175961,LAD,,
175962,LAD,,
175963,LAR,,
175965,LBM,,
175967,LIN,,
175969,LCN,,
175970,LPM,,
175971,LAD,,
175972,LMK,,
175974,LIS,,
175976,LFP,,
175977,LPA,,
175979,LHR,,
175980,LII,,
175982,LBN,,
175984,LIS,,
175986,LCN,,
175988,LAD,,
175992,LMT,,
175993,LNI,,
175996,LII,,
175999,LBN,,
176000,LAD,,
176001,LAD,,
176002,LIS,,
176007,LFP,,
176009,LAD,,
176010,LAD,,
176012,LNI,,
176013,LIS,,
176015,LFP,,
176016,LII,,
176017,LII,,
176018,LNM,,
176019,LNI,,
176020,LNI,,
176022,LMK,,
176024,LND,,
176028,LNM,,
176031,LFP,,
176033,LFP,,
176034,LBI,,
176036,LIS,,
176039,LAD,,
176042,LAD,,
176046,LBM,,
176047,LAT,,
176048,LFP,,
176049,LNM,,
176054,LIM,,
176057,LNI,,
176058,LBM,,
176059,LRP,,
176060,LAD,,
176064,LQI,,
176068,LII,,
176070,LHR,,
176071,LBN,,
176072,LIC,,
176073,LPM,,
176074,LFA,,
176075,LIC,,
176077,LEC,,
176078,LQI,,
176081,LDE,,
176083,LAD,,
176084,LPM,LPA,
176085,LMK,,
176087,LEC,,
176088,LRP,,
176090,LNI,,
176094,LNM,,
176095,LNM,,
176096,LIV,,
176097,LNM,,
176099,LBN,,
176100,LII,,
176102,LMT,,
176103,LAT,,
176104,LRI,,
176106,LAR,,
176107,LMT,,
176108,LNI,,
176110,LIS,,
176115,LBN,,
176116,LBM,,
176117,BMK,,
176119,LRI,,
176120,LCN,,
176123,LHR,,
176126,LAD,,
176127,LIY,,
176128,LIS,,
176129,LAT,,
176132,LII,,
176135,LIC,,
176137,LAR,,
176138,LFB,,
176140,LNI,,
176142,LAR,,
176144,LIS,,
176147,LAR,,
176148,LRT,,
176153,LNM,,
176156,LBN,,
176164,LAD,,
176165,LFP,,
176168,BMK,,
176169,LII,,
176170,LBN,,
176174,LCN,,
176176,LMK,,
176178,LAD,,
176180,LMK,,
176181,LBM,,
176182,LIC,,
176184,LNI,,
176185,LFP,,
176187,LQI,,
176188,LAD,,
176189,LII,,
176190,LFP,,
176192,LIS,,
176193,LRI,,
176194,LMK,,
176200,LFA,,
176202,LII,,
176203,LAR,,
176205,LFP,,
176206,LII,,
176211,LBM,,
176212,LPM,,
176216,LFP,,
176220,LIS,,
176225,LMT,,
176229,LRI,,
176231,LPA,,
176232,LMT,,
176236,LFP,,
176237,LFA,,
176238,LAD,,
176241,LII,,
176243,LIS,,
176244,LBM,,
176245,LFP,,
176247,LNM,,
176249,LQI,,
176251,LRP,,
176255,LMK,,
176257,LNI,,
176258,LMK,,
176266,LBN,,
176268,LCU,,
176269,LIY,,
176270,BNI,,
176271,LPA,,
176274,LRI,,
176275,LMT,,
176276,LIS,,
176277,LEA,,
176278,LAD,,
176283,LHR,,
176285,LIC,,
176287,LMK,,
176289,BNI,,
176290,LIS,,
176291,LFA,,
176294,LPM,,
176296,LAR,,
176301,LMK,,
176304,LQI,,
176306,LEF,,
176314,LBI,,
176316,LFP,,
176317,LAR,,
176318,LEC,,
176319,LPM,,
176320,LAD,,
176326,LHR,,
176327,LIN,,
176329,LQI,,
176338,LAD,,
176343,LMK,,
176345,LNI,,
176347,LAD,,
176348,LMK,,
176354,LMT,,
176355,LRM,,
176357,LMK,,
176363,LMT,,
176364,LIM,,
176365,BFP,,
176366,LMK,,
176369,LEF,,
176370,LFP,,
176371,LIS,,
176378,LAR,,
176384,LDS,,
176387,LAD,,
176409,LAD,,
176410,LCN,LBC,
176411,LAR,,
176413,LEC,,
176415,LII,,
176422,LAD,,
176424,LFA,,
176425,LBI,,
176430,LRI,,
176432,LBI,,
176433,LIM,,
176435,LBN,,
176438,LFP,,
176446,LEC,,
176447,LEC,LFP,
176452,LNI,,
176453,LMK,,
176461,LIC,,
176465,LPA,,
176467,LNM,,
176468,LAT,LDS,
176469,LAR,,
176474,LIS,,
176571,LAT,,
176573,LEF,,
176575,LFB,,
176578,LEF,,
176581,LRT,,
176589,LNI,,
176593,LCN,,
176597,LPM,,
176599,LHR,,
176600,LAT,,
176604,LPT,,
176607,LNI,,
176615,LBN,,
176616,LCN,,
176617,LFP,,
176624,LBI,,
176625,LMK,,
176626,LIS,,
176627,BBM,,
176630,LAR,,
176632,LIN,,
176633,LFP,,
176634,LFP,,
176635,LNA,LQI,
176637,LEC,,
176639,LAD,,
176640,LAD,,
176641,LMK,,
176642,LIN,,
176644,LIO,,
176645,LMU,,
176646,LNI,,
176647,LAT,,
176648,LIC,,
176651,LND,,
176652,LII,,
176655,LAD,,
176657,LAD,,
176658,LQI,,
176659,LFA,,
176660,LMT,,
176661,LBC,,
176662,LIS,,
176663,LMT,,
176664,LNI,,
176665,LND,,
176666,LNI,,
176671,LPD,,
176672,LHR,,
176673,LNI,,
176675,LAR,,
176676,LIC,,
176678,LII,,
176679,LIM,,
176681,LNI,,
176682,LBM,,
176684,LDE,,
176692,LAD,,
176693,LAR,,
176694,LCN,,
176697,LBC,,
176710,LIN,LQI,
176715,LIC,,
176719,LFB,LBC,
176720,LFB,,
176722,LMK,,
176726,LIS,,
176729,LRM,,
176733,LNI,,
176734,LAR,,
176735,LMK,,
176747,LNI,,
176752,LEC,,
176761,LFP,,
176767,LPA,,
176768,LAD,,
176770,LDS,,
176778,LIY,,
176789,LFA,,
176794,LPA,,
176802,LBN,LEC,
176811,LAR,,
176815,LRI,,
176817,LPA,,
176820,LAT,,
176823,LBI,,
176832,LBM,,
176834,LBI,,
176837,LAT,,
176838,LCN,,
176839,LNI,,
176840,LNI,,
176845,LIC,,
176847,LIS,,
176860,LMK,,
176863,LFB,,
176865,LAT,,
176867,LIS,,
176877,LPA,,
176879,LNM,,
176880,LIS,,
176881,LIN,,
176884,LHR,,
176891,LBC,,
176894,LMT,,
176895,LIS,,
176896,LRT,,
176898,LFB,,
176899,LBN,,
176900,LRT,,
176902,LBC,,
176906,LNM,,
176907,LRT,,
176916,LNI,,
176918,LHR,,
176919,LBN,LAD,
176926,LIS,LMT,
176927,LNI,,
176933,LAT,,
176934,LLI,,
176938,LFB,,
176941,LAR,,
176942,LNEM,,
176945,LMK,,
176949,LAR,,
176951,LIN,,
176957,LDS,,
176963,LPA,,
176967,LEC,,
176977,LAP,,
176978,LFB,LBC,
176979,LPA,,
176981,LAT,,
176988,LAR,,
176990,LCS,,
176991,LFB,LBC,
176993,LAD,,
176997,LII,,
176998,LRI,,
177003,LRI,,
177004,LNA,,
177007,LAR,,
177011,LAD,,
177017,LPM,,
177018,LAR,,
177020,LIS,,
177021,LII,,
177025,LIC,,
177038,LFB,,
177040,LAT,,
177044,LBI,,
177048,LCS,,
177050,LBN,,
177051,BNA,,
177052,LAT,,
177054,LPD,,
177060,LNI,,
177067,LBN,,
177068,LIS,,
177069,LAT,,
177071,BMT,,
177072,LMK,,
177073,LNA,,
177078,LMK,,
177081,LHR,,
177085,LPA,,
177087,LNM,,
177089,LNI,,
177091,LAR,,
177093,LIS,,
177095,LCN,,
177096,LMK,,
177098,LBI,,
177100,LNM,,
177107,LBC,,
177108,LIC,,
177111,LAD,,
177114,LIM,,
177117,LCS,,
177119,LRT,,
177121,LCS,,
177125,LPM,,
177129,LPM,,
177130,LBM,,
177132,LBC,,
177137,LAP,,
177140,LAR,,
177141,LBN,,
177143,LRT,,
177145,LFA,,
177146,LAT,LBN,
177148,LII,,
177153,LAD,,
177156,LPD,,
177167,LNM,LFB,
177172,LHR,,
177173,LIS,,
177174,LFP,,
177177,LMK,,
177178,LIS,,
177180,LIS,,
177186,LAD,,
177191,LNI,,
177194,LII,,
177195,LDS,,
177200,LRI,,
177202,LFP,,
177206,LBM,,
177208,LNI,,
177212,LRT,,
177217,LAT,,
177218,LFP,,
177219,LFP,,
177220,LAT,,
177221,LBN,,
177223,LBC,,
177224,LPO,,
177225,LPA,,
177226,LPM,,
177227,LBI,,
177228,LIM,,
177229,LPA,,
177230,LII,,
177231,LMT,,
177232,LQI,,
177233,LAD,,
177236,LAR,,
177237,LBN,,
177240,LPA,,
177241,LFP,,
177244,LBM,,
177247,LNI,,
177249,LFP,,
177250,LAR,,
177251,LAR,,
177252,LBN,,
177253,LBM,,
177254,LFA,,
177260,LRI,,
177261,LRP,,
177280,LDE,,
177282,LCN,,
177283,LFB,,
177284,LRP,,
177286,LBN,,
177287,LBI,,
177290,LMT,,
177291,LIS,,
177292,LAD,,
177294,LPD,,
177295,LNM,,
177299,LBM,,
177300,LRM,,
177302,LIY,,
177303,LPT,LRI,
177305,LNM,,
177306,LQI,,
177307,LNI,,
177309,LAR,,
177311,LBM,,
177312,LFP,,
177313,LNI,,
177314,LEA,,
177315,LIS,,
177316,LDE,,
177318,LNM,,
177319,LBN,,
177320,LMK,,
177325,LAT,,
177326,LCN,,
177327,LII,,
177328,LBC,LFB,
177329,LAR,,
177331,LFP,,
177337,LBM,,
177339,LBI,,
177341,LRT,,
177342,LII,,
177343,LII,,
177345,LBM,,
177346,LAT,,
177347,LRT,,
177349,LAR,,
177350,LNM,,
177351,LNM,,
177352,LHR,,
177354,LIC,,
177355,LIC,,
177357,LDS,,
177359,LNM,,
177361,LBI,,
177363,LBI,,
177364,LFP,,
177365,LMK,,
177366,LIS,,
177367,LFA,,
177368,LNI,,
177369,LII,,
177370,LNM,,
177378,LEC,,
177379,LII,,
177381,LCN,,
177382,LDS,LAT,
177384,LEC,,
177385,LBI,,
177389,LNI,,
177391,LCS,,
177392,LNI,,
177393,LBC,LFB,
177395,LNI,,
177396,LBM,,
177398,LRP,,
177400,LLI,,
177401,LFA,,
177405,LPM,,
177406,LDS,,
177408,LAR,,
177410,LBM,,
177411,LEA,,
177412,LFP,,
177413,LQI,,
177414,LMK,,
177418,LNI,,
177419,LMT,,
177423,LMK,,
177427,LII,,
177428,LAR,,
177429,LDS,,
177431,LII,,
177432,LPA,,
177434,LBI,,
177436,LMT,,
177438,LIM,,
177439,LFP,,
177441,LEC,,
177442,LIS,,
177443,LFP,,
177444,LQI,,
177446,LMT,,
177447,LPM,,
177452,LBN,,
177453,LII,,
177459,LNM,,
177460,LRP,,
177462,LAT,,
177463,LPA,LPO,
177464,LPA,,
177465,LBM,,
177471,LAD,,
177472,LQI,,
177473,LPA,,
177475,LPA,,
177478,LIS,,
177484,LPM,,
177485,LMT,,
177492,LFB,,
177497,LPO,,
177498,LPT,LRI,
177504,LCN,,
177505,LIM,,
177506,LNI,,
177512,LBN,,
177515,LNA,,
177516,LIS,,
177519,LFA,,
177520,LPM,,
177521,LQI,,
177523,LRT,,
177524,LMK,,
177525,LCS,LII,
177526,LMK,,
177528,LIY,,
177531,LAI,,
177533,LBM,,
177534,LPM,,
177536,LRP,,
177539,LBC,,
177542,LNI,,
177543,LAR,,
177544,LPM,,
177545,LAR,,
177546,LBC,,
177555,LIY,,
177556,LPM,,
177558,LAD,,
177559,LBI,,
177564,LII,,
177565,LBI,,
177566,LII,,
177571,LFB,,
177578,LPM,,
177580,LAT,,
177581,LAT,,
177584,LNI,,
177586,LBI,,
177587,LEC,,
177593,LIM,,
177594,LAR,,
177595,LAD,,
177597,LRI,,
177599,LPA,,
177600,LCN,,
177601,LDE,,
177603,LNI,,
177604,LAR,,
177605,LBI,,
177607,LAR,,
177610,LRI,,
177611,LNI,,
177613,LIS,,
177615,LCN,,
177617,LPA,,
177618,LNI,,
177619,LAI,,
177622,LNI,,
177624,LII,,
177625,LRI,,
177626,LDS,,
177627,LMK,,
177628,LRT,,
177629,LMT,,
177632,LBM,,
177635,LMT,,
177637,LBM,,
177642,LFB,,
177645,LCN,,
177648,LII,,
177649,LEC,,
177650,LIN,,
177653,LHR,,
177658,LAD,,
177659,LIV,,
177660,LNI,,
177661,LMK,,
177664,LQI,,
177666,LRI,,
177668,LBI,,
177670,LCS,,
177671,LFP,,
177674,LNM,,
177677,LAD,,
177678,LRI,,
177679,LFP,,
177680,LIS,,
177681,LCS,,
177682,LCN,,
177683,LPA,LPD,
177685,LAD,,
177686,LFB,LBC,
177692,LPM,,
177699,LBN,,
177700,LFP,,
177704,LRP,,
177705,LAT,,
177706,LFP,,
177708,LMK,,
177709,LAD,,
177711,LBI,,
177713,LPT,,
177714,LFP,,
177715,LII,,
177717,LCN,,
177719,LAR,,
177721,LMT,,
177723,LMT,,
177724,LFP,,
177726,LFP,,
177727,LPM,,
177729,LHR,,
177730,LIS,,
177732,LBC,LNM,
177734,LAT,,
177736,LNI,,
177737,LIM,,
177740,LAR,,
177741,LBN,,
177746,LPM,,
177747,LNI,,
177753,LAD,,
177754,LPA,,
177757,LNM,,
177761,LFB,LBC,
177763,LNI,,
177766,LAT,,
177767,LRT,,
177768,LBN,,
177772,LNI,,
177773,LAT,,
177777,LAR,,
177779,LAD,,
177782,LMK,,
177785,LPA,,
177787,LAR,,
177788,LII,,
177790,LNI,,
177793,LPM,,
177794,LFP,,
177796,LFB,,
177798,LDS,,
177799,LIM,,
177800,LDS,,
177801,LII,,
177804,LCN,,
177808,LIS,,
177810,LAR,,
177811,LAD,,
177815,LPA,,
177818,LPA,,
177820,LNI,,
177823,LAD,,
177824,LFP,,
177825,LII,,
177826,LMT,,
177827,LBM,,
177828,LII,,
177829,LPM,,
177837,LHR,,
177838,LIM,,
177839,LAD,,
177840,LFP,,
177841,LIC,,
177844,LFP,,
177847,LBM,,
177848,LBN,,
177850,LAT,,
177851,LII,,
177852,LIS,,
177853,LPM,,
177856,LCN,,
177859,LFA,,
177860,LAT,LDS,
177862,LBI,,
177863,LAD,,
177871,LMT,,
177873,LTE,,
177877,LIC,,
177879,LPA,,
177882,LPT,,
177884,LAR,,
177885,LAR,,
177886,LMT,,
177887,LAD,,
177888,LPA,,
177893,LAD,,
177894,LNI,,
177898,LAT,,
177900,LNM,,
177901,LPM,LRP,
177902,LRT,,
177904,LNI,,
177907,LAR,,
177908,LII,,
177910,LMT,,
177911,LHR,,
177913,LNI,,
177914,LPA,LPO,
177915,LNI,,
177917,LNA,LCN,
177921,LCN,,
177923,LBN,,
177931,LBM,LBC,
177933,LPA,,
177936,LAT,,
177944,LBI,,
177945,LMU,,
177946,LIM,,
177947,LFB,LBC,
177949,LCN,,
177950,LNM,,
177953,LDS,,
177959,LAR,,
177961,LAD,,
177962,LIS,,
177965,LCS,LII,
177966,LMT,,
177967,LHR,,
177968,LBN,,
177973,LBC,LFB,
177974,LNM,,
177980,LNM,,
177981,LIM,,
177983,LNI,,
177985,LAT,,
177987,LBM,,
177989,LMR,,
177991,LPM,,
177992,LPA,,
177994,LII,,
177997,LHR,,
177999,LIM,,
178000,LMK,,
178002,LIS,,
178004,LIS,,
178005,LNI,,
178006,LIM,,
178009,LNM,,
178011,LNI,,
178012,LAD,,
178013,LPD,,
178016,LQI,,
178017,LBN,,
178018,LFB,,
178022,LNI,,
178025,LBN,,
178026,LMT,,
178027,LNI,,
178028,LNM,,
178031,LBM,,
178032,LIN,,
178034,LIS,,
178035,LMK,,
178036,LPM,,
178038,LBN,,
178039,LBM,,
178040,LNI,,
178041,LPA,,
178045,LPA,,
178051,LMK,,
178054,LIS,,
178055,LQI,,
178056,LAD,,
178059,LPM,,
178061,LMK,,
178062,LMT,,
178065,LAR,,
178068,LAD,,
178070,LBM,,
178071,LAR,,
178073,LFB,,
178076,LAD,,
178077,LRT,,
178080,LIS,,
178082,LBN,,
178083,LIC,,
178084,LBI,,
178085,LBC,LFB,
178090,LPA,,
178092,LHR,,
178094,LBC,,
178096,LPA,,
178100,LMT,,
178103,LCN,,
178104,LBM,,
178108,LMT,,
178115,LAR,,
178118,LAD,,
178120,LAT,,
178123,LEA,,
178124,LPA,,
178125,LRP,LPM,
178127,LFB,,
178130,LII,,
178131,LPA,,
178132,LAD,,
178134,LFA,,
178135,LFP,,
178136,LPA,,
178139,LIS,,
178141,LFP,,
178142,LHR,,
178145,LIS,,
178148,LIM,,
178149,LFP,,
178152,LAD,,
178161,LFB,,
178162,LAD,,
178167,LMK,,
178168,BBA,,
178169,LAR,,
178170,LMK,,
178171,LIM,,
178178,LHR,,
178179,LFP,,
178180,LPA,,
178181,LAD,,
178182,LIC,,
178184,LFP,,
178187,LIC,,
178189,LPO,,
178190,LDS,,
178191,LPM,,
178192,LDS,,
178193,LBI,,
178194,LAD,,
178195,LMK,,
178196,LFP,,
178197,LBN,,
178198,LII,,
178200,LMK,,
178203,LAD,,
178204,LBM,,
178205,LFP,,
178207,LBM,,
178209,LRI,,
178214,LNI,,
178219,LNI,,
178222,LNA,,
178223,LAR,,
178226,LIS,,
178228,LHR,,
178230,LNM,,
178231,LNM,LDS,
178234,LAD,,
178235,LBN,,
178237,LII,,
178239,LFB,,
178241,LIC,,
178246,LIM,,
178251,LAR,,
178254,LAT,,
178256,LIN,,
178257,LCU,,
178258,LRI,,
178260,LEC,LEA,
178261,LRT,,
178264,LFP,,
178265,LCN,,
178270,LCN,,
178271,LAD,,
178272,LAT,,
178274,LNI,,
178278,LAD,,
178294,LBI,,
178296,LRT,,
178297,LHR,,
178301,LIM,,
178305,LCU,,
178306,LEC,,
178308,LPM,,
178311,LAR,,
178312,LPA,,
178313,LQI,,
178316,LII,,
178317,LMT,,
178320,LNI,,
178322,LIM,,
178324,LFP,,
178325,LAT,,
178326,LAD,,
178332,LAR,LIC,
178334,LIM,,
178335,LAD,,
178337,LPA,,
178338,LAD,,
178339,LFP,,
178340,LAD,,
178341,LRI,,
178343,LAD,,
178344,LDE,,
178346,LMK,,
178347,LPA,,
178348,LII,,
178350,LAD,,
178351,LBN,,
178353,LIS,,
178365,LNM,,
178368,LMT,,
178371,LAT,LDS,
178373,LNI,,
178375,LBN,,
178377,LII,,
178379,LFP,,
178380,LNA,,
178381,LPT,LRI,
178383,LNMM,,
178384,LBI,,
178385,LRI,,
178386,LNI,,
178388,LEC,,
178389,LIM,,
178393,LNI,,
178399,LAR,,
178402,LIY,,
178405,LIS,,
178407,LIC,,
178410,LAR,,
178412,LII,,
178413,LIM,,
178415,LPM,,
178417,LFP,,
178418,LIN,,
178419,LFP,,
178421,LRP,,
178422,LBC,,
178424,LFA,,
178425,BBA,,
178429,LAR,,
178431,LMT,,
178432,LBM,,
178433,LNM,,
178436,LIM,,
178438,BEC,,
178439,LNI,,
178440,LBI,,
178441,LPD,LPA,
178442,LIN,,
178444,LFP,,
178445,LAR,,
178447,LAD,,
178448,LIS,,
178453,LIC,,
178458,LAD,,
178462,LIC,,
178463,LII,,
178468,LIS,,
178469,LPA,,
178470,LIS,,
178473,LDE,,
178474,LIM,,
178475,LRT,,
178478,LEC,,
178479,LIS,,
178480,LPA,,
178481,LFP,,
178483,LBN,,
178484,LEA,,
178485,LBN,,
178486,LCN,,
178492,LHR,,
178494,LAD,,
178498,LNI,,
178500,LMK,,
178501,LNM,,
178504,LCN,,
178508,LFP,,
178510,LIM,,
178511,LMT,,
178513,BFP,,
178514,LMK,,
178517,LPA,,
178518,LNA,,
178519,LCN,,
178520,LBN,,
178523,LBN,,
178524,LPA,,
178528,LIC,,
178529,LAT,,
178530,LIS,,
178533,LAR,,
178535,LNA,,
178538,LRI,,
178541,LHR,,
178547,LAD,,
178554,LBI,,
178558,LAR,,
178561,LFB,,
178563,LAD,,
178567,LAD,,
178569,LPM,,
178574,LIS,,
178577,LAD,,
178585,LAT,,
178587,LCN,,
178588,LAR,,
178592,LAR,,
178596,LIM,,
178604,LII,,
178606,LBN,,
178607,LIS,,
178611,LMK,,
178613,LBI,,
178616,LFB,,
178618,LPM,,
178622,LBN,,
178624,LPM,,
178629,LFB,,
178632,LBN,,
178633,LRT,,
178634,LDE,,
178636,LMK,,
178638,LND,,
178639,LMT,,
178645,LDS,,
178646,LBN,,
178647,LNI,,
178648,LQI,,
178649,LQI,,
178650,LRP,,
178652,LAD,,
178654,LCN,,
178656,LFA,,
178658,LQI,,
178661,LCS,,
178663,LNI,,
178664,LFP,,
178665,LAD,,
178666,LHR,,
178673,LBI,,
178676,LAR,,
178677,LMK,,
178680,LII,,
178681,LIS,,
178682,LFP,,
178689,LNI,,
178690,LAD,LFP,
178694,LII,,
178696,LIS,,
178698,LII,,
178703,LCU,,
178706,LNA,,
178710,LAR,,
178713,LMK,,
178715,LPD,,
178716,LFA,,
178717,LFB,,
178718,LIY,,
178720,LMK,,
178728,LAD,,
178731,LFP,,
178732,LII,,
178734,LCS,,
178735,LNI,,
178740,LPA,,
178742,LAD,,
178744,LRI,,
178748,LIM,,
178750,LCS,LII,
178751,LEC,,
178753,LII,,
178754,LNI,,
178756,LIS,,
178758,LBN,,
178760,LEC,,
178762,LPM,,
178764,LMT,,
178766,LIC,,
178769,LAR,,
178771,LII,,
178772,LHR,,
178774,LMK,,
178775,LFP,,
178777,LMK,,
178779,LNI,,
178781,LIC,,
178787,LMK,,
178788,LBN,,
178789,LAR,,
178790,LPA,LPO,
178805,LAD,,
178806,LNI,,
178807,LQI,,
178808,LAD,,
178814,LQI,,
178823,LIS,,
178824,LMT,,
178837,LCN,,
178838,LBN,,
178840,LNI,,
178841,LBN,,
178848,BAR,LAR,
178850,LAD,,
178855,LMK,,
178857,LAI,,
178859,LPD,,
178860,LCN,,
178862,LBN,,
178866,LMK,,
178871,LBN,,
178877,LND,,
178878,LFA,,
178880,LPM,,
178894,LFB,,
178897,LNI,,
178902,LNI,,
178903,LMT,,
178905,LRT,,
178906,LPA,,
178907,LPM,,
178914,LRP,,
178915,LBN,,
178917,LHR,,
178919,LIS,,
178924,LMK,,
178926,LNI,,
178928,LEC,,
178930,LPA,,
178932,LNI,,
178933,LPA,,
178934,LBN,,
178938,LPD,,
178941,LAD,,
178948,LAR,,
178952,LMK,,
178954,LAR,,
178960,LAD,,
178961,LNM,,
178964,LPA,,
178966,LAD,,
178972,LAD,,
178973,LIM,,
178974,LMK,,
178975,LPA,,
178976,LAD,,
178977,LPA,,
178982,LNI,,
178983,LEC,,
178985,LAR,,
178986,LPM,,
178987,LAR,,
178990,LMT,,
178991,LBN,,
178992,LIY,,
178996,LAR,,
178997,LND,,
178998,LHR,,
178999,LIC,,
179000,LFP,,
179001,LPA,,
179003,LIS,,
179006,LIS,,
179010,LIM,,
179011,LQI,,
179012,LCN,,
179013,LAD,,
179014,LRP,,
179016,LIC,,
179017,LDS,,
179021,LFA,,
179024,LHR,,
179027,LII,,
179028,LII,,
179030,LBI,,
179031,LNM,,
179032,LAD,,
179037,LPA,,
179038,LAP,,
179041,LAD,,
179043,LPD,,
179047,LMK,,
179051,LII,,
179052,LPA,,
179055,LIS,,
179061,LAR,,
179062,LNM,,
179063,LPA,,
179064,LMT,,
179066,LMT,,
179068,LFP,,
179069,LBN,,
179070,LCN,,
179073,LBI,,
179075,LRI,,
179084,LAT,,
179090,LNI,,
179096,LAT,,
179100,LNI,,
179101,LMT,,
179109,LAD,,
179110,LBN,,
179111,LAT,,
179112,LCS,,
179116,LPA,,
179117,LMT,,
179119,LIM,,
179120,LMT,,
179121,LHR,,
179124,LNI,,
179127,LAR,,
179130,LPO,,
179132,LMK,,
179134,LBN,,
179137,LCN,,
179139,LPO,LPA,
179142,LBI,,
179146,LBN,,
179149,LIS,,
179150,LAD,,
179152,LIN,,
179154,LDS,LAT,
179155,LCN,,
179166,LAD,,
179173,LIS,,
179174,LDS,LBI,
179180,INT,,
179182,LNM,,
179186,LAD,,
179188,LBI,,
179189,LFP,,
179191,LII,,
179193,LIC,,
179194,LHR,,
179195,LAD,,
179196,LNI,,
179198,LAT,,
179207,LPO,,
179211,LDS,,
179212,LPT,,
179216,LRI,LPT,
179217,LBN,,
179219,LPM,,
179221,LNI,,
179232,LEC,,
179234,LIS,,
179237,LNI,,
179248,LPM,,
179250,LAR,,
179252,LAD,,
179253,LHR,,
179258,LPA,LPO,
179260,LMK,,
179262,LCN,,
179263,LBI,,
179264,LQI,,
179273,LRI,,
179278,LFB,,
179279,LAD,,
179280,LAT,,
179282,LPA,,
179283,LAT,,
179284,LIM,,
179298,LAR,,
179302,LPO,,
179311,LRI,,
179313,LPA,,
179314,LIC,,
179316,LIS,,
179317,LFP,LNI,
179318,LBN,,
179320,LPA,,
179321,LPA,LPO,
179327,LNI,,
179328,LNI,,
179331,LIY,,
179332,LII,,
179342,LRI,,
179343,LRI,,
179347,LAT,,
179348,LIM,LII,
179349,LEC,,
179350,LMT,,
179351,LPA,,
179363,LRI,,
179367,LFP,,
179373,LII,,
179374,LPA,,
179377,LPM,,
179382,LCN,,
179383,LQI,,
179385,LAR,,
179386,LAT,,
179388,LIS,,
179389,LNI,,
179391,LBNM,,
179392,LFP,,
179396,LAT,,
179397,LMT,,
179400,LFP,,
179401,LFP,,
179410,LBC,,
179411,LIM,,
179413,LII,,
179415,INT,,
179420,LBI,,
179421,LIN,,
179422,LAT,LDS,
179423,LHR,,
179425,LAD,,
179427,LFB,,
179429,LAT,,
179430,LDS,LAT,
179431,LII,,
179438,LDS,,
179444,LAR,,
179445,LPD,,
179448,LAD,,
179453,LMK,,
179454,LMK,,
179455,LBI,,
179456,LAR,,
179457,LMK,,
179458,LPA,,
179459,LDS,,
179469,LBN,,
179471,LAT,LDS,
179472,LNI,,
179474,LNM,,
179476,LNM,,
179477,LIM,,
179478,LNI,,
179479,LBN,,
179480,LBI,,
179484,LNI,,
179486,LHR,,
179487,LPM,,
179493,LIM,,
179495,LAD,,
179496,LRI,,
179498,LAD,,
179499,LRI,,
179502,LPA,,
179507,LCN,,
179510,LFP,,
179513,LAT,,
179517,LAR,,
179522,LPT,,
179523,LNI,,
179525,LPA,,
179535,LAD,,
179541,LAD,,
179542,LNI,,
179543,LIS,,
179545,LMK,,
179546,LFP,,
179548,LNI,,
179552,LMT,,
179553,LNI,,
179554,LMT,,
179558,LRP,,
179559,LBN,,
179560,LBI,,
179561,LRI,,
179562,LAR,,
179565,LRI,,
179568,LPO,,
179569,LIS,,
179571,LAR,,
179572,LAR,,
179575,LIS,,
179581,LPA,,
179583,LQI,,
179588,LBM,,
179589,LAT,,
179594,LMT,,
179595,LBN,,
179598,LBM,,
179599,LQI,,
179600,LIM,,
179601,LNI,,
179604,LHR,,
179605,LBI,,
179613,LMT,LBM,
179614,LAD,,
179615,LMT,,
179618,LAD,,
179619,LPA,,
179620,LMT,,
179621,LDS,,
179622,LMK,,
179623,LRI,LPT,
179627,LBC,,
179629,LAR,,
179630,LAR,,
179631,LMT,,
179636,LPT,,
179637,LNI,,
179639,LAR,,
179644,LII,,
179645,LRI,LRP,
179647,LAT,,
179648,LCN,,
179650,LPM,,
179651,LFP,,
179653,LBM,,
179654,LNM,,
179656,LBM,,
179657,LPA,,
179660,LBM,,
179661,LBM,,
179662,LII,,
179663,LFP,,
179667,LBN,,
179668,LCS,,
179673,LNI,,
179674,LII,,
179675,LEC,,
179677,LPA,,
179678,LNI,,
179681,LAD,,
179685,LRI,,
179690,LNI,,
179691,LCS,,
179693,LIM,,
179695,LIM,,
179698,LII,,
179699,LEA,,
179703,LBN,,
179704,LBN,,
179707,LAR,,
179711,LFP,,
179714,LAD,,
179716,LII,,
179717,LIS,,
179718,LAT,,
179721,LIY,,
179725,LMT,,
179729,LMK,,
179730,LBM,,
179732,LMT,,
179734,LBN,,
179737,LHR,,
179738,LMK,,
179743,LMK,,
179744,LPA,,
179751,LPA,,
179753,LAR,,
179757,LNI,,
179760,LNI,,
179761,LCS,,
179763,LIS,,
179766,LIM,,
179767,LFA,,
179768,LFA,,
179781,LPD,,
179782,LPA,,
179783,LMK,,
179784,LBM,,
179788,LIS,,
179791,LNI,,
179794,LPA,,
179795,LAT,,
179796,LPA,,
179797,LAR,,
179800,LAR,,
179802,LMT,,
179805,LMT,,
179812,LFB,LBC,
179815,LCS,,
179818,LPA,,
179819,LRI,,
179820,LMK,,
179821,LPA,,
179824,LMK,,
179827,LRI,,
179828,LRT,,
179829,LNI,,
179830,LII,,
179831,LPM,,
179833,LMK,,
179834,LMK,,
179841,LPD,,
179842,LIS,,
179843,LAT,,
179844,LNI,,
179846,LMT,,
179848,LNI,,
179853,LIS,,
179857,LPA,LPO,
179860,LMT,,
179867,LPA,,
179868,LCN,,
179869,LPD,,
179870,LNI,,
179871,LFB,LBC,
179872,LIS,,
179874,LAR,,
179878,LAT,LDS,
179879,LMT,,
179882,LFP,LAT,
179883,LAT,,
179886,LPA,,
179887,LIV,,
179888,LFP,,
179889,LAD,,
179890,LNI,,
179891,LPA,,
179892,LMT,,
179893,LNI,,
179894,LAD,,
179897,LRI,,
179898,LBN,,
179899,LAD,,
179902,LBN,,
179904,LCN,,
179908,LFP,,
179911,LAT,,
179915,LIS,,
179916,LAD,,
179918,LBM,,
179921,LIS,,
179926,LNM,,
179927,LPA,,
179930,LBI,,
179933,LIC,,
179935,LBC,,
179938,LIS,,
179939,LMT,,
179940,LIS,,
179941,LIS,,
179942,LNM,,
179943,LAT,,
179944,LAD,,
179946,LNM,,
179950,LAR,,
179955,LCS,,
179957,LQI,,
179958,LAT,LDS,
179961,LMK,,
179962,LMT,,
179965,LAR,,
179975,LAD,,
179979,LBI,,
179980,LII,,
179986,LBC,LFB,
179990,LRI,,
179992,LFA,,
179993,LHR,,
179995,LPA,,
179999,LCS,LII,
180003,LRI,,
180012,LBN,,
180013,LNI,,
180014,LPM,,
180016,LAD,,
180018,LAD,,
180020,LRP,,
180023,LEC,,
180024,LIC,,
180027,LAT,,
180030,LAT,,
180031,LNM,,
180033,LII,,
180036,LFB,,
180040,LFP,,
180043,LAD,,
180044,LFB,,
180047,LBN,,
180048,LAR,,
180061,LAR,,
180062,LRI,LRM,
180063,LBM,,
180064,LBC,,
180067,LCN,,
180068,LAT,LDS,
180069,LII,,
180071,LPA,,
180073,LFP,,
180075,LII,,
180078,LBM,,
180082,LNI,,
180083,LMK,,
180086,LIS,,
180092,LAR,,
180093,LPA,,
180105,LII,,
180106,LAD,,
180110,LCD,,
180111,LFP,,
180119,LQI,,
180120,LBN,,
180122,LII,,
180127,LNI,,
180131,LEC,,
180134,LFB,,
180135,LBM,,
180137,LIS,,
180138,LII,,
180139,LMK,,
180140,LBC,,
180143,LRI,,
180147,LII,,
180148,LBM,,
180152,LPM,,
180154,LNI,,
180155,LAT,,
180156,LBN,,
180157,LNI,,
180160,LII,,
180165,LMT,LCS,
180166,LFA,,
180168,LPA,,
180171,LFP,,
180172,LII,,
180175,LIS,,
180177,LMK,,
180179,LBN,,
180183,LAD,,
180186,LCN,,
180187,LII,,
180189,LAR,,
180191,LAT,,
180196,LAT,,
180198,LMT,,
180200,LIS,,
180202,LAT,LDS,
180206,LPA,LPO,
180207,LBI,,
180208,LAR,,
180210,LNA,,
180211,LPT,LRI,
180213,LMK,,
180214,LAD,,
180215,LNM,,
180216,LAR,,
180218,LPM,,
180220,LIS,,
180222,LCS,,
180224,LIC,,
180232,LBI,,
180236,LAT,,
180239,LAR,,
180242,LNA,,
180246,LCN,,
180247,LIS,,
180253,LBN,,
180255,LQI,,
180259,LIS,LMT,
180263,LBM,,
180264,LPA,,
180268,LBC,,
180269,LRP,,
180270,LFP,,
180271,LAT,,
180275,LPD,,
180277,LBM,,
180279,LAR,,
180282,LNI,,
180285,LRI,,
180286,LAD,,
180288,LEC,,
180290,LMT,,
180293,LIS,,
180295,LAT,,
180296,LDS,,
180301,LDS,,
180302,LQI,,
180303,LIC,,
180308,LPA,LPO,
180312,LIM,,
180315,LEC,,
180316,LMK,,
180317,LFA,,
180318,LAR,,
180320,LFP,,
180321,LBC,,
180324,LHR,,
180325,LII,,
180327,LMK,,
180331,LNI,,
180332,LPA,LPO,
180333,LAT,,
180335,LAD,,
180336,LBN,,
180344,LNM,,
180346,LAT,,
180347,LMT,,
180351,LCU,,
180354,LNI,,
180355,LRI,,
180356,LFP,,
180357,LCS,LII,
180358,LMT,,
180364,LPA,,
180365,LCN,,
180367,LPM,,
180368,LPM,,
180370,LBI,,
180371,LAT,,
180372,LCS,,
180373,LNM,,
180376,LIS,,
180379,LPM,,
180381,LRI,,
180382,LII,,
180384,LNI,,
180388,LRP,,
180389,LNI,,
180390,LEC,,
180394,LAR,,
180395,LIM,,
180396,LAR,,
180399,LHR,,
180409,LRT,,
180413,LIC,,
180414,LHR,,
180419,LPA,,
180425,LNI,,
180427,LMT,,
180428,LMT,,
180429,LNA,,
180431,LIM,,
180434,LCS,,
180437,LIC,,
180439,LDS,,
180441,LNI,,
180444,LMT,,
180445,LAD,,
180446,LMT,,
180447,LMT,,
180448,LAD,,
180449,LAD,,
180451,LII,,
180452,LFB,,
180455,LNI,,
180457,LRI,,
180460,LAR,,
180461,LPA,,
180462,LDS,,
180463,LAD,,
180464,LAR,,
180466,LHR,,
180468,LMT,,
180470,LPA,,
180476,LIS,,
180478,LMT,,
180481,LMK,,
180482,LAD,,
180488,LMT,,
180494,LBNM,,
180495,LBM,,
180496,LNI,,
180498,LAR,,
180499,LFP,LAD,
180500,LAD,,
180501,LAR,,
180502,LAT,,
180503,LFP,,
180504,LII,,
180505,LII,,
180506,LIM,,
180509,LAR,,
180510,LII,,
180511,LII,,
180512,LAD,LFP,
180513,LCS,,
180516,LPM,,
180523,LPA,,
180526,LII,,
180528,LAD,,
180529,LAD,,
180531,LNI,,
180532,LIS,,
180534,LPA,,
180536,LMT,,
180537,LFA,,
180538,LPA,,
180540,LRI,,
180543,LAD,,
180545,LAR,,
180546,LAD,,
180548,LAT,,
180549,LIS,,
180551,LMT,,
180552,LII,LCS,
180554,LNI,,
180556,LII,,
180557,LFA,,
180559,LAD,,
180562,LIC,,
180565,LMK,,
180566,LRP,,
180571,LNI,,
180572,LII,,
180573,LMK,,
180578,LAT,,
180581,LAT,,
180582,LHR,,
180583,LNI,,
180584,LNM,,
180585,LBN,,
180590,LBN,,
180591,LAT,,
180593,LIS,,
180596,LPA,,
180597,LHR,,
180599,LMT,,
180600,LPO,,
180601,LHR,,
180606,LNI,,
180609,LFB,,
180610,LAT,,
180613,LIS,,
180616,LNM,,
180618,LCS,LII,
180621,LBI,,
180622,LIM,,
180623,LNI,,
180624,LIM,,
180625,LIS,,
180626,LPA,,
180629,LMT,LRT,
180631,LAT,,
180632,LII,,
180635,LPA,,
180636,LRT,,
180637,LIS,,
180639,LAP,,
180642,LAR,,
180643,LFP,,
180646,LAR,,
180647,LEC,,
180648,LBM,,
180654,LFB,LBC,
180655,LIC,,
180656,LNM,,
180659,LRT,,
180660,LRT,,
180661,LIC,,
180662,LMTM,,
180663,LMT,,
180664,LNI,,
180675,LII,,
180676,LBM,,
180677,LPA,,
180679,LPA,,
180680,LBM,,
180685,LMK,,
180687,LAR,,
180688,LIM,,
180691,LPM,,
180692,LPM,,
180693,LMK,,
180694,LAR,,
180696,LPM,,
180700,LAT,,
180702,LIC,,
180704,LQI,,
180705,LBI,,
180706,LAD,,
180711,LAR,,
180712,LNI,,
180716,LAT,,
180717,LFP,,
180721,LNI,,
180722,LMT,,
180723,LRP,LAR,
180727,LAD,,
180728,LFP,,
180732,LRT,,
180733,LNM,,
180734,LAD,,
180735,LPM,,
180738,LIC,,
180740,LMT,,
180743,LAD,,
180747,LMK,,
180748,LRI,,
180753,LBI,,
180754,LNI,,
180755,LII,,
180759,LIS,,
180760,LEC,,
180763,LPA,,
180764,LHR,,
180770,LMK,,
180771,LPM,,
180773,LDS,,
180776,LNM,,
180778,LPM,,
180779,LIM,,
180781,LAD,,
180782,LNI,,
180784,LII,,
180786,LPA,LPO,
180794,LNM,,
180795,LFP,,
180797,LPM,,
180801,LCS,,
180806,LAT,,
180808,LBN,,
180815,LMK,,
180817,LNI,,
180818,LAR,,
180820,LDE,,
180821,LPA,,
180822,LIM,,
180823,LFA,,
180824,LHR,,
180828,LBC,LFB,
180829,LHR,,
180830,LNM,,
180831,LIV,,
180833,LIM,,
180834,LAD,,
180840,LAR,,
180841,LHR,,
180843,LIS,,
180845,LRI,,
180851,LAT,,
180852,LMK,,
180855,LPA,LPO,
180856,LMT,,
180857,LAR,,
180858,LPO,,
180860,LFP,,
180861,LIM,,
180862,LPM,,
180864,LHR,,
180865,LII,,
180869,LPA,,
180870,LAD,,
180872,LBN,,
180874,LAD,,
180875,LAD,,
180876,LIS,,
180880,LRPM,,
180882,LRI,,
180883,LAT,,
180885,LDS,LAT,
180887,LII,,
180888,LFP,,
180892,LIS,,
180894,LQI,,
180897,LIM,,
180899,LBC,,
180904,LPA,,
180905,LBM,,
180908,LAT,,
180910,LII,,
180911,LMK,,
180914,LFP,,
180915,LIC,,
180919,LRT,,
180922,LCN,,
180929,LAR,,
180933,LFA,,
180938,LFA,,
180940,LAD,,
180941,LMT,,
180943,LAR,,
180947,LAR,,
180949,LMT,,
180953,LNI,,
180955,LAR,,
180956,LNI,,
180963,LRT,,
180966,LNI,,
180971,LFP,,
180974,LRI,,
180977,LCN,,
180978,LFP,,
180979,LAR,,
180982,LRI,,
180984,LFB,,
180988,LRT,,
180990,LMT,,
180997,LPO,,
180999,LIS,,
181003,LNI,,
181004,LBC,LFB,
181005,LBM,,
181012,LAD,,
181013,LNI,,
181015,LNI,,
181017,LBN,,
181019,LMT,,
181020,LCN,,
181021,LII,,
181026,LRI,,
181029,LAD,,
181031,LAD,,
181035,LIS,,
181036,LNA,,
181037,LII,,
181040,LHR,,
181041,LPM,,
181044,LAR,,
181045,LRT,,
181048,LRT,,
181051,LBN,,
181062,LIS,,
181063,LAD,,
181065,LNI,,
181067,LMK,,
181070,LFB,,
181071,LBN,,
181073,LMK,,
181075,BNI,,
181076,BNI,,
181077,BNI,,
181079,BNI,,
181080,BNI,,
181081,BNI,,
181082,BNI,,
181083,BNI,,
181084,LII,,
181085,BNI,,
181086,BNI,,
181091,BBA,,
181092,LFP,,
181098,LMK,,
181111,LDS,,
181116,LIS,,
181122,LAT,,
181124,LAD,,
181126,LIS,,
181127,LRI,,
181128,BNI,,
181131,LFP,,
181132,LFB,,
181133,LII,,
181134,LNI,,
181137,LDS,,
181138,LQI,,
181140,LNI,,
181141,LAD,,
181145,LEC,,
181146,LDE,,
181149,LCN,,
181151,LMT,,
181157,LMT,,
181161,LIM,,
181162,LNI,,
181163,LII,,
181178,LAI,,
181179,LII,LCS,
181185,LIS,,
181186,LBC,LFB,
181188,LII,,
181192,LPA,,
181193,LIC,,
181194,BNI,,
181196,LII,,
181197,LBI,,
181201,LRT,,
181202,LMK,,
181206,LCS,,
181207,LBI,,
181209,LAR,,
181210,LPA,,
181215,LBN,,
181217,LBC,LMT,
181218,LII,LIM,
181222,LFP,,
181223,LBN,,
181227,LHR,,
181228,LIC,,
181229,BNI,,
181231,LPA,,
181233,LIS,,
181239,LII,,
181242,LBC,,
181243,LPD,,
181245,LII,,
181248,LBN,,
181250,LPA,,
181255,LAD,,
181261,LAR,,
181263,LII,,
181266,LIS,,
181268,LMT,,
181271,LPA,,
181277,LFB,,
181278,LIS,,
181281,LAT,,
181282,LPO,,
181283,LNM,,
181288,LFP,,
181290,LIV,,
181293,LEC,,
181294,LBM,,
181295,LMK,,
181300,LBN,,
181304,LBM,,
181305,LRP,,
181306,LPA,,
181307,LNI,,
181309,LDS,,
181316,LMK,,
181319,LPA,,
181322,LCN,,
181323,LMT,,
181329,LCN,,
181349,LAD,,
181353,LNI,,
181365,LMT,,
181366,LMT,,
181367,LMT,,
181371,LNM,,
181377,LNM,,
181378,LIS,,
181384,LAD,,
181386,LFP,,
181387,LIM,,
181388,LPA,,
181389,LMT,,
181390,LRI,,
181391,LBN,LHC,
181392,LAT,,
181397,LBC,,
181399,LAD,,
181401,LBM,,
181408,LRT,,
181412,LHR,,
181416,LBM,,
181419,LAD,LNI,
181421,LPD,,
181424,LNI,,
181425,LAD,,
181427,LPD,,
181439,LIS,,
181444,LIS,,
181447,LPA,,
181448,LII,,
181456,LNI,,
181457,LFA,,
181461,LEC,,
181463,LND,,
181464,LMT,,
181466,LMK,,
181468,LIC,,
181469,LRI,,
181470,LMT,,
181473,LEC,,
181475,LPO,,
181481,LBN,,
181483,LHR,,
181484,LII,,
181487,LAT,,
181488,LAT,,
181491,LIS,,
181492,LPA,,
181511,LBN,,
181512,LMT,,
181514,LPA,,
181515,LBI,,
181516,LNI,,
181521,LBN,,
181522,LAD,,
181526,LRI,,
181529,LAD,,
181536,LMT,,
181537,LAD,,
181538,LNM,,
181540,LAD,LHR,
181547,LBN,,
181550,LDS,,
181551,LFP,,
181559,LHR,,
181563,LPM,,
181565,LIS,,
181567,LHR,,
181574,LIC,,
181577,LMK,,
181578,LMK,,
181583,LCS,,
181585,LPA,,
181589,LAD,,
181590,LCN,,
181591,LAD,,
181592,LIM,,
181597,LRT,,
181599,LPA,,
181600,LPA,,
181605,LCN,,
181607,LPA,,
181608,LIS,LMT,
181609,LNI,,
181610,LAD,,
181615,LIC,,
181619,LAR,,
181624,LAT,,
181626,LIS,,
181627,LMT,,
181633,LPM,,
181635,LRI,,
181638,LPA,,
181645,LII,,
181650,LIC,,
181660,LPT,,
181670,LIS,,
181672,LEC,,
181673,LAT,,
181677,LAR,,
181679,LNM,,
181681,LFP,,
181688,LBI,,
181689,LAD,,
181696,LRT,,
181700,LMK,,
181702,LAT,,
181703,LIC,,
181705,LMK,,
181706,LRI,,
181707,LPA,,
181709,LAR,,
181710,LNI,,
181714,LAT,,
181715,LBN,,
181716,LPM,,
181720,LII,,
181724,LAD,,
181725,LAD,,
181726,LPA,LPO,
181728,LRI,,
181729,LMT,,
181736,LPM,,
181737,LPA,,
181739,LIC,,
181740,LBC,,
181748,LAR,,
181752,LCU,,
181753,LHR,,
181754,LEC,,
181759,LPA,,
181760,LAR,,
181762,LIS,,
181763,LIS,,
181765,LPA,,
181768,LNI,,
181769,LAR,,
181770,LMK,,
181773,LFA,,
181777,LMT,,
181780,LMK,,
181784,LNI,,
181788,LFP,,
181795,LCU,,
181802,LBI,,
181805,LPM,,
181809,LBC,,
181814,LPA,,
181817,LMK,,
181818,LPM,,
181821,LNI,,
181822,LNI,,
181823,LII,,
181824,LAD,,
181828,LIC,,
181829,LNI,,
181830,LAD,,
181831,LAD,,
181832,LNI,,
181834,LRI,,
181835,LIN,,
181836,LNI,,
181838,LAT,LBN,
181840,LNI,,
181842,LBN,,
181845,LRI,,
181849,LCS,,
181850,LMT,,
181857,LPA,,
181858,LPM,,
181864,LBM,,
181865,LBN,,
181866,LII,,
181870,LPM,,
181876,LNI,,
181877,LMK,,
181881,LBN,,
181885,LAT,,
181886,LMK,,
181887,LIC,,
181888,LBN,,
181889,LPM,,
181892,LII,,
181893,LIN,,
181895,LBN,,
181896,LIM,,
181897,LIC,BIC,
181904,LRT,,
181913,LAD,LAR,
181914,LII,,
181915,LAD,,
181916,LIS,,
181917,LPM,,
181920,LAD,,
181921,LMK,,
181923,LAD,,
181927,LEF,,
181928,LIC,,
181929,LIC,,
181930,LNM,,
181937,LIM,,
181938,LII,,
181941,LNI,,
181942,LAR,,
181943,LQI,,
181965,LPM,,
181974,LMK,,
181979,LNI,,
181980,LNI,,
181981,LAR,,
181984,LNI,,
181988,LCS,,
181989,LBN,,
181991,LHR,,
181997,LAD,,
182001,LNA,,
182009,LIS,,
182010,LPA,,
182016,LBM,,
182020,LCN,,
182026,LIC,,
182027,LAD,,
182028,LAD,,
182029,LAD,,
182030,LAR,,
182033,LNI,,
182035,LPA,,
182036,LBN,,
182038,LAD,,
182040,LFP,,
182041,LIC,,
182043,LMK,,
182046,LFB,,
182049,LAR,,
182050,LIS,,
182051,LMK,,
182052,LAD,,
182058,LFB,,
182060,LMT,,
182063,LPM,,
182064,LFP,,
182072,LFB,,
182073,LIS,,
182074,LBI,,
182077,LAR,,
182081,LAD,,
182082,LFB,,
182087,LFP,,
182088,LFP,,
182095,LPD,,
182099,LMK,,
182101,LIS,,
182102,LPO,,
182109,LIS,,
182110,LRI,,
182113,LAD,,
182114,LII,,
182117,LCS,,
182119,LFB,,
182124,LAR,,
182128,LBC,LFB,
182129,LPT,,
182131,LFP,,
182132,LFB,LNM,
182137,LDS,,
182140,LEC,,
182152,LIS,,
182153,LII,,
182154,LRT,,
182157,LNM,,
182161,BNM,,
182164,LAT,,
182168,LQI,,
182171,LPA,,
182173,LCS,,
182174,LEA,,
182177,LII,,
182182,LIM,,
182192,LMT,,
182197,LAD,,
182199,LEC,,
182207,LBN,,
182208,LMK,,
182210,LBI,,
182215,LBI,,
182219,LMT,,
182225,LIM,,
182226,LFP,,
182228,LMK,,
182235,LMT,,
182238,LMT,,
182241,LBM,,
182246,LIS,,
182250,LIV,,
182251,LNI,,
182254,LFP,,
182258,LII,,
182261,LII,,
182263,LBN,,
182265,LNI,,
182266,LMK,,
182268,LAD,,
182271,LRI,,
182275,LAR,,
182281,LPA,,
182285,LAR,,
182287,LIM,,
182288,LAD,,
182290,LIM,,
182291,LIS,,
182296,LAD,,
182299,LMT,,
182301,LAD,,
182305,LNI,,
182307,LAD,,
182308,LAD,,
182313,BIM,LIM,
182316,LAR,,
182317,LBM,,
182318,LBN,,
182331,LAD,,
182333,LBI,,
182335,LCN,,
182342,LII,,
182343,LFP,,
182344,LAD,,
182347,LAD,,
182351,LAD,,
182352,LII,,
182356,LAD,,
182359,LAD,,
182366,LFP,,
182367,LAD,,
182370,LIC,,
182374,LPA,,
182375,LIC,,
182376,LEC,,
182380,LAD,,
182382,LQI,,
182387,LNI,,
182390,LFB,,
182391,LBN,,
182392,LEC,,
182404,LMT,,
182406,LFA,,
182407,LIS,,
182414,LRP,,
182416,LFP,,
182425,LAR,,
182427,LIC,,
182428,LFP,,
182429,LII,,
182431,LAI,,
182435,LNI,,
182436,LEC,,
182438,LMT,,
182439,LIS,,
182441,LRT,,
182445,LIN,,
182446,LNI,,
182450,LRI,,
182451,LCN,,
182452,LNI,,
182453,LPA,,
182455,LNI,,
182456,LMK,,
182461,LBN,,
182464,LPT,,
182465,LPA,,
182466,LFB,,
182467,LPA,,
182468,LIM,,
182471,LBN,,
182472,LQI,,
182473,LIC,,
182477,LCN,,
182484,LAD,,
182485,LFA,,
182495,LAR,,
182497,LNI,,
182504,LPM,,
182506,LAR,,
182507,LNI,,
182508,LMK,,
182510,LMK,,
182516,LQI,,
182518,LBN,,
182521,LAT,,
182522,LCN,,
182524,LAD,,
182525,LAD,,
182526,LHR,,
182531,LRI,,
182532,LPA,,
182535,LII,,
182536,LDS,,
182539,LNI,,
182547,LPA,,
182548,LIM,,
182550,LPM,,
182551,LAD,,
182552,LPO,,
182553,LIM,,
182554,LAD,,
182555,LRP,,
182557,LIM,,
182560,LDE,,
182562,LAD,,
182564,LIS,,
182566,LMT,,
182568,LFP,,
182569,LIS,,
182571,LIM,,
182574,LAD,,
182575,LBN,,
182576,LFB,,
182580,LIM,,
182582,LMT,,
182583,LAR,,
182585,LPA,,
182589,LMT,,
182590,LNM,LBC,
182591,LCN,,
182592,LDS,,
182593,LAD,,
182595,LAT,,
182598,LIS,,
182603,LBN,,
182604,LAR,,
182613,LFP,,
182616,LFP,,
182618,LBC,,
182620,LIC,,
182622,LPA,,
182624,LBN,,
182625,LDS,,
182629,LIN,,
182631,LBM,,
182632,LAD,,
182637,LIM,,
182639,LIS,,
182641,LIC,,
182642,LFB,,
182643,LAR,,
182648,LMT,,
182650,LBN,,
182651,LHR,,
182653,LAD,,
182654,LBM,,
182657,LIC,,
182658,LIS,,
182660,LIM,,
182661,LMK,,
182665,LIY,,
182670,LPA,,
182671,LBN,,
182673,LMK,,
182674,LIC,,
182676,LMT,,
182677,LMK,,
182680,LIM,,
182682,LII,,
182684,LMT,LNM,
182688,LII,,
182691,LBN,,
182695,LIO,,
182696,LNI,,
182697,LAR,,
182698,LMK,,
182716,LAD,,
182717,LBC,,
182725,LPM,,
182730,LDS,,
182733,LQI,,
182744,LPA,,
182745,LAD,,
182747,LNI,,
182750,LMK,,
182753,LPA,,
182761,LII,,
182765,LNI,,
182770,LAT,,
182773,LMT,,
182774,LNI,,
182783,LDS,,
182784,LIN,,
182792,LAD,,
182799,LIS,,
182811,LBN,,
182826,LBC,LFB,
182830,LBIM,,
182831,LII,,
182832,LMT,,
182845,LRT,,
182848,LMT,,
182850,LIC,,
182854,LNM,,
182868,LMK,,
182871,LAD,,
182874,LCN,,
182879,LMK,,
182882,LMT,,
182884,LBM,,
182885,LNM,,
182887,LQI,,
182890,LAT,,
182891,LNI,,
182895,LMT,,
182928,LDS,,
182929,LAR,,
182931,LEC,,
182934,LIC,,
182935,LAR,,
182936,LNI,,
182939,LPA,,
182952,LFP,,
182966,LFB,,
182967,LAD,,
182970,LAR,,
182972,LNI,,
182973,LBC,,
182974,LIS,LMK,
182975,LPD,,
182978,LPT,,
182980,LMT,,
182985,LBIM,,
182986,LAR,,
182987,LAD,,
182991,LNA,,
182993,LFP,,
182994,LMK,,
182997,LPA,,
182998,LFP,,
183001,LFP,,
183003,LDS,,
183004,LMT,,
183013,LDS,LAT,
183016,LBN,,
183018,LII,,
183019,LAT,,
183020,LIS,,
183022,LEC,,
183023,LFA,,
183026,LQI,,
183028,LMT,,
183031,LAR,,
183033,LIS,,
183037,LAR,,
183038,LPA,,
183039,LAT,,
183040,LBNM,,
183048,LRP,,
183054,LPA,,
183055,LAD,,
183072,LAT,LDS,
183078,LDS,,
183079,LBNM,,
183081,LNI,,
183083,LAD,,
183086,LBN,,
183089,LRI,LII,
183090,LAR,,
183094,LIS,,
183101,LRT,,
183103,LNI,,
183104,LMK,,
183109,LAR,,
183110,LRIM,,
183111,LNA,,
183112,LIS,,
183113,LAR,,
183114,LAD,,
183116,LFP,,
183117,LIM,,
183119,LFP,,
183120,BRT,,
183121,LCS,,
183126,LEC,,
183128,LPT,,
183129,LFA,,
183130,LAR,,
183131,LCS,,
183133,LMT,,
183135,LNI,,
183138,LCS,,
183139,LBIM,,
183147,LBM,,
183148,LII,,
183150,LIS,,
183151,LPT,,
183153,LMT,,
183156,LBC,,
183157,LCS,,
183159,LIS,,
183162,LHR,,
183164,LIS,,
183166,LFP,,
183168,LBI,,
183169,LNI,,
183170,LAR,,
183171,LPTM,LRIM,
183187,LFP,,
183188,LFP,,
183190,LPA,,
183191,LAT,LDS,
183196,LNM,,
183198,LIM,,
183200,LIC,,
183201,LII,,
183202,LIS,,
183205,LAT,,
183215,LAR,,
183216,LRT,,
183220,LIS,,
183222,LRIM,,
183223,LHR,,
183227,LIS,,
183228,LPA,,
183229,LAT,,
183231,LMT,,
183232,LBC,LFB,
183233,LMK,,
183234,LII,,
183235,LBN,,
183237,LBNM,,
183238,LIM,,
183239,LAD,,
183240,LRP,,
183241,LNI,,
183249,LMT,,
183250,LPA,,
183262,LMT,,
183267,LII,,
183272,LAR,,
183274,LPD,,
183275,LNI,,
183276,LMK,,
183277,LAR,,
183278,LEAM,,
183280,LNM,,
183285,LRI,,
183287,LRIM,,
183288,LMK,,
183289,LNI,,
183290,LHR,,
183295,LRI,,
183298,LNM,,
183305,LIM,,
183306,LII,,
183307,LBN,,
183308,LIS,,
183311,LMT,,
183312,LQI,,
183318,LNI,,
183320,LPM,,
183321,LAT,,
183322,LPA,,
183325,LHR,,
183326,LFA,,
183327,LNI,,
183328,LIS,,
183330,LPA,,
183332,LFP,,
183334,LMK,,
183336,LFP,,
183337,LBC,,
183339,LMT,,
183348,LAR,,
183350,LNM,,
183355,LAT,,
183356,LBN,,
183364,LMK,,
183365,LBM,,
183366,LCN,,
183367,LFP,,
183370,LMKM,,
183374,LBM,LMT,
183381,LIM,,
183384,LII,,
183387,LPA,,
183388,LAD,,
183391,LMT,,
183392,LRT,,
183398,LPM,,
183399,LIC,,
183400,LQI,,
183401,LIC,,
183404,LAT,,
183407,LIM,,
183412,LPM,,
183415,LMK,,
183419,LMK,,
183420,LIC,,
183425,LCN,,
183430,LMT,,
183431,BNA,,
183432,LIS,,
183433,LAR,,
183435,LIM,,
183436,LNA,,
183443,LQI,,
183445,LIC,,
183446,LBN,,
183453,LCN,,
183456,LAT,,
183460,LMT,,
183465,LRI,,
183468,LRP,,
183474,LMK,,
183476,LFP,,
183477,LNM,,
183478,LAR,,
183479,LPA,,
183482,LBNM,,
183484,LNI,,
183485,LNI,,
183487,LFA,,
183488,LFP,,
183489,LBNM,,
183500,LNI,,
183502,LDS,,
183504,LNI,,
183506,LIC,,
183508,LBNM,,
183512,LAR,,
183513,LAT,,
183515,LBN,,
183520,LMT,,
183527,LII,,
183529,LMK,,
183533,LIC,,
183540,LQI,,
183543,LPA,,
183544,LAD,,
183546,LDS,,
183547,LFB,,
183548,LAD,,
183549,LMK,,
183551,LNA,,
183553,LDE,,
183559,LNI,,
183560,LMK,,
183565,LFP,,
183571,LPA,,
183576,LAR,,
183577,LFB,,
183582,BNI,,
183583,LFP,,
183585,LNI,,
183587,LNM,,
183588,LEC,,
183589,LBIM,,
183592,LII,,
183593,LPA,,
183595,LBM,,
183597,LII,LMT,
183600,LAR,,
183601,LRI,,
183602,LAT,,
183604,LIS,,
183605,LIS,,
183607,LRP,,
183611,LBC,,
183613,LBC,LFB,
183614,LEC,,
183615,LIC,,
183617,LNM,,
183618,LPA,,
183619,LPA,,
183620,LIC,,
183622,LAT,,
183627,LAR,,
183629,LBIM,,
183631,LBN,,
183632,LMK,,
183637,LPM,,
183639,LFP,,
183644,LNI,,
183645,LFP,,
183646,LAR,,
183648,LNM,,
183649,LCS,LII,
183653,LIM,,
183661,LIC,,
183662,LNI,,
183663,LII,,
183668,LNI,,
183669,LBN,,
183675,LIN,,
183679,LRIM,,
183680,LEC,,
183682,LBC,,
183685,LBNM,,
183688,LAD,,
183690,LCN,,
183691,LNI,,
183692,LHR,,
183694,LFP,,
183695,LAD,,
183697,LMT,,
183699,LEC,,
183701,LPM,,
183702,LAD,,
183703,LAD,,
183707,LAR,,
183711,LMT,,
183712,LAT,,
183716,LPD,,
183717,LEC,,
183718,LAR,,
183726,LIS,,
183729,LIS,,
183731,LDS,,
183732,LNM,,
183738,LNA,,
183750,LPA,,
183753,LIS,,
183754,LCS,,
183758,LFB,,
183759,LIS,,
183766,LBIM,,
183769,LAR,,
183774,LPM,,
183776,LAT,,
183780,LRI,,
183781,LRT,,
183782,LEC,,
183785,LAT,,
183789,LRIM,,
183799,LAT,,
183800,LAD,,
183802,LRT,,
183803,LIS,,
183804,LNI,,
183805,LAT,,
183807,LII,,
183809,LIS,,
183810,LMK,,
183811,LPT,,
183812,LARM,,
183817,LII,,
183818,LAR,,
183819,LQI,,
183823,LCN,,
183825,LEC,,
183829,LBC,,
183830,LBIM,,
183836,LAR,,
183838,LAD,,
183841,LNI,,
183844,LNI,,
183848,LFA,,
183850,LII,,
183851,LII,,
183852,LNI,,
183859,LIM,,
183865,LPD,,
183866,LII,,
183873,LMT,,
183876,LAT,,
183879,LFP,,
183883,LPT,,
183884,LFP,,
183887,LBM,,
183888,LMT,,
183894,LAD,,
183895,LNI,,
183896,LRIM,,
183898,LPA,,
183905,LNI,,
183907,LPM,,
183908,LMK,,
183910,LAR,,
183911,LNI,,
183914,LII,,
183916,LAT,,
183917,LMT,,
183918,LMT,,
183919,LFP,,
183921,LAD,,
183922,LRI,,
183924,LMT,,
183928,LFP,,
183931,LII,,
183938,LBIM,,
183940,LBM,LMT,
183943,LNI,,
183944,LBC,,
183958,LIS,,
183962,LFP,,
183963,LAD,,
183967,LPA,,
183968,LBI,,
183971,LFB,,
183976,LIM,,
183977,LMT,,
183978,LMT,,
183983,LRIM,,
183989,LRP,,
183990,LII,,
183991,LDS,,
183992,LPD,,
183993,LIC,,
183994,LFP,,
183995,LDS,,
183996,LCS,,
184000,LBNM,,
184001,LAT,,
184002,LIC,,
184006,LII,,
184010,LNI,,
184011,LBM,,
184017,LAT,,
184018,LAR,,
184021,LMT,,
184022,LRI,,
184025,LAR,,
184027,LDS,,
184028,LRT,,
184031,LIM,,
184033,LAT,,
184035,LPD,,
184038,LRP,,
184039,LNI,,
184041,LAR,,
184047,LMK,,
184054,LRI,,
184055,LII,,
184056,LFP,,
184057,LIS,,
184058,LBIM,,
184062,LMKM,,
184071,LAR,,
184075,LII,,
184077,LFP,,
184078,LBN,,
184083,LFP,,
184084,LNM,,
184086,LMT,LRT,
184089,LRT,,
184093,LDS,,
184099,LNA,,
184100,LAD,,
184103,LAR,,
184106,LBN,,
184108,LNI,,
184111,LAT,,
184112,LMT,,
184113,LBNM,,
184117,LFP,,
184118,LBM,,
184121,LEC,,
184126,LFA,,
184127,LBM,,
184128,LPA,,
184133,LRPM,,
184135,LII,,
184138,LNI,,
184140,LPD,,
184141,LCN,,
184143,LHR,,
184144,LPA,LPO,
184147,LMT,,
184150,LRT,,
184153,LIN,,
184157,LAD,,
184160,LRI,,
184162,LRIM,,
184167,LFA,,
184171,LAR,,
184174,LIC,,
184180,LMK,,
184183,LAT,,
184185,LFB,,
184189,LBNM,,
184190,LBIM,,
184192,LPO,,
184195,LAD,,
184196,LPA,LPO,
184201,LBNM,,
184203,LEC,,
184204,LAD,,
184205,LRIM,,
184207,LBNM,,
184208,LBNM,,
184209,LCN,,
184210,LNA,,
184211,LIC,,
184212,LIN,,
184222,LAR,,
184223,LNI,,
184230,LAT,,
184233,LBM,,
184244,LNI,,
184246,LMT,,
184248,LFP,,
184250,LAR,,
184251,LII,,
184254,LMK,,
184255,LII,,
184258,LNI,,
184259,LAD,,
184260,LIS,,
184263,LBI,,
184264,LCN,,
184268,LRP,,
184269,LIM,,
184270,LAR,,
184272,BAR,,
184276,LAT,,
184277,LNI,,
184278,LII,,
184279,LEAM,,
184280,LFP,,
184281,LFP,,
184282,LFP,,
184285,LNI,,
184286,LFP,,
184287,LAD,,
184289,LFP,,
184290,LBM,,
184291,LIC,,
184295,LPM,,
184296,LAT,,
184298,LIS,,
184300,LII,,
184301,LAR,,
184302,LEC,,
184303,LAD,,
184304,LIS,,
184305,LHR,,
184306,LAD,,
184310,LPO,,
184312,LBNM,,
184319,LMT,,
184321,LMT,,
184324,LBN,,
184326,LAD,,
184327,LBN,,
184330,LIM,,
184332,LAR,,
184334,LAT,,
184335,LPT,,
184337,LNM,,
184341,LAD,,
184342,LIM,,
184344,LMK,,
184349,LRI,,
184350,LIM,,
184354,LFP,,
184355,LNI,,
184358,LAD,,
184360,LPA,,
184362,LII,,
184364,LNI,,
184366,LMT,,
184368,LIS,,
184375,LNM,,
184376,LIM,,
184378,LNI,,
184380,LAD,,
184381,LFP,,
184382,LII,,
184386,LIS,,
184387,LRP,,
184389,LFA,,
184390,LNI,,
184392,LII,,
184398,LAR,,
184399,LFA,,
184400,LBC,,
184402,LIM,,
184403,LIC,,
184404,LRIM,,
184407,LBC,,
184408,LAT,LDS,
184412,LIS,,
184417,LBIM,,
184419,LFP,,
184423,LII,,
184424,LRT,,
184429,LAD,,
184430,LAD,,
184431,LNI,,
184434,LBN,,
184435,LDS,,
184436,LMK,,
184438,LPA,,
184439,LIM,,
184440,LMK,,
184441,LMT,,
184442,LII,,
184446,LMK,,
184447,LIS,,
184448,LRI,,
184449,LNM,,
184450,LFB,,
184454,LMT,,
184460,LIS,,
184462,LAD,,
184465,LNI,,
184469,LAD,,
184470,LBIM,,
184473,LAD,,
184476,LMT,,
184480,LIS,,
184481,LBM,,
184486,LIS,,
184487,LIS,,
184490,LAR,,
184491,LII,,
184492,LFB,,
184496,LAR,,
184497,LFP,,
184498,LRI,,
184499,LMK,,
184502,LNA,,
184511,LFP,,
184512,LFP,,
184514,LII,,
184523,LEC,,
184524,LPM,,
184530,LAT,,
184532,LCN,,
184534,LAD,,
184539,LAD,,
184544,LFA,,
184549,LII,,
184552,LNM,,
184556,LRP,,
184557,LIS,,
184560,LII,,
184561,LBIM,,
184564,LNM,,
184566,LAD,,
184568,LAR,,
184569,LMT,,
184571,LIM,LCS,
184574,LPA,,
184575,LAT,,
184579,LNI,,
184582,LAR,,
184583,LII,,
184585,LFB,,
184588,LBNM,,
184589,LNI,,
184590,LBM,,
184591,LMT,,
184593,LIM,,
184594,LNI,,
184595,LIS,,
184596,LAD,,
184597,LNI,,
184598,LNI,,
184599,LCS,,
184600,LFP,,
184602,LRP,,
184603,LNI,,
184606,LPA,,
184607,LIO,,
184609,LNI,,
184612,LCS,,
184616,BAA,,
184618,LDS,,
184619,LAT,,
184620,LPA,,
184621,LFP,,
184622,LII,,
184623,LMT,,
184624,LAD,,
184625,LNI,,
184627,LQI,,
184630,LNA,,
184634,LFP,,
184638,LMT,,
184641,LAR,,
184654,LIS,,
184655,LIC,,
184659,LFB,,
184663,LNM,,
184666,LII,,
184669,LFP,,
184670,LII,,
184671,LAR,,
184672,LRT,,
184675,LHR,,
184677,LMT,,
184685,LAD,,
184686,LQI,,
184689,LAD,,
184696,LFP,,
184699,LCS,,
184700,LPA,,
184709,LAD,,
184710,LBNM,,
184712,LRI,,
184715,LBN,,
184718,LPM,,
184720,LBM,,
184723,LDS,,
184729,LQI,,
184734,LPM,LRP,
184735,LDE,,
184737,LAD,,
184739,LMK,,
184742,LNI,,
184745,LAR,,
184747,LBIM,,
184753,LBI,,
184757,LCS,,
184759,LPA,,
184760,LCS,,
184761,LBNM,,
184762,LDS,,
184763,LBN,,
184765,LAD,,
184771,LHR,,
184776,LNI,,
184778,LHR,,
184779,LBC,,
184780,LBC,,
184781,LII,,
184782,LMK,,
184783,LFB,,
184784,LDS,,
184787,LBNM,,
184790,LII,,
184794,LAT,,
184802,LMK,,
184803,LIC,,
184815,LHR,,
184817,LPM,,
184819,LNI,,
184822,LPA,,
184823,LNI,,
184824,LHR,,
184828,LIC,,
184829,LRT,,
184830,LAD,,
184836,LNI,,
184837,LPA,,
184840,LBNM,,
184841,LFP,,
184849,LNI,,
184851,LAD,,
184853,LRP,,
184855,LMK,,
184859,LBIM,,
184860,LNM,,
184866,LIM,,
184869,LCN,,
184874,LNI,,
184875,LDS,,
184876,LRI,,
184878,LIS,,
184880,LEAM,,
184881,LAR,,
184885,LAR,,
184887,LFP,,
184897,LFA,,
184900,LBN,,
184902,LRT,,
184904,LMK,,
184905,LRI,,
184912,LBM,,
184914,LAD,,
184915,LMT,,
184917,LPM,,
184918,LNI,,
184919,LAD,,
184921,LIC,,
184922,LAD,,
184926,LAT,,
184927,LFA,,
184928,LIS,,
184930,LBI,,
184931,LAD,,
184935,LBI,,
184937,LIM,,
184940,LAD,,
184942,LAD,,
184944,LAD,,
184945,LBM,,
184949,LIS,,
184951,LMK,,
184952,LIC,,
184953,LIS,,
184956,LRI,,
184957,LIM,,
184960,LNEM,,
184962,LAD,,
184966,LPA,,
184969,LIS,,
184970,LPA,,
184971,LPD,,
184974,LPA,,
184975,LPA,,
184977,LQI,,
184978,LNI,,
184980,LFP,,
184981,LMK,,
184983,LAD,,
184984,LCN,,
184986,LAD,,
184987,LNI,,
184989,LIC,,
184990,LII,,
184991,LMT,,
184994,LNI,,
184995,LAD,,
184996,LBIM,,
184998,LNI,,
185006,LAD,,
185008,LRT,,
185009,LAD,,
185012,LAR,,
185013,LRI,,
185015,LIS,,
185016,LAT,,
185017,LNI,,
185018,LFB,,
185020,LPA,,
185026,LRI,,
185033,LIC,,
185036,LIC,,
185037,LBN,,
185042,LPO,,
185044,LII,,
185047,LRIM,,
185051,LIM,,
185060,LFP,,
185066,BNI,,
185068,BNI,,
185078,LNI,,
185081,LCN,,
185085,LBNM,,
185087,LII,,
185092,LAD,,
185093,LBN,,
185095,LPM,LRP,
185098,LIS,,
185099,LAD,,
185108,LNA,,
185109,LFB,,
185110,LNA,,
185118,LMK,,
185128,LNM,,
185135,LCN,,
185136,LIM,,
185144,LNI,,
185147,LIC,,
185148,LFP,,
185158,LIS,,
185161,LAD,,
185167,BNI,,
185168,BNI,,
185169,BNI,,
185170,BNI,,
185174,LAT,,
185175,LRI,,
185176,LHR,,
185179,LII,,
185180,LBM,,
185182,LIM,,
185188,LPA,,
185191,LMT,,
185192,LNA,,
185200,LMKM,,
185203,LMT,,
185205,LMT,,
185206,LPO,,
185211,LIS,,
185213,LPM,,
185216,LIM,,
185217,LFP,,
185218,LIS,,
185219,LNA,,
185221,LIC,,
185223,LIS,,
185230,LAT,,
185234,LMK,,
185240,LNI,,
185241,LNI,,
185244,LPM,LRP,
185405,LMT,,
185406,LMT,,
185414,LPT,,
185417,LRT,,
185440,LIM,,
185441,LAD,,
185442,LAD,,
185443,LIC,,
185444,LNI,,
185449,BNI,,
185450,BNI,,
185453,LAD,,
185454,LAD,,
185455,LEC,,
185456,LNI,,
185465,LMK,,
185466,LBN,,
185467,LIC,,
185473,LCS,,
185474,LIS,,
185475,LAD,,
185478,LFP,,
185481,LIM,,
185483,LAD,,
185484,LBM,,
185487,LBIM,,
185504,LRI,,
185511,LEC,,
185517,LFP,,
185518,LFA,,
185519,LCN,,
185520,LAR,,
185521,LBM,,
185524,LAD,,
185526,LBM,,
185527,LCS,,
185528,LIM,,
185529,LCN,,
185533,LAHM,LISM,
185537,LIC,,
185538,LAR,,
185539,LII,,
185540,LFP,,
185543,LRI,,
185547,LPA,,
185555,LPM,,
185556,LAD,,
185558,LNM,,
185559,LAR,,
185560,LPTM,LRIM,
185561,LCN,,
185563,LNI,,
185565,LNI,,
185570,LAD,,
185571,LIM,,
185572,LII,,
185576,LIM,,
185578,LFP,,
185580,LNI,,
185582,LMT,,
185587,LFB,,
185588,LFP,,
185589,LFP,,
185595,LMT,,
185597,LRT,,
185603,LPM,,
185604,LBM,,
185605,LNI,,
185606,LRT,,
185608,LMK,,
185610,LIIM,,
185611,LIS,,
185614,LIM,,
185615,LAD,,
185617,LCN,,
185618,LCS,,
185619,LII,,
185621,LPA,,
185623,LMT,,
185624,LIM,,
185625,LMT,,
185630,LMK,,
185631,LII,,
185639,LFP,,
185641,LBI,,
185642,LNI,,
185645,LIS,,
185649,LAR,,
185679,LEC,,
185680,LBN,,
185681,LII,,
185688,LMK,,
185689,LII,,
185690,LEAM,,
185693,LBIM,,
185695,LNI,,
185698,LBM,,
185699,LQI,,
185702,LPM,,
185703,LBN,,
185704,LAD,,
185705,LMT,,
185706,LICM,,
185712,LMT,,
185713,LAR,,
185715,LIS,,
185716,LIS,,
185717,LAD,,
185718,LFP,,
185720,LAD,,
185724,LMK,,
185730,LAT,,
185733,LNI,,
185743,LAR,,
185744,LAD,,
185746,LBN,,
185747,LMT,,
185749,LMT,,
185759,LDS,,
185760,LAD,,
185767,LAD,,
185780,LPA,,
185781,LAT,,
185782,LNI,,
185787,LCS,,
185788,LIM,,
185793,LMT,,
185796,LBIM,,
185798,LAR,,
185799,LNI,,
185806,LIC,,
185807,LAI,,
185809,LBC,,
185812,LBC,,
185816,LCS,,
185817,LQI,,
185823,LMK,,
185824,LHR,,
185829,LAD,,
185830,LFB,,
185832,LMK,,
185839,LMK,,
185840,LBM,,
185841,LBN,,
185842,LIC,,
185845,LBNM,,
185846,LBNM,,
185847,LNA,,
185856,LBN,,
185857,LIS,,
185860,LPA,,
185861,LBC,,
185862,LAT,,
185870,LRT,,
185875,LIS,,
185880,LAD,,
185881,LAD,,
185884,LRI,,
185885,LNI,,
185888,LFP,,
185894,INT,,
185899,LAD,,
185904,LPT,,
185905,LIM,,
185906,LPDM,,
185907,LAT,,
185909,LBM,,
185912,LMT,,
185913,LII,,
185918,LMT,,
185927,LIS,,
185928,LBN,,
185929,LFB,LNM,
185930,LPA,,
185933,LCN,,
185936,LBN,,
185941,LII,,
185945,LAD,,
185948,LRT,,
185949,LPM,,
185950,LNI,,
185953,LFP,,
185954,LBI,,
185955,LND,,
185957,LIC,,
185960,LRI,,
185963,LMT,,
185966,LMT,,
185970,LBM,,
185976,LAT,,
185977,LAT,,
185979,LIS,,
185980,LAD,,
185984,LPA,,
185985,LPA,,
185986,LBN,,
185989,LAD,,
185991,LMT,,
185992,LPM,,
185996,LNI,,
185999,LFPM,,
186004,LFP,,
186006,LIM,,
186008,LAD,,
186009,LPA,,
186010,LAD,LEC,
186011,LII,,
186013,LNA,,
186017,LFP,,
186028,LIS,,
186031,LNI,,
186033,LIM,,
186034,LFP,,
186041,LFP,,
186045,LII,,
186047,LIS,,
186051,LIS,,
186052,LII,,
186053,LRI,,
186055,LMT,,
186056,LCS,,
186064,LMK,,
186066,INT,,
186081,LNDM,,
186082,LBN,,
186096,LPM,,
186109,LIS,,
186116,LIC,,
186120,LMK,,
186123,LBN,,
186125,LII,,
186127,LHR,,
186133,LIM,,
186138,LMK,,
186139,LPM,,
186142,LBI,,
186149,LII,,
186163,LAD,,
186165,LRI,,
186166,LMT,,
186168,LEC,,
186171,LMK,,
186178,INT,,
186180,LAR,,
186188,BIS,,
186191,LAD,,
186200,LNI,,
186201,LAD,,
186212,BBA,,
186217,LNM,,
186223,LAD,,
186248,LAD,,
186249,LRI,,
186251,LAD,,
186252,LAR,,
186254,LAD,,
186255,LBNM,,
186257,LBN,,
186259,LRI,,
186260,LFP,,
186264,LAD,,
186268,LEC,,
186275,LPO,,
186281,LFP,,
186283,LMT,,
186287,LAR,,
186295,LQI,,
186299,LPA,,
186303,LNI,,
186304,LPM,,
186305,BIS,,
186306,LIM,,
186308,LFB,,
186320,LFB,,
186322,LAR,,
186325,LIM,,
186329,LAD,,
186332,LFP,,
186336,LAT,,
186337,LDS,,
186338,LAT,,
186343,LFP,,
186351,LFA,,
186357,LII,,
186358,LIM,,
186359,LRI,,
186360,LNM,,
186378,LRP,,
186380,LBN,,
186400,LNI,,
186401,LII,,
186402,LMT,,
186405,LIS,,
186406,LIS,,
186417,LNA,,
186426,LMT,,
186429,LAD,,
186434,LAD,,
186436,LAR,,
186441,LBN,,
186445,LMT,,
186446,LNI,,
186451,LBM,,
186456,LCN,,
186460,LAD,,
186462,LNI,,
186463,LPA,,
186470,LII,,
186474,LIS,,
186475,LMK,,
186483,LAD,,
186489,LIC,,
186490,LFB,,
186492,LBN,,
186495,LFA,,
186499,LII,,
186502,LMT,,
186503,LCN,,
186505,LRI,,
186506,LCN,,
186510,LMK,,
186511,LBM,,
186512,LFP,,
186513,LNI,,
186519,LCN,,
186526,LAD,,
186528,LNI,,
186531,LBC,,
186536,LFB,,
186539,LAR,,
186543,LAD,,
186545,LIS,,
186549,LPM,,
186556,LEC,,
186559,LIS,,
186561,LAT,,
186564,LAD,,
186565,LBIM,,
186568,LMT,,
186573,LAD,,
186576,LPA,,
186581,LIS,,
186583,LAR,,
186584,LRT,,
186585,BFA,,
186587,LRI,,
186589,LFB,,
186590,LFP,,
186599,LPA,,
186607,LPT,,
186612,LBN,,
186614,LAR,,
186615,LMK,,
186616,LBIM,,
186617,LCN,,
186618,LPO,,
186640,LIM,,
186651,LAT,,
186652,LRI,,
186663,LMK,,
186664,LNEM,,
186671,LCS,,
186682,LII,,
186686,LISM,,
186692,LAD,,
186696,LIVM,,
186745,LMT,,
186747,LDPM,,
186748,LIN,,
186750,LMKM,,
186757,LNM,,
186776,LMT,,
186801,LIC,,
186835,LNI,,
186836,LMT,,
186854,LBN,,
186881,LFA,,
186886,LNI,,
186902,LNI,,
186944,LBM,,
186981,LFA,,
187004,LBM,,
187007,LBN,,
187032,LAHM,,
187035,LAD,,
187042,LBN,,
187044,LII,,
187119,LNI,,
187137,LII,,
187175,LII,,
187187,LBNM,,
187214,LFP,,
187219,LII,,
187259,LFP,,
187260,LMK,,
187302,LIC,,
187303,LFP,,
187307,LMK,,
187320,LFB,,
187361,LAD,,
187377,LFP,,
187380,LNI,,
187421,LII,,
187439,LNI,,
187440,LAD,,
187458,LFP,,
187465,LBI,,
187473,LFP,,
187481,LCN,,
187482,LMK,,
187515,LFP,,
187518,LBN,,
187524,LFP,,
187525,LNI,,
187529,LAD,,
187530,LII,,
187535,LCN,,
187541,LFP,,
187542,LIS,,
187546,LRI,,
187551,LNM,,
187564,LMK,,
187565,LBN,,
187572,LCS,,
187592,LMT,,
187652,LNI,,
187656,LAD,,
187689,LNA,,
187698,LFP,,
187710,LBN,,
187711,LII,,
187714,LNI,,
187733,LFP,,
187735,LCN,,
187767,LBI,,
187782,LADM,,
187795,LCN,,
187798,LIM,,
187832,LBNM,,
187834,LIS,,
187846,LBN,,
187847,LFP,,
402778,INT,,
402894,INT,,
403107,INT,,
403117,BNI,,
403175,BBA,,
403176,BBA,,
403205,INT,,
403344,BNI,,
403345,BNI,,
403347,BNI,,
403348,BNI,,
403349,BNI,,
403350,BNI,,
403351,BNI,,
403352,BNI,,
403353,BNI,,
403354,BNI,,
403356,BNI,,
403357,BNI,,
403358,BNI,,
403359,BNI,,
403361,BNI,,
403379,BNI,,
403380,BNI,,
403451,BNI,,
403452,BNI,,
403453,BNI,,
403454,BNI,,
403455,BNI,,
403456,BNI,,
403457,BNI,,
403458,BNI,,
403459,BNI,,
403460,BNI,,
403461,BNI,,
403462,BNI,,
403463,BNI,,
403464,BNI,,
403465,BNI,,
403466,BNI,,
403467,BNI,,
403468,BNI,,
403469,BNI,,
403470,BNI,,
403471,BNI,,
403472,BNI,,
403474,BNI,,
403475,BNI,,
403476,BNI,,
403477,BNI,,
403478,BBA,,
403514,INT,,
403623,BNI,,
403624,BNI,,
403625,BNI,,
403626,BNI,,
403627,BNI,,
403654,BNI,,
403655,BNI,,
403656,BNI,,
403657,BNI,,
403658,BNI,,
403659,BNI,,
403660,BNI,,
403661,BNI,,
403662,BNI,,
403663,BNI,,
403664,BNI,,
403665,BNI,,
403666,BNI,,
403667,BNI,,
403720,BNI,,
403721,BNI,,
403722,BNI,,
403723,BNI,,
403724,BNI,,
403725,BNI,,
403726,BNI,,
403727,BNI,,
403728,BNI,,
403729,BNI,,
403730,BNI,,
403731,BNI,,
403732,BBA,,
403772,INT,,
