student_rank,CLAVEALUMNO,VISITAS,cum_students,cum_visits,cum_student_share,cum_visit_share
1,88493,0,1,0,9.603380389897244e-05,0.0
2,111083,0,2,0,0.00019206760779794487,0.0
3,141549,0,3,0,0.0002881014116969173,0.0
4,145096,0,4,0,0.00038413521559588974,0.0
5,146503,0,5,0,0.0004801690194948622,0.0
6,148182,0,6,0,0.0005762028233938346,0.0
7,149147,0,7,0,0.0006722366272928071,0.0
8,149242,0,8,0,0.0007682704311917795,0.0
9,149292,0,9,0,0.000864304235090752,0.0
10,149356,0,10,0,0.0009603380389897244,0.0
11,149449,0,11,0,0.0010563718428886967,0.0
12,150996,0,12,0,0.0011524056467876692,0.0
13,151457,0,13,0,0.0012484394506866417,0.0
14,151487,0,14,0,0.0013444732545856142,0.0
15,151524,0,15,0,0.0014405070584845865,0.0
16,151533,0,16,0,0.001536540862383559,0.0
17,152062,0,17,0,0.0016325746662825315,0.0
18,152249,0,18,0,0.001728608470181504,0.0
19,152934,0,19,0,0.0018246422740804764,0.0
20,153142,0,20,0,0.0019206760779794487,0.0
21,153270,0,21,0,0.002016709881878421,0.0
22,153774,0,22,0,0.0021127436857773935,0.0
23,153896,0,23,0,0.002208777489676366,0.0
24,154011,0,24,0,0.0023048112935753384,0.0
25,154059,0,25,0,0.002400845097474311,0.0
26,154302,0,26,0,0.0024968789013732834,0.0
27,154329,0,27,0,0.0025929127052722557,0.0
28,154472,0,28,0,0.0026889465091712284,0.0
29,154666,0,29,0,0.0027849803130702007,0.0
30,154677,0,30,0,0.002881014116969173,0.0
31,154723,0,31,0,0.0029770479208681457,0.0
32,155122,0,32,0,0.003073081724767118,0.0
33,155221,0,33,0,0.0031691155286660906,0.0
34,155623,0,34,0,0.003265149332565063,0.0
35,155634,0,35,0,0.003361183136464035,0.0
36,155700,0,36,0,0.003457216940363008,0.0
37,155843,0,37,0,0.00355325074426198,0.0
38,156018,0,38,0,0.003649284548160953,0.0
39,156192,0,39,0,0.003745318352059925,0.0
40,156400,0,40,0,0.0038413521559588974,0.0
41,156546,0,41,0,0.00393738595985787,0.0
42,156695,0,42,0,0.004033419763756842,0.0
43,156816,0,43,0,0.004129453567655815,0.0
44,156840,0,44,0,0.004225487371554787,0.0
45,156841,0,45,0,0.00432152117545376,0.0
46,156910,0,46,0,0.004417554979352732,0.0
47,157032,0,47,0,0.004513588783251705,0.0
48,157150,0,48,0,0.004609622587150677,0.0
49,157265,0,49,0,0.004705656391049649,0.0
50,157293,0,50,0,0.004801690194948622,0.0
51,157496,0,51,0,0.004897723998847595,0.0
52,157794,0,52,0,0.004993757802746567,0.0
53,157880,0,53,0,0.005089791606645539,0.0
54,157980,0,54,0,0.005185825410544511,0.0
55,158100,0,55,0,0.0052818592144434845,0.0
56,158188,0,56,0,0.005377893018342457,0.0
57,158197,0,57,0,0.005473926822241429,0.0
58,158276,0,58,0,0.005569960626140401,0.0
59,158304,0,59,0,0.005665994430039374,0.0
60,158394,0,60,0,0.005762028233938346,0.0
61,158396,0,61,0,0.005858062037837319,0.0
62,158434,0,62,0,0.005954095841736291,0.0
63,158454,0,63,0,0.006050129645635264,0.0
64,158493,0,64,0,0.006146163449534236,0.0
65,158504,0,65,0,0.006242197253433208,0.0
66,158650,0,66,0,0.006338231057332181,0.0
67,158716,0,67,0,0.0064342648612311535,0.0
68,158739,0,68,0,0.006530298665130126,0.0
69,158815,0,69,0,0.006626332469029098,0.0
70,158840,0,70,0,0.00672236627292807,0.0
71,158874,0,71,0,0.0068184000768270435,0.0
72,158882,0,72,0,0.006914433880726016,0.0
73,158902,0,73,0,0.007010467684624988,0.0
74,158922,0,74,0,0.00710650148852396,0.0
75,158930,0,75,0,0.007202535292422933,0.0
76,158955,0,76,0,0.007298569096321906,0.0
77,158959,0,77,0,0.007394602900220878,0.0
78,158979,0,78,0,0.00749063670411985,0.0
79,158991,0,79,0,0.0075866705080188225,0.0
80,159054,0,80,0,0.007682704311917795,0.0
81,159061,0,81,0,0.007778738115816767,0.0
82,159064,0,82,0,0.00787477191971574,0.0
83,159073,0,83,0,0.007970805723614712,0.0
84,159081,0,84,0,0.008066839527513685,0.0
85,159105,0,85,0,0.008162873331412657,0.0
86,159109,0,86,0,0.00825890713531163,0.0
87,159185,0,87,0,0.008354940939210602,0.0
88,159210,0,88,0,0.008450974743109574,0.0
89,159221,0,89,0,0.008547008547008548,0.0
90,159224,0,90,0,0.00864304235090752,0.0
91,159233,0,91,0,0.008739076154806492,0.0
92,159262,0,92,0,0.008835109958705465,0.0
93,159272,0,93,0,0.008931143762604437,0.0
94,159350,0,94,0,0.00902717756650341,0.0
95,159387,0,95,0,0.009123211370402382,0.0
96,159396,0,96,0,0.009219245174301354,0.0
97,159426,0,97,0,0.009315278978200326,0.0
98,159437,0,98,0,0.009411312782099298,0.0
99,159460,0,99,0,0.00950734658599827,0.0
100,159490,0,100,0,0.009603380389897245,0.0
101,159518,0,101,0,0.009699414193796217,0.0
102,159522,0,102,0,0.00979544799769519,0.0
103,159535,0,103,0,0.009891481801594161,0.0
104,159577,0,104,0,0.009987515605493134,0.0
105,159605,0,105,0,0.010083549409392106,0.0
106,159641,0,106,0,0.010179583213291078,0.0
107,159723,0,107,0,0.01027561701719005,0.0
108,159749,0,108,0,0.010371650821089023,0.0
109,159803,0,109,0,0.010467684624987995,0.0
110,159828,0,110,0,0.010563718428886969,0.0
111,159831,0,111,0,0.010659752232785941,0.0
112,159838,0,112,0,0.010755786036684914,0.0
113,159868,0,113,0,0.010851819840583886,0.0
114,159900,0,114,0,0.010947853644482858,0.0
115,159904,0,115,0,0.01104388744838183,0.0
116,159925,0,116,0,0.011139921252280803,0.0
117,159940,0,117,0,0.011235955056179775,0.0
118,159956,0,118,0,0.011331988860078747,0.0
119,159959,0,119,0,0.01142802266397772,0.0
120,159988,0,120,0,0.011524056467876692,0.0
121,160003,0,121,0,0.011620090271775666,0.0
122,160015,0,122,0,0.011716124075674638,0.0
123,160060,0,123,0,0.01181215787957361,0.0
124,160069,0,124,0,0.011908191683472583,0.0
125,160072,0,125,0,0.012004225487371555,0.0
126,160082,0,126,0,0.012100259291270527,0.0
127,160085,0,127,0,0.0121962930951695,0.0
128,160104,0,128,0,0.012292326899068472,0.0
129,160110,0,129,0,0.012388360702967444,0.0
130,160182,0,130,0,0.012484394506866416,0.0
131,160190,0,131,0,0.01258042831076539,0.0
132,160192,0,132,0,0.012676462114664363,0.0
133,160219,0,133,0,0.012772495918563335,0.0
134,160260,0,134,0,0.012868529722462307,0.0
135,160261,0,135,0,0.01296456352636128,0.0
136,160298,0,136,0,0.013060597330260252,0.0
137,160337,0,137,0,0.013156631134159224,0.0
138,160426,0,138,0,0.013252664938058196,0.0
139,160427,0,139,0,0.013348698741957168,0.0
140,160430,0,140,0,0.01344473254585614,0.0
141,160485,0,141,0,0.013540766349755113,0.0
142,160490,0,142,0,0.013636800153654087,0.0
143,160520,0,143,0,0.01373283395755306,0.0
144,160530,0,144,0,0.013828867761452032,0.0
145,160545,0,145,0,0.013924901565351004,0.0
146,160549,0,146,0,0.014020935369249976,0.0
147,160552,0,147,0,0.014116969173148948,0.0
148,160564,0,148,0,0.01421300297704792,0.0
149,160568,0,149,0,0.014309036780946893,0.0
150,160569,0,150,0,0.014405070584845865,0.0
151,160583,0,151,0,0.014501104388744837,0.0
152,160628,0,152,0,0.014597138192643811,0.0
153,160657,0,153,0,0.014693171996542784,0.0
154,160668,0,154,0,0.014789205800441756,0.0
155,160682,0,155,0,0.014885239604340728,0.0
156,160698,0,156,0,0.0149812734082397,0.0
157,160748,0,157,0,0.015077307212138673,0.0
158,160786,0,158,0,0.015173341016037645,0.0
159,160799,0,159,0,0.015269374819936617,0.0
160,160917,0,160,0,0.01536540862383559,0.0
161,160953,0,161,0,0.015461442427734562,0.0
162,160964,0,162,0,0.015557476231633534,0.0
163,160980,0,163,0,0.015653510035532506,0.0
164,160989,0,164,0,0.01574954383943148,0.0
165,160996,0,165,0,0.01584557764333045,0.0
166,160998,0,166,0,0.015941611447229425,0.0
167,161008,0,167,0,0.016037645251128396,0.0
168,161021,0,168,0,0.01613367905502737,0.0
169,161044,0,169,0,0.016229712858926344,0.0
170,161050,0,170,0,0.016325746662825314,0.0
171,161072,0,171,0,0.016421780466724288,0.0
172,161078,0,172,0,0.01651781427062326,0.0
173,161079,0,173,0,0.016613848074522233,0.0
174,161097,0,174,0,0.016709881878421203,0.0
175,161104,0,175,0,0.016805915682320177,0.0
176,161129,0,176,0,0.016901949486219148,0.0
177,161140,0,177,0,0.01699798329011812,0.0
178,161166,0,178,0,0.017094017094017096,0.0
179,161194,0,179,0,0.017190050897916066,0.0
180,161202,0,180,0,0.01728608470181504,0.0
181,161234,0,181,0,0.01738211850571401,0.0
182,161236,0,182,0,0.017478152309612985,0.0
183,161247,0,183,0,0.017574186113511955,0.0
184,161264,0,184,0,0.01767021991741093,0.0
185,161303,0,185,0,0.0177662537213099,0.0
186,161389,0,186,0,0.017862287525208874,0.0
187,161393,0,187,0,0.017958321329107844,0.0
188,161395,0,188,0,0.01805435513300682,0.0
189,161416,0,189,0,0.018150388936905792,0.0
190,161421,0,190,0,0.018246422740804763,0.0
191,161436,0,191,0,0.018342456544703737,0.0
192,161450,0,192,0,0.018438490348602708,0.0
193,161509,0,193,0,0.01853452415250168,0.0
194,161514,0,194,0,0.018630557956400652,0.0
195,161532,0,195,0,0.018726591760299626,0.0
196,161550,0,196,0,0.018822625564198597,0.0
197,161564,0,197,0,0.01891865936809757,0.0
198,161573,0,198,0,0.01901469317199654,0.0
199,161577,0,199,0,0.019110726975895515,0.0
200,161581,0,200,0,0.01920676077979449,0.0
201,161637,0,201,0,0.01930279458369346,0.0
202,161640,0,202,0,0.019398828387592434,0.0
203,161645,0,203,0,0.019494862191491404,0.0
204,161648,0,204,0,0.01959089599539038,0.0
205,161664,0,205,0,0.01968692979928935,0.0
206,161671,0,206,0,0.019782963603188323,0.0
207,161672,0,207,0,0.019878997407087293,0.0
208,161673,0,208,0,0.019975031210986267,0.0
209,161678,0,209,0,0.020071065014885238,0.0
210,161679,0,210,0,0.020167098818784212,0.0
211,161680,0,211,0,0.020263132622683186,0.0
212,161681,0,212,0,0.020359166426582156,0.0
213,161683,0,213,0,0.02045520023048113,0.0
214,161692,0,214,0,0.0205512340343801,0.0
215,161700,0,215,0,0.020647267838279075,0.0
216,161703,0,216,0,0.020743301642178046,0.0
217,161707,0,217,0,0.02083933544607702,0.0
218,161715,0,218,0,0.02093536924997599,0.0
219,161730,0,219,0,0.021031403053874964,0.0
220,161734,0,220,0,0.021127436857773938,0.0
221,161738,0,221,0,0.02122347066167291,0.0
222,161747,0,222,0,0.021319504465571883,0.0
223,161798,0,223,0,0.021415538269470853,0.0
224,161799,0,224,0,0.021511572073369827,0.0
225,161806,0,225,0,0.021607605877268798,0.0
226,161810,0,226,0,0.021703639681167772,0.0
227,161816,0,227,0,0.021799673485066742,0.0
228,161819,0,228,0,0.021895707288965716,0.0
229,161821,0,229,0,0.021991741092864687,0.0
230,161823,0,230,0,0.02208777489676366,0.0
231,161824,0,231,0,0.022183808700662635,0.0
232,161825,0,232,0,0.022279842504561605,0.0
233,161826,0,233,0,0.02237587630846058,0.0
234,161829,0,234,0,0.02247191011235955,0.0
235,161830,0,235,0,0.022567943916258524,0.0
236,161831,0,236,0,0.022663977720157494,0.0
237,161834,0,237,0,0.02276001152405647,0.0
238,161836,0,238,0,0.02285604532795544,0.0
239,161840,0,239,0,0.022952079131854413,0.0
240,161842,0,240,0,0.023048112935753384,0.0
241,161845,0,241,0,0.023144146739652358,0.0
242,161846,0,242,0,0.02324018054355133,0.0
243,161851,0,243,0,0.023336214347450302,0.0
244,161852,0,244,0,0.023432248151349276,0.0
245,161857,0,245,0,0.023528281955248247,0.0
246,161860,0,246,0,0.02362431575914722,0.0
247,161867,0,247,0,0.02372034956304619,0.0
248,161869,0,248,0,0.023816383366945165,0.0
249,161874,0,249,0,0.023912417170844136,0.0
250,161875,0,250,0,0.02400845097474311,0.0
251,161876,0,251,0,0.02410448477864208,0.0
252,161882,0,252,0,0.024200518582541054,0.0
253,161883,0,253,0,0.02429655238644003,0.0
254,161884,0,254,0,0.024392586190339,0.0
255,161896,0,255,0,0.024488619994237973,0.0
256,161898,0,256,0,0.024584653798136943,0.0
257,161902,0,257,0,0.024680687602035917,0.0
258,161914,0,258,0,0.024776721405934888,0.0
259,161920,0,259,0,0.024872755209833862,0.0
260,161921,0,260,0,0.024968789013732832,0.0
261,161924,0,261,0,0.025064822817631807,0.0
262,161926,0,262,0,0.02516085662153078,0.0
263,161927,0,263,0,0.02525689042542975,0.0
264,161934,0,264,0,0.025352924229328725,0.0
265,161936,0,265,0,0.025448958033227696,0.0
266,161940,0,266,0,0.02554499183712667,0.0
267,161944,0,267,0,0.02564102564102564,0.0
268,161950,0,268,0,0.025737059444924614,0.0
269,161951,0,269,0,0.025833093248823585,0.0
270,161954,0,270,0,0.02592912705272256,0.0
271,161955,0,271,0,0.02602516085662153,0.0
272,161956,0,272,0,0.026121194660520503,0.0
273,161957,0,273,0,0.026217228464419477,0.0
274,161961,0,274,0,0.026313262268318448,0.0
275,161963,0,275,0,0.026409296072217422,0.0
276,161964,0,276,0,0.026505329876116392,0.0
277,161967,0,277,0,0.026601363680015366,0.0
278,161971,0,278,0,0.026697397483914337,0.0
279,161972,0,279,0,0.02679343128781331,0.0
280,161973,0,280,0,0.02688946509171228,0.0
281,161978,0,281,0,0.026985498895611255,0.0
282,161979,0,282,0,0.027081532699510226,0.0
283,161982,0,283,0,0.0271775665034092,0.0
284,161989,0,284,0,0.027273600307308174,0.0
285,161990,0,285,0,0.027369634111207145,0.0
286,161992,0,286,0,0.02746566791510612,0.0
287,161993,0,287,0,0.02756170171900509,0.0
288,161997,0,288,0,0.027657735522904063,0.0
289,161999,0,289,0,0.027753769326803034,0.0
290,162000,0,290,0,0.027849803130702008,0.0
291,162004,0,291,0,0.027945836934600978,0.0
292,162007,0,292,0,0.028041870738499952,0.0
293,162009,0,293,0,0.028137904542398923,0.0
294,162010,0,294,0,0.028233938346297897,0.0
295,162016,0,295,0,0.02832997215019687,0.0
296,162020,0,296,0,0.02842600595409584,0.0
297,162021,0,297,0,0.028522039757994815,0.0
298,162025,0,298,0,0.028618073561893786,0.0
299,162030,0,299,0,0.02871410736579276,0.0
300,162064,0,300,0,0.02881014116969173,0.0
301,162066,0,301,0,0.028906174973590704,0.0
302,162078,0,302,0,0.029002208777489675,0.0
303,162090,0,303,0,0.02909824258138865,0.0
304,162092,0,304,0,0.029194276385287623,0.0
305,162094,0,305,0,0.029290310189186593,0.0
306,162098,0,306,0,0.029386343993085567,0.0
307,162100,0,307,0,0.029482377796984538,0.0
308,162104,0,308,0,0.029578411600883512,0.0
309,162105,0,309,0,0.029674445404782483,0.0
310,162118,0,310,0,0.029770479208681457,0.0
311,162119,0,311,0,0.029866513012580427,0.0
312,162120,0,312,0,0.0299625468164794,0.0
313,162128,0,313,0,0.03005858062037837,0.0
314,162129,0,314,0,0.030154614424277346,0.0
315,162130,0,315,0,0.03025064822817632,0.0
316,162131,0,316,0,0.03034668203207529,0.0
317,162136,0,317,0,0.030442715835974264,0.0
318,162137,0,318,0,0.030538749639873235,0.0
319,162140,0,319,0,0.03063478344377221,0.0
320,162142,0,320,0,0.03073081724767118,0.0
321,162143,0,321,0,0.030826851051570153,0.0
322,162146,0,322,0,0.030922884855469124,0.0
323,162148,0,323,0,0.031018918659368098,0.0
324,162150,0,324,0,0.03111495246326707,0.0
325,162152,0,325,0,0.031210986267166042,0.0
326,162153,0,326,0,0.03130702007106501,0.0
327,162156,0,327,0,0.03140305387496399,0.0
328,162158,0,328,0,0.03149908767886296,0.0
329,162159,0,329,0,0.03159512148276193,0.0
330,162160,0,330,0,0.0316911552866609,0.0
331,162162,0,331,0,0.03178718909055988,0.0
332,162163,0,332,0,0.03188322289445885,0.0
333,162164,0,333,0,0.03197925669835782,0.0
334,162167,0,334,0,0.03207529050225679,0.0
335,162168,0,335,0,0.03217132430615577,0.0
336,162170,0,336,0,0.03226735811005474,0.0
337,162173,0,337,0,0.03236339191395371,0.0
338,162176,0,338,0,0.03245942571785269,0.0
339,162180,0,339,0,0.03255545952175166,0.0
340,162181,0,340,0,0.03265149332565063,0.0
341,162190,0,341,0,0.0327475271295496,0.0
342,162193,0,342,0,0.032843560933448576,0.0
343,162194,0,343,0,0.03293959473734755,0.0
344,162196,0,344,0,0.03303562854124652,0.0
345,162199,0,345,0,0.03313166234514549,0.0
346,162202,0,346,0,0.033227696149044465,0.0
347,162203,0,347,0,0.033323729952943436,0.0
348,162205,0,348,0,0.033419763756842406,0.0
349,162207,0,349,0,0.033515797560741384,0.0
350,162208,0,350,0,0.033611831364640354,0.0
351,162213,0,351,0,0.033707865168539325,0.0
352,162225,0,352,0,0.033803898972438295,0.0
353,162228,0,353,0,0.03389993277633727,0.0
354,162229,0,354,0,0.03399596658023624,0.0
355,162230,0,355,0,0.034092000384135214,0.0
356,162232,0,356,0,0.03418803418803419,0.0
357,162239,0,357,0,0.03428406799193316,0.0
358,162241,0,358,0,0.03438010179583213,0.0
359,162242,0,359,0,0.0344761355997311,0.0
360,162246,0,360,0,0.03457216940363008,0.0
361,162251,0,361,0,0.03466820320752905,0.0
362,162257,0,362,0,0.03476423701142802,0.0
363,162261,0,363,0,0.03486027081532699,0.0
364,162262,0,364,0,0.03495630461922597,0.0
365,162263,0,365,0,0.03505233842312494,0.0
366,162264,0,366,0,0.03514837222702391,0.0
367,162278,0,367,0,0.03524440603092289,0.0
368,162280,0,368,0,0.03534043983482186,0.0
369,162289,0,369,0,0.03543647363872083,0.0
370,162290,0,370,0,0.0355325074426198,0.0
371,162299,0,371,0,0.03562854124651878,0.0
372,162302,0,372,0,0.03572457505041775,0.0
373,162304,0,373,0,0.03582060885431672,0.0
374,162305,0,374,0,0.03591664265821569,0.0
375,162306,0,375,0,0.036012676462114666,0.0
376,162308,0,376,0,0.03610871026601364,0.0
377,162311,0,377,0,0.03620474406991261,0.0
378,162313,0,378,0,0.036300777873811585,0.0
379,162314,0,379,0,0.036396811677710555,0.0
380,162329,0,380,0,0.036492845481609526,0.0
381,162330,0,381,0,0.0365888792855085,0.0
382,162333,0,382,0,0.036684913089407474,0.0
383,162334,0,383,0,0.036780946893306445,0.0
384,162337,0,384,0,0.036876980697205415,0.0
385,162344,0,385,0,0.036973014501104386,0.0
386,162346,0,386,0,0.03706904830500336,0.0
387,162347,0,387,0,0.037165082108902334,0.0
388,162349,0,388,0,0.037261115912801304,0.0
389,162350,0,389,0,0.03735714971670028,0.0
390,162352,0,390,0,0.03745318352059925,0.0
391,162356,0,391,0,0.03754921732449822,0.0
392,162367,0,392,0,0.03764525112839719,0.0
393,162371,0,393,0,0.03774128493229617,0.0
394,162374,0,394,0,0.03783731873619514,0.0
395,162376,0,395,0,0.03793335254009411,0.0
396,162382,0,396,0,0.03802938634399308,0.0
397,162384,0,397,0,0.03812542014789206,0.0
398,162389,0,398,0,0.03822145395179103,0.0
399,162390,0,399,0,0.03831748775569,0.0
400,162391,0,400,0,0.03841352155958898,0.0
401,162392,0,401,0,0.03850955536348795,0.0
402,162395,0,402,0,0.03860558916738692,0.0
403,162396,0,403,0,0.03870162297128589,0.0
404,162402,0,404,0,0.03879765677518487,0.0
405,162404,0,405,0,0.03889369057908384,0.0
406,162405,0,406,0,0.03898972438298281,0.0
407,162406,0,407,0,0.03908575818688178,0.0
408,162408,0,408,0,0.03918179199078076,0.0
409,162413,0,409,0,0.03927782579467973,0.0
410,162416,0,410,0,0.0393738595985787,0.0
411,162420,0,411,0,0.039469893402477675,0.0
412,162421,0,412,0,0.039565927206376646,0.0
413,162425,0,413,0,0.039661961010275616,0.0
414,162430,0,414,0,0.03975799481417459,0.0
415,162432,0,415,0,0.039854028618073564,0.0
416,162433,0,416,0,0.039950062421972535,0.0
417,162434,0,417,0,0.040046096225871505,0.0
418,162435,0,418,0,0.040142130029770476,0.0
419,162438,0,419,0,0.04023816383366945,0.0
420,162441,0,420,0,0.040334197637568424,0.0
421,162442,0,421,0,0.040430231441467394,0.0
422,162444,0,422,0,0.04052626524536637,0.0
423,162447,0,423,0,0.04062229904926534,0.0
424,162450,0,424,0,0.04071833285316431,0.0
425,162451,0,425,0,0.040814366657063283,0.0
426,162453,0,426,0,0.04091040046096226,0.0
427,162454,0,427,0,0.04100643426486123,0.0
428,162459,0,428,0,0.0411024680687602,0.0
429,162461,0,429,0,0.04119850187265917,0.0
430,162466,0,430,0,0.04129453567655815,0.0
431,162474,0,431,0,0.04139056948045712,0.0
432,162480,0,432,0,0.04148660328435609,0.0
433,162482,0,433,0,0.04158263708825507,0.0
434,162485,0,434,0,0.04167867089215404,0.0
435,162487,0,435,0,0.04177470469605301,0.0
436,162490,0,436,0,0.04187073849995198,0.0
437,162493,0,437,0,0.04196677230385096,0.0
438,162495,0,438,0,0.04206280610774993,0.0
439,162496,0,439,0,0.0421588399116489,0.0
440,162500,0,440,0,0.042254873715547876,0.0
441,162501,0,441,0,0.04235090751944685,0.0
442,162503,0,442,0,0.04244694132334582,0.0
443,162506,0,443,0,0.04254297512724479,0.0
444,162508,0,444,0,0.042639008931143765,0.0
445,162509,0,445,0,0.042735042735042736,0.0
446,162511,0,446,0,0.042831076538941706,0.0
447,162513,0,447,0,0.04292711034284068,0.0
448,162514,0,448,0,0.043023144146739654,0.0
449,162517,0,449,0,0.043119177950638625,0.0
450,162523,0,450,0,0.043215211754537596,0.0
451,162524,0,451,0,0.04331124555843657,0.0
452,162538,0,452,0,0.043407279362335544,0.0
453,162541,0,453,0,0.043503313166234514,0.0
454,162546,0,454,0,0.043599346970133485,0.0
455,162552,0,455,0,0.04369538077403246,0.0
456,162553,0,456,0,0.04379141457793143,0.0
457,162557,0,457,0,0.0438874483818304,0.0
458,162570,0,458,0,0.043983482185729374,0.0
459,162571,0,459,0,0.04407951598962835,0.0
460,162572,0,460,0,0.04417554979352732,0.0
461,162574,0,461,0,0.04427158359742629,0.0
462,162575,0,462,0,0.04436761740132527,0.0
463,162577,0,463,0,0.04446365120522424,0.0
464,162584,0,464,0,0.04455968500912321,0.0
465,162591,0,465,0,0.04465571881302218,0.0
466,162596,0,466,0,0.04475175261692116,0.0
467,162601,0,467,0,0.04484778642082013,0.0
468,162632,0,468,0,0.0449438202247191,0.0
469,162637,0,469,0,0.04503985402861807,0.0
470,162638,0,470,0,0.04513588783251705,0.0
471,162639,0,471,0,0.04523192163641602,0.0
472,162641,0,472,0,0.04532795544031499,0.0
473,162642,0,473,0,0.045423989244213966,0.0
474,162645,0,474,0,0.04552002304811294,0.0
475,162646,0,475,0,0.04561605685201191,0.0
476,162649,0,476,0,0.04571209065591088,0.0
477,162654,0,477,0,0.045808124459809856,0.0
478,162655,0,478,0,0.045904158263708826,0.0
479,162657,0,479,0,0.0460001920676078,0.0
480,162658,0,480,0,0.04609622587150677,0.0
481,162659,0,481,0,0.046192259675405745,0.0
482,162661,0,482,0,0.046288293479304715,0.0
483,162663,0,483,0,0.046384327283203686,0.0
484,162667,0,484,0,0.04648036108710266,0.0
485,162672,0,485,0,0.046576394891001634,0.0
486,162673,0,486,0,0.046672428694900604,0.0
487,162674,0,487,0,0.046768462498799575,0.0
488,162675,0,488,0,0.04686449630269855,0.0
489,162676,0,489,0,0.04696053010659752,0.0
490,162678,0,490,0,0.04705656391049649,0.0
491,162682,0,491,0,0.047152597714395464,0.0
492,162683,0,492,0,0.04724863151829444,0.0
493,162690,0,493,0,0.04734466532219341,0.0
494,162699,0,494,0,0.04744069912609238,0.0
495,162705,0,495,0,0.04753673292999136,0.0
496,162706,0,496,0,0.04763276673389033,0.0
497,162708,0,497,0,0.0477288005377893,0.0
498,162709,0,498,0,0.04782483434168827,0.0
499,162710,0,499,0,0.04792086814558725,0.0
500,162714,0,500,0,0.04801690194948622,0.0
501,162718,0,501,0,0.04811293575338519,0.0
502,162719,0,502,0,0.04820896955728416,0.0
503,162721,0,503,0,0.04830500336118314,0.0
504,162724,0,504,0,0.04840103716508211,0.0
505,162726,0,505,0,0.04849707096898108,0.0
506,162740,0,506,0,0.04859310477288006,0.0
507,162741,0,507,0,0.04868913857677903,0.0
508,162745,0,508,0,0.048785172380678,0.0
509,162747,0,509,0,0.04888120618457697,0.0
510,162754,0,510,0,0.048977239988475946,0.0
511,162762,0,511,0,0.049073273792374916,0.0
512,162767,0,512,0,0.04916930759627389,0.0
513,162776,0,513,0,0.049265341400172864,0.0
514,162777,0,514,0,0.049361375204071835,0.0
515,162778,0,515,0,0.049457409007970805,0.0
516,162784,0,516,0,0.049553442811869776,0.0
517,162785,0,517,0,0.04964947661576875,0.0
518,162786,0,518,0,0.049745510419667724,0.0
519,162788,0,519,0,0.049841544223566694,0.0
520,162789,0,520,0,0.049937578027465665,0.0
521,162790,0,521,0,0.05003361183136464,0.0
522,162793,0,522,0,0.05012964563526361,0.0
523,162795,0,523,0,0.050225679439162584,0.0
524,162796,0,524,0,0.05032171324306156,0.0
525,162797,0,525,0,0.05041774704696053,0.0
526,162799,0,526,0,0.0505137808508595,0.0
527,162803,0,527,0,0.05060981465475847,0.0
528,162807,0,528,0,0.05070584845865745,0.0
529,162817,0,529,0,0.05080188226255642,0.0
530,162819,0,530,0,0.05089791606645539,0.0
531,162824,0,531,0,0.05099394987035436,0.0
532,162826,0,532,0,0.05108998367425334,0.0
533,162832,0,533,0,0.05118601747815231,0.0
534,162834,0,534,0,0.05128205128205128,0.0
535,162837,0,535,0,0.05137808508595026,0.0
536,162838,0,536,0,0.05147411888984923,0.0
537,162839,0,537,0,0.0515701526937482,0.0
538,162840,0,538,0,0.05166618649764717,0.0
539,162845,0,539,0,0.05176222030154615,0.0
540,162846,0,540,0,0.05185825410544512,0.0
541,162849,0,541,0,0.05195428790934409,0.0
542,162850,0,542,0,0.05205032171324306,0.0
543,162851,0,543,0,0.052146355517142036,0.0
544,162854,0,544,0,0.052242389321041006,0.0
545,162856,0,545,0,0.05233842312493998,0.0
546,162857,0,546,0,0.052434456928838954,0.0
547,162858,0,547,0,0.052530490732737925,0.0
548,162861,0,548,0,0.052626524536636896,0.0
549,162863,0,549,0,0.052722558340535866,0.0
550,162865,0,550,0,0.052818592144434844,0.0
551,162867,0,551,0,0.052914625948333814,0.0
552,162869,0,552,0,0.053010659752232785,0.0
553,162871,0,553,0,0.053106693556131755,0.0
554,162872,0,554,0,0.05320272736003073,0.0
555,162875,0,555,0,0.0532987611639297,0.0
556,162880,0,556,0,0.053394794967828674,0.0
557,162885,0,557,0,0.05349082877172765,0.0
558,162886,0,558,0,0.05358686257562662,0.0
559,162887,0,559,0,0.05368289637952559,0.0
560,162889,0,560,0,0.05377893018342456,0.0
561,162893,0,561,0,0.05387496398732354,0.0
562,162894,0,562,0,0.05397099779122251,0.0
563,162895,0,563,0,0.05406703159512148,0.0
564,162899,0,564,0,0.05416306539902045,0.0
565,162901,0,565,0,0.05425909920291943,0.0
566,162902,0,566,0,0.0543551330068184,0.0
567,162903,0,567,0,0.05445116681071737,0.0
568,162904,0,568,0,0.05454720061461635,0.0
569,162907,0,569,0,0.05464323441851532,0.0
570,162908,0,570,0,0.05473926822241429,0.0
571,162909,0,571,0,0.05483530202631326,0.0
572,162910,0,572,0,0.05493133583021224,0.0
573,162914,0,573,0,0.05502736963411121,0.0
574,162918,0,574,0,0.05512340343801018,0.0
575,162921,0,575,0,0.05521943724190915,0.0
576,162925,0,576,0,0.055315471045808126,0.0
577,162930,0,577,0,0.0554115048497071,0.0
578,162932,0,578,0,0.05550753865360607,0.0
579,162933,0,579,0,0.055603572457505045,0.0
580,162939,0,580,0,0.055699606261404015,0.0
581,162940,0,581,0,0.055795640065302986,0.0
582,162942,0,582,0,0.055891673869201956,0.0
583,162946,0,583,0,0.055987707673100934,0.0
584,162947,0,584,0,0.056083741476999904,0.0
585,162950,0,585,0,0.056179775280898875,0.0
586,162960,0,586,0,0.056275809084797845,0.0
587,162964,0,587,0,0.05637184288869682,0.0
588,162966,0,588,0,0.05646787669259579,0.0
589,162967,0,589,0,0.056563910496494764,0.0
590,162971,0,590,0,0.05665994430039374,0.0
591,162976,0,591,0,0.05675597810429271,0.0
592,162977,0,592,0,0.05685201190819168,0.0
593,162978,0,593,0,0.05694804571209065,0.0
594,162986,0,594,0,0.05704407951598963,0.0
595,162995,0,595,0,0.0571401133198886,0.0
596,162997,0,596,0,0.05723614712378757,0.0
597,162998,0,597,0,0.05733218092768655,0.0
598,163006,0,598,0,0.05742821473158552,0.0
599,163007,0,599,0,0.05752424853548449,0.0
600,163013,0,600,0,0.05762028233938346,0.0
601,163016,0,601,0,0.05771631614328244,0.0
602,163026,0,602,0,0.05781234994718141,0.0
603,163028,0,603,0,0.05790838375108038,0.0
604,163030,0,604,0,0.05800441755497935,0.0
605,163032,0,605,0,0.05810045135887833,0.0
606,163033,0,606,0,0.0581964851627773,0.0
607,163035,0,607,0,0.05829251896667627,0.0
608,163037,0,608,0,0.058388552770575246,0.0
609,163040,0,609,0,0.058484586574474216,0.0
610,163043,0,610,0,0.05858062037837319,0.0
611,163049,0,611,0,0.05867665418227216,0.0
612,163052,0,612,0,0.058772687986171135,0.0
613,163053,0,613,0,0.058868721790070105,0.0
614,163061,0,614,0,0.058964755593969076,0.0
615,163062,0,615,0,0.059060789397868046,0.0
616,163064,0,616,0,0.059156823201767024,0.0
617,163068,0,617,0,0.059252857005665995,0.0
618,163069,0,618,0,0.059348890809564965,0.0
619,163071,0,619,0,0.05944492461346394,0.0
620,163079,0,620,0,0.05954095841736291,0.0
621,163080,0,621,0,0.059636992221261884,0.0
622,163081,0,622,0,0.059733026025160854,0.0
623,163084,0,623,0,0.05982905982905983,0.0
624,163087,0,624,0,0.0599250936329588,0.0
625,163094,0,625,0,0.06002112743685777,0.0
626,163095,0,626,0,0.06011716124075674,0.0
627,163129,0,627,0,0.06021319504465572,0.0
628,163134,0,628,0,0.06030922884855469,0.0
629,163136,0,629,0,0.06040526265245366,0.0
630,163139,0,630,0,0.06050129645635264,0.0
631,163150,0,631,0,0.06059733026025161,0.0
632,163152,0,632,0,0.06069336406415058,0.0
633,163153,0,633,0,0.06078939786804955,0.0
634,163156,0,634,0,0.06088543167194853,0.0
635,163160,0,635,0,0.0609814654758475,0.0
636,163162,0,636,0,0.06107749927974647,0.0
637,163163,0,637,0,0.06117353308364544,0.0
638,163165,0,638,0,0.06126956688754442,0.0
639,163167,0,639,0,0.06136560069144339,0.0
640,163169,0,640,0,0.06146163449534236,0.0
641,163170,0,641,0,0.061557668299241336,0.0
642,163171,0,642,0,0.061653702103140307,0.0
643,163173,0,643,0,0.06174973590703928,0.0
644,163177,0,644,0,0.06184576971093825,0.0
645,163182,0,645,0,0.061941803514837225,0.0
646,163183,0,646,0,0.062037837318736196,0.0
647,163185,0,647,0,0.062133871122635166,0.0
648,163193,0,648,0,0.06222990492653414,0.0
649,163198,0,649,0,0.062325938730433114,0.0
650,163199,0,650,0,0.062421972534332085,0.0
651,163205,0,651,0,0.06251800633823106,0.0
652,163206,0,652,0,0.06261404014213003,0.0
653,163208,0,653,0,0.062710073946029,0.0
654,163210,0,654,0,0.06280610774992798,0.0
655,163218,0,655,0,0.06290214155382695,0.0
656,163226,0,656,0,0.06299817535772592,0.0
657,163231,0,657,0,0.06309420916162489,0.0
658,163234,0,658,0,0.06319024296552386,0.0
659,163235,0,659,0,0.06328627676942283,0.0
660,163236,0,660,0,0.0633823105733218,0.0
661,163237,0,661,0,0.06347834437722079,0.0
662,163253,0,662,0,0.06357437818111976,0.0
663,163255,0,663,0,0.06367041198501873,0.0
664,163258,0,664,0,0.0637664457889177,0.0
665,163260,0,665,0,0.06386247959281667,0.0
666,163263,0,666,0,0.06395851339671564,0.0
667,163264,0,667,0,0.06405454720061461,0.0
668,163266,0,668,0,0.06415058100451358,0.0
669,163269,0,669,0,0.06424661480841257,0.0
670,163270,0,670,0,0.06434264861231154,0.0
671,163272,0,671,0,0.06443868241621051,0.0
672,163276,0,672,0,0.06453471622010948,0.0
673,163279,0,673,0,0.06463075002400845,0.0
674,163281,0,674,0,0.06472678382790742,0.0
675,163284,0,675,0,0.06482281763180639,0.0
676,163289,0,676,0,0.06491885143570537,0.0
677,163293,0,677,0,0.06501488523960434,0.0
678,163294,0,678,0,0.06511091904350332,0.0
679,163297,0,679,0,0.06520695284740229,0.0
680,163299,0,680,0,0.06530298665130126,0.0
681,163300,0,681,0,0.06539902045520023,0.0
682,163304,0,682,0,0.0654950542590992,0.0
683,163305,0,683,0,0.06559108806299818,0.0
684,163307,0,684,0,0.06568712186689715,0.0
685,163308,0,685,0,0.06578315567079612,0.0
686,163310,0,686,0,0.0658791894746951,0.0
687,163312,0,687,0,0.06597522327859406,0.0
688,163313,0,688,0,0.06607125708249303,0.0
689,163315,0,689,0,0.066167290886392,0.0
690,163319,0,690,0,0.06626332469029098,0.0
691,163329,0,691,0,0.06635935849418996,0.0
692,163335,0,692,0,0.06645539229808893,0.0
693,163337,0,693,0,0.0665514261019879,0.0
694,163341,0,694,0,0.06664745990588687,0.0
695,163342,0,695,0,0.06674349370978584,0.0
696,163345,0,696,0,0.06683952751368481,0.0
697,163359,0,697,0,0.06693556131758378,0.0
698,163361,0,698,0,0.06703159512148277,0.0
699,163365,0,699,0,0.06712762892538174,0.0
700,163369,0,700,0,0.06722366272928071,0.0
701,163370,0,701,0,0.06731969653317968,0.0
702,163371,0,702,0,0.06741573033707865,0.0
703,163372,0,703,0,0.06751176414097762,0.0
704,163373,0,704,0,0.06760779794487659,0.0
705,163374,0,705,0,0.06770383174877558,0.0
706,163380,0,706,0,0.06779986555267455,0.0
707,163382,0,707,0,0.06789589935657352,0.0
708,163383,0,708,0,0.06799193316047249,0.0
709,163385,0,709,0,0.06808796696437146,0.0
710,163389,0,710,0,0.06818400076827043,0.0
711,163391,0,711,0,0.0682800345721694,0.0
712,163394,0,712,0,0.06837606837606838,0.0
713,163395,0,713,0,0.06847210217996735,0.0
714,163397,0,714,0,0.06856813598386632,0.0
715,163398,0,715,0,0.0686641697877653,0.0
716,163399,0,716,0,0.06876020359166427,0.0
717,163400,0,717,0,0.06885623739556324,0.0
718,163401,0,718,0,0.0689522711994622,0.0
719,163406,0,719,0,0.06904830500336118,0.0
720,163407,0,720,0,0.06914433880726016,0.0
721,163408,0,721,0,0.06924037261115913,0.0
722,163410,0,722,0,0.0693364064150581,0.0
723,163412,0,723,0,0.06943244021895707,0.0
724,163413,0,724,0,0.06952847402285604,0.0
725,163415,0,725,0,0.06962450782675501,0.0
726,163416,0,726,0,0.06972054163065398,0.0
727,163420,0,727,0,0.06981657543455297,0.0
728,163427,0,728,0,0.06991260923845194,0.0
729,163428,0,729,0,0.07000864304235091,0.0
730,163430,0,730,0,0.07010467684624988,0.0
731,163436,0,731,0,0.07020071065014885,0.0
732,163442,0,732,0,0.07029674445404782,0.0
733,163443,0,733,0,0.07039277825794679,0.0
734,163444,0,734,0,0.07048881206184578,0.0
735,163445,0,735,0,0.07058484586574475,0.0
736,163448,0,736,0,0.07068087966964372,0.0
737,163450,0,737,0,0.07077691347354269,0.0
738,163451,0,738,0,0.07087294727744166,0.0
739,163452,0,739,0,0.07096898108134063,0.0
740,163453,0,740,0,0.0710650148852396,0.0
741,163454,0,741,0,0.07116104868913857,0.0
742,163456,0,742,0,0.07125708249303755,0.0
743,163457,0,743,0,0.07135311629693653,0.0
744,163461,0,744,0,0.0714491501008355,0.0
745,163463,0,745,0,0.07154518390473447,0.0
746,163465,0,746,0,0.07164121770863344,0.0
747,163466,0,747,0,0.07173725151253241,0.0
748,163471,0,748,0,0.07183328531643138,0.0
749,163473,0,749,0,0.07192931912033036,0.0
750,163478,0,750,0,0.07202535292422933,0.0
751,163480,0,751,0,0.0721213867281283,0.0
752,163483,0,752,0,0.07221742053202727,0.0
753,163484,0,753,0,0.07231345433592624,0.0
754,163487,0,754,0,0.07240948813982521,0.0
755,163488,0,755,0,0.07250552194372419,0.0
756,163489,0,756,0,0.07260155574762317,0.0
757,163491,0,757,0,0.07269758955152214,0.0
758,163494,0,758,0,0.07279362335542111,0.0
759,163495,0,759,0,0.07288965715932008,0.0
760,163498,0,760,0,0.07298569096321905,0.0
761,163499,0,761,0,0.07308172476711802,0.0
762,163507,0,762,0,0.073177758571017,0.0
763,163509,0,763,0,0.07327379237491596,0.0
764,163510,0,764,0,0.07336982617881495,0.0
765,163512,0,765,0,0.07346585998271392,0.0
766,163514,0,766,0,0.07356189378661289,0.0
767,163516,0,767,0,0.07365792759051186,0.0
768,163518,0,768,0,0.07375396139441083,0.0
769,163525,0,769,0,0.0738499951983098,0.0
770,163529,0,770,0,0.07394602900220877,0.0
771,163532,0,771,0,0.07404206280610776,0.0
772,163533,0,772,0,0.07413809661000673,0.0
773,163535,0,773,0,0.0742341304139057,0.0
774,163537,0,774,0,0.07433016421780467,0.0
775,163540,0,775,0,0.07442619802170364,0.0
776,163542,0,776,0,0.07452223182560261,0.0
777,163543,0,777,0,0.07461826562950158,0.0
778,163544,0,778,0,0.07471429943340056,0.0
779,163548,0,779,0,0.07481033323729953,0.0
780,163549,0,780,0,0.0749063670411985,0.0
781,163550,0,781,0,0.07500240084509747,0.0
782,163551,0,782,0,0.07509843464899645,0.0
783,163552,0,783,0,0.07519446845289542,0.0
784,163556,0,784,0,0.07529050225679439,0.0
785,163560,0,785,0,0.07538653606069337,0.0
786,163562,0,786,0,0.07548256986459234,0.0
787,163572,0,787,0,0.07557860366849131,0.0
788,163573,0,788,0,0.07567463747239028,0.0
789,163576,0,789,0,0.07577067127628925,0.0
790,163577,0,790,0,0.07586670508018822,0.0
791,163578,0,791,0,0.0759627388840872,0.0
792,163579,0,792,0,0.07605877268798616,0.0
793,163581,0,793,0,0.07615480649188515,0.0
794,163582,0,794,0,0.07625084029578412,0.0
795,163583,0,795,0,0.07634687409968309,0.0
796,163586,0,796,0,0.07644290790358206,0.0
797,163592,0,797,0,0.07653894170748103,0.0
798,163593,0,798,0,0.07663497551138,0.0
799,163596,0,799,0,0.07673100931527897,0.0
800,163598,0,800,0,0.07682704311917796,0.0
801,163600,0,801,0,0.07692307692307693,0.0
802,163603,0,802,0,0.0770191107269759,0.0
803,163606,0,803,0,0.07711514453087487,0.0
804,163607,0,804,0,0.07721117833477384,0.0
805,163608,0,805,0,0.07730721213867281,0.0
806,163609,0,806,0,0.07740324594257178,0.0
807,163610,0,807,0,0.07749927974647076,0.0
808,163613,0,808,0,0.07759531355036973,0.0
809,163614,0,809,0,0.0776913473542687,0.0
810,163615,0,810,0,0.07778738115816768,0.0
811,163621,0,811,0,0.07788341496206665,0.0
812,163622,0,812,0,0.07797944876596562,0.0
813,163628,0,813,0,0.07807548256986459,0.0
814,163632,0,814,0,0.07817151637376356,0.0
815,163637,0,815,0,0.07826755017766254,0.0
816,163643,0,816,0,0.07836358398156151,0.0
817,163645,0,817,0,0.07845961778546048,0.0
818,163646,0,818,0,0.07855565158935945,0.0
819,163647,0,819,0,0.07865168539325842,0.0
820,163648,0,820,0,0.0787477191971574,0.0
821,163685,0,821,0,0.07884375300105637,0.0
822,163686,0,822,0,0.07893978680495535,0.0
823,163688,0,823,0,0.07903582060885432,0.0
824,163689,0,824,0,0.07913185441275329,0.0
825,163693,0,825,0,0.07922788821665226,0.0
826,163695,0,826,0,0.07932392202055123,0.0
827,163696,0,827,0,0.0794199558244502,0.0
828,163698,0,828,0,0.07951598962834917,0.0
829,163701,0,829,0,0.07961202343224816,0.0
830,163703,0,830,0,0.07970805723614713,0.0
831,163707,0,831,0,0.0798040910400461,0.0
832,163708,0,832,0,0.07990012484394507,0.0
833,163709,0,833,0,0.07999615864784404,0.0
834,163713,0,834,0,0.08009219245174301,0.0
835,163715,0,835,0,0.08018822625564198,0.0
836,163720,0,836,0,0.08028426005954095,0.0
837,163722,0,837,0,0.08038029386343994,0.0
838,163725,0,838,0,0.0804763276673389,0.0
839,163731,0,839,0,0.08057236147123788,0.0
840,163735,0,840,0,0.08066839527513685,0.0
841,163745,0,841,0,0.08076442907903582,0.0
842,163751,0,842,0,0.08086046288293479,0.0
843,163753,0,843,0,0.08095649668683376,0.0
844,163754,0,844,0,0.08105253049073274,0.0
845,163755,0,845,0,0.08114856429463171,0.0
846,163759,0,846,0,0.08124459809853068,0.0
847,163765,0,847,0,0.08134063190242966,0.0
848,163771,0,848,0,0.08143666570632863,0.0
849,163772,0,849,0,0.0815326995102276,0.0
850,163777,0,850,0,0.08162873331412657,0.0
851,163783,0,851,0,0.08172476711802555,0.0
852,163784,0,852,0,0.08182080092192452,0.0
853,163786,0,853,0,0.08191683472582349,0.0
854,163790,0,854,0,0.08201286852972246,0.0
855,163791,0,855,0,0.08210890233362143,0.0
856,163796,0,856,0,0.0822049361375204,0.0
857,163797,0,857,0,0.08230096994141937,0.0
858,163799,0,858,0,0.08239700374531835,0.0
859,163800,0,859,0,0.08249303754921733,0.0
860,163801,0,860,0,0.0825890713531163,0.0
861,163802,0,861,0,0.08268510515701527,0.0
862,163804,0,862,0,0.08278113896091424,0.0
863,163809,0,863,0,0.08287717276481321,0.0
864,163811,0,864,0,0.08297320656871218,0.0
865,163813,0,865,0,0.08306924037261115,0.0
866,163815,0,866,0,0.08316527417651014,0.0
867,163816,0,867,0,0.08326130798040911,0.0
868,163817,0,868,0,0.08335734178430808,0.0
869,163818,0,869,0,0.08345337558820705,0.0
870,163827,0,870,0,0.08354940939210602,0.0
871,163836,0,871,0,0.08364544319600499,0.0
872,163838,0,872,0,0.08374147699990396,0.0
873,163842,0,873,0,0.08383751080380294,0.0
874,163848,0,874,0,0.08393354460770192,0.0
875,163852,0,875,0,0.08402957841160089,0.0
876,163853,0,876,0,0.08412561221549986,0.0
877,163854,0,877,0,0.08422164601939883,0.0
878,163855,0,878,0,0.0843176798232978,0.0
879,163856,0,879,0,0.08441371362719677,0.0
880,163858,0,880,0,0.08450974743109575,0.0
881,163859,0,881,0,0.08460578123499472,0.0
882,163861,0,882,0,0.0847018150388937,0.0
883,163869,0,883,0,0.08479784884279266,0.0
884,163874,0,884,0,0.08489388264669163,0.0
885,163876,0,885,0,0.0849899164505906,0.0
886,163888,0,886,0,0.08508595025448958,0.0
887,163889,0,887,0,0.08518198405838855,0.0
888,163892,0,888,0,0.08527801786228753,0.0
889,163898,0,889,0,0.0853740516661865,0.0
890,163899,0,890,0,0.08547008547008547,0.0
891,163900,0,891,0,0.08556611927398444,0.0
892,163904,0,892,0,0.08566215307788341,0.0
893,163909,0,893,0,0.08575818688178238,0.0
894,163911,0,894,0,0.08585422068568135,0.0
895,163913,0,895,0,0.08595025448958034,0.0
896,163915,0,896,0,0.08604628829347931,0.0
897,163916,0,897,0,0.08614232209737828,0.0
898,163920,0,898,0,0.08623835590127725,0.0
899,163924,0,899,0,0.08633438970517622,0.0
900,163926,0,900,0,0.08643042350907519,0.0
901,163927,0,901,0,0.08652645731297416,0.0
902,163930,0,902,0,0.08662249111687315,0.0
903,163931,0,903,0,0.08671852492077212,0.0
904,163932,0,904,0,0.08681455872467109,0.0
905,163936,0,905,0,0.08691059252857006,0.0
906,163938,0,906,0,0.08700662633246903,0.0
907,163939,0,907,0,0.087102660136368,0.0
908,163945,0,908,0,0.08719869394026697,0.0
909,163946,0,909,0,0.08729472774416594,0.0
910,163947,0,910,0,0.08739076154806492,0.0
911,163951,0,911,0,0.0874867953519639,0.0
912,163956,0,912,0,0.08758282915586287,0.0
913,163959,0,913,0,0.08767886295976184,0.0
914,163962,0,914,0,0.0877748967636608,0.0
915,163964,0,915,0,0.08787093056755978,0.0
916,163969,0,916,0,0.08796696437145875,0.0
917,163971,0,917,0,0.08806299817535773,0.0
918,163973,0,918,0,0.0881590319792567,0.0
919,163974,0,919,0,0.08825506578315567,0.0
920,163975,0,920,0,0.08835109958705464,0.0
921,163976,0,921,0,0.08844713339095361,0.0
922,163977,0,922,0,0.08854316719485258,0.0
923,163981,0,923,0,0.08863920099875156,0.0
924,163982,0,924,0,0.08873523480265054,0.0
925,163994,0,925,0,0.08883126860654951,0.0
926,163995,0,926,0,0.08892730241044848,0.0
927,163997,0,927,0,0.08902333621434745,0.0
928,164000,0,928,0,0.08911937001824642,0.0
929,164001,0,929,0,0.08921540382214539,0.0
930,164005,0,930,0,0.08931143762604436,0.0
931,164006,0,931,0,0.08940747142994333,0.0
932,164009,0,932,0,0.08950350523384232,0.0
933,164019,0,933,0,0.08959953903774129,0.0
934,164021,0,934,0,0.08969557284164026,0.0
935,164024,0,935,0,0.08979160664553923,0.0
936,164025,0,936,0,0.0898876404494382,0.0
937,164028,0,937,0,0.08998367425333717,0.0
938,164031,0,938,0,0.09007970805723614,0.0
939,164034,0,939,0,0.09017574186113513,0.0
940,164043,0,940,0,0.0902717756650341,0.0
941,164050,0,941,0,0.09036780946893307,0.0
942,164052,0,942,0,0.09046384327283204,0.0
943,164056,0,943,0,0.09055987707673101,0.0
944,164057,0,944,0,0.09065591088062998,0.0
945,164064,0,945,0,0.09075194468452895,0.0
946,164067,0,946,0,0.09084797848842793,0.0
947,164068,0,947,0,0.0909440122923269,0.0
948,164070,0,948,0,0.09104004609622587,0.0
949,164074,0,949,0,0.09113607990012484,0.0
950,164081,0,950,0,0.09123211370402382,0.0
951,164083,0,951,0,0.09132814750792279,0.0
952,164085,0,952,0,0.09142418131182176,0.0
953,164086,0,953,0,0.09152021511572074,0.0
954,164092,0,954,0,0.09161624891961971,0.0
955,164095,0,955,0,0.09171228272351868,0.0
956,164101,0,956,0,0.09180831652741765,0.0
957,164103,0,957,0,0.09190435033131662,0.0
958,164105,0,958,0,0.0920003841352156,0.0
959,164109,0,959,0,0.09209641793911456,0.0
960,164110,0,960,0,0.09219245174301353,0.0
961,164112,0,961,0,0.09228848554691252,0.0
962,164113,0,962,0,0.09238451935081149,0.0
963,164115,0,963,0,0.09248055315471046,0.0
964,164117,0,964,0,0.09257658695860943,0.0
965,164118,0,965,0,0.0926726207625084,0.0
966,164119,0,966,0,0.09276865456640737,0.0
967,164120,0,967,0,0.09286468837030634,0.0
968,164122,0,968,0,0.09296072217420533,0.0
969,164123,0,969,0,0.0930567559781043,0.0
970,164124,0,970,0,0.09315278978200327,0.0
971,164125,0,971,0,0.09324882358590224,0.0
972,164126,0,972,0,0.09334485738980121,0.0
973,164127,0,973,0,0.09344089119370018,0.0
974,164130,0,974,0,0.09353692499759915,0.0
975,164141,0,975,0,0.09363295880149813,0.0
976,164142,0,976,0,0.0937289926053971,0.0
977,164143,0,977,0,0.09382502640929608,0.0
978,164145,0,978,0,0.09392106021319505,0.0
979,164146,0,979,0,0.09401709401709402,0.0
980,164147,0,980,0,0.09411312782099299,0.0
981,164152,0,981,0,0.09420916162489196,0.0
982,164155,0,982,0,0.09430519542879093,0.0
983,164157,0,983,0,0.09440122923268991,0.0
984,164160,0,984,0,0.09449726303658888,0.0
985,164162,0,985,0,0.09459329684048785,0.0
986,164165,0,986,0,0.09468933064438682,0.0
987,164167,0,987,0,0.0947853644482858,0.0
988,164169,0,988,0,0.09488139825218476,0.0
989,164173,0,989,0,0.09497743205608374,0.0
990,164177,0,990,0,0.09507346585998272,0.0
991,164178,0,991,0,0.09516949966388169,0.0
992,164182,0,992,0,0.09526553346778066,0.0
993,164185,0,993,0,0.09536156727167963,0.0
994,164187,0,994,0,0.0954576010755786,0.0
995,164191,0,995,0,0.09555363487947757,0.0
996,164193,0,996,0,0.09564966868337654,0.0
997,164194,0,997,0,0.09574570248727553,0.0
998,164197,0,998,0,0.0958417362911745,0.0
999,164198,0,999,0,0.09593777009507347,0.0
1000,164199,0,1000,0,0.09603380389897244,0.0
1001,164201,0,1001,0,0.09612983770287141,0.0
1002,164206,0,1002,0,0.09622587150677038,0.0
1003,164207,0,1003,0,0.09632190531066935,0.0
1004,164242,0,1004,0,0.09641793911456832,0.0
1005,164249,0,1005,0,0.0965139729184673,0.0
1006,164251,0,1006,0,0.09661000672236628,0.0
1007,164254,0,1007,0,0.09670604052626525,0.0
1008,164258,0,1008,0,0.09680207433016422,0.0
1009,164259,0,1009,0,0.09689810813406319,0.0
1010,164260,0,1010,0,0.09699414193796216,0.0
1011,164261,0,1011,0,0.09709017574186113,0.0
1012,164262,0,1012,0,0.09718620954576011,0.0
1013,164265,0,1013,0,0.09728224334965908,0.0
1014,164268,0,1014,0,0.09737827715355805,0.0
1015,164269,0,1015,0,0.09747431095745702,0.0
1016,164273,0,1016,0,0.097570344761356,0.0
1017,164274,0,1017,0,0.09766637856525497,0.0
1018,164275,0,1018,0,0.09776241236915394,0.0
1019,164276,0,1019,0,0.09785844617305292,0.0
1020,164278,0,1020,0,0.09795447997695189,0.0
1021,164282,0,1021,0,0.09805051378085086,0.0
1022,164285,0,1022,0,0.09814654758474983,0.0
1023,164287,0,1023,0,0.0982425813886488,0.0
1024,164291,0,1024,0,0.09833861519254777,0.0
1025,164293,0,1025,0,0.09843464899644674,0.0
1026,164294,0,1026,0,0.09853068280034573,0.0
1027,164298,0,1027,0,0.0986267166042447,0.0
1028,164300,0,1028,0,0.09872275040814367,0.0
1029,164302,0,1029,0,0.09881878421204264,0.0
1030,164303,0,1030,0,0.09891481801594161,0.0
1031,164304,0,1031,0,0.09901085181984058,0.0
1032,164306,0,1032,0,0.09910688562373955,0.0
1033,164310,0,1033,0,0.09920291942763852,0.0
1034,164312,0,1034,0,0.0992989532315375,0.0
1035,164313,0,1035,0,0.09939498703543648,0.0
1036,164316,0,1036,0,0.09949102083933545,0.0
1037,164318,0,1037,0,0.09958705464323442,0.0
1038,164319,0,1038,0,0.09968308844713339,0.0
1039,164322,0,1039,0,0.09977912225103236,0.0
1040,164325,0,1040,0,0.09987515605493133,0.0
1041,164326,0,1041,0,0.09997118985883031,0.0
1042,164327,0,1042,0,0.10006722366272928,0.0
1043,164328,0,1043,0,0.10016325746662826,0.0
1044,164329,0,1044,0,0.10025929127052723,0.0
1045,164334,0,1045,0,0.1003553250744262,0.0
1046,164335,0,1046,0,0.10045135887832517,0.0
1047,164336,0,1047,0,0.10054739268222414,0.0
1048,164338,0,1048,0,0.10064342648612312,0.0
1049,164340,0,1049,0,0.10073946029002209,0.0
1050,164341,0,1050,0,0.10083549409392106,0.0
1051,164342,0,1051,0,0.10093152789782003,0.0
1052,164344,0,1052,0,0.101027561701719,0.0
1053,164349,0,1053,0,0.10112359550561797,0.0
1054,164351,0,1054,0,0.10121962930951695,0.0
1055,164353,0,1055,0,0.10131566311341592,0.0
1056,164354,0,1056,0,0.1014116969173149,0.0
1057,164359,0,1057,0,0.10150773072121387,0.0
1058,164362,0,1058,0,0.10160376452511284,0.0
1059,164363,0,1059,0,0.10169979832901181,0.0
1060,164367,0,1060,0,0.10179583213291078,0.0
1061,164370,0,1061,0,0.10189186593680975,0.0
1062,164373,0,1062,0,0.10198789974070872,0.0
1063,164376,0,1063,0,0.10208393354460771,0.0
1064,164377,0,1064,0,0.10217996734850668,0.0
1065,164380,0,1065,0,0.10227600115240565,0.0
1066,164382,0,1066,0,0.10237203495630462,0.0
1067,164384,0,1067,0,0.10246806876020359,0.0
1068,164387,0,1068,0,0.10256410256410256,0.0
1069,164388,0,1069,0,0.10266013636800153,0.0
1070,164402,0,1070,0,0.10275617017190052,0.0
1071,164403,0,1071,0,0.10285220397579949,0.0
1072,164404,0,1072,0,0.10294823777969846,0.0
1073,164405,0,1073,0,0.10304427158359743,0.0
1074,164406,0,1074,0,0.1031403053874964,0.0
1075,164409,0,1075,0,0.10323633919139537,0.0
1076,164410,0,1076,0,0.10333237299529434,0.0
1077,164411,0,1077,0,0.10342840679919331,0.0
1078,164415,0,1078,0,0.1035244406030923,0.0
1079,164416,0,1079,0,0.10362047440699126,0.0
1080,164417,0,1080,0,0.10371650821089023,0.0
1081,164418,0,1081,0,0.1038125420147892,0.0
1082,164419,0,1082,0,0.10390857581868818,0.0
1083,164422,0,1083,0,0.10400460962258715,0.0
1084,164424,0,1084,0,0.10410064342648612,0.0
1085,164427,0,1085,0,0.1041966772303851,0.0
1086,164428,0,1086,0,0.10429271103428407,0.0
1087,164437,0,1087,0,0.10438874483818304,0.0
1088,164442,0,1088,0,0.10448477864208201,0.0
1089,164449,0,1089,0,0.10458081244598098,0.0
1090,164454,0,1090,0,0.10467684624987995,0.0
1091,164455,0,1091,0,0.10477288005377892,0.0
1092,164461,0,1092,0,0.10486891385767791,0.0
1093,164464,0,1093,0,0.10496494766157688,0.0
1094,164465,0,1094,0,0.10506098146547585,0.0
1095,164470,0,1095,0,0.10515701526937482,0.0
1096,164471,0,1096,0,0.10525304907327379,0.0
1097,164472,0,1097,0,0.10534908287717276,0.0
1098,164473,0,1098,0,0.10544511668107173,0.0
1099,164474,0,1099,0,0.10554115048497072,0.0
1100,164477,0,1100,0,0.10563718428886969,0.0
1101,164481,0,1101,0,0.10573321809276866,0.0
1102,164483,0,1102,0,0.10582925189666763,0.0
1103,164484,0,1103,0,0.1059252857005666,0.0
1104,164485,0,1104,0,0.10602131950446557,0.0
1105,164486,0,1105,0,0.10611735330836454,0.0
1106,164487,0,1106,0,0.10621338711226351,0.0
1107,164491,0,1107,0,0.1063094209161625,0.0
1108,164495,0,1108,0,0.10640545472006147,0.0
1109,164499,0,1109,0,0.10650148852396044,0.0
1110,164500,0,1110,0,0.1065975223278594,0.0
1111,164501,0,1111,0,0.10669355613175838,0.0
1112,164507,0,1112,0,0.10678958993565735,0.0
1113,164513,0,1113,0,0.10688562373955632,0.0
1114,164515,0,1114,0,0.1069816575434553,0.0
1115,164516,0,1115,0,0.10707769134735427,0.0
1116,164519,0,1116,0,0.10717372515125324,0.0
1117,164531,0,1117,0,0.10726975895515221,0.0
1118,164533,0,1118,0,0.10736579275905118,0.0
1119,164534,0,1119,0,0.10746182656295016,0.0
1120,164541,0,1120,0,0.10755786036684913,0.0
1121,164545,0,1121,0,0.10765389417074811,0.0
1122,164548,0,1122,0,0.10774992797464708,0.0
1123,164550,0,1123,0,0.10784596177854605,0.0
1124,164551,0,1124,0,0.10794199558244502,0.0
1125,164563,0,1125,0,0.10803802938634399,0.0
1126,164564,0,1126,0,0.10813406319024296,0.0
1127,164566,0,1127,0,0.10823009699414193,0.0
1128,164571,0,1128,0,0.1083261307980409,0.0
1129,164573,0,1129,0,0.10842216460193989,0.0
1130,164574,0,1130,0,0.10851819840583886,0.0
1131,164576,0,1131,0,0.10861423220973783,0.0
1132,164583,0,1132,0,0.1087102660136368,0.0
1133,164588,0,1133,0,0.10880629981753577,0.0
1134,164593,0,1134,0,0.10890233362143474,0.0
1135,164595,0,1135,0,0.10899836742533371,0.0
1136,164596,0,1136,0,0.1090944012292327,0.0
1137,164601,0,1137,0,0.10919043503313167,0.0
1138,164604,0,1138,0,0.10928646883703064,0.0
1139,164606,0,1139,0,0.10938250264092961,0.0
1140,164607,0,1140,0,0.10947853644482858,0.0
1141,164610,0,1141,0,0.10957457024872755,0.0
1142,164615,0,1142,0,0.10967060405262652,0.0
1143,164623,0,1143,0,0.1097666378565255,0.0
1144,164624,0,1144,0,0.10986267166042447,0.0
1145,164626,0,1145,0,0.10995870546432344,0.0
1146,164628,0,1146,0,0.11005473926822242,0.0
1147,164631,0,1147,0,0.11015077307212139,0.0
1148,164633,0,1148,0,0.11024680687602036,0.0
1149,164635,0,1149,0,0.11034284067991933,0.0
1150,164643,0,1150,0,0.1104388744838183,0.0
1151,164645,0,1151,0,0.11053490828771728,0.0
1152,164646,0,1152,0,0.11063094209161625,0.0
1153,164652,0,1153,0,0.11072697589551522,0.0
1154,164657,0,1154,0,0.1108230096994142,0.0
1155,164658,0,1155,0,0.11091904350331316,0.0
1156,164664,0,1156,0,0.11101507730721213,0.0
1157,164665,0,1157,0,0.1111111111111111,0.0
1158,164668,0,1158,0,0.11120714491501009,0.0
1159,164674,0,1159,0,0.11130317871890906,0.0
1160,164676,0,1160,0,0.11139921252280803,0.0
1161,164678,0,1161,0,0.111495246326707,0.0
1162,164681,0,1162,0,0.11159128013060597,0.0
1163,164682,0,1163,0,0.11168731393450494,0.0
1164,164683,0,1164,0,0.11178334773840391,0.0
1165,164684,0,1165,0,0.1118793815423029,0.0
1166,164686,0,1166,0,0.11197541534620187,0.0
1167,164687,0,1167,0,0.11207144915010084,0.0
1168,164691,0,1168,0,0.11216748295399981,0.0
1169,164693,0,1169,0,0.11226351675789878,0.0
1170,164695,0,1170,0,0.11235955056179775,0.0
1171,164707,0,1171,0,0.11245558436569672,0.0
1172,164709,0,1172,0,0.11255161816959569,0.0
1173,164711,0,1173,0,0.11264765197349468,0.0
1174,164713,0,1174,0,0.11274368577739365,0.0
1175,164714,0,1175,0,0.11283971958129262,0.0
1176,164721,0,1176,0,0.11293575338519159,0.0
1177,164723,0,1177,0,0.11303178718909056,0.0
1178,164724,0,1178,0,0.11312782099298953,0.0
1179,164726,0,1179,0,0.1132238547968885,0.0
1180,164727,0,1180,0,0.11331988860078748,0.0
1181,164728,0,1181,0,0.11341592240468645,0.0
1182,164729,0,1182,0,0.11351195620858542,0.0
1183,164732,0,1183,0,0.1136079900124844,0.0
1184,164733,0,1184,0,0.11370402381638336,0.0
1185,164735,0,1185,0,0.11380005762028234,0.0
1186,164736,0,1186,0,0.1138960914241813,0.0
1187,164738,0,1187,0,0.11399212522808029,0.0
1188,164741,0,1188,0,0.11408815903197926,0.0
1189,164743,0,1189,0,0.11418419283587823,0.0
1190,164788,0,1190,0,0.1142802266397772,0.0
1191,164790,0,1191,0,0.11437626044367617,0.0
1192,164791,0,1192,0,0.11447229424757514,0.0
1193,164799,0,1193,0,0.11456832805147411,0.0
1194,164800,0,1194,0,0.1146643618553731,0.0
1195,164803,0,1195,0,0.11476039565927207,0.0
1196,164804,0,1196,0,0.11485642946317104,0.0
1197,164805,0,1197,0,0.11495246326707001,0.0
1198,164807,0,1198,0,0.11504849707096898,0.0
1199,164816,0,1199,0,0.11514453087486795,0.0
1200,164817,0,1200,0,0.11524056467876692,0.0
1201,164818,0,1201,0,0.11533659848266589,0.0
1202,164819,0,1202,0,0.11543263228656488,0.0
1203,164825,0,1203,0,0.11552866609046385,0.0
1204,164828,0,1204,0,0.11562469989436282,0.0
1205,164832,0,1205,0,0.11572073369826179,0.0
1206,164836,0,1206,0,0.11581676750216076,0.0
1207,164838,0,1207,0,0.11591280130605973,0.0
1208,164839,0,1208,0,0.1160088351099587,0.0
1209,164845,0,1209,0,0.11610486891385768,0.0
1210,164846,0,1210,0,0.11620090271775665,0.0
1211,164848,0,1211,0,0.11629693652165563,0.0
1212,164854,0,1212,0,0.1163929703255546,0.0
1213,164855,0,1213,0,0.11648900412945357,0.0
1214,164858,0,1214,0,0.11658503793335254,0.0
1215,164859,0,1215,0,0.11668107173725151,0.0
1216,164860,0,1216,0,0.11677710554115049,0.0
1217,164861,0,1217,0,0.11687313934504946,0.0
1218,164864,0,1218,0,0.11696917314894843,0.0
1219,164865,0,1219,0,0.1170652069528474,0.0
1220,164867,0,1220,0,0.11716124075674637,0.0
1221,164871,0,1221,0,0.11725727456064534,0.0
1222,164880,0,1222,0,0.11735330836454431,0.0
1223,164883,0,1223,0,0.11744934216844329,0.0
1224,164884,0,1224,0,0.11754537597234227,0.0
1225,164886,0,1225,0,0.11764140977624124,0.0
1226,164889,0,1226,0,0.11773744358014021,0.0
1227,164890,0,1227,0,0.11783347738403918,0.0
1228,164894,0,1228,0,0.11792951118793815,0.0
1229,164896,0,1229,0,0.11802554499183712,0.0
1230,164911,0,1230,0,0.11812157879573609,0.0
1231,164917,0,1231,0,0.11821761259963508,0.0
1232,164918,0,1232,0,0.11831364640353405,0.0
1233,164920,0,1233,0,0.11840968020743302,0.0
1234,164921,0,1234,0,0.11850571401133199,0.0
1235,164922,0,1235,0,0.11860174781523096,0.0
1236,164924,0,1236,0,0.11869778161912993,0.0
1237,164931,0,1237,0,0.1187938154230289,0.0
1238,164933,0,1238,0,0.11888984922692789,0.0
1239,164977,0,1239,0,0.11898588303082686,0.0
1240,164978,0,1240,0,0.11908191683472583,0.0
1241,164980,0,1241,0,0.1191779506386248,0.0
1242,164988,0,1242,0,0.11927398444252377,0.0
1243,164989,0,1243,0,0.11937001824642274,0.0
1244,164992,0,1244,0,0.11946605205032171,0.0
1245,164995,0,1245,0,0.11956208585422068,0.0
1246,164997,0,1246,0,0.11965811965811966,0.0
1247,165000,0,1247,0,0.11975415346201863,0.0
1248,165022,0,1248,0,0.1198501872659176,0.0
1249,165024,0,1249,0,0.11994622106981657,0.0
1250,165025,0,1250,0,0.12004225487371555,0.0
1251,165028,0,1251,0,0.12013828867761452,0.0
1252,165031,0,1252,0,0.12023432248151349,0.0
1253,165033,0,1253,0,0.12033035628541247,0.0
1254,165043,0,1254,0,0.12042639008931144,0.0
1255,165045,0,1255,0,0.12052242389321041,0.0
1256,165048,0,1256,0,0.12061845769710938,0.0
1257,165054,0,1257,0,0.12071449150100835,0.0
1258,165055,0,1258,0,0.12081052530490732,0.0
1259,165058,0,1259,0,0.1209065591088063,0.0
1260,165060,0,1260,0,0.12100259291270528,0.0
1261,165061,0,1261,0,0.12109862671660425,0.0
1262,165065,0,1262,0,0.12119466052050322,0.0
1263,165066,0,1263,0,0.12129069432440219,0.0
1264,165094,0,1264,0,0.12138672812830116,0.0
1265,165097,0,1265,0,0.12148276193220013,0.0
1266,165105,0,1266,0,0.1215787957360991,0.0
1267,165108,0,1267,0,0.12167482953999809,0.0
1268,165109,0,1268,0,0.12177086334389706,0.0
1269,165117,0,1269,0,0.12186689714779603,0.0
1270,165120,0,1270,0,0.121962930951695,0.0
1271,165232,0,1271,0,0.12205896475559397,0.0
1272,165237,0,1272,0,0.12215499855949294,0.0
1273,165241,0,1273,0,0.12225103236339191,0.0
1274,165244,0,1274,0,0.12234706616729088,0.0
1275,165245,0,1275,0,0.12244309997118986,0.0
1276,165252,0,1276,0,0.12253913377508883,0.0
1277,165254,0,1277,0,0.1226351675789878,0.0
1278,165255,0,1278,0,0.12273120138288678,0.0
1279,165258,0,1279,0,0.12282723518678575,0.0
1280,165261,0,1280,0,0.12292326899068472,0.0
1281,165262,0,1281,0,0.12301930279458369,0.0
1282,165268,0,1282,0,0.12311533659848267,0.0
1283,165272,0,1283,0,0.12321137040238164,0.0
1284,165276,0,1284,0,0.12330740420628061,0.0
1285,165286,0,1285,0,0.12340343801017958,0.0
1286,165289,0,1286,0,0.12349947181407855,0.0
1287,165294,0,1287,0,0.12359550561797752,0.0
1288,165295,0,1288,0,0.1236915394218765,0.0
1289,165308,0,1289,0,0.12378757322577548,0.0
1290,165313,0,1290,0,0.12388360702967445,0.0
1291,165318,0,1291,0,0.12397964083357342,0.0
1292,165320,0,1292,0,0.12407567463747239,0.0
1293,165326,0,1293,0,0.12417170844137136,0.0
1294,165335,0,1294,0,0.12426774224527033,0.0
1295,165338,0,1295,0,0.1243637760491693,0.0
1296,165340,0,1296,0,0.12445980985306827,0.0
1297,165348,0,1297,0,0.12455584365696726,0.0
1298,165349,0,1298,0,0.12465187746086623,0.0
1299,165352,0,1299,0,0.1247479112647652,0.0
1300,165354,0,1300,0,0.12484394506866417,0.0
1301,165355,0,1301,0,0.12493997887256314,0.0
1302,165356,0,1302,0,0.1250360126764621,0.0
1303,165361,0,1303,0,0.12513204648036108,0.0
1304,165366,0,1304,0,0.12522808028426005,0.0
1305,165369,0,1305,0,0.12532411408815902,0.0
1306,165372,0,1306,0,0.125420147892058,0.0
1307,165375,0,1307,0,0.12551618169595696,0.0
1308,165376,0,1308,0,0.12561221549985596,0.0
1309,165378,0,1309,0,0.12570824930375493,0.0
1310,165386,0,1310,0,0.1258042831076539,0.0
1311,165391,0,1311,0,0.12590031691155287,0.0
1312,165393,0,1312,0,0.12599635071545184,0.0
1313,165395,0,1313,0,0.12609238451935081,0.0
1314,165396,0,1314,0,0.12618841832324978,0.0
1315,165402,0,1315,0,0.12628445212714876,0.0
1316,165414,0,1316,0,0.12638048593104773,0.0
1317,165421,0,1317,0,0.1264765197349467,0.0
1318,165422,0,1318,0,0.12657255353884567,0.0
1319,165423,0,1319,0,0.12666858734274464,0.0
1320,165427,0,1320,0,0.1267646211466436,0.0
1321,165431,0,1321,0,0.12686065495054258,0.0
1322,165432,0,1322,0,0.12695668875444158,0.0
1323,165440,0,1323,0,0.12705272255834055,0.0
1324,165451,0,1324,0,0.12714875636223952,0.0
1325,165453,0,1325,0,0.1272447901661385,0.0
1326,165454,0,1326,0,0.12734082397003746,0.0
1327,165457,0,1327,0,0.12743685777393643,0.0
1328,165463,0,1328,0,0.1275328915778354,0.0
1329,165464,0,1329,0,0.12762892538173437,0.0
1330,165466,0,1330,0,0.12772495918563334,0.0
1331,165468,0,1331,0,0.1278209929895323,0.0
1332,165469,0,1332,0,0.12791702679343128,0.0
1333,165472,0,1333,0,0.12801306059733025,0.0
1334,165474,0,1334,0,0.12810909440122922,0.0
1335,165475,0,1335,0,0.1282051282051282,0.0
1336,165477,0,1336,0,0.12830116200902716,0.0
1337,165479,0,1337,0,0.12839719581292616,0.0
1338,165480,0,1338,0,0.12849322961682513,0.0
1339,165483,0,1339,0,0.1285892634207241,0.0
1340,165486,0,1340,0,0.12868529722462307,0.0
1341,165488,0,1341,0,0.12878133102852204,0.0
1342,165489,0,1342,0,0.12887736483242102,0.0
1343,165490,0,1343,0,0.12897339863631999,0.0
1344,165493,0,1344,0,0.12906943244021896,0.0
1345,165499,0,1345,0,0.12916546624411793,0.0
1346,165500,0,1346,0,0.1292615000480169,0.0
1347,165503,0,1347,0,0.12935753385191587,0.0
1348,165505,0,1348,0,0.12945356765581484,0.0
1349,165509,0,1349,0,0.1295496014597138,0.0
1350,165516,0,1350,0,0.12964563526361278,0.0
1351,165520,0,1351,0,0.12974166906751178,0.0
1352,165526,0,1352,0,0.12983770287141075,0.0
1353,165528,0,1353,0,0.12993373667530972,0.0
1354,165537,0,1354,0,0.1300297704792087,0.0
1355,165545,0,1355,0,0.13012580428310766,0.0
1356,165548,0,1356,0,0.13022183808700663,0.0
1357,165553,0,1357,0,0.1303178718909056,0.0
1358,165555,0,1358,0,0.13041390569480457,0.0
1359,165568,0,1359,0,0.13050993949870354,0.0
1360,165574,0,1360,0,0.1306059733026025,0.0
1361,165585,0,1361,0,0.13070200710650148,0.0
1362,165589,0,1362,0,0.13079804091040045,0.0
1363,165597,0,1363,0,0.13089407471429942,0.0
1364,165609,0,1364,0,0.1309901085181984,0.0
1365,165612,0,1365,0,0.13108614232209737,0.0
1366,165617,0,1366,0,0.13118217612599636,0.0
1367,165619,0,1367,0,0.13127820992989533,0.0
1368,165631,0,1368,0,0.1313742437337943,0.0
1369,165634,0,1369,0,0.13147027753769328,0.0
1370,165654,0,1370,0,0.13156631134159225,0.0
1371,165656,0,1371,0,0.13166234514549122,0.0
1372,165659,0,1372,0,0.1317583789493902,0.0
1373,165661,0,1373,0,0.13185441275328916,0.0
1374,165667,0,1374,0,0.13195044655718813,0.0
1375,165668,0,1375,0,0.1320464803610871,0.0
1376,165670,0,1376,0,0.13214251416498607,0.0
1377,165672,0,1377,0,0.13223854796888504,0.0
1378,165676,0,1378,0,0.132334581772784,0.0
1379,165679,0,1379,0,0.13243061557668298,0.0
1380,165680,0,1380,0,0.13252664938058195,0.0
1381,165682,0,1381,0,0.13262268318448095,0.0
1382,165685,0,1382,0,0.13271871698837992,0.0
1383,165687,0,1383,0,0.1328147507922789,0.0
1384,165694,0,1384,0,0.13291078459617786,0.0
1385,165695,0,1385,0,0.13300681840007683,0.0
1386,165700,0,1386,0,0.1331028522039758,0.0
1387,165706,0,1387,0,0.13319888600787477,0.0
1388,165707,0,1388,0,0.13329491981177374,0.0
1389,165708,0,1389,0,0.1333909536156727,0.0
1390,165709,0,1390,0,0.13348698741957168,0.0
1391,165710,0,1391,0,0.13358302122347065,0.0
1392,165719,0,1392,0,0.13367905502736963,0.0
1393,165724,0,1393,0,0.1337750888312686,0.0
1394,165725,0,1394,0,0.13387112263516757,0.0
1395,165729,0,1395,0,0.13396715643906656,0.0
1396,165738,0,1396,0,0.13406319024296554,0.0
1397,165742,0,1397,0,0.1341592240468645,0.0
1398,165770,0,1398,0,0.13425525785076348,0.0
1399,165772,0,1399,0,0.13435129165466245,0.0
1400,165776,0,1400,0,0.13444732545856142,0.0
1401,165778,0,1401,0,0.1345433592624604,0.0
1402,165779,0,1402,0,0.13463939306635936,0.0
1403,165782,0,1403,0,0.13473542687025833,0.0
1404,165785,0,1404,0,0.1348314606741573,0.0
1405,165786,0,1405,0,0.13492749447805627,0.0
1406,165787,0,1406,0,0.13502352828195524,0.0
1407,165795,0,1407,0,0.1351195620858542,0.0
1408,165800,0,1408,0,0.13521559588975318,0.0
1409,165804,0,1409,0,0.13531162969365215,0.0
1410,165817,0,1410,0,0.13540766349755115,0.0
1411,165830,0,1411,0,0.13550369730145012,0.0
1412,165841,0,1412,0,0.1355997311053491,0.0
1413,165845,0,1413,0,0.13569576490924806,0.0
1414,165846,0,1414,0,0.13579179871314703,0.0
1415,165851,0,1415,0,0.135887832517046,0.0
1416,165852,0,1416,0,0.13598386632094497,0.0
1417,165854,0,1417,0,0.13607990012484394,0.0
1418,165856,0,1418,0,0.13617593392874291,0.0
1419,165859,0,1419,0,0.13627196773264189,0.0
1420,165864,0,1420,0,0.13636800153654086,0.0
1421,165866,0,1421,0,0.13646403534043983,0.0
1422,165876,0,1422,0,0.1365600691443388,0.0
1423,165879,0,1423,0,0.13665610294823777,0.0
1424,165880,0,1424,0,0.13675213675213677,0.0
1425,165883,0,1425,0,0.13684817055603574,0.0
1426,165894,0,1426,0,0.1369442043599347,0.0
1427,165898,0,1427,0,0.13704023816383368,0.0
1428,165901,0,1428,0,0.13713627196773265,0.0
1429,165903,0,1429,0,0.13723230577163162,0.0
1430,165908,0,1430,0,0.1373283395755306,0.0
1431,165909,0,1431,0,0.13742437337942956,0.0
1432,165911,0,1432,0,0.13752040718332853,0.0
1433,165912,0,1433,0,0.1376164409872275,0.0
1434,165913,0,1434,0,0.13771247479112647,0.0
1435,165916,0,1435,0,0.13780850859502544,0.0
1436,165917,0,1436,0,0.1379045423989244,0.0
1437,165918,0,1437,0,0.13800057620282338,0.0
1438,165930,0,1438,0,0.13809661000672235,0.0
1439,165931,0,1439,0,0.13819264381062135,0.0
1440,165944,0,1440,0,0.13828867761452032,0.0
1441,165945,0,1441,0,0.1383847114184193,0.0
1442,165946,0,1442,0,0.13848074522231826,0.0
1443,165950,0,1443,0,0.13857677902621723,0.0
1444,165952,0,1444,0,0.1386728128301162,0.0
1445,165970,0,1445,0,0.13876884663401517,0.0
1446,165972,0,1446,0,0.13886488043791415,0.0
1447,165973,0,1447,0,0.13896091424181312,0.0
1448,165976,0,1448,0,0.1390569480457121,0.0
1449,165978,0,1449,0,0.13915298184961106,0.0
1450,165981,0,1450,0,0.13924901565351003,0.0
1451,165982,0,1451,0,0.139345049457409,0.0
1452,165984,0,1452,0,0.13944108326130797,0.0
1453,165986,0,1453,0,0.13953711706520694,0.0
1454,165992,0,1454,0,0.13963315086910594,0.0
1455,165993,0,1455,0,0.1397291846730049,0.0
1456,165994,0,1456,0,0.13982521847690388,0.0
1457,165995,0,1457,0,0.13992125228080285,0.0
1458,165998,0,1458,0,0.14001728608470182,0.0
1459,165999,0,1459,0,0.1401133198886008,0.0
1460,166000,0,1460,0,0.14020935369249976,0.0
1461,166001,0,1461,0,0.14030538749639873,0.0
1462,166003,0,1462,0,0.1404014213002977,0.0
1463,166004,0,1463,0,0.14049745510419667,0.0
1464,166005,0,1464,0,0.14059348890809564,0.0
1465,166006,0,1465,0,0.1406895227119946,0.0
1466,166008,0,1466,0,0.14078555651589358,0.0
1467,166010,0,1467,0,0.14088159031979255,0.0
1468,166011,0,1468,0,0.14097762412369155,0.0
1469,166015,0,1469,0,0.14107365792759052,0.0
1470,166020,0,1470,0,0.1411696917314895,0.0
1471,166021,0,1471,0,0.14126572553538846,0.0
1472,166022,0,1472,0,0.14136175933928743,0.0
1473,166031,0,1473,0,0.1414577931431864,0.0
1474,166033,0,1474,0,0.14155382694708538,0.0
1475,166036,0,1475,0,0.14164986075098435,0.0
1476,166039,0,1476,0,0.14174589455488332,0.0
1477,166042,0,1477,0,0.1418419283587823,0.0
1478,166045,0,1478,0,0.14193796216268126,0.0
1479,166048,0,1479,0,0.14203399596658023,0.0
1480,166054,0,1480,0,0.1421300297704792,0.0
1481,166055,0,1481,0,0.14222606357437817,0.0
1482,166059,0,1482,0,0.14232209737827714,0.0
1483,166062,0,1483,0,0.14241813118217614,0.0
1484,166068,0,1484,0,0.1425141649860751,0.0
1485,166072,0,1485,0,0.14261019878997408,0.0
1486,166073,0,1486,0,0.14270623259387305,0.0
1487,166077,0,1487,0,0.14280226639777202,0.0
1488,166078,0,1488,0,0.142898300201671,0.0
1489,166079,0,1489,0,0.14299433400556996,0.0
1490,166089,0,1490,0,0.14309036780946893,0.0
1491,166092,0,1491,0,0.1431864016133679,0.0
1492,166096,0,1492,0,0.14328243541726687,0.0
1493,166098,0,1493,0,0.14337846922116584,0.0
1494,166099,0,1494,0,0.14347450302506481,0.0
1495,166103,0,1495,0,0.14357053682896379,0.0
1496,166104,0,1496,0,0.14366657063286276,0.0
1497,166105,0,1497,0,0.14376260443676175,0.0
1498,166107,0,1498,0,0.14385863824066072,0.0
1499,166110,0,1499,0,0.1439546720445597,0.0
1500,166116,0,1500,0,0.14405070584845867,0.0
1501,166117,0,1501,0,0.14414673965235764,0.0
1502,166119,0,1502,0,0.1442427734562566,0.0
1503,166126,0,1503,0,0.14433880726015558,0.0
1504,166133,0,1504,0,0.14443484106405455,0.0
1505,166135,0,1505,0,0.14453087486795352,0.0
1506,166136,0,1506,0,0.1446269086718525,0.0
1507,166144,0,1507,0,0.14472294247575146,0.0
1508,166147,0,1508,0,0.14481897627965043,0.0
1509,166155,0,1509,0,0.1449150100835494,0.0
1510,166158,0,1510,0,0.14501104388744837,0.0
1511,166159,0,1511,0,0.14510707769134734,0.0
1512,166161,0,1512,0,0.14520311149524634,0.0
1513,166164,0,1513,0,0.1452991452991453,0.0
1514,166166,0,1514,0,0.14539517910304428,0.0
1515,166167,0,1515,0,0.14549121290694325,0.0
1516,166169,0,1516,0,0.14558724671084222,0.0
1517,166171,0,1517,0,0.1456832805147412,0.0
1518,166175,0,1518,0,0.14577931431864016,0.0
1519,166176,0,1519,0,0.14587534812253913,0.0
1520,166178,0,1520,0,0.1459713819264381,0.0
1521,166186,0,1521,0,0.14606741573033707,0.0
1522,166190,0,1522,0,0.14616344953423605,0.0
1523,166194,0,1523,0,0.14625948333813502,0.0
1524,166201,0,1524,0,0.146355517142034,0.0
1525,166210,0,1525,0,0.14645155094593296,0.0
1526,166217,0,1526,0,0.14654758474983193,0.0
1527,166220,0,1527,0,0.14664361855373093,0.0
1528,166221,0,1528,0,0.1467396523576299,0.0
1529,166227,0,1529,0,0.14683568616152887,0.0
1530,166230,0,1530,0,0.14693171996542784,0.0
1531,166237,0,1531,0,0.1470277537693268,0.0
1532,166243,0,1532,0,0.14712378757322578,0.0
1533,166246,0,1533,0,0.14721982137712475,0.0
1534,166247,0,1534,0,0.14731585518102372,0.0
1535,166256,0,1535,0,0.1474118889849227,0.0
1536,166272,0,1536,0,0.14750792278882166,0.0
1537,166283,0,1537,0,0.14760395659272063,0.0
1538,166290,0,1538,0,0.1476999903966196,0.0
1539,166298,0,1539,0,0.14779602420051857,0.0
1540,166299,0,1540,0,0.14789205800441754,0.0
1541,166300,0,1541,0,0.14798809180831654,0.0
1542,166301,0,1542,0,0.1480841256122155,0.0
1543,166302,0,1543,0,0.14818015941611448,0.0
1544,166306,0,1544,0,0.14827619322001345,0.0
1545,166313,0,1545,0,0.14837222702391242,0.0
1546,166314,0,1546,0,0.1484682608278114,0.0
1547,166315,0,1547,0,0.14856429463171036,0.0
1548,166316,0,1548,0,0.14866032843560933,0.0
1549,166318,0,1549,0,0.1487563622395083,0.0
1550,166322,0,1550,0,0.14885239604340728,0.0
1551,166323,0,1551,0,0.14894842984730625,0.0
1552,166324,0,1552,0,0.14904446365120522,0.0
1553,166326,0,1553,0,0.1491404974551042,0.0
1554,166327,0,1554,0,0.14923653125900316,0.0
1555,166329,0,1555,0,0.14933256506290213,0.0
1556,166330,0,1556,0,0.14942859886680113,0.0
1557,166332,0,1557,0,0.1495246326707001,0.0
1558,166335,0,1558,0,0.14962066647459907,0.0
1559,166336,0,1559,0,0.14971670027849804,0.0
1560,166341,0,1560,0,0.149812734082397,0.0
1561,166342,0,1561,0,0.14990876788629598,0.0
1562,166344,0,1562,0,0.15000480169019495,0.0
1563,166346,0,1563,0,0.15010083549409392,0.0
1564,166349,0,1564,0,0.1501968692979929,0.0
1565,166352,0,1565,0,0.15029290310189186,0.0
1566,166359,0,1566,0,0.15038893690579083,0.0
1567,166360,0,1567,0,0.1504849707096898,0.0
1568,166361,0,1568,0,0.15058100451358877,0.0
1569,166364,0,1569,0,0.15067703831748774,0.0
1570,166367,0,1570,0,0.15077307212138674,0.0
1571,166369,0,1571,0,0.1508691059252857,0.0
1572,166372,0,1572,0,0.15096513972918468,0.0
1573,166374,0,1573,0,0.15106117353308365,0.0
1574,166376,0,1574,0,0.15115720733698262,0.0
1575,166377,0,1575,0,0.1512532411408816,0.0
1576,166380,0,1576,0,0.15134927494478057,0.0
1577,166381,0,1577,0,0.15144530874867954,0.0
1578,166384,0,1578,0,0.1515413425525785,0.0
1579,166386,0,1579,0,0.15163737635647748,0.0
1580,166387,0,1580,0,0.15173341016037645,0.0
1581,166388,0,1581,0,0.15182944396427542,0.0
1582,166389,0,1582,0,0.1519254777681744,0.0
1583,166390,0,1583,0,0.15202151157207336,0.0
1584,166392,0,1584,0,0.15211754537597233,0.0
1585,166393,0,1585,0,0.15221357917987133,0.0
1586,166396,0,1586,0,0.1523096129837703,0.0
1587,166402,0,1587,0,0.15240564678766927,0.0
1588,166406,0,1588,0,0.15250168059156824,0.0
1589,166409,0,1589,0,0.1525977143954672,0.0
1590,166417,0,1590,0,0.15269374819936618,0.0
1591,166418,0,1591,0,0.15278978200326515,0.0
1592,166421,0,1592,0,0.15288581580716412,0.0
1593,166428,0,1593,0,0.1529818496110631,0.0
1594,166431,0,1594,0,0.15307788341496206,0.0
1595,166433,0,1595,0,0.15317391721886103,0.0
1596,166435,0,1596,0,0.15326995102276,0.0
1597,166436,0,1597,0,0.15336598482665897,0.0
1598,166437,0,1598,0,0.15346201863055794,0.0
1599,166438,0,1599,0,0.15355805243445692,0.0
1600,166443,0,1600,0,0.1536540862383559,0.0
1601,166449,0,1601,0,0.15375012004225488,0.0
1602,166454,0,1602,0,0.15384615384615385,0.0
1603,166456,0,1603,0,0.15394218765005283,0.0
1604,166457,0,1604,0,0.1540382214539518,0.0
1605,166463,0,1605,0,0.15413425525785077,0.0
1606,166465,0,1606,0,0.15423028906174974,0.0
1607,166468,0,1607,0,0.1543263228656487,0.0
1608,166469,0,1608,0,0.15442235666954768,0.0
1609,166471,0,1609,0,0.15451839047344665,0.0
1610,166472,0,1610,0,0.15461442427734562,0.0
1611,166477,0,1611,0,0.1547104580812446,0.0
1612,166484,0,1612,0,0.15480649188514356,0.0
1613,166485,0,1613,0,0.15490252568904253,0.0
1614,166491,0,1614,0,0.15499855949294153,0.0
1615,166495,0,1615,0,0.1550945932968405,0.0
1616,166496,0,1616,0,0.15519062710073947,0.0
1617,166505,0,1617,0,0.15528666090463844,0.0
1618,166508,0,1618,0,0.1553826947085374,0.0
1619,166509,0,1619,0,0.15547872851243638,0.0
1620,166520,0,1620,0,0.15557476231633535,0.0
1621,166521,0,1621,0,0.15567079612023432,0.0
1622,166532,0,1622,0,0.1557668299241333,0.0
1623,166542,0,1623,0,0.15586286372803226,0.0
1624,166543,0,1624,0,0.15595889753193123,0.0
1625,166546,0,1625,0,0.1560549313358302,0.0
1626,166547,0,1626,0,0.15615096513972918,0.0
1627,166557,0,1627,0,0.15624699894362815,0.0
1628,166558,0,1628,0,0.15634303274752712,0.0
1629,166559,0,1629,0,0.15643906655142611,0.0
1630,166567,0,1630,0,0.15653510035532509,0.0
1631,166580,0,1631,0,0.15663113415922406,0.0
1632,166582,0,1632,0,0.15672716796312303,0.0
1633,166583,0,1633,0,0.156823201767022,0.0
1634,166585,0,1634,0,0.15691923557092097,0.0
1635,166586,0,1635,0,0.15701526937481994,0.0
1636,166587,0,1636,0,0.1571113031787189,0.0
1637,166588,0,1637,0,0.15720733698261788,0.0
1638,166590,0,1638,0,0.15730337078651685,0.0
1639,166696,0,1639,0,0.15739940459041582,0.0
1640,166700,0,1640,0,0.1574954383943148,0.0
1641,166702,0,1641,0,0.15759147219821376,0.0
1642,166709,0,1642,0,0.15768750600211273,0.0
1643,166710,0,1643,0,0.1577835398060117,0.0
1644,166713,0,1644,0,0.1578795736099107,0.0
1645,166714,0,1645,0,0.15797560741380967,0.0
1646,166716,0,1646,0,0.15807164121770864,0.0
1647,166717,0,1647,0,0.1581676750216076,0.0
1648,166726,0,1648,0,0.15826370882550658,0.0
1649,166728,0,1649,0,0.15835974262940555,0.0
1650,166729,0,1650,0,0.15845577643330452,0.0
1651,166732,0,1651,0,0.1585518102372035,0.0
1652,166735,0,1652,0,0.15864784404110246,0.0
1653,166736,0,1653,0,0.15874387784500144,0.0
1654,166737,0,1654,0,0.1588399116489004,0.0
1655,166741,0,1655,0,0.15893594545279938,0.0
1656,166746,0,1656,0,0.15903197925669835,0.0
1657,166748,0,1657,0,0.15912801306059732,0.0
1658,166751,0,1658,0,0.15922404686449632,0.0
1659,166752,0,1659,0,0.1593200806683953,0.0
1660,166754,0,1660,0,0.15941611447229426,0.0
1661,166758,0,1661,0,0.15951214827619323,0.0
1662,166759,0,1662,0,0.1596081820800922,0.0
1663,166761,0,1663,0,0.15970421588399117,0.0
1664,166770,0,1664,0,0.15980024968789014,0.0
1665,166772,0,1665,0,0.1598962834917891,0.0
1666,166774,0,1666,0,0.15999231729568808,0.0
1667,166776,0,1667,0,0.16008835109958705,0.0
1668,166787,0,1668,0,0.16018438490348602,0.0
1669,166788,0,1669,0,0.160280418707385,0.0
1670,166789,0,1670,0,0.16037645251128396,0.0
1671,166790,0,1671,0,0.16047248631518293,0.0
1672,166797,0,1672,0,0.1605685201190819,0.0
1673,166801,0,1673,0,0.1606645539229809,0.0
1674,166808,0,1674,0,0.16076058772687987,0.0
1675,166819,0,1675,0,0.16085662153077884,0.0
1676,166822,0,1676,0,0.1609526553346778,0.0
1677,166823,0,1677,0,0.16104868913857678,0.0
1678,166825,0,1678,0,0.16114472294247575,0.0
1679,166831,0,1679,0,0.16124075674637472,0.0
1680,166834,0,1680,0,0.1613367905502737,0.0
1681,166841,0,1681,0,0.16143282435417267,0.0
1682,166843,0,1682,0,0.16152885815807164,0.0
1683,166844,0,1683,0,0.1616248919619706,0.0
1684,166846,0,1684,0,0.16172092576586958,0.0
1685,166849,0,1685,0,0.16181695956976855,0.0
1686,166850,0,1686,0,0.16191299337366752,0.0
1687,166854,0,1687,0,0.16200902717756652,0.0
1688,166855,0,1688,0,0.1621050609814655,0.0
1689,166857,0,1689,0,0.16220109478536446,0.0
1690,166858,0,1690,0,0.16229712858926343,0.0
1691,166859,0,1691,0,0.1623931623931624,0.0
1692,166862,0,1692,0,0.16248919619706137,0.0
1693,166864,0,1693,0,0.16258523000096034,0.0
1694,166865,0,1694,0,0.1626812638048593,0.0
1695,166866,0,1695,0,0.16277729760875828,0.0
1696,166867,0,1696,0,0.16287333141265725,0.0
1697,166871,0,1697,0,0.16296936521655622,0.0
1698,166875,0,1698,0,0.1630653990204552,0.0
1699,166876,0,1699,0,0.16316143282435416,0.0
1700,166881,0,1700,0,0.16325746662825313,0.0
1701,166885,0,1701,0,0.1633535004321521,0.0
1702,166888,0,1702,0,0.1634495342360511,0.0
1703,166890,0,1703,0,0.16354556803995007,0.0
1704,166893,0,1704,0,0.16364160184384904,0.0
1705,166895,0,1705,0,0.16373763564774801,0.0
1706,166901,0,1706,0,0.16383366945164698,0.0
1707,166905,0,1707,0,0.16392970325554596,0.0
1708,166916,0,1708,0,0.16402573705944493,0.0
1709,166917,0,1709,0,0.1641217708633439,0.0
1710,166918,0,1710,0,0.16421780466724287,0.0
1711,166924,0,1711,0,0.16431383847114184,0.0
1712,166925,0,1712,0,0.1644098722750408,0.0
1713,166931,0,1713,0,0.16450590607893978,0.0
1714,166941,0,1714,0,0.16460193988283875,0.0
1715,166951,0,1715,0,0.16469797368673772,0.0
1716,166952,0,1716,0,0.1647940074906367,0.0
1717,166953,0,1717,0,0.1648900412945357,0.0
1718,166957,0,1718,0,0.16498607509843466,0.0
1719,166958,0,1719,0,0.16508210890233363,0.0
1720,166963,0,1720,0,0.1651781427062326,0.0
1721,166964,0,1721,0,0.16527417651013157,0.0
1722,166965,0,1722,0,0.16537021031403054,0.0
1723,166967,0,1723,0,0.1654662441179295,0.0
1724,166974,0,1724,0,0.16556227792182848,0.0
1725,166975,0,1725,0,0.16565831172572745,0.0
1726,166976,0,1726,0,0.16575434552962642,0.0
1727,166978,0,1727,0,0.1658503793335254,0.0
1728,166979,0,1728,0,0.16594641313742436,0.0
1729,166982,0,1729,0,0.16604244694132334,0.0
1730,166985,0,1730,0,0.1661384807452223,0.0
1731,166989,0,1731,0,0.1662345145491213,0.0
1732,166993,0,1732,0,0.16633054835302027,0.0
1733,166994,0,1733,0,0.16642658215691924,0.0
1734,166996,0,1734,0,0.16652261596081822,0.0
1735,166997,0,1735,0,0.16661864976471719,0.0
1736,167000,0,1736,0,0.16671468356861616,0.0
1737,167001,0,1737,0,0.16681071737251513,0.0
1738,167007,0,1738,0,0.1669067511764141,0.0
1739,167008,0,1739,0,0.16700278498031307,0.0
1740,167010,0,1740,0,0.16709881878421204,0.0
1741,167022,0,1741,0,0.167194852588111,0.0
1742,167025,0,1742,0,0.16729088639200998,0.0
1743,167029,0,1743,0,0.16738692019590895,0.0
1744,167032,0,1744,0,0.16748295399980792,0.0
1745,167033,0,1745,0,0.1675789878037069,0.0
1746,167036,0,1746,0,0.1676750216076059,0.0
1747,167040,0,1747,0,0.16777105541150486,0.0
1748,167048,0,1748,0,0.16786708921540383,0.0
1749,167051,0,1749,0,0.1679631230193028,0.0
1750,167052,0,1750,0,0.16805915682320177,0.0
1751,167054,0,1751,0,0.16815519062710074,0.0
1752,167055,0,1752,0,0.1682512244309997,0.0
1753,167059,0,1753,0,0.16834725823489868,0.0
1754,167067,0,1754,0,0.16844329203879765,0.0
1755,167072,0,1755,0,0.16853932584269662,0.0
1756,167074,0,1756,0,0.1686353596465956,0.0
1757,167077,0,1757,0,0.16873139345049457,0.0
1758,167083,0,1758,0,0.16882742725439354,0.0
1759,167086,0,1759,0,0.1689234610582925,0.0
1760,167091,0,1760,0,0.1690194948621915,0.0
1761,167092,0,1761,0,0.16911552866609048,0.0
1762,167096,0,1762,0,0.16921156246998945,0.0
1763,167100,0,1763,0,0.16930759627388842,0.0
1764,167102,0,1764,0,0.1694036300777874,0.0
1765,167103,0,1765,0,0.16949966388168636,0.0
1766,167105,0,1766,0,0.16959569768558533,0.0
1767,167112,0,1767,0,0.1696917314894843,0.0
1768,167113,0,1768,0,0.16978776529338327,0.0
1769,167115,0,1769,0,0.16988379909728224,0.0
1770,167117,0,1770,0,0.1699798329011812,0.0
1771,167118,0,1771,0,0.17007586670508018,0.0
1772,167123,0,1772,0,0.17017190050897915,0.0
1773,167124,0,1773,0,0.17026793431287812,0.0
1774,167125,0,1774,0,0.1703639681167771,0.0
1775,167127,0,1775,0,0.1704600019206761,0.0
1776,167128,0,1776,0,0.17055603572457506,0.0
1777,167131,0,1777,0,0.17065206952847403,0.0
1778,167141,0,1778,0,0.170748103332373,0.0
1779,167143,0,1779,0,0.17084413713627197,0.0
1780,167147,0,1780,0,0.17094017094017094,0.0
1781,167148,0,1781,0,0.17103620474406991,0.0
1782,167150,0,1782,0,0.17113223854796888,0.0
1783,167151,0,1783,0,0.17122827235186786,0.0
1784,167152,0,1784,0,0.17132430615576683,0.0
1785,167155,0,1785,0,0.1714203399596658,0.0
1786,167157,0,1786,0,0.17151637376356477,0.0
1787,167158,0,1787,0,0.17161240756746374,0.0
1788,167159,0,1788,0,0.1717084413713627,0.0
1789,167161,0,1789,0,0.17180447517526168,0.0
1790,167169,0,1790,0,0.17190050897916068,0.0
1791,167171,0,1791,0,0.17199654278305965,0.0
1792,167175,0,1792,0,0.17209257658695862,0.0
1793,167181,0,1793,0,0.1721886103908576,0.0
1794,167184,0,1794,0,0.17228464419475656,0.0
1795,167185,0,1795,0,0.17238067799865553,0.0
1796,167186,0,1796,0,0.1724767118025545,0.0
1797,167187,0,1797,0,0.17257274560645347,0.0
1798,167190,0,1798,0,0.17266877941035244,0.0
1799,167192,0,1799,0,0.1727648132142514,0.0
1800,167200,0,1800,0,0.17286084701815038,0.0
1801,167202,0,1801,0,0.17295688082204935,0.0
1802,167203,0,1802,0,0.17305291462594832,0.0
1803,167204,0,1803,0,0.1731489484298473,0.0
1804,167205,0,1804,0,0.1732449822337463,0.0
1805,167209,0,1805,0,0.17334101603764526,0.0
1806,167214,0,1806,0,0.17343704984154423,0.0
1807,167216,0,1807,0,0.1735330836454432,0.0
1808,167219,0,1808,0,0.17362911744934217,0.0
1809,167223,0,1809,0,0.17372515125324114,0.0
1810,167232,0,1810,0,0.17382118505714012,0.0
1811,167233,0,1811,0,0.17391721886103909,0.0
1812,167235,0,1812,0,0.17401325266493806,0.0
1813,167237,0,1813,0,0.17410928646883703,0.0
1814,167238,0,1814,0,0.174205320272736,0.0
1815,167248,0,1815,0,0.17430135407663497,0.0
1816,167250,0,1816,0,0.17439738788053394,0.0
1817,167251,0,1817,0,0.1744934216844329,0.0
1818,167252,0,1818,0,0.17458945548833188,0.0
1819,167254,0,1819,0,0.17468548929223088,0.0
1820,167260,0,1820,0,0.17478152309612985,0.0
1821,167270,0,1821,0,0.17487755690002882,0.0
1822,167273,0,1822,0,0.1749735907039278,0.0
1823,167275,0,1823,0,0.17506962450782676,0.0
1824,167281,0,1824,0,0.17516565831172573,0.0
1825,167291,0,1825,0,0.1752616921156247,0.0
1826,167292,0,1826,0,0.17535772591952367,0.0
1827,167293,0,1827,0,0.17545375972342264,0.0
1828,167299,0,1828,0,0.1755497935273216,0.0
1829,167308,0,1829,0,0.17564582733122058,0.0
1830,167311,0,1830,0,0.17574186113511955,0.0
1831,167313,0,1831,0,0.17583789493901852,0.0
1832,167317,0,1832,0,0.1759339287429175,0.0
1833,167318,0,1833,0,0.1760299625468165,0.0
1834,167320,0,1834,0,0.17612599635071546,0.0
1835,167323,0,1835,0,0.17622203015461443,0.0
1836,167324,0,1836,0,0.1763180639585134,0.0
1837,167325,0,1837,0,0.17641409776241238,0.0
1838,167333,0,1838,0,0.17651013156631135,0.0
1839,167337,0,1839,0,0.17660616537021032,0.0
1840,167338,0,1840,0,0.1767021991741093,0.0
1841,167340,0,1841,0,0.17679823297800826,0.0
1842,167342,0,1842,0,0.17689426678190723,0.0
1843,167346,0,1843,0,0.1769903005858062,0.0
1844,167348,0,1844,0,0.17708633438970517,0.0
1845,167349,0,1845,0,0.17718236819360414,0.0
1846,167350,0,1846,0,0.1772784019975031,0.0
1847,167351,0,1847,0,0.17737443580140208,0.0
1848,167353,0,1848,0,0.17747046960530108,0.0
1849,167355,0,1849,0,0.17756650340920005,0.0
1850,167356,0,1850,0,0.17766253721309902,0.0
1851,167359,0,1851,0,0.177758571016998,0.0
1852,167371,0,1852,0,0.17785460482089696,0.0
1853,167377,0,1853,0,0.17795063862479593,0.0
1854,167379,0,1854,0,0.1780466724286949,0.0
1855,167385,0,1855,0,0.17814270623259387,0.0
1856,167400,0,1856,0,0.17823874003649284,0.0
1857,167402,0,1857,0,0.1783347738403918,0.0
1858,167403,0,1858,0,0.17843080764429078,0.0
1859,167407,0,1859,0,0.17852684144818975,0.0
1860,167410,0,1860,0,0.17862287525208873,0.0
1861,167411,0,1861,0,0.1787189090559877,0.0
1862,167412,0,1862,0,0.17881494285988667,0.0
1863,167420,0,1863,0,0.17891097666378566,0.0
1864,167438,0,1864,0,0.17900701046768464,0.0
1865,167439,0,1865,0,0.1791030442715836,0.0
1866,167443,0,1866,0,0.17919907807548258,0.0
1867,167444,0,1867,0,0.17929511187938155,0.0
1868,167448,0,1868,0,0.17939114568328052,0.0
1869,167452,0,1869,0,0.1794871794871795,0.0
1870,167454,0,1870,0,0.17958321329107846,0.0
1871,167456,0,1871,0,0.17967924709497743,0.0
1872,167461,0,1872,0,0.1797752808988764,0.0
1873,167464,0,1873,0,0.17987131470277537,0.0
1874,167469,0,1874,0,0.17996734850667434,0.0
1875,167470,0,1875,0,0.1800633823105733,0.0
1876,167471,0,1876,0,0.18015941611447228,0.0
1877,167472,0,1877,0,0.18025544991837128,0.0
1878,167474,0,1878,0,0.18035148372227025,0.0
1879,167475,0,1879,0,0.18044751752616922,0.0
1880,167481,0,1880,0,0.1805435513300682,0.0
1881,167491,0,1881,0,0.18063958513396716,0.0
1882,167492,0,1882,0,0.18073561893786613,0.0
1883,167494,0,1883,0,0.1808316527417651,0.0
1884,167496,0,1884,0,0.18092768654566407,0.0
1885,167501,0,1885,0,0.18102372034956304,0.0
1886,167508,0,1886,0,0.18111975415346201,0.0
1887,167514,0,1887,0,0.18121578795736099,0.0
1888,167524,0,1888,0,0.18131182176125996,0.0
1889,167525,0,1889,0,0.18140785556515893,0.0
1890,167532,0,1890,0,0.1815038893690579,0.0
1891,167542,0,1891,0,0.18159992317295687,0.0
1892,167543,0,1892,0,0.18169595697685587,0.0
1893,167547,0,1893,0,0.18179199078075484,0.0
1894,167548,0,1894,0,0.1818880245846538,0.0
1895,167552,0,1895,0,0.18198405838855278,0.0
1896,167553,0,1896,0,0.18208009219245175,0.0
1897,167560,0,1897,0,0.18217612599635072,0.0
1898,167561,0,1898,0,0.1822721598002497,0.0
1899,167562,0,1899,0,0.18236819360414866,0.0
1900,167563,0,1900,0,0.18246422740804763,0.0
1901,167565,0,1901,0,0.1825602612119466,0.0
1902,167566,0,1902,0,0.18265629501584557,0.0
1903,167569,0,1903,0,0.18275232881974454,0.0
1904,167581,0,1904,0,0.1828483626236435,0.0
1905,167582,0,1905,0,0.18294439642754248,0.0
1906,167585,0,1906,0,0.18304043023144148,0.0
1907,167589,0,1907,0,0.18313646403534045,0.0
1908,167609,0,1908,0,0.18323249783923942,0.0
1909,167613,0,1909,0,0.1833285316431384,0.0
1910,167614,0,1910,0,0.18342456544703736,0.0
1911,167617,0,1911,0,0.18352059925093633,0.0
1912,167623,0,1912,0,0.1836166330548353,0.0
1913,167633,0,1913,0,0.18371266685873427,0.0
1914,167637,0,1914,0,0.18380870066263325,0.0
1915,167640,0,1915,0,0.18390473446653222,0.0
1916,167645,0,1916,0,0.1840007682704312,0.0
1917,167649,0,1917,0,0.18409680207433016,0.0
1918,167650,0,1918,0,0.18419283587822913,0.0
1919,167651,0,1919,0,0.1842888696821281,0.0
1920,167652,0,1920,0,0.18438490348602707,0.0
1921,167653,0,1921,0,0.18448093728992607,0.0
1922,167658,0,1922,0,0.18457697109382504,0.0
1923,167659,0,1923,0,0.184673004897724,0.0
1924,167660,0,1924,0,0.18476903870162298,0.0
1925,167662,0,1925,0,0.18486507250552195,0.0
1926,167663,0,1926,0,0.18496110630942092,0.0
1927,167666,0,1927,0,0.1850571401133199,0.0
1928,167667,0,1928,0,0.18515317391721886,0.0
1929,167681,0,1929,0,0.18524920772111783,0.0
1930,167682,0,1930,0,0.1853452415250168,0.0
1931,167689,0,1931,0,0.18544127532891577,0.0
1932,167692,0,1932,0,0.18553730913281474,0.0
1933,167698,0,1933,0,0.1856333429367137,0.0
1934,167701,0,1934,0,0.18572937674061268,0.0
1935,167703,0,1935,0,0.18582541054451165,0.0
1936,167712,0,1936,0,0.18592144434841065,0.0
1937,167715,0,1937,0,0.18601747815230962,0.0
1938,167717,0,1938,0,0.1861135119562086,0.0
1939,167718,0,1939,0,0.18620954576010756,0.0
1940,167728,0,1940,0,0.18630557956400653,0.0
1941,167731,0,1941,0,0.1864016133679055,0.0
1942,167741,0,1942,0,0.18649764717180448,0.0
1943,167743,0,1943,0,0.18659368097570345,0.0
1944,167747,0,1944,0,0.18668971477960242,0.0
1945,167752,0,1945,0,0.1867857485835014,0.0
1946,167756,0,1946,0,0.18688178238740036,0.0
1947,167759,0,1947,0,0.18697781619129933,0.0
1948,167768,0,1948,0,0.1870738499951983,0.0
1949,167773,0,1949,0,0.18716988379909727,0.0
1950,167777,0,1950,0,0.18726591760299627,0.0
1951,167782,0,1951,0,0.18736195140689524,0.0
1952,167788,0,1952,0,0.1874579852107942,0.0
1953,167793,0,1953,0,0.18755401901469318,0.0
1954,167796,0,1954,0,0.18765005281859215,0.0
1955,167797,0,1955,0,0.18774608662249112,0.0
1956,167800,0,1956,0,0.1878421204263901,0.0
1957,167803,0,1957,0,0.18793815423028906,0.0
1958,167806,0,1958,0,0.18803418803418803,0.0
1959,167808,0,1959,0,0.188130221838087,0.0
1960,167809,0,1960,0,0.18822625564198597,0.0
1961,167810,0,1961,0,0.18832228944588494,0.0
1962,167813,0,1962,0,0.18841832324978391,0.0
1963,167816,0,1963,0,0.18851435705368288,0.0
1964,167818,0,1964,0,0.18861039085758186,0.0
1965,167832,0,1965,0,0.18870642466148085,0.0
1966,167836,0,1966,0,0.18880245846537982,0.0
1967,167838,0,1967,0,0.1888984922692788,0.0
1968,167848,0,1968,0,0.18899452607317777,0.0
1969,167854,0,1969,0,0.18909055987707674,0.0
1970,167858,0,1970,0,0.1891865936809757,0.0
1971,167860,0,1971,0,0.18928262748487468,0.0
1972,167866,0,1972,0,0.18937866128877365,0.0
1973,167869,0,1973,0,0.18947469509267262,0.0
1974,167870,0,1974,0,0.1895707288965716,0.0
1975,167871,0,1975,0,0.18966676270047056,0.0
1976,167873,0,1976,0,0.18976279650436953,0.0
1977,167875,0,1977,0,0.1898588303082685,0.0
1978,167876,0,1978,0,0.18995486411216747,0.0
1979,167877,0,1979,0,0.19005089791606647,0.0
1980,167879,0,1980,0,0.19014693171996544,0.0
1981,167880,0,1981,0,0.1902429655238644,0.0
1982,167884,0,1982,0,0.19033899932776338,0.0
1983,167885,0,1983,0,0.19043503313166235,0.0
1984,167892,0,1984,0,0.19053106693556132,0.0
1985,167894,0,1985,0,0.1906271007394603,0.0
1986,167896,0,1986,0,0.19072313454335926,0.0
1987,167899,0,1987,0,0.19081916834725823,0.0
1988,168001,0,1988,0,0.1909152021511572,0.0
1989,168003,0,1989,0,0.19101123595505617,0.0
1990,168004,0,1990,0,0.19110726975895515,0.0
1991,168009,0,1991,0,0.19120330356285412,0.0
1992,168013,0,1992,0,0.19129933736675309,0.0
1993,168018,0,1993,0,0.19139537117065206,0.0
1994,168020,0,1994,0,0.19149140497455105,0.0
1995,168021,0,1995,0,0.19158743877845003,0.0
1996,168022,0,1996,0,0.191683472582349,0.0
1997,168029,0,1997,0,0.19177950638624797,0.0
1998,168031,0,1998,0,0.19187554019014694,0.0
1999,168034,0,1999,0,0.1919715739940459,0.0
2000,168037,0,2000,0,0.19206760779794488,0.0
2001,168038,0,2001,0,0.19216364160184385,0.0
2002,168040,0,2002,0,0.19225967540574282,0.0
2003,168043,0,2003,0,0.1923557092096418,0.0
2004,168047,0,2004,0,0.19245174301354076,0.0
2005,168053,0,2005,0,0.19254777681743973,0.0
2006,168054,0,2006,0,0.1926438106213387,0.0
2007,168062,0,2007,0,0.19273984442523767,0.0
2008,168063,0,2008,0,0.19283587822913664,0.0
2009,168064,0,2009,0,0.19293191203303564,0.0
2010,168066,0,2010,0,0.1930279458369346,0.0
2011,168067,0,2011,0,0.19312397964083358,0.0
2012,168068,0,2012,0,0.19322001344473255,0.0
2013,168069,0,2013,0,0.19331604724863152,0.0
2014,168070,0,2014,0,0.1934120810525305,0.0
2015,168072,0,2015,0,0.19350811485642946,0.0
2016,168075,0,2016,0,0.19360414866032843,0.0
2017,168080,0,2017,0,0.1937001824642274,0.0
2018,168081,0,2018,0,0.19379621626812638,0.0
2019,168082,0,2019,0,0.19389225007202535,0.0
2020,168083,0,2020,0,0.19398828387592432,0.0
2021,168087,0,2021,0,0.1940843176798233,0.0
2022,168089,0,2022,0,0.19418035148372226,0.0
2023,168092,0,2023,0,0.19427638528762126,0.0
2024,168094,0,2024,0,0.19437241909152023,0.0
2025,168095,0,2025,0,0.1944684528954192,0.0
2026,168100,0,2026,0,0.19456448669931817,0.0
2027,168101,0,2027,0,0.19466052050321714,0.0
2028,168102,0,2028,0,0.1947565543071161,0.0
2029,168103,0,2029,0,0.19485258811101508,0.0
2030,168104,0,2030,0,0.19494862191491405,0.0
2031,168108,0,2031,0,0.19504465571881302,0.0
2032,168110,0,2032,0,0.195140689522712,0.0
2033,168112,0,2033,0,0.19523672332661096,0.0
2034,168114,0,2034,0,0.19533275713050993,0.0
2035,168121,0,2035,0,0.1954287909344089,0.0
2036,168124,0,2036,0,0.19552482473830787,0.0
2037,168125,0,2037,0,0.19562085854220684,0.0
2038,168128,0,2038,0,0.19571689234610584,0.0
2039,168129,0,2039,0,0.1958129261500048,0.0
2040,168142,0,2040,0,0.19590895995390378,0.0
2041,168143,0,2041,0,0.19600499375780275,0.0
2042,168144,0,2042,0,0.19610102756170172,0.0
2043,168145,0,2043,0,0.1961970613656007,0.0
2044,168146,0,2044,0,0.19629309516949967,0.0
2045,168148,0,2045,0,0.19638912897339864,0.0
2046,168152,0,2046,0,0.1964851627772976,0.0
2047,168159,0,2047,0,0.19658119658119658,0.0
2048,168161,0,2048,0,0.19667723038509555,0.0
2049,168163,0,2049,0,0.19677326418899452,0.0
2050,168164,0,2050,0,0.1968692979928935,0.0
2051,168175,0,2051,0,0.19696533179679246,0.0
2052,168176,0,2052,0,0.19706136560069146,0.0
2053,168181,0,2053,0,0.19715739940459043,0.0
2054,168184,0,2054,0,0.1972534332084894,0.0
2055,168186,0,2055,0,0.19734946701238837,0.0
2056,168189,0,2056,0,0.19744550081628734,0.0
2057,168191,0,2057,0,0.1975415346201863,0.0
2058,168192,0,2058,0,0.19763756842408528,0.0
2059,168194,0,2059,0,0.19773360222798425,0.0
2060,168200,0,2060,0,0.19782963603188322,0.0
2061,168208,0,2061,0,0.1979256698357822,0.0
2062,168210,0,2062,0,0.19802170363968116,0.0
2063,168211,0,2063,0,0.19811773744358013,0.0
2064,168214,0,2064,0,0.1982137712474791,0.0
2065,168220,0,2065,0,0.19830980505137807,0.0
2066,168223,0,2066,0,0.19840583885527704,0.0
2067,168224,0,2067,0,0.19850187265917604,0.0
2068,168228,0,2068,0,0.198597906463075,0.0
2069,168236,0,2069,0,0.19869394026697398,0.0
2070,168238,0,2070,0,0.19878997407087295,0.0
2071,168240,0,2071,0,0.19888600787477193,0.0
2072,168242,0,2072,0,0.1989820416786709,0.0
2073,168243,0,2073,0,0.19907807548256987,0.0
2074,168244,0,2074,0,0.19917410928646884,0.0
2075,168245,0,2075,0,0.1992701430903678,0.0
2076,168246,0,2076,0,0.19936617689426678,0.0
2077,168248,0,2077,0,0.19946221069816575,0.0
2078,168253,0,2078,0,0.19955824450206472,0.0
2079,168260,0,2079,0,0.1996542783059637,0.0
2080,168265,0,2080,0,0.19975031210986266,0.0
2081,168277,0,2081,0,0.19984634591376163,0.0
2082,168278,0,2082,0,0.19994237971766063,0.0
2083,168281,0,2083,0,0.2000384135215596,0.0
2084,168283,0,2084,0,0.20013444732545857,0.0
2085,168284,0,2085,0,0.20023048112935754,0.0
2086,168285,0,2086,0,0.2003265149332565,0.0
2087,168287,0,2087,0,0.20042254873715548,0.0
2088,168291,0,2088,0,0.20051858254105445,0.0
2089,168292,0,2089,0,0.20061461634495342,0.0
2090,168293,0,2090,0,0.2007106501488524,0.0
2091,168296,0,2091,0,0.20080668395275136,0.0
2092,168297,0,2092,0,0.20090271775665033,0.0
2093,168298,0,2093,0,0.2009987515605493,0.0
2094,168303,0,2094,0,0.20109478536444828,0.0
2095,168306,0,2095,0,0.20119081916834725,0.0
2096,168309,0,2096,0,0.20128685297224624,0.0
2097,168311,0,2097,0,0.20138288677614521,0.0
2098,168317,0,2098,0,0.20147892058004419,0.0
2099,168318,0,2099,0,0.20157495438394316,0.0
2100,168320,0,2100,0,0.20167098818784213,0.0
2101,168321,0,2101,0,0.2017670219917411,0.0
2102,168323,0,2102,0,0.20186305579564007,0.0
2103,168324,0,2103,0,0.20195908959953904,0.0
2104,168325,0,2104,0,0.202055123403438,0.0
2105,168327,0,2105,0,0.20215115720733698,0.0
2106,168329,0,2106,0,0.20224719101123595,0.0
2107,168330,0,2107,0,0.20234322481513492,0.0
2108,168334,0,2108,0,0.2024392586190339,0.0
2109,168337,0,2109,0,0.20253529242293286,0.0
2110,168341,0,2110,0,0.20263132622683183,0.0
2111,168343,0,2111,0,0.20272736003073083,0.0
2112,168344,0,2112,0,0.2028233938346298,0.0
2113,168345,0,2113,0,0.20291942763852877,0.0
2114,168351,0,2114,0,0.20301546144242774,0.0
2115,168355,0,2115,0,0.2031114952463267,0.0
2116,168357,0,2116,0,0.20320752905022568,0.0
2117,168360,0,2117,0,0.20330356285412465,0.0
2118,168361,0,2118,0,0.20339959665802362,0.0
2119,168363,0,2119,0,0.2034956304619226,0.0
2120,168371,0,2120,0,0.20359166426582156,0.0
2121,168372,0,2121,0,0.20368769806972054,0.0
2122,168373,0,2122,0,0.2037837318736195,0.0
2123,168374,0,2123,0,0.20387976567751848,0.0
2124,168375,0,2124,0,0.20397579948141745,0.0
2125,168378,0,2125,0,0.20407183328531645,0.0
2126,168379,0,2126,0,0.20416786708921542,0.0
2127,168380,0,2127,0,0.2042639008931144,0.0
2128,168381,0,2128,0,0.20435993469701336,0.0
2129,168382,0,2129,0,0.20445596850091233,0.0
2130,168384,0,2130,0,0.2045520023048113,0.0
2131,168393,0,2131,0,0.20464803610871027,0.0
2132,168405,0,2132,0,0.20474406991260924,0.0
2133,168407,0,2133,0,0.2048401037165082,0.0
2134,168410,0,2134,0,0.20493613752040718,0.0
2135,168411,0,2135,0,0.20503217132430615,0.0
2136,168417,0,2136,0,0.20512820512820512,0.0
2137,168432,0,2137,0,0.2052242389321041,0.0
2138,168433,0,2138,0,0.20532027273600306,0.0
2139,168435,0,2139,0,0.20541630653990203,0.0
2140,168438,0,2140,0,0.20551234034380103,0.0
2141,168439,0,2141,0,0.2056083741477,0.0
2142,168440,0,2142,0,0.20570440795159897,0.0
2143,168444,0,2143,0,0.20580044175549794,0.0
2144,168449,0,2144,0,0.2058964755593969,0.0
2145,168452,0,2145,0,0.20599250936329588,0.0
2146,168454,0,2146,0,0.20608854316719485,0.0
2147,168456,0,2147,0,0.20618457697109382,0.0
2148,168458,0,2148,0,0.2062806107749928,0.0
2149,168461,0,2149,0,0.20637664457889177,0.0
2150,168463,0,2150,0,0.20647267838279074,0.0
2151,168464,0,2151,0,0.2065687121866897,0.0
2152,168465,0,2152,0,0.20666474599058868,0.0
2153,168468,0,2153,0,0.20676077979448765,0.0
2154,168473,0,2154,0,0.20685681359838662,0.0
2155,168477,0,2155,0,0.20695284740228562,0.0
2156,168480,0,2156,0,0.2070488812061846,0.0
2157,168484,0,2157,0,0.20714491501008356,0.0
2158,168489,0,2158,0,0.20724094881398253,0.0
2159,168490,0,2159,0,0.2073369826178815,0.0
2160,168496,0,2160,0,0.20743301642178047,0.0
2161,168500,0,2161,0,0.20752905022567944,0.0
2162,168501,0,2162,0,0.2076250840295784,0.0
2163,168502,0,2163,0,0.20772111783347738,0.0
2164,168505,0,2164,0,0.20781715163737635,0.0
2165,168506,0,2165,0,0.20791318544127532,0.0
2166,168509,0,2166,0,0.2080092192451743,0.0
2167,168512,0,2167,0,0.20810525304907326,0.0
2168,168517,0,2168,0,0.20820128685297223,0.0
2169,168518,0,2169,0,0.20829732065687123,0.0
2170,168519,0,2170,0,0.2083933544607702,0.0
2171,168522,0,2171,0,0.20848938826466917,0.0
2172,168524,0,2172,0,0.20858542206856814,0.0
2173,168525,0,2173,0,0.20868145587246711,0.0
2174,168529,0,2174,0,0.20877748967636608,0.0
2175,168535,0,2175,0,0.20887352348026506,0.0
2176,168536,0,2176,0,0.20896955728416403,0.0
2177,168539,0,2177,0,0.209065591088063,0.0
2178,168540,0,2178,0,0.20916162489196197,0.0
2179,168546,0,2179,0,0.20925765869586094,0.0
2180,168549,0,2180,0,0.2093536924997599,0.0
2181,168550,0,2181,0,0.20944972630365888,0.0
2182,168551,0,2182,0,0.20954576010755785,0.0
2183,168552,0,2183,0,0.20964179391145682,0.0
2184,168553,0,2184,0,0.20973782771535582,0.0
2185,168559,0,2185,0,0.2098338615192548,0.0
2186,168560,0,2186,0,0.20992989532315376,0.0
2187,168563,0,2187,0,0.21002592912705273,0.0
2188,168565,0,2188,0,0.2101219629309517,0.0
2189,168566,0,2189,0,0.21021799673485067,0.0
2190,168571,0,2190,0,0.21031403053874964,0.0
2191,168572,0,2191,0,0.2104100643426486,0.0
2192,168574,0,2192,0,0.21050609814654758,0.0
2193,168577,0,2193,0,0.21060213195044655,0.0
2194,168578,0,2194,0,0.21069816575434552,0.0
2195,168582,0,2195,0,0.2107941995582445,0.0
2196,168586,0,2196,0,0.21089023336214346,0.0
2197,168590,0,2197,0,0.21098626716604243,0.0
2198,168592,0,2198,0,0.21108230096994143,0.0
2199,168593,0,2199,0,0.2111783347738404,0.0
2200,168597,0,2200,0,0.21127436857773937,0.0
2201,168603,0,2201,0,0.21137040238163834,0.0
2202,168604,0,2202,0,0.21146643618553732,0.0
2203,168611,0,2203,0,0.21156246998943629,0.0
2204,168619,0,2204,0,0.21165850379333526,0.0
2205,168620,0,2205,0,0.21175453759723423,0.0
2206,168621,0,2206,0,0.2118505714011332,0.0
2207,168623,0,2207,0,0.21194660520503217,0.0
2208,168627,0,2208,0,0.21204263900893114,0.0
2209,168628,0,2209,0,0.2121386728128301,0.0
2210,168632,0,2210,0,0.21223470661672908,0.0
2211,168639,0,2211,0,0.21233074042062805,0.0
2212,168640,0,2212,0,0.21242677422452702,0.0
2213,168647,0,2213,0,0.21252280802842602,0.0
2214,168650,0,2214,0,0.212618841832325,0.0
2215,168652,0,2215,0,0.21271487563622396,0.0
2216,168653,0,2216,0,0.21281090944012293,0.0
2217,168655,0,2217,0,0.2129069432440219,0.0
2218,168657,0,2218,0,0.21300297704792087,0.0
2219,168664,0,2219,0,0.21309901085181984,0.0
2220,168665,0,2220,0,0.2131950446557188,0.0
2221,168666,0,2221,0,0.21329107845961778,0.0
2222,168671,0,2222,0,0.21338711226351675,0.0
2223,168672,0,2223,0,0.21348314606741572,0.0
2224,168674,0,2224,0,0.2135791798713147,0.0
2225,168676,0,2225,0,0.21367521367521367,0.0
2226,168679,0,2226,0,0.21377124747911264,0.0
2227,168681,0,2227,0,0.2138672812830116,0.0
2228,168683,0,2228,0,0.2139633150869106,0.0
2229,168687,0,2229,0,0.21405934889080958,0.0
2230,168689,0,2230,0,0.21415538269470855,0.0
2231,168702,0,2231,0,0.21425141649860752,0.0
2232,168711,0,2232,0,0.2143474503025065,0.0
2233,168712,0,2233,0,0.21444348410640546,0.0
2234,168719,0,2234,0,0.21453951791030443,0.0
2235,168723,0,2235,0,0.2146355517142034,0.0
2236,168725,0,2236,0,0.21473158551810237,0.0
2237,168726,0,2237,0,0.21482761932200134,0.0
2238,168729,0,2238,0,0.2149236531259003,0.0
2239,168737,0,2239,0,0.21501968692979928,0.0
2240,168744,0,2240,0,0.21511572073369825,0.0
2241,168745,0,2241,0,0.21521175453759722,0.0
2242,168748,0,2242,0,0.21530778834149622,0.0
2243,168750,0,2243,0,0.2154038221453952,0.0
2244,168753,0,2244,0,0.21549985594929416,0.0
2245,168754,0,2245,0,0.21559588975319313,0.0
2246,168755,0,2246,0,0.2156919235570921,0.0
2247,168758,0,2247,0,0.21578795736099107,0.0
2248,168759,0,2248,0,0.21588399116489004,0.0
2249,168761,0,2249,0,0.21598002496878901,0.0
2250,168763,0,2250,0,0.21607605877268798,0.0
2251,168764,0,2251,0,0.21617209257658695,0.0
2252,168765,0,2252,0,0.21626812638048593,0.0
2253,168767,0,2253,0,0.2163641601843849,0.0
2254,168776,0,2254,0,0.21646019398828387,0.0
2255,168780,0,2255,0,0.21655622779218284,0.0
2256,168786,0,2256,0,0.2166522615960818,0.0
2257,168787,0,2257,0,0.2167482953999808,0.0
2258,168788,0,2258,0,0.21684432920387978,0.0
2259,168793,0,2259,0,0.21694036300777875,0.0
2260,168794,0,2260,0,0.21703639681167772,0.0
2261,168800,0,2261,0,0.2171324306155767,0.0
2262,168809,0,2262,0,0.21722846441947566,0.0
2263,168810,0,2263,0,0.21732449822337463,0.0
2264,168814,0,2264,0,0.2174205320272736,0.0
2265,168815,0,2265,0,0.21751656583117257,0.0
2266,168820,0,2266,0,0.21761259963507154,0.0
2267,168821,0,2267,0,0.2177086334389705,0.0
2268,168825,0,2268,0,0.21780466724286948,0.0
2269,168826,0,2269,0,0.21790070104676845,0.0
2270,168827,0,2270,0,0.21799673485066742,0.0
2271,168837,0,2271,0,0.21809276865456642,0.0
2272,168840,0,2272,0,0.2181888024584654,0.0
2273,168843,0,2273,0,0.21828483626236436,0.0
2274,168845,0,2274,0,0.21838087006626333,0.0
2275,168847,0,2275,0,0.2184769038701623,0.0
2276,168848,0,2276,0,0.21857293767406127,0.0
2277,168853,0,2277,0,0.21866897147796024,0.0
2278,168855,0,2278,0,0.21876500528185922,0.0
2279,168857,0,2279,0,0.21886103908575819,0.0
2280,168863,0,2280,0,0.21895707288965716,0.0
2281,168866,0,2281,0,0.21905310669355613,0.0
2282,168870,0,2282,0,0.2191491404974551,0.0
2283,168871,0,2283,0,0.21924517430135407,0.0
2284,168872,0,2284,0,0.21934120810525304,0.0
2285,168873,0,2285,0,0.219437241909152,0.0
2286,168874,0,2286,0,0.219533275713051,0.0
2287,168877,0,2287,0,0.21962930951694998,0.0
2288,168886,0,2288,0,0.21972534332084895,0.0
2289,168888,0,2289,0,0.21982137712474792,0.0
2290,168892,0,2290,0,0.2199174109286469,0.0
2291,168900,0,2291,0,0.22001344473254586,0.0
2292,168906,0,2292,0,0.22010947853644483,0.0
2293,168908,0,2293,0,0.2202055123403438,0.0
2294,168909,0,2294,0,0.22030154614424277,0.0
2295,168910,0,2295,0,0.22039757994814174,0.0
2296,168911,0,2296,0,0.2204936137520407,0.0
2297,168913,0,2297,0,0.22058964755593968,0.0
2298,168917,0,2298,0,0.22068568135983865,0.0
2299,168918,0,2299,0,0.22078171516373762,0.0
2300,168944,0,2300,0,0.2208777489676366,0.0
2301,168951,0,2301,0,0.2209737827715356,0.0
2302,168958,0,2302,0,0.22106981657543456,0.0
2303,168964,0,2303,0,0.22116585037933353,0.0
2304,168968,0,2304,0,0.2212618841832325,0.0
2305,168969,0,2305,0,0.22135791798713148,0.0
2306,169015,0,2306,0,0.22145395179103045,0.0
2307,169029,0,2307,0,0.22154998559492942,0.0
2308,169033,0,2308,0,0.2216460193988284,0.0
2309,169037,0,2309,0,0.22174205320272736,0.0
2310,169038,0,2310,0,0.22183808700662633,0.0
2311,169040,0,2311,0,0.2219341208105253,0.0
2312,169045,0,2312,0,0.22203015461442427,0.0
2313,169047,0,2313,0,0.22212618841832324,0.0
2314,169048,0,2314,0,0.2222222222222222,0.0
2315,169050,0,2315,0,0.2223182560261212,0.0
2316,169055,0,2316,0,0.22241428983002018,0.0
2317,169060,0,2317,0,0.22251032363391915,0.0
2318,169062,0,2318,0,0.22260635743781812,0.0
2319,169074,0,2319,0,0.2227023912417171,0.0
2320,169076,0,2320,0,0.22279842504561606,0.0
2321,169084,0,2321,0,0.22289445884951503,0.0
2322,169093,0,2322,0,0.222990492653414,0.0
2323,169096,0,2323,0,0.22308652645731297,0.0
2324,169100,0,2324,0,0.22318256026121194,0.0
2325,169101,0,2325,0,0.2232785940651109,0.0
2326,169107,0,2326,0,0.22337462786900988,0.0
2327,169111,0,2327,0,0.22347066167290885,0.0
2328,169114,0,2328,0,0.22356669547680783,0.0
2329,169117,0,2329,0,0.2236627292807068,0.0
2330,169118,0,2330,0,0.2237587630846058,0.0
2331,169121,0,2331,0,0.22385479688850476,0.0
2332,169124,0,2332,0,0.22395083069240374,0.0
2333,169127,0,2333,0,0.2240468644963027,0.0
2334,169131,0,2334,0,0.22414289830020168,0.0
2335,169141,0,2335,0,0.22423893210410065,0.0
2336,169145,0,2336,0,0.22433496590799962,0.0
2337,169146,0,2337,0,0.2244309997118986,0.0
2338,169147,0,2338,0,0.22452703351579756,0.0
2339,169179,0,2339,0,0.22462306731969653,0.0
2340,169181,0,2340,0,0.2247191011235955,0.0
2341,169184,0,2341,0,0.22481513492749447,0.0
2342,169186,0,2342,0,0.22491116873139344,0.0
2343,169189,0,2343,0,0.2250072025352924,0.0
2344,169192,0,2344,0,0.22510323633919138,0.0
2345,169194,0,2345,0,0.22519927014309038,0.0
2346,169200,0,2346,0,0.22529530394698935,0.0
2347,169206,0,2347,0,0.22539133775088832,0.0
2348,169209,0,2348,0,0.2254873715547873,0.0
2349,169210,0,2349,0,0.22558340535868626,0.0
2350,169212,0,2350,0,0.22567943916258523,0.0
2351,169213,0,2351,0,0.2257754729664842,0.0
2352,169225,0,2352,0,0.22587150677038317,0.0
2353,169229,0,2353,0,0.22596754057428214,0.0
2354,169230,0,2354,0,0.22606357437818111,0.0
2355,169231,0,2355,0,0.22615960818208009,0.0
2356,169232,0,2356,0,0.22625564198597906,0.0
2357,169233,0,2357,0,0.22635167578987803,0.0
2358,169244,0,2358,0,0.226447709593777,0.0
2359,169266,0,2359,0,0.226543743397676,0.0
2360,169270,0,2360,0,0.22663977720157497,0.0
2361,169272,0,2361,0,0.22673581100547394,0.0
2362,169273,0,2362,0,0.2268318448093729,0.0
2363,169280,0,2363,0,0.22692787861327188,0.0
2364,169281,0,2364,0,0.22702391241717085,0.0
2365,169282,0,2365,0,0.22711994622106982,0.0
2366,169285,0,2366,0,0.2272159800249688,0.0
2367,169287,0,2367,0,0.22731201382886776,0.0
2368,169289,0,2368,0,0.22740804763276673,0.0
2369,169292,0,2369,0,0.2275040814366657,0.0
2370,169294,0,2370,0,0.22760011524056467,0.0
2371,169298,0,2371,0,0.22769614904446364,0.0
2372,169299,0,2372,0,0.2277921828483626,0.0
2373,169316,0,2373,0,0.22788821665226158,0.0
2374,169318,0,2374,0,0.22798425045616058,0.0
2375,169333,0,2375,0,0.22808028426005955,0.0
2376,169334,0,2376,0,0.22817631806395852,0.0
2377,169342,0,2377,0,0.2282723518678575,0.0
2378,169362,0,2378,0,0.22836838567175646,0.0
2379,169363,0,2379,0,0.22846441947565543,0.0
2380,169381,0,2380,0,0.2285604532795544,0.0
2381,169382,0,2381,0,0.22865648708345337,0.0
2382,169387,0,2382,0,0.22875252088735235,0.0
2383,169400,0,2383,0,0.22884855469125132,0.0
2384,169401,0,2384,0,0.2289445884951503,0.0
2385,169402,0,2385,0,0.22904062229904926,0.0
2386,169403,0,2386,0,0.22913665610294823,0.0
2387,169405,0,2387,0,0.2292326899068472,0.0
2388,169409,0,2388,0,0.2293287237107462,0.0
2389,169415,0,2389,0,0.22942475751464517,0.0
2390,169419,0,2390,0,0.22952079131854414,0.0
2391,169424,0,2391,0,0.2296168251224431,0.0
2392,169425,0,2392,0,0.22971285892634208,0.0
2393,169427,0,2393,0,0.22980889273024105,0.0
2394,169428,0,2394,0,0.22990492653414002,0.0
2395,169429,0,2395,0,0.230000960338039,0.0
2396,169430,0,2396,0,0.23009699414193796,0.0
2397,169431,0,2397,0,0.23019302794583693,0.0
2398,169432,0,2398,0,0.2302890617497359,0.0
2399,169433,0,2399,0,0.23038509555363487,0.0
2400,169436,0,2400,0,0.23048112935753384,0.0
2401,169441,0,2401,0,0.2305771631614328,0.0
2402,169469,0,2402,0,0.23067319696533178,0.0
2403,169477,0,2403,0,0.23076923076923078,0.0
2404,169491,0,2404,0,0.23086526457312975,0.0
2405,169493,0,2405,0,0.23096129837702872,0.0
2406,169496,0,2406,0,0.2310573321809277,0.0
2407,169502,0,2407,0,0.23115336598482666,0.0
2408,169504,0,2408,0,0.23124939978872563,0.0
2409,169514,0,2409,0,0.2313454335926246,0.0
2410,169516,0,2410,0,0.23144146739652358,0.0
2411,169520,0,2411,0,0.23153750120042255,0.0
2412,169521,0,2412,0,0.23163353500432152,0.0
2413,169523,0,2413,0,0.2317295688082205,0.0
2414,169525,0,2414,0,0.23182560261211946,0.0
2415,169527,0,2415,0,0.23192163641601843,0.0
2416,169544,0,2416,0,0.2320176702199174,0.0
2417,169547,0,2417,0,0.23211370402381637,0.0
2418,169548,0,2418,0,0.23220973782771537,0.0
2419,169563,0,2419,0,0.23230577163161434,0.0
2420,169565,0,2420,0,0.2324018054355133,0.0
2421,169571,0,2421,0,0.23249783923941228,0.0
2422,169576,0,2422,0,0.23259387304331125,0.0
2423,169577,0,2423,0,0.23268990684721022,0.0
2424,169580,0,2424,0,0.2327859406511092,0.0
2425,169582,0,2425,0,0.23288197445500816,0.0
2426,169584,0,2426,0,0.23297800825890713,0.0
2427,169586,0,2427,0,0.2330740420628061,0.0
2428,169588,0,2428,0,0.23317007586670507,0.0
2429,169589,0,2429,0,0.23326610967060404,0.0
2430,169598,0,2430,0,0.23336214347450301,0.0
2431,169599,0,2431,0,0.23345817727840198,0.0
2432,169604,0,2432,0,0.23355421108230098,0.0
2433,169606,0,2433,0,0.23365024488619995,0.0
2434,169611,0,2434,0,0.23374627869009892,0.0
2435,169614,0,2435,0,0.2338423124939979,0.0
2436,169618,0,2436,0,0.23393834629789687,0.0
2437,169628,0,2437,0,0.23403438010179584,0.0
2438,169629,0,2438,0,0.2341304139056948,0.0
2439,169630,0,2439,0,0.23422644770959378,0.0
2440,169633,0,2440,0,0.23432248151349275,0.0
2441,169635,0,2441,0,0.23441851531739172,0.0
2442,169644,0,2442,0,0.2345145491212907,0.0
2443,169646,0,2443,0,0.23461058292518966,0.0
2444,169647,0,2444,0,0.23470661672908863,0.0
2445,169649,0,2445,0,0.2348026505329876,0.0
2446,169659,0,2446,0,0.23489868433688657,0.0
2447,169660,0,2447,0,0.23499471814078557,0.0
2448,169662,0,2448,0,0.23509075194468454,0.0
2449,169667,0,2449,0,0.2351867857485835,0.0
2450,169673,0,2450,0,0.23528281955248248,0.0
2451,169674,0,2451,0,0.23537885335638145,0.0
2452,169675,0,2452,0,0.23547488716028042,0.0
2453,169676,0,2453,0,0.2355709209641794,0.0
2454,169680,0,2454,0,0.23566695476807836,0.0
2455,169681,0,2455,0,0.23576298857197733,0.0
2456,169683,0,2456,0,0.2358590223758763,0.0
2457,169685,0,2457,0,0.23595505617977527,0.0
2458,169692,0,2458,0,0.23605108998367424,0.0
2459,169694,0,2459,0,0.23614712378757322,0.0
2460,169703,0,2460,0,0.23624315759147219,0.0
2461,169704,0,2461,0,0.23633919139537118,0.0
2462,169711,0,2462,0,0.23643522519927015,0.0
2463,169719,0,2463,0,0.23653125900316913,0.0
2464,169720,0,2464,0,0.2366272928070681,0.0
2465,169722,0,2465,0,0.23672332661096707,0.0
2466,169723,0,2466,0,0.23681936041486604,0.0
2467,169733,0,2467,0,0.236915394218765,0.0
2468,169734,0,2468,0,0.23701142802266398,0.0
2469,169735,0,2469,0,0.23710746182656295,0.0
2470,169738,0,2470,0,0.23720349563046192,0.0
2471,169740,0,2471,0,0.2372995294343609,0.0
2472,169743,0,2472,0,0.23739556323825986,0.0
2473,169745,0,2473,0,0.23749159704215883,0.0
2474,169749,0,2474,0,0.2375876308460578,0.0
2475,169750,0,2475,0,0.23768366464995677,0.0
2476,169753,0,2476,0,0.23777969845385577,0.0
2477,169754,0,2477,0,0.23787573225775474,0.0
2478,169762,0,2478,0,0.2379717660616537,0.0
2479,169765,0,2479,0,0.23806779986555268,0.0
2480,169768,0,2480,0,0.23816383366945165,0.0
2481,169771,0,2481,0,0.23825986747335062,0.0
2482,169780,0,2482,0,0.2383559012772496,0.0
2483,169803,0,2483,0,0.23845193508114856,0.0
2484,169808,0,2484,0,0.23854796888504753,0.0
2485,169809,0,2485,0,0.2386440026889465,0.0
2486,169810,0,2486,0,0.23874003649284548,0.0
2487,169811,0,2487,0,0.23883607029674445,0.0
2488,169826,0,2488,0,0.23893210410064342,0.0
2489,169828,0,2489,0,0.2390281379045424,0.0
2490,169829,0,2490,0,0.23912417170844136,0.0
2491,169830,0,2491,0,0.23922020551234036,0.0
2492,169836,0,2492,0,0.23931623931623933,0.0
2493,169839,0,2493,0,0.2394122731201383,0.0
2494,169845,0,2494,0,0.23950830692403727,0.0
2495,169850,0,2495,0,0.23960434072793624,0.0
2496,169856,0,2496,0,0.2397003745318352,0.0
2497,169862,0,2497,0,0.23979640833573418,0.0
2498,169864,0,2498,0,0.23989244213963315,0.0
2499,169865,0,2499,0,0.23998847594353212,0.0
2500,169872,0,2500,0,0.2400845097474311,0.0
2501,169881,0,2501,0,0.24018054355133006,0.0
2502,169885,0,2502,0,0.24027657735522903,0.0
2503,169888,0,2503,0,0.240372611159128,0.0
2504,169889,0,2504,0,0.24046864496302697,0.0
2505,169902,0,2505,0,0.24056467876692597,0.0
2506,169905,0,2506,0,0.24066071257082494,0.0
2507,169908,0,2507,0,0.2407567463747239,0.0
2508,169910,0,2508,0,0.24085278017862288,0.0
2509,169913,0,2509,0,0.24094881398252185,0.0
2510,169914,0,2510,0,0.24104484778642082,0.0
2511,169915,0,2511,0,0.2411408815903198,0.0
2512,169919,0,2512,0,0.24123691539421876,0.0
2513,169924,0,2513,0,0.24133294919811774,0.0
2514,169925,0,2514,0,0.2414289830020167,0.0
2515,169931,0,2515,0,0.24152501680591568,0.0
2516,169942,0,2516,0,0.24162105060981465,0.0
2517,169945,0,2517,0,0.24171708441371362,0.0
2518,169948,0,2518,0,0.2418131182176126,0.0
2519,169949,0,2519,0,0.24190915202151156,0.0
2520,169960,0,2520,0,0.24200518582541056,0.0
2521,169971,0,2521,0,0.24210121962930953,0.0
2522,169974,0,2522,0,0.2421972534332085,0.0
2523,169976,0,2523,0,0.24229328723710747,0.0
2524,169978,0,2524,0,0.24238932104100644,0.0
2525,169982,0,2525,0,0.2424853548449054,0.0
2526,169985,0,2526,0,0.24258138864880438,0.0
2527,169988,0,2527,0,0.24267742245270335,0.0
2528,169993,0,2528,0,0.24277345625660232,0.0
2529,169996,0,2529,0,0.2428694900605013,0.0
2530,169997,0,2530,0,0.24296552386440026,0.0
2531,170010,0,2531,0,0.24306155766829923,0.0
2532,170017,0,2532,0,0.2431575914721982,0.0
2533,170019,0,2533,0,0.24325362527609717,0.0
2534,170021,0,2534,0,0.24334965907999617,0.0
2535,170024,0,2535,0,0.24344569288389514,0.0
2536,170026,0,2536,0,0.2435417266877941,0.0
2537,170028,0,2537,0,0.24363776049169308,0.0
2538,170029,0,2538,0,0.24373379429559205,0.0
2539,170030,0,2539,0,0.24382982809949102,0.0
2540,170035,0,2540,0,0.24392586190339,0.0
2541,170038,0,2541,0,0.24402189570728897,0.0
2542,170046,0,2542,0,0.24411792951118794,0.0
2543,170047,0,2543,0,0.2442139633150869,0.0
2544,170048,0,2544,0,0.24430999711898588,0.0
2545,170049,0,2545,0,0.24440603092288485,0.0
2546,170053,0,2546,0,0.24450206472678382,0.0
2547,170056,0,2547,0,0.2445980985306828,0.0
2548,170059,0,2548,0,0.24469413233458176,0.0
2549,170068,0,2549,0,0.24479016613848076,0.0
2550,170070,0,2550,0,0.24488619994237973,0.0
2551,170076,0,2551,0,0.2449822337462787,0.0
2552,170077,0,2552,0,0.24507826755017767,0.0
2553,170078,0,2553,0,0.24517430135407664,0.0
2554,170079,0,2554,0,0.2452703351579756,0.0
2555,170082,0,2555,0,0.24536636896187458,0.0
2556,170083,0,2556,0,0.24546240276577355,0.0
2557,170094,0,2557,0,0.24555843656967252,0.0
2558,170095,0,2558,0,0.2456544703735715,0.0
2559,170099,0,2559,0,0.24575050417747046,0.0
2560,170100,0,2560,0,0.24584653798136943,0.0
2561,170108,0,2561,0,0.2459425717852684,0.0
2562,170112,0,2562,0,0.24603860558916738,0.0
2563,170117,0,2563,0,0.24613463939306635,0.0
2564,170124,0,2564,0,0.24623067319696534,0.0
2565,170134,0,2565,0,0.24632670700086431,0.0
2566,170137,0,2566,0,0.24642274080476329,0.0
2567,170138,0,2567,0,0.24651877460866226,0.0
2568,170143,0,2568,0,0.24661480841256123,0.0
2569,170144,0,2569,0,0.2467108422164602,0.0
2570,170146,0,2570,0,0.24680687602035917,0.0
2571,170149,0,2571,0,0.24690290982425814,0.0
2572,170153,0,2572,0,0.2469989436281571,0.0
2573,170164,0,2573,0,0.24709497743205608,0.0
2574,170173,0,2574,0,0.24719101123595505,0.0
2575,170176,0,2575,0,0.24728704503985402,0.0
2576,170180,0,2576,0,0.247383078843753,0.0
2577,170184,0,2577,0,0.24747911264765196,0.0
2578,170190,0,2578,0,0.24757514645155096,0.0
2579,170198,0,2579,0,0.24767118025544993,0.0
2580,170207,0,2580,0,0.2477672140593489,0.0
2581,170212,0,2581,0,0.24786324786324787,0.0
2582,170214,0,2582,0,0.24795928166714684,0.0
2583,170219,0,2583,0,0.2480553154710458,0.0
2584,170220,0,2584,0,0.24815134927494478,0.0
2585,170221,0,2585,0,0.24824738307884375,0.0
2586,170236,0,2586,0,0.24834341688274272,0.0
2587,170242,0,2587,0,0.2484394506866417,0.0
2588,170245,0,2588,0,0.24853548449054066,0.0
2589,170246,0,2589,0,0.24863151829443964,0.0
2590,170247,0,2590,0,0.2487275520983386,0.0
2591,170250,0,2591,0,0.24882358590223758,0.0
2592,170257,0,2592,0,0.24891961970613655,0.0
2593,170258,0,2593,0,0.24901565351003555,0.0
2594,170266,0,2594,0,0.24911168731393452,0.0
2595,170268,0,2595,0,0.2492077211178335,0.0
2596,170269,0,2596,0,0.24930375492173246,0.0
2597,170270,0,2597,0,0.24939978872563143,0.0
2598,170271,0,2598,0,0.2494958225295304,0.0
2599,170274,0,2599,0,0.24959185633342937,0.0
2600,170275,0,2600,0,0.24968789013732834,0.0
2601,170276,0,2601,0,0.2497839239412273,0.0
2602,170278,0,2602,0,0.24987995774512628,0.0
2603,170281,0,2603,0,0.24997599154902525,0.0
2604,170284,0,2604,0,0.2500720253529242,0.0
2605,170288,0,2605,0,0.2501680591568232,0.0
2606,170292,0,2606,0,0.25026409296072216,0.0
2607,170293,0,2607,0,0.25036012676462116,0.0
2608,170296,0,2608,0,0.2504561605685201,0.0
2609,170302,0,2609,0,0.2505521943724191,0.0
2610,170305,0,2610,0,0.25064822817631804,0.0
2611,170306,0,2611,0,0.25074426198021704,0.0
2612,170315,0,2612,0,0.250840295784116,0.0
2613,170316,0,2613,0,0.250936329588015,0.0
2614,170320,0,2614,0,0.2510323633919139,0.0
2615,170322,0,2615,0,0.2511283971958129,0.0
2616,170325,0,2616,0,0.2512244309997119,0.0
2617,170327,0,2617,0,0.25132046480361087,0.0
2618,170328,0,2618,0,0.25141649860750986,0.0
2619,170329,0,2619,0,0.2515125324114088,0.0
2620,170333,0,2620,0,0.2516085662153078,0.0
2621,170336,0,2621,0,0.25170460001920675,0.0
2622,170342,0,2622,0,0.25180063382310575,0.0
2623,170344,0,2623,0,0.2518966676270047,0.0
2624,170345,0,2624,0,0.2519927014309037,0.0
2625,170347,0,2625,0,0.25208873523480263,0.0
2626,170348,0,2626,0,0.25218476903870163,0.0
2627,170352,0,2627,0,0.25228080284260057,0.0
2628,170353,0,2628,0,0.25237683664649957,0.0
2629,170357,0,2629,0,0.25247287045039857,0.0
2630,170359,0,2630,0,0.2525689042542975,0.0
2631,170360,0,2631,0,0.2526649380581965,0.0
2632,170363,0,2632,0,0.25276097186209545,0.0
2633,170365,0,2633,0,0.25285700566599445,0.0
2634,170368,0,2634,0,0.2529530394698934,0.0
2635,170369,0,2635,0,0.2530490732737924,0.0
2636,170370,0,2636,0,0.25314510707769133,0.0
2637,170372,0,2637,0,0.25324114088159033,0.0
2638,170378,0,2638,0,0.2533371746854893,0.0
2639,170379,0,2639,0,0.2534332084893883,0.0
2640,170381,0,2640,0,0.2535292422932872,0.0
2641,170382,0,2641,0,0.2536252760971862,0.0
2642,170384,0,2642,0,0.25372130990108516,0.0
2643,170397,0,2643,0,0.25381734370498416,0.0
2644,170399,0,2644,0,0.25391337750888315,0.0
2645,170400,0,2645,0,0.2540094113127821,0.0
2646,170403,0,2646,0,0.2541054451166811,0.0
2647,170404,0,2647,0,0.25420147892058004,0.0
2648,170405,0,2648,0,0.25429751272447904,0.0
2649,170406,0,2649,0,0.254393546528378,0.0
2650,170407,0,2650,0,0.254489580332277,0.0
2651,170408,0,2651,0,0.2545856141361759,0.0
2652,170409,0,2652,0,0.2546816479400749,0.0
2653,170411,0,2653,0,0.25477768174397386,0.0
2654,170412,0,2654,0,0.25487371554787286,0.0
2655,170413,0,2655,0,0.2549697493517718,0.0
2656,170417,0,2656,0,0.2550657831556708,0.0
2657,170419,0,2657,0,0.25516181695956974,0.0
2658,170423,0,2658,0,0.25525785076346874,0.0
2659,170424,0,2659,0,0.25535388456736774,0.0
2660,170426,0,2660,0,0.2554499183712667,0.0
2661,170428,0,2661,0,0.2555459521751657,0.0
2662,170429,0,2662,0,0.2556419859790646,0.0
2663,170430,0,2663,0,0.2557380197829636,0.0
2664,170433,0,2664,0,0.25583405358686256,0.0
2665,170435,0,2665,0,0.25593008739076156,0.0
2666,170436,0,2666,0,0.2560261211946605,0.0
2667,170437,0,2667,0,0.2561221549985595,0.0
2668,170443,0,2668,0,0.25621818880245845,0.0
2669,170444,0,2669,0,0.25631422260635744,0.0
2670,170448,0,2670,0,0.2564102564102564,0.0
2671,170450,0,2671,0,0.2565062902141554,0.0
2672,170451,0,2672,0,0.25660232401805433,0.0
2673,170455,0,2673,0,0.2566983578219533,0.0
2674,170460,0,2674,0,0.2567943916258523,0.0
2675,170463,0,2675,0,0.25689042542975127,0.0
2676,170464,0,2676,0,0.25698645923365027,0.0
2677,170465,0,2677,0,0.2570824930375492,0.0
2678,170466,0,2678,0,0.2571785268414482,0.0
2679,170468,0,2679,0,0.25727456064534715,0.0
2680,170470,0,2680,0,0.25737059444924615,0.0
2681,170473,0,2681,0,0.2574666282531451,0.0
2682,170474,0,2682,0,0.2575626620570441,0.0
2683,170475,0,2683,0,0.25765869586094303,0.0
2684,170480,0,2684,0,0.25775472966484203,0.0
2685,170482,0,2685,0,0.257850763468741,0.0
2686,170486,0,2686,0,0.25794679727263997,0.0
2687,170487,0,2687,0,0.2580428310765389,0.0
2688,170496,0,2688,0,0.2581388648804379,0.0
2689,170498,0,2689,0,0.2582348986843369,0.0
2690,170499,0,2690,0,0.25833093248823585,0.0
2691,170506,0,2691,0,0.25842696629213485,0.0
2692,170508,0,2692,0,0.2585230000960338,0.0
2693,170509,0,2693,0,0.2586190338999328,0.0
2694,170510,0,2694,0,0.25871506770383174,0.0
2695,170515,0,2695,0,0.25881110150773073,0.0
2696,170521,0,2696,0,0.2589071353116297,0.0
2697,170522,0,2697,0,0.2590031691155287,0.0
2698,170526,0,2698,0,0.2590992029194276,0.0
2699,170529,0,2699,0,0.2591952367233266,0.0
2700,170530,0,2700,0,0.25929127052722556,0.0
2701,170532,0,2701,0,0.25938730433112456,0.0
2702,170542,0,2702,0,0.25948333813502356,0.0
2703,170544,0,2703,0,0.2595793719389225,0.0
2704,170549,0,2704,0,0.2596754057428215,0.0
2705,170550,0,2705,0,0.25977143954672044,0.0
2706,170553,0,2706,0,0.25986747335061944,0.0
2707,170554,0,2707,0,0.2599635071545184,0.0
2708,170555,0,2708,0,0.2600595409584174,0.0
2709,170557,0,2709,0,0.2601555747623163,0.0
2710,170560,0,2710,0,0.2602516085662153,0.0
2711,170561,0,2711,0,0.26034764237011426,0.0
2712,170562,0,2712,0,0.26044367617401326,0.0
2713,170564,0,2713,0,0.2605397099779122,0.0
2714,170571,0,2714,0,0.2606357437818112,0.0
2715,170572,0,2715,0,0.26073177758571014,0.0
2716,170576,0,2716,0,0.26082781138960914,0.0
2717,170579,0,2717,0,0.26092384519350814,0.0
2718,170580,0,2718,0,0.2610198789974071,0.0
2719,170581,0,2719,0,0.2611159128013061,0.0
2720,170582,0,2720,0,0.261211946605205,0.0
2721,170591,0,2721,0,0.261307980409104,0.0
2722,170593,0,2722,0,0.26140401421300297,0.0
2723,170594,0,2723,0,0.26150004801690196,0.0
2724,170595,0,2724,0,0.2615960818208009,0.0
2725,170602,0,2725,0,0.2616921156246999,0.0
2726,170626,0,2726,0,0.26178814942859885,0.0
2727,170633,0,2727,0,0.26188418323249785,0.0
2728,170634,0,2728,0,0.2619802170363968,0.0
2729,170636,0,2729,0,0.2620762508402958,0.0
2730,170640,0,2730,0,0.26217228464419473,0.0
2731,170641,0,2731,0,0.26226831844809373,0.0
2732,170646,0,2732,0,0.2623643522519927,0.0
2733,170659,0,2733,0,0.26246038605589167,0.0
2734,170660,0,2734,0,0.26255641985979067,0.0
2735,170662,0,2735,0,0.2626524536636896,0.0
2736,170663,0,2736,0,0.2627484874675886,0.0
2737,170664,0,2737,0,0.26284452127148755,0.0
2738,170665,0,2738,0,0.26294055507538655,0.0
2739,170667,0,2739,0,0.2630365888792855,0.0
2740,170668,0,2740,0,0.2631326226831845,0.0
2741,170676,0,2741,0,0.26322865648708343,0.0
2742,170678,0,2742,0,0.26332469029098243,0.0
2743,170679,0,2743,0,0.2634207240948814,0.0
2744,170680,0,2744,0,0.2635167578987804,0.0
2745,170682,0,2745,0,0.2636127917026793,0.0
2746,170684,0,2746,0,0.2637088255065783,0.0
2747,170686,0,2747,0,0.2638048593104773,0.0
2748,170687,0,2748,0,0.26390089311437626,0.0
2749,170688,0,2749,0,0.26399692691827525,0.0
2750,170689,0,2750,0,0.2640929607221742,0.0
2751,170690,0,2751,0,0.2641889945260732,0.0
2752,170691,0,2752,0,0.26428502832997214,0.0
2753,170694,0,2753,0,0.26438106213387114,0.0
2754,170695,0,2754,0,0.2644770959377701,0.0
2755,170698,0,2755,0,0.2645731297416691,0.0
2756,170701,0,2756,0,0.264669163545568,0.0
2757,170702,0,2757,0,0.264765197349467,0.0
2758,170704,0,2758,0,0.26486123115336596,0.0
2759,170705,0,2759,0,0.26495726495726496,0.0
2760,170706,0,2760,0,0.2650532987611639,0.0
2761,170708,0,2761,0,0.2651493325650629,0.0
2762,170711,0,2762,0,0.2652453663689619,0.0
2763,170712,0,2763,0,0.26534140017286084,0.0
2764,170713,0,2764,0,0.26543743397675984,0.0
2765,170714,0,2765,0,0.2655334677806588,0.0
2766,170719,0,2766,0,0.2656295015845578,0.0
2767,170720,0,2767,0,0.2657255353884567,0.0
2768,170725,0,2768,0,0.2658215691923557,0.0
2769,170726,0,2769,0,0.26591760299625467,0.0
2770,170729,0,2770,0,0.26601363680015366,0.0
2771,170730,0,2771,0,0.2661096706040526,0.0
2772,170732,0,2772,0,0.2662057044079516,0.0
2773,170733,0,2773,0,0.26630173821185055,0.0
2774,170737,0,2774,0,0.26639777201574955,0.0
2775,170742,0,2775,0,0.26649380581964854,0.0
2776,170743,0,2776,0,0.2665898396235475,0.0
2777,170745,0,2777,0,0.2666858734274465,0.0
2778,170747,0,2778,0,0.2667819072313454,0.0
2779,170753,0,2779,0,0.2668779410352444,0.0
2780,170754,0,2780,0,0.26697397483914337,0.0
2781,170772,0,2781,0,0.26707000864304237,0.0
2782,170774,0,2782,0,0.2671660424469413,0.0
2783,170786,0,2783,0,0.2672620762508403,0.0
2784,170794,0,2784,0,0.26735811005473925,0.0
2785,170801,0,2785,0,0.26745414385863825,0.0
2786,170803,0,2786,0,0.2675501776625372,0.0
2787,170809,0,2787,0,0.2676462114664362,0.0
2788,170811,0,2788,0,0.26774224527033513,0.0
2789,170822,0,2789,0,0.26783827907423413,0.0
2790,170824,0,2790,0,0.26793431287813313,0.0
2791,170831,0,2791,0,0.2680303466820321,0.0
2792,170834,0,2792,0,0.26812638048593107,0.0
2793,170837,0,2793,0,0.26822241428983,0.0
2794,170844,0,2794,0,0.268318448093729,0.0
2795,170848,0,2795,0,0.26841448189762795,0.0
2796,170851,0,2796,0,0.26851051570152695,0.0
2797,170857,0,2797,0,0.2686065495054259,0.0
2798,170860,0,2798,0,0.2687025833093249,0.0
2799,170861,0,2799,0,0.26879861711322384,0.0
2800,170862,0,2800,0,0.26889465091712283,0.0
2801,170863,0,2801,0,0.2689906847210218,0.0
2802,170864,0,2802,0,0.2690867185249208,0.0
2803,170869,0,2803,0,0.2691827523288197,0.0
2804,170870,0,2804,0,0.2692787861327187,0.0
2805,170873,0,2805,0,0.2693748199366177,0.0
2806,170876,0,2806,0,0.26947085374051666,0.0
2807,170882,0,2807,0,0.26956688754441566,0.0
2808,170885,0,2808,0,0.2696629213483146,0.0
2809,170889,0,2809,0,0.2697589551522136,0.0
2810,170897,0,2810,0,0.26985498895611254,0.0
2811,170899,0,2811,0,0.26995102276001154,0.0
2812,170901,0,2812,0,0.2700470565639105,0.0
2813,170907,0,2813,0,0.2701430903678095,0.0
2814,170915,0,2814,0,0.2702391241717084,0.0
2815,170917,0,2815,0,0.2703351579756074,0.0
2816,170920,0,2816,0,0.27043119177950636,0.0
2817,170921,0,2817,0,0.27052722558340536,0.0
2818,170923,0,2818,0,0.2706232593873043,0.0
2819,170924,0,2819,0,0.2707192931912033,0.0
2820,170925,0,2820,0,0.2708153269951023,0.0
2821,170929,0,2821,0,0.27091136079900124,0.0
2822,170930,0,2822,0,0.27100739460290024,0.0
2823,170933,0,2823,0,0.2711034284067992,0.0
2824,170935,0,2824,0,0.2711994622106982,0.0
2825,170940,0,2825,0,0.2712954960145971,0.0
2826,170941,0,2826,0,0.2713915298184961,0.0
2827,170942,0,2827,0,0.27148756362239507,0.0
2828,170945,0,2828,0,0.27158359742629407,0.0
2829,170948,0,2829,0,0.271679631230193,0.0
2830,170958,0,2830,0,0.271775665034092,0.0
2831,170961,0,2831,0,0.27187169883799095,0.0
2832,170964,0,2832,0,0.27196773264188995,0.0
2833,170967,0,2833,0,0.2720637664457889,0.0
2834,170969,0,2834,0,0.2721598002496879,0.0
2835,170975,0,2835,0,0.2722558340535869,0.0
2836,170979,0,2836,0,0.27235186785748583,0.0
2837,170983,0,2837,0,0.27244790166138483,0.0
2838,170984,0,2838,0,0.27254393546528377,0.0
2839,170987,0,2839,0,0.27263996926918277,0.0
2840,170994,0,2840,0,0.2727360030730817,0.0
2841,170998,0,2841,0,0.2728320368769807,0.0
2842,170999,0,2842,0,0.27292807068087965,0.0
2843,171007,0,2843,0,0.27302410448477865,0.0
2844,171010,0,2844,0,0.2731201382886776,0.0
2845,171012,0,2845,0,0.2732161720925766,0.0
2846,171013,0,2846,0,0.27331220589647554,0.0
2847,171016,0,2847,0,0.27340823970037453,0.0
2848,171017,0,2848,0,0.27350427350427353,0.0
2849,171021,0,2849,0,0.2736003073081725,0.0
2850,171025,0,2850,0,0.2736963411120715,0.0
2851,171027,0,2851,0,0.2737923749159704,0.0
2852,171031,0,2852,0,0.2738884087198694,0.0
2853,171034,0,2853,0,0.27398444252376836,0.0
2854,171041,0,2854,0,0.27408047632766736,0.0
2855,171044,0,2855,0,0.2741765101315663,0.0
2856,171046,0,2856,0,0.2742725439354653,0.0
2857,171048,0,2857,0,0.27436857773936424,0.0
2858,171054,0,2858,0,0.27446461154326324,0.0
2859,171055,0,2859,0,0.2745606453471622,0.0
2860,171059,0,2860,0,0.2746566791510612,0.0
2861,171060,0,2861,0,0.2747527129549601,0.0
2862,171061,0,2862,0,0.2748487467588591,0.0
2863,171063,0,2863,0,0.2749447805627581,0.0
2864,171065,0,2864,0,0.27504081436665706,0.0
2865,171066,0,2865,0,0.27513684817055606,0.0
2866,171069,0,2866,0,0.275232881974455,0.0
2867,171072,0,2867,0,0.275328915778354,0.0
2868,171074,0,2868,0,0.27542494958225294,0.0
2869,171075,0,2869,0,0.27552098338615194,0.0
2870,171081,0,2870,0,0.2756170171900509,0.0
2871,171085,0,2871,0,0.2757130509939499,0.0
2872,171089,0,2872,0,0.2758090847978488,0.0
2873,171090,0,2873,0,0.2759051186017478,0.0
2874,171091,0,2874,0,0.27600115240564677,0.0
2875,171092,0,2875,0,0.27609718620954576,0.0
2876,171093,0,2876,0,0.2761932200134447,0.0
2877,171094,0,2877,0,0.2762892538173437,0.0
2878,171095,0,2878,0,0.2763852876212427,0.0
2879,171098,0,2879,0,0.27648132142514165,0.0
2880,171102,0,2880,0,0.27657735522904064,0.0
2881,171103,0,2881,0,0.2766733890329396,0.0
2882,171104,0,2882,0,0.2767694228368386,0.0
2883,171106,0,2883,0,0.27686545664073753,0.0
2884,171107,0,2884,0,0.2769614904446365,0.0
2885,171110,0,2885,0,0.27705752424853547,0.0
2886,171111,0,2886,0,0.27715355805243447,0.0
2887,171115,0,2887,0,0.2772495918563334,0.0
2888,171119,0,2888,0,0.2773456256602324,0.0
2889,171124,0,2889,0,0.27744165946413135,0.0
2890,171126,0,2890,0,0.27753769326803035,0.0
2891,171132,0,2891,0,0.2776337270719293,0.0
2892,171135,0,2892,0,0.2777297608758283,0.0
2893,171136,0,2893,0,0.2778257946797273,0.0
2894,171139,0,2894,0,0.27792182848362623,0.0
2895,171141,0,2895,0,0.27801786228752523,0.0
2896,171142,0,2896,0,0.2781138960914242,0.0
2897,171144,0,2897,0,0.27820992989532317,0.0
2898,171147,0,2898,0,0.2783059636992221,0.0
2899,171152,0,2899,0,0.2784019975031211,0.0
2900,171153,0,2900,0,0.27849803130702006,0.0
2901,171157,0,2901,0,0.27859406511091905,0.0
2902,171158,0,2902,0,0.278690098914818,0.0
2903,171159,0,2903,0,0.278786132718717,0.0
2904,171162,0,2904,0,0.27888216652261594,0.0
2905,171166,0,2905,0,0.27897820032651494,0.0
2906,171167,0,2906,0,0.2790742341304139,0.0
2907,171170,0,2907,0,0.2791702679343129,0.0
2908,171171,0,2908,0,0.2792663017382119,0.0
2909,171172,0,2909,0,0.2793623355421108,0.0
2910,171173,0,2910,0,0.2794583693460098,0.0
2911,171174,0,2911,0,0.27955440314990876,0.0
2912,171177,0,2912,0,0.27965043695380776,0.0
2913,171179,0,2913,0,0.2797464707577067,0.0
2914,171181,0,2914,0,0.2798425045616057,0.0
2915,171182,0,2915,0,0.27993853836550464,0.0
2916,171185,0,2916,0,0.28003457216940364,0.0
2917,171186,0,2917,0,0.2801306059733026,0.0
2918,171192,0,2918,0,0.2802266397772016,0.0
2919,171193,0,2919,0,0.2803226735811005,0.0
2920,171194,0,2920,0,0.2804187073849995,0.0
2921,171195,0,2921,0,0.2805147411888985,0.0
2922,171199,0,2922,0,0.28061077499279746,0.0
2923,171200,0,2923,0,0.28070680879669646,0.0
2924,171201,0,2924,0,0.2808028426005954,0.0
2925,171203,0,2925,0,0.2808988764044944,0.0
2926,171205,0,2926,0,0.28099491020839334,0.0
2927,171217,0,2927,0,0.28109094401229234,0.0
2928,171221,0,2928,0,0.2811869778161913,0.0
2929,171223,0,2929,0,0.2812830116200903,0.0
2930,171225,0,2930,0,0.2813790454239892,0.0
2931,171226,0,2931,0,0.2814750792278882,0.0
2932,171234,0,2932,0,0.28157111303178717,0.0
2933,171235,0,2933,0,0.28166714683568617,0.0
2934,171236,0,2934,0,0.2817631806395851,0.0
2935,171243,0,2935,0,0.2818592144434841,0.0
2936,171244,0,2936,0,0.2819552482473831,0.0
2937,171247,0,2937,0,0.28205128205128205,0.0
2938,171250,0,2938,0,0.28214731585518105,0.0
2939,171253,0,2939,0,0.28224334965908,0.0
2940,171254,0,2940,0,0.282339383462979,0.0
2941,171255,0,2941,0,0.28243541726687793,0.0
2942,171256,0,2942,0,0.28253145107077693,0.0
2943,171257,0,2943,0,0.28262748487467587,0.0
2944,171258,0,2944,0,0.28272351867857487,0.0
2945,171259,0,2945,0,0.2828195524824738,0.0
2946,171260,0,2946,0,0.2829155862863728,0.0
2947,171261,0,2947,0,0.28301162009027175,0.0
2948,171265,0,2948,0,0.28310765389417075,0.0
2949,171268,0,2949,0,0.2832036876980697,0.0
2950,171271,0,2950,0,0.2832997215019687,0.0
2951,171273,0,2951,0,0.2833957553058677,0.0
2952,171275,0,2952,0,0.28349178910976663,0.0
2953,171276,0,2953,0,0.28358782291366563,0.0
2954,171277,0,2954,0,0.2836838567175646,0.0
2955,171278,0,2955,0,0.2837798905214636,0.0
2956,171283,0,2956,0,0.2838759243253625,0.0
2957,171289,0,2957,0,0.2839719581292615,0.0
2958,171290,0,2958,0,0.28406799193316046,0.0
2959,171292,0,2959,0,0.28416402573705946,0.0
2960,171297,0,2960,0,0.2842600595409584,0.0
2961,171298,0,2961,0,0.2843560933448574,0.0
2962,171299,0,2962,0,0.28445212714875634,0.0
2963,171301,0,2963,0,0.28454816095265534,0.0
2964,171302,0,2964,0,0.2846441947565543,0.0
2965,171304,0,2965,0,0.2847402285604533,0.0
2966,171305,0,2966,0,0.2848362623643523,0.0
2967,171310,0,2967,0,0.2849322961682512,0.0
2968,171314,0,2968,0,0.2850283299721502,0.0
2969,171315,0,2969,0,0.28512436377604916,0.0
2970,171316,0,2970,0,0.28522039757994816,0.0
2971,171320,0,2971,0,0.2853164313838471,0.0
2972,171323,0,2972,0,0.2854124651877461,0.0
2973,171324,0,2973,0,0.28550849899164504,0.0
2974,171325,0,2974,0,0.28560453279554404,0.0
2975,171327,0,2975,0,0.285700566599443,0.0
2976,171338,0,2976,0,0.285796600403342,0.0
2977,171340,0,2977,0,0.2858926342072409,0.0
2978,171347,0,2978,0,0.2859886680111399,0.0
2979,171348,0,2979,0,0.28608470181503887,0.0
2980,171349,0,2980,0,0.28618073561893786,0.0
2981,171351,0,2981,0,0.28627676942283686,0.0
2982,171358,0,2982,0,0.2863728032267358,0.0
2983,171361,0,2983,0,0.2864688370306348,0.0
2984,171362,0,2984,0,0.28656487083453375,0.0
2985,171364,0,2985,0,0.28666090463843275,0.0
2986,171365,0,2986,0,0.2867569384423317,0.0
2987,171372,0,2987,0,0.2868529722462307,0.0
2988,171374,0,2988,0,0.28694900605012963,0.0
2989,171375,0,2989,0,0.2870450398540286,0.0
2990,171376,0,2990,0,0.28714107365792757,0.0
2991,171379,0,2991,0,0.28723710746182657,0.0
2992,171383,0,2992,0,0.2873331412657255,0.0
2993,171384,0,2993,0,0.2874291750696245,0.0
2994,171388,0,2994,0,0.2875252088735235,0.0
2995,171391,0,2995,0,0.28762124267742245,0.0
2996,171396,0,2996,0,0.28771727648132145,0.0
2997,171402,0,2997,0,0.2878133102852204,0.0
2998,171405,0,2998,0,0.2879093440891194,0.0
2999,171407,0,2999,0,0.28800537789301833,0.0
3000,171410,0,3000,0,0.28810141169691733,0.0
3001,171413,0,3001,0,0.2881974455008163,0.0
3002,171414,0,3002,0,0.28829347930471527,0.0
3003,171415,0,3003,0,0.2883895131086142,0.0
3004,171420,0,3004,0,0.2884855469125132,0.0
3005,171421,0,3005,0,0.28858158071641216,0.0
3006,171422,0,3006,0,0.28867761452031115,0.0
3007,171430,0,3007,0,0.2887736483242101,0.0
3008,171432,0,3008,0,0.2888696821281091,0.0
3009,171434,0,3009,0,0.2889657159320081,0.0
3010,171438,0,3010,0,0.28906174973590704,0.0
3011,171441,0,3011,0,0.28915778353980603,0.0
3012,171445,0,3012,0,0.289253817343705,0.0
3013,171446,0,3013,0,0.289349851147604,0.0
3014,171448,0,3014,0,0.2894458849515029,0.0
3015,171449,0,3015,0,0.2895419187554019,0.0
3016,171452,0,3016,0,0.28963795255930086,0.0
3017,171456,0,3017,0,0.28973398636319986,0.0
3018,171461,0,3018,0,0.2898300201670988,0.0
3019,171463,0,3019,0,0.2899260539709978,0.0
3020,171464,0,3020,0,0.29002208777489674,0.0
3021,171465,0,3021,0,0.29011812157879574,0.0
3022,171467,0,3022,0,0.2902141553826947,0.0
3023,171469,0,3023,0,0.2903101891865937,0.0
3024,171471,0,3024,0,0.2904062229904927,0.0
3025,171476,0,3025,0,0.2905022567943916,0.0
3026,171483,0,3026,0,0.2905982905982906,0.0
3027,171484,0,3027,0,0.29069432440218956,0.0
3028,171487,0,3028,0,0.29079035820608856,0.0
3029,171488,0,3029,0,0.2908863920099875,0.0
3030,171491,0,3030,0,0.2909824258138865,0.0
3031,171494,0,3031,0,0.29107845961778545,0.0
3032,171496,0,3032,0,0.29117449342168444,0.0
3033,171498,0,3033,0,0.2912705272255834,0.0
3034,171503,0,3034,0,0.2913665610294824,0.0
3035,171506,0,3035,0,0.2914625948333813,0.0
3036,171507,0,3036,0,0.2915586286372803,0.0
3037,171508,0,3037,0,0.29165466244117927,0.0
3038,171509,0,3038,0,0.29175069624507827,0.0
3039,171510,0,3039,0,0.29184673004897727,0.0
3040,171512,0,3040,0,0.2919427638528762,0.0
3041,171513,0,3041,0,0.2920387976567752,0.0
3042,171514,0,3042,0,0.29213483146067415,0.0
3043,171515,0,3043,0,0.29223086526457315,0.0
3044,171517,0,3044,0,0.2923268990684721,0.0
3045,171518,0,3045,0,0.2924229328723711,0.0
3046,171520,0,3046,0,0.29251896667627003,0.0
3047,171521,0,3047,0,0.29261500048016903,0.0
3048,171526,0,3048,0,0.292711034284068,0.0
3049,171529,0,3049,0,0.29280706808796697,0.0
3050,171534,0,3050,0,0.2929031018918659,0.0
3051,171537,0,3051,0,0.2929991356957649,0.0
3052,171542,0,3052,0,0.29309516949966385,0.0
3053,171543,0,3053,0,0.29319120330356285,0.0
3054,171548,0,3054,0,0.29328723710746185,0.0
3055,171551,0,3055,0,0.2933832709113608,0.0
3056,171552,0,3056,0,0.2934793047152598,0.0
3057,171554,0,3057,0,0.29357533851915874,0.0
3058,171555,0,3058,0,0.29367137232305773,0.0
3059,171558,0,3059,0,0.2937674061269567,0.0
3060,171559,0,3060,0,0.2938634399308557,0.0
3061,171560,0,3061,0,0.2939594737347546,0.0
3062,171563,0,3062,0,0.2940555075386536,0.0
3063,171564,0,3063,0,0.29415154134255256,0.0
3064,171567,0,3064,0,0.29424757514645156,0.0
3065,171569,0,3065,0,0.2943436089503505,0.0
3066,171578,0,3066,0,0.2944396427542495,0.0
3067,171580,0,3067,0,0.2945356765581485,0.0
3068,171581,0,3068,0,0.29463171036204744,0.0
3069,171585,0,3069,0,0.29472774416594644,0.0
3070,171586,0,3070,0,0.2948237779698454,0.0
3071,171589,0,3071,0,0.2949198117737444,0.0
3072,171591,0,3072,0,0.2950158455776433,0.0
3073,171593,0,3073,0,0.2951118793815423,0.0
3074,171599,0,3074,0,0.29520791318544126,0.0
3075,171600,0,3075,0,0.29530394698934026,0.0
3076,171602,0,3076,0,0.2953999807932392,0.0
3077,171606,0,3077,0,0.2954960145971382,0.0
3078,171608,0,3078,0,0.29559204840103714,0.0
3079,171609,0,3079,0,0.29568808220493614,0.0
3080,171610,0,3080,0,0.2957841160088351,0.0
3081,171619,0,3081,0,0.2958801498127341,0.0
3082,171620,0,3082,0,0.2959761836166331,0.0
3083,171622,0,3083,0,0.296072217420532,0.0
3084,171623,0,3084,0,0.296168251224431,0.0
3085,171627,0,3085,0,0.29626428502832997,0.0
3086,171630,0,3086,0,0.29636031883222896,0.0
3087,171631,0,3087,0,0.2964563526361279,0.0
3088,171634,0,3088,0,0.2965523864400269,0.0
3089,171639,0,3089,0,0.29664842024392585,0.0
3090,171645,0,3090,0,0.29674445404782485,0.0
3091,171648,0,3091,0,0.2968404878517238,0.0
3092,171649,0,3092,0,0.2969365216556228,0.0
3093,171654,0,3093,0,0.29703255545952173,0.0
3094,171656,0,3094,0,0.29712858926342073,0.0
3095,171657,0,3095,0,0.29722462306731967,0.0
3096,171658,0,3096,0,0.29732065687121867,0.0
3097,171660,0,3097,0,0.29741669067511767,0.0
3098,171661,0,3098,0,0.2975127244790166,0.0
3099,171662,0,3099,0,0.2976087582829156,0.0
3100,171663,0,3100,0,0.29770479208681455,0.0
3101,171667,0,3101,0,0.29780082589071355,0.0
3102,171669,0,3102,0,0.2978968596946125,0.0
3103,171673,0,3103,0,0.2979928934985115,0.0
3104,171679,0,3104,0,0.29808892730241043,0.0
3105,171681,0,3105,0,0.29818496110630943,0.0
3106,171684,0,3106,0,0.2982809949102084,0.0
3107,171685,0,3107,0,0.2983770287141074,0.0
3108,171688,0,3108,0,0.2984730625180063,0.0
3109,171691,0,3109,0,0.2985690963219053,0.0
3110,171693,0,3110,0,0.29866513012580426,0.0
3111,171694,0,3111,0,0.29876116392970326,0.0
3112,171695,0,3112,0,0.29885719773360225,0.0
3113,171698,0,3113,0,0.2989532315375012,0.0
3114,171700,0,3114,0,0.2990492653414002,0.0
3115,171701,0,3115,0,0.29914529914529914,0.0
3116,171704,0,3116,0,0.29924133294919814,0.0
3117,171707,0,3117,0,0.2993373667530971,0.0
3118,171709,0,3118,0,0.2994334005569961,0.0
3119,171710,0,3119,0,0.299529434360895,0.0
3120,171711,0,3120,0,0.299625468164794,0.0
3121,171713,0,3121,0,0.29972150196869296,0.0
3122,171715,0,3122,0,0.29981753577259196,0.0
3123,171716,0,3123,0,0.2999135695764909,0.0
3124,171717,0,3124,0,0.3000096033803899,0.0
3125,171726,0,3125,0,0.30010563718428884,0.0
3126,171727,0,3126,0,0.30020167098818784,0.0
3127,171728,0,3127,0,0.30029770479208684,0.0
3128,171730,0,3128,0,0.3003937385959858,0.0
3129,171732,0,3129,0,0.3004897723998848,0.0
3130,171734,0,3130,0,0.3005858062037837,0.0
3131,171735,0,3131,0,0.3006818400076827,0.0
3132,171737,0,3132,0,0.30077787381158166,0.0
3133,171741,0,3133,0,0.30087390761548066,0.0
3134,171742,0,3134,0,0.3009699414193796,0.0
3135,171743,0,3135,0,0.3010659752232786,0.0
3136,171744,0,3136,0,0.30116200902717755,0.0
3137,171746,0,3137,0,0.30125804283107654,0.0
3138,171747,0,3138,0,0.3013540766349755,0.0
3139,171749,0,3139,0,0.3014501104388745,0.0
3140,171750,0,3140,0,0.3015461442427735,0.0
3141,171753,0,3141,0,0.3016421780466724,0.0
3142,171754,0,3142,0,0.3017382118505714,0.0
3143,171757,0,3143,0,0.30183424565447037,0.0
3144,171765,0,3144,0,0.30193027945836937,0.0
3145,171768,0,3145,0,0.3020263132622683,0.0
3146,171769,0,3146,0,0.3021223470661673,0.0
3147,171770,0,3147,0,0.30221838087006625,0.0
3148,171778,0,3148,0,0.30231441467396525,0.0
3149,171779,0,3149,0,0.3024104484778642,0.0
3150,171781,0,3150,0,0.3025064822817632,0.0
3151,171783,0,3151,0,0.30260251608566213,0.0
3152,171784,0,3152,0,0.30269854988956113,0.0
3153,171787,0,3153,0,0.3027945836934601,0.0
3154,171790,0,3154,0,0.30289061749735907,0.0
3155,171791,0,3155,0,0.30298665130125807,0.0
3156,171792,0,3156,0,0.303082685105157,0.0
3157,171794,0,3157,0,0.303178718909056,0.0
3158,171796,0,3158,0,0.30327475271295495,0.0
3159,171799,0,3159,0,0.30337078651685395,0.0
3160,171802,0,3160,0,0.3034668203207529,0.0
3161,171803,0,3161,0,0.3035628541246519,0.0
3162,171804,0,3162,0,0.30365888792855084,0.0
3163,171805,0,3163,0,0.30375492173244983,0.0
3164,171807,0,3164,0,0.3038509555363488,0.0
3165,171808,0,3165,0,0.3039469893402478,0.0
3166,171809,0,3166,0,0.3040430231441467,0.0
3167,171811,0,3167,0,0.3041390569480457,0.0
3168,171813,0,3168,0,0.30423509075194466,0.0
3169,171817,0,3169,0,0.30433112455584366,0.0
3170,171821,0,3170,0,0.30442715835974266,0.0
3171,171824,0,3171,0,0.3045231921636416,0.0
3172,171825,0,3172,0,0.3046192259675406,0.0
3173,171829,0,3173,0,0.30471525977143954,0.0
3174,171830,0,3174,0,0.30481129357533854,0.0
3175,171831,0,3175,0,0.3049073273792375,0.0
3176,171832,0,3176,0,0.3050033611831365,0.0
3177,171842,0,3177,0,0.3050993949870354,0.0
3178,171843,0,3178,0,0.3051954287909344,0.0
3179,171844,0,3179,0,0.30529146259483336,0.0
3180,171848,0,3180,0,0.30538749639873236,0.0
3181,171849,0,3181,0,0.3054835302026313,0.0
3182,171856,0,3182,0,0.3055795640065303,0.0
3183,171862,0,3183,0,0.30567559781042924,0.0
3184,171863,0,3184,0,0.30577163161432824,0.0
3185,171868,0,3185,0,0.30586766541822724,0.0
3186,171870,0,3186,0,0.3059636992221262,0.0
3187,171871,0,3187,0,0.3060597330260252,0.0
3188,171873,0,3188,0,0.3061557668299241,0.0
3189,171874,0,3189,0,0.3062518006338231,0.0
3190,171875,0,3190,0,0.30634783443772207,0.0
3191,171877,0,3191,0,0.30644386824162106,0.0
3192,171878,0,3192,0,0.30653990204552,0.0
3193,171880,0,3193,0,0.306635935849419,0.0
3194,171881,0,3194,0,0.30673196965331795,0.0
3195,171883,0,3195,0,0.30682800345721695,0.0
3196,171884,0,3196,0,0.3069240372611159,0.0
3197,171885,0,3197,0,0.3070200710650149,0.0
3198,171888,0,3198,0,0.30711610486891383,0.0
3199,171890,0,3199,0,0.30721213867281283,0.0
3200,171892,0,3200,0,0.3073081724767118,0.0
3201,171897,0,3201,0,0.30740420628061077,0.0
3202,171899,0,3202,0,0.30750024008450977,0.0
3203,171900,0,3203,0,0.3075962738884087,0.0
3204,171902,0,3204,0,0.3076923076923077,0.0
3205,171905,0,3205,0,0.30778834149620665,0.0
3206,171908,0,3206,0,0.30788437530010565,0.0
3207,171909,0,3207,0,0.3079804091040046,0.0
3208,171910,0,3208,0,0.3080764429079036,0.0
3209,171913,0,3209,0,0.30817247671180253,0.0
3210,171914,0,3210,0,0.30826851051570153,0.0
3211,171925,0,3211,0,0.3083645443196005,0.0
3212,171928,0,3212,0,0.3084605781234995,0.0
3213,171932,0,3213,0,0.30855661192739847,0.0
3214,171933,0,3214,0,0.3086526457312974,0.0
3215,171936,0,3215,0,0.3087486795351964,0.0
3216,171938,0,3216,0,0.30884471333909536,0.0
3217,171940,0,3217,0,0.30894074714299435,0.0
3218,171942,0,3218,0,0.3090367809468933,0.0
3219,171943,0,3219,0,0.3091328147507923,0.0
3220,171944,0,3220,0,0.30922884855469124,0.0
3221,171945,0,3221,0,0.30932488235859024,0.0
3222,171949,0,3222,0,0.3094209161624892,0.0
3223,171951,0,3223,0,0.3095169499663882,0.0
3224,171952,0,3224,0,0.3096129837702871,0.0
3225,171955,0,3225,0,0.3097090175741861,0.0
3226,171958,0,3226,0,0.30980505137808506,0.0
3227,171960,0,3227,0,0.30990108518198406,0.0
3228,171965,0,3228,0,0.30999711898588306,0.0
3229,171967,0,3229,0,0.310093152789782,0.0
3230,171974,0,3230,0,0.310189186593681,0.0
3231,171975,0,3231,0,0.31028522039757994,0.0
3232,171976,0,3232,0,0.31038125420147894,0.0
3233,171977,0,3233,0,0.3104772880053779,0.0
3234,171981,0,3234,0,0.3105733218092769,0.0
3235,171982,0,3235,0,0.3106693556131758,0.0
3236,171983,0,3236,0,0.3107653894170748,0.0
3237,171986,0,3237,0,0.31086142322097376,0.0
3238,171989,0,3238,0,0.31095745702487276,0.0
3239,171992,0,3239,0,0.3110534908287717,0.0
3240,171995,0,3240,0,0.3111495246326707,0.0
3241,171996,0,3241,0,0.31124555843656965,0.0
3242,171997,0,3242,0,0.31134159224046865,0.0
3243,171998,0,3243,0,0.31143762604436764,0.0
3244,171999,0,3244,0,0.3115336598482666,0.0
3245,172001,0,3245,0,0.3116296936521656,0.0
3246,172004,0,3246,0,0.3117257274560645,0.0
3247,172005,0,3247,0,0.3118217612599635,0.0
3248,172011,0,3248,0,0.31191779506386247,0.0
3249,172014,0,3249,0,0.31201382886776147,0.0
3250,172015,0,3250,0,0.3121098626716604,0.0
3251,172019,0,3251,0,0.3122058964755594,0.0
3252,172020,0,3252,0,0.31230193027945835,0.0
3253,172030,0,3253,0,0.31239796408335735,0.0
3254,172031,0,3254,0,0.3124939978872563,0.0
3255,172044,0,3255,0,0.3125900316911553,0.0
3256,172052,0,3256,0,0.31268606549505423,0.0
3257,172053,0,3257,0,0.31278209929895323,0.0
3258,172054,0,3258,0,0.31287813310285223,0.0
3259,172055,0,3259,0,0.31297416690675117,0.0
3260,172058,0,3260,0,0.31307020071065017,0.0
3261,172062,0,3261,0,0.3131662345145491,0.0
3262,172063,0,3262,0,0.3132622683184481,0.0
3263,172064,0,3263,0,0.31335830212234705,0.0
3264,172066,0,3264,0,0.31345433592624605,0.0
3265,172069,0,3265,0,0.313550369730145,0.0
3266,172070,0,3266,0,0.313646403534044,0.0
3267,172072,0,3267,0,0.31374243733794294,0.0
3268,172077,0,3268,0,0.31383847114184193,0.0
3269,172078,0,3269,0,0.3139345049457409,0.0
3270,172080,0,3270,0,0.3140305387496399,0.0
3271,172081,0,3271,0,0.3141265725535388,0.0
3272,172083,0,3272,0,0.3142226063574378,0.0
3273,172090,0,3273,0,0.3143186401613368,0.0
3274,172094,0,3274,0,0.31441467396523576,0.0
3275,172096,0,3275,0,0.31451070776913476,0.0
3276,172098,0,3276,0,0.3146067415730337,0.0
3277,172107,0,3277,0,0.3147027753769327,0.0
3278,172108,0,3278,0,0.31479880918083164,0.0
3279,172109,0,3279,0,0.31489484298473064,0.0
3280,172116,0,3280,0,0.3149908767886296,0.0
3281,172119,0,3281,0,0.3150869105925286,0.0
3282,172121,0,3282,0,0.3151829443964275,0.0
3283,172122,0,3283,0,0.3152789782003265,0.0
3284,172123,0,3284,0,0.31537501200422546,0.0
3285,172126,0,3285,0,0.31547104580812446,0.0
3286,172127,0,3286,0,0.3155670796120234,0.0
3287,172128,0,3287,0,0.3156631134159224,0.0
3288,172129,0,3288,0,0.3157591472198214,0.0
3289,172131,0,3289,0,0.31585518102372034,0.0
3290,172132,0,3290,0,0.31595121482761934,0.0
3291,172134,0,3291,0,0.3160472486315183,0.0
3292,172137,0,3292,0,0.3161432824354173,0.0
3293,172144,0,3293,0,0.3162393162393162,0.0
3294,172147,0,3294,0,0.3163353500432152,0.0
3295,172148,0,3295,0,0.31643138384711417,0.0
3296,172150,0,3296,0,0.31652741765101317,0.0
3297,172152,0,3297,0,0.3166234514549121,0.0
3298,172155,0,3298,0,0.3167194852588111,0.0
3299,172159,0,3299,0,0.31681551906271005,0.0
3300,172161,0,3300,0,0.31691155286660905,0.0
3301,172162,0,3301,0,0.31700758667050805,0.0
3302,172163,0,3302,0,0.317103620474407,0.0
3303,172165,0,3303,0,0.317199654278306,0.0
3304,172167,0,3304,0,0.31729568808220493,0.0
3305,172169,0,3305,0,0.31739172188610393,0.0
3306,172172,0,3306,0,0.31748775569000287,0.0
3307,172173,0,3307,0,0.31758378949390187,0.0
3308,172174,0,3308,0,0.3176798232978008,0.0
3309,172175,0,3309,0,0.3177758571016998,0.0
3310,172179,0,3310,0,0.31787189090559875,0.0
3311,172181,0,3311,0,0.31796792470949775,0.0
3312,172182,0,3312,0,0.3180639585133967,0.0
3313,172183,0,3313,0,0.3181599923172957,0.0
3314,172187,0,3314,0,0.31825602612119464,0.0
3315,172190,0,3315,0,0.31835205992509363,0.0
3316,172191,0,3316,0,0.31844809372899263,0.0
3317,172192,0,3317,0,0.3185441275328916,0.0
3318,172196,0,3318,0,0.3186401613367906,0.0
3319,172198,0,3319,0,0.3187361951406895,0.0
3320,172199,0,3320,0,0.3188322289445885,0.0
3321,172201,0,3321,0,0.31892826274848746,0.0
3322,172203,0,3322,0,0.31902429655238645,0.0
3323,172204,0,3323,0,0.3191203303562854,0.0
3324,172206,0,3324,0,0.3192163641601844,0.0
3325,172207,0,3325,0,0.31931239796408334,0.0
3326,172210,0,3326,0,0.31940843176798234,0.0
3327,172211,0,3327,0,0.3195044655718813,0.0
3328,172215,0,3328,0,0.3196004993757803,0.0
3329,172217,0,3329,0,0.3196965331796792,0.0
3330,172218,0,3330,0,0.3197925669835782,0.0
3331,172227,0,3331,0,0.3198886007874772,0.0
3332,172228,0,3332,0,0.31998463459137616,0.0
3333,172229,0,3333,0,0.32008066839527516,0.0
3334,172232,0,3334,0,0.3201767021991741,0.0
3335,172233,0,3335,0,0.3202727360030731,0.0
3336,172235,0,3336,0,0.32036876980697204,0.0
3337,172238,0,3337,0,0.32046480361087104,0.0
3338,172239,0,3338,0,0.32056083741477,0.0
3339,172241,0,3339,0,0.320656871218669,0.0
3340,172244,0,3340,0,0.3207529050225679,0.0
3341,172245,0,3341,0,0.3208489388264669,0.0
3342,172248,0,3342,0,0.32094497263036587,0.0
3343,172252,0,3343,0,0.32104100643426486,0.0
3344,172255,0,3344,0,0.3211370402381638,0.0
3345,172257,0,3345,0,0.3212330740420628,0.0
3346,172261,0,3346,0,0.3213291078459618,0.0
3347,172264,0,3347,0,0.32142514164986075,0.0
3348,172266,0,3348,0,0.32152117545375974,0.0
3349,172267,0,3349,0,0.3216172092576587,0.0
3350,172269,0,3350,0,0.3217132430615577,0.0
3351,172274,0,3351,0,0.32180927686545663,0.0
3352,172278,0,3352,0,0.3219053106693556,0.0
3353,172285,0,3353,0,0.32200134447325457,0.0
3354,172286,0,3354,0,0.32209737827715357,0.0
3355,172287,0,3355,0,0.3221934120810525,0.0
3356,172292,0,3356,0,0.3222894458849515,0.0
3357,172295,0,3357,0,0.32238547968885045,0.0
3358,172296,0,3358,0,0.32248151349274945,0.0
3359,172297,0,3359,0,0.3225775472966484,0.0
3360,172300,0,3360,0,0.3226735811005474,0.0
3361,172302,0,3361,0,0.3227696149044464,0.0
3362,172305,0,3362,0,0.32286564870834533,0.0
3363,172306,0,3363,0,0.32296168251224433,0.0
3364,172310,0,3364,0,0.3230577163161433,0.0
3365,172311,0,3365,0,0.32315375012004227,0.0
3366,172318,0,3366,0,0.3232497839239412,0.0
3367,172320,0,3367,0,0.3233458177278402,0.0
3368,172322,0,3368,0,0.32344185153173916,0.0
3369,172324,0,3369,0,0.32353788533563815,0.0
3370,172326,0,3370,0,0.3236339191395371,0.0
3371,172327,0,3371,0,0.3237299529434361,0.0
3372,172328,0,3372,0,0.32382598674733504,0.0
3373,172333,0,3373,0,0.32392202055123404,0.0
3374,172334,0,3374,0,0.32401805435513303,0.0
3375,172335,0,3375,0,0.324114088159032,0.0
3376,172339,0,3376,0,0.324210121962931,0.0
3377,172342,0,3377,0,0.3243061557668299,0.0
3378,172344,0,3378,0,0.3244021895707289,0.0
3379,172346,0,3379,0,0.32449822337462786,0.0
3380,172350,0,3380,0,0.32459425717852686,0.0
3381,172352,0,3381,0,0.3246902909824258,0.0
3382,172368,0,3382,0,0.3247863247863248,0.0
3383,172370,0,3383,0,0.32488235859022374,0.0
3384,172371,0,3384,0,0.32497839239412274,0.0
3385,172379,0,3385,0,0.3250744261980217,0.0
3386,172380,0,3386,0,0.3251704600019207,0.0
3387,172384,0,3387,0,0.3252664938058196,0.0
3388,172387,0,3388,0,0.3253625276097186,0.0
3389,172392,0,3389,0,0.3254585614136176,0.0
3390,172393,0,3390,0,0.32555459521751656,0.0
3391,172396,0,3391,0,0.32565062902141556,0.0
3392,172398,0,3392,0,0.3257466628253145,0.0
3393,172415,0,3393,0,0.3258426966292135,0.0
3394,172417,0,3394,0,0.32593873043311244,0.0
3395,172419,0,3395,0,0.32603476423701144,0.0
3396,172421,0,3396,0,0.3261307980409104,0.0
3397,172423,0,3397,0,0.3262268318448094,0.0
3398,172424,0,3398,0,0.3263228656487083,0.0
3399,172438,0,3399,0,0.3264188994526073,0.0
3400,172453,0,3400,0,0.32651493325650627,0.0
3401,172454,0,3401,0,0.32661096706040527,0.0
3402,172457,0,3402,0,0.3267070008643042,0.0
3403,172459,0,3403,0,0.3268030346682032,0.0
3404,172461,0,3404,0,0.3268990684721022,0.0
3405,172462,0,3405,0,0.32699510227600115,0.0
3406,172463,0,3406,0,0.32709113607990015,0.0
3407,172470,0,3407,0,0.3271871698837991,0.0
3408,172471,0,3408,0,0.3272832036876981,0.0
3409,172472,0,3409,0,0.32737923749159703,0.0
3410,172473,0,3410,0,0.32747527129549603,0.0
3411,172474,0,3411,0,0.32757130509939497,0.0
3412,172481,0,3412,0,0.32766733890329397,0.0
3413,172485,0,3413,0,0.3277633727071929,0.0
3414,172486,0,3414,0,0.3278594065110919,0.0
3415,172489,0,3415,0,0.32795544031499085,0.0
3416,172491,0,3416,0,0.32805147411888985,0.0
3417,172492,0,3417,0,0.3281475079227888,0.0
3418,172493,0,3418,0,0.3282435417266878,0.0
3419,172494,0,3419,0,0.3283395755305868,0.0
3420,172497,0,3420,0,0.32843560933448573,0.0
3421,172499,0,3421,0,0.32853164313838473,0.0
3422,172504,0,3422,0,0.3286276769422837,0.0
3423,172505,0,3423,0,0.3287237107461827,0.0
3424,172506,0,3424,0,0.3288197445500816,0.0
3425,172515,0,3425,0,0.3289157783539806,0.0
3426,172517,0,3426,0,0.32901181215787956,0.0
3427,172521,0,3427,0,0.32910784596177856,0.0
3428,172522,0,3428,0,0.3292038797656775,0.0
3429,172527,0,3429,0,0.3292999135695765,0.0
3430,172528,0,3430,0,0.32939594737347544,0.0
3431,172529,0,3431,0,0.32949198117737444,0.0
3432,172530,0,3432,0,0.3295880149812734,0.0
3433,172531,0,3433,0,0.3296840487851724,0.0
3434,172537,0,3434,0,0.3297800825890714,0.0
3435,172538,0,3435,0,0.3298761163929703,0.0
3436,172555,0,3436,0,0.3299721501968693,0.0
3437,172557,0,3437,0,0.33006818400076826,0.0
3438,172559,0,3438,0,0.33016421780466726,0.0
3439,172561,0,3439,0,0.3302602516085662,0.0
3440,172573,0,3440,0,0.3303562854124652,0.0
3441,172575,0,3441,0,0.33045231921636414,0.0
3442,172576,0,3442,0,0.33054835302026314,0.0
3443,172578,0,3443,0,0.3306443868241621,0.0
3444,172581,0,3444,0,0.3307404206280611,0.0
3445,172583,0,3445,0,0.33083645443196,0.0
3446,172585,0,3446,0,0.330932488235859,0.0
3447,172587,0,3447,0,0.331028522039758,0.0
3448,172590,0,3448,0,0.33112455584365696,0.0
3449,172601,0,3449,0,0.33122058964755596,0.0
3450,172607,0,3450,0,0.3313166234514549,0.0
3451,172611,0,3451,0,0.3314126572553539,0.0
3452,172613,0,3452,0,0.33150869105925285,0.0
3453,172621,0,3453,0,0.33160472486315185,0.0
3454,172623,0,3454,0,0.3317007586670508,0.0
3455,172627,0,3455,0,0.3317967924709498,0.0
3456,172629,0,3456,0,0.33189282627484873,0.0
3457,172631,0,3457,0,0.3319888600787477,0.0
3458,172633,0,3458,0,0.33208489388264667,0.0
3459,172638,0,3459,0,0.33218092768654567,0.0
3460,172641,0,3460,0,0.3322769614904446,0.0
3461,172642,0,3461,0,0.3323729952943436,0.0
3462,172643,0,3462,0,0.3324690290982426,0.0
3463,172644,0,3463,0,0.33256506290214155,0.0
3464,172645,0,3464,0,0.33266109670604055,0.0
3465,172650,0,3465,0,0.3327571305099395,0.0
3466,172652,0,3466,0,0.3328531643138385,0.0
3467,172657,0,3467,0,0.33294919811773743,0.0
3468,172659,0,3468,0,0.33304523192163643,0.0
3469,172662,0,3469,0,0.3331412657255354,0.0
3470,172663,0,3470,0,0.33323729952943437,0.0
3471,172664,0,3471,0,0.3333333333333333,0.0
3472,172665,0,3472,0,0.3334293671372323,0.0
3473,172666,0,3473,0,0.33352540094113126,0.0
3474,172667,0,3474,0,0.33362143474503025,0.0
3475,172668,0,3475,0,0.3337174685489292,0.0
3476,172670,0,3476,0,0.3338135023528282,0.0
3477,172673,0,3477,0,0.3339095361567272,0.0
3478,172677,0,3478,0,0.33400556996062614,0.0
3479,172691,0,3479,0,0.33410160376452513,0.0
3480,172694,0,3480,0,0.3341976375684241,0.0
3481,172695,0,3481,0,0.3342936713723231,0.0
3482,172696,0,3482,0,0.334389705176222,0.0
3483,172697,0,3483,0,0.334485738980121,0.0
3484,172701,0,3484,0,0.33458177278401996,0.0
3485,172703,0,3485,0,0.33467780658791896,0.0
3486,172707,0,3486,0,0.3347738403918179,0.0
3487,172708,0,3487,0,0.3348698741957169,0.0
3488,172718,0,3488,0,0.33496590799961584,0.0
3489,172719,0,3489,0,0.33506194180351484,0.0
3490,172723,0,3490,0,0.3351579756074138,0.0
3491,172725,0,3491,0,0.3352540094113128,0.0
3492,172733,0,3492,0,0.3353500432152118,0.0
3493,172735,0,3493,0,0.3354460770191107,0.0
3494,172741,0,3494,0,0.3355421108230097,0.0
3495,172742,0,3495,0,0.33563814462690866,0.0
3496,172746,0,3496,0,0.33573417843080766,0.0
3497,172747,0,3497,0,0.3358302122347066,0.0
3498,172751,0,3498,0,0.3359262460386056,0.0
3499,172755,0,3499,0,0.33602227984250455,0.0
3500,172761,0,3500,0,0.33611831364640354,0.0
3501,172764,0,3501,0,0.3362143474503025,0.0
3502,172766,0,3502,0,0.3363103812542015,0.0
3503,172767,0,3503,0,0.3364064150581004,0.0
3504,172773,0,3504,0,0.3365024488619994,0.0
3505,172774,0,3505,0,0.33659848266589837,0.0
3506,172776,0,3506,0,0.33669451646979737,0.0
3507,172777,0,3507,0,0.33679055027369637,0.0
3508,172778,0,3508,0,0.3368865840775953,0.0
3509,172779,0,3509,0,0.3369826178814943,0.0
3510,172789,0,3510,0,0.33707865168539325,0.0
3511,172790,0,3511,0,0.33717468548929225,0.0
3512,172799,0,3512,0,0.3372707192931912,0.0
3513,172805,0,3513,0,0.3373667530970902,0.0
3514,172810,0,3514,0,0.33746278690098913,0.0
3515,172819,0,3515,0,0.33755882070488813,0.0
3516,172828,0,3516,0,0.3376548545087871,0.0
3517,172831,0,3517,0,0.33775088831268607,0.0
3518,172832,0,3518,0,0.337846922116585,0.0
3519,172836,0,3519,0,0.337942955920484,0.0
3520,172838,0,3520,0,0.338038989724383,0.0
3521,172852,0,3521,0,0.33813502352828195,0.0
3522,172863,0,3522,0,0.33823105733218095,0.0
3523,172870,0,3523,0,0.3383270911360799,0.0
3524,172878,0,3524,0,0.3384231249399789,0.0
3525,172888,0,3525,0,0.33851915874387783,0.0
3526,172892,0,3526,0,0.33861519254777683,0.0
3527,172894,0,3527,0,0.3387112263516758,0.0
3528,172896,0,3528,0,0.3388072601555748,0.0
3529,172897,0,3529,0,0.3389032939594737,0.0
3530,172899,0,3530,0,0.3389993277633727,0.0
3531,172902,0,3531,0,0.33909536156727166,0.0
3532,172913,0,3532,0,0.33919139537117066,0.0
3533,172917,0,3533,0,0.3392874291750696,0.0
3534,172919,0,3534,0,0.3393834629789686,0.0
3535,172926,0,3535,0,0.3394794967828676,0.0
3536,172929,0,3536,0,0.33957553058676654,0.0
3537,172935,0,3537,0,0.33967156439066554,0.0
3538,172936,0,3538,0,0.3397675981945645,0.0
3539,172944,0,3539,0,0.3398636319984635,0.0
3540,172945,0,3540,0,0.3399596658023624,0.0
3541,172946,0,3541,0,0.3400556996062614,0.0
3542,172950,0,3542,0,0.34015173341016036,0.0
3543,172954,0,3543,0,0.34024776721405936,0.0
3544,172967,0,3544,0,0.3403438010179583,0.0
3545,172970,0,3545,0,0.3404398348218573,0.0
3546,172973,0,3546,0,0.34053586862575624,0.0
3547,172980,0,3547,0,0.34063190242965524,0.0
3548,172981,0,3548,0,0.3407279362335542,0.0
3549,172983,0,3549,0,0.3408239700374532,0.0
3550,172985,0,3550,0,0.3409200038413522,0.0
3551,172986,0,3551,0,0.3410160376452511,0.0
3552,172988,0,3552,0,0.3411120714491501,0.0
3553,172990,0,3553,0,0.34120810525304907,0.0
3554,172992,0,3554,0,0.34130413905694806,0.0
3555,172997,0,3555,0,0.341400172860847,0.0
3556,172999,0,3556,0,0.341496206664746,0.0
3557,173000,0,3557,0,0.34159224046864495,0.0
3558,173005,0,3558,0,0.34168827427254395,0.0
3559,173006,0,3559,0,0.3417843080764429,0.0
3560,173008,0,3560,0,0.3418803418803419,0.0
3561,173009,0,3561,0,0.34197637568424083,0.0
3562,173010,0,3562,0,0.34207240948813983,0.0
3563,173011,0,3563,0,0.34216844329203877,0.0
3564,173012,0,3564,0,0.34226447709593777,0.0
3565,173013,0,3565,0,0.34236051089983677,0.0
3566,173016,0,3566,0,0.3424565447037357,0.0
3567,173019,0,3567,0,0.3425525785076347,0.0
3568,173021,0,3568,0,0.34264861231153365,0.0
3569,173022,0,3569,0,0.34274464611543265,0.0
3570,173024,0,3570,0,0.3428406799193316,0.0
3571,173025,0,3571,0,0.3429367137232306,0.0
3572,173026,0,3572,0,0.34303274752712953,0.0
3573,173027,0,3573,0,0.34312878133102853,0.0
3574,173029,0,3574,0,0.3432248151349275,0.0
3575,173030,0,3575,0,0.3433208489388265,0.0
3576,173034,0,3576,0,0.3434168827427254,0.0
3577,173035,0,3577,0,0.3435129165466244,0.0
3578,173037,0,3578,0,0.34360895035052336,0.0
3579,173039,0,3579,0,0.34370498415442235,0.0
3580,173040,0,3580,0,0.34380101795832135,0.0
3581,173041,0,3581,0,0.3438970517622203,0.0
3582,173063,0,3582,0,0.3439930855661193,0.0
3583,173086,0,3583,0,0.34408911937001824,0.0
3584,173091,0,3584,0,0.34418515317391724,0.0
3585,173093,0,3585,0,0.3442811869778162,0.0
3586,173097,0,3586,0,0.3443772207817152,0.0
3587,173098,0,3587,0,0.3444732545856141,0.0
3588,173100,0,3588,0,0.3445692883895131,0.0
3589,173101,0,3589,0,0.34466532219341206,0.0
3590,173104,0,3590,0,0.34476135599731106,0.0
3591,173107,0,3591,0,0.34485738980121,0.0
3592,173112,0,3592,0,0.344953423605109,0.0
3593,173119,0,3593,0,0.345049457409008,0.0
3594,173122,0,3594,0,0.34514549121290694,0.0
3595,173125,0,3595,0,0.34524152501680594,0.0
3596,173127,0,3596,0,0.3453375588207049,0.0
3597,173129,0,3597,0,0.3454335926246039,0.0
3598,173131,0,3598,0,0.3455296264285028,0.0
3599,173132,0,3599,0,0.3456256602324018,0.0
3600,173142,0,3600,0,0.34572169403630076,0.0
3601,173143,0,3601,0,0.34581772784019976,0.0
3602,173146,0,3602,0,0.3459137616440987,0.0
3603,173149,0,3603,0,0.3460097954479977,0.0
3604,173150,0,3604,0,0.34610582925189665,0.0
3605,173151,0,3605,0,0.34620186305579564,0.0
3606,173159,0,3606,0,0.3462978968596946,0.0
3607,173162,0,3607,0,0.3463939306635936,0.0
3608,173173,0,3608,0,0.3464899644674926,0.0
3609,173176,0,3609,0,0.3465859982713915,0.0
3610,173183,0,3610,0,0.3466820320752905,0.0
3611,173187,0,3611,0,0.34677806587918947,0.0
3612,173190,0,3612,0,0.34687409968308847,0.0
3613,173193,0,3613,0,0.3469701334869874,0.0
3614,173194,0,3614,0,0.3470661672908864,0.0
3615,173197,0,3615,0,0.34716220109478535,0.0
3616,173198,0,3616,0,0.34725823489868435,0.0
3617,173199,0,3617,0,0.3473542687025833,0.0
3618,173200,0,3618,0,0.3474503025064823,0.0
3619,173203,0,3619,0,0.34754633631038123,0.0
3620,173204,0,3620,0,0.34764237011428023,0.0
3621,173206,0,3621,0,0.3477384039181792,0.0
3622,173218,0,3622,0,0.34783443772207817,0.0
3623,173227,0,3623,0,0.34793047152597717,0.0
3624,173229,0,3624,0,0.3480265053298761,0.0
3625,173231,0,3625,0,0.3481225391337751,0.0
3626,173232,0,3626,0,0.34821857293767405,0.0
3627,173233,0,3627,0,0.34831460674157305,0.0
3628,173234,0,3628,0,0.348410640545472,0.0
3629,173235,0,3629,0,0.348506674349371,0.0
3630,173245,0,3630,0,0.34860270815326994,0.0
3631,173251,0,3631,0,0.34869874195716893,0.0
3632,173252,0,3632,0,0.3487947757610679,0.0
3633,173253,0,3633,0,0.3488908095649669,0.0
3634,173258,0,3634,0,0.3489868433688658,0.0
3635,173260,0,3635,0,0.3490828771727648,0.0
3636,173261,0,3636,0,0.34917891097666376,0.0
3637,173263,0,3637,0,0.34927494478056276,0.0
3638,173264,0,3638,0,0.34937097858446176,0.0
3639,173268,0,3639,0,0.3494670123883607,0.0
3640,173270,0,3640,0,0.3495630461922597,0.0
3641,173279,0,3641,0,0.34965907999615864,0.0
3642,173286,0,3642,0,0.34975511380005764,0.0
3643,173294,0,3643,0,0.3498511476039566,0.0
3644,173295,0,3644,0,0.3499471814078556,0.0
3645,173297,0,3645,0,0.3500432152117545,0.0
3646,173300,0,3646,0,0.3501392490156535,0.0
3647,173301,0,3647,0,0.35023528281955246,0.0
3648,173302,0,3648,0,0.35033131662345146,0.0
3649,173309,0,3649,0,0.3504273504273504,0.0
3650,173311,0,3650,0,0.3505233842312494,0.0
3651,173323,0,3651,0,0.35061941803514834,0.0
3652,173328,0,3652,0,0.35071545183904734,0.0
3653,173339,0,3653,0,0.35081148564294634,0.0
3654,173350,0,3654,0,0.3509075194468453,0.0
3655,173354,0,3655,0,0.3510035532507443,0.0
3656,173361,0,3656,0,0.3510995870546432,0.0
3657,173371,0,3657,0,0.3511956208585422,0.0
3658,173376,0,3658,0,0.35129165466244117,0.0
3659,173379,0,3659,0,0.35138768846634016,0.0
3660,173381,0,3660,0,0.3514837222702391,0.0
3661,173382,0,3661,0,0.3515797560741381,0.0
3662,173388,0,3662,0,0.35167578987803705,0.0
3663,173393,0,3663,0,0.35177182368193605,0.0
3664,173394,0,3664,0,0.351867857485835,0.0
3665,173409,0,3665,0,0.351963891289734,0.0
3666,173410,0,3666,0,0.352059925093633,0.0
3667,173412,0,3667,0,0.35215595889753193,0.0
3668,173416,0,3668,0,0.3522519927014309,0.0
3669,173420,0,3669,0,0.35234802650532987,0.0
3670,173421,0,3670,0,0.35244406030922887,0.0
3671,173424,0,3671,0,0.3525400941131278,0.0
3672,173426,0,3672,0,0.3526361279170268,0.0
3673,173427,0,3673,0,0.35273216172092575,0.0
3674,173428,0,3674,0,0.35282819552482475,0.0
3675,173430,0,3675,0,0.3529242293287237,0.0
3676,173432,0,3676,0,0.3530202631326227,0.0
3677,173436,0,3677,0,0.35311629693652163,0.0
3678,173437,0,3678,0,0.35321233074042063,0.0
3679,173438,0,3679,0,0.3533083645443196,0.0
3680,173439,0,3680,0,0.3534043983482186,0.0
3681,173446,0,3681,0,0.35350043215211757,0.0
3682,173447,0,3682,0,0.3535964659560165,0.0
3683,173460,0,3683,0,0.3536924997599155,0.0
3684,173461,0,3684,0,0.35378853356381446,0.0
3685,173462,0,3685,0,0.35388456736771345,0.0
3686,173466,0,3686,0,0.3539806011716124,0.0
3687,173470,0,3687,0,0.3540766349755114,0.0
3688,173471,0,3688,0,0.35417266877941034,0.0
3689,173474,0,3689,0,0.35426870258330934,0.0
3690,173475,0,3690,0,0.3543647363872083,0.0
3691,173477,0,3691,0,0.3544607701911073,0.0
3692,173480,0,3692,0,0.3545568039950062,0.0
3693,173483,0,3693,0,0.3546528377989052,0.0
3694,173486,0,3694,0,0.35474887160280416,0.0
3695,173490,0,3695,0,0.35484490540670316,0.0
3696,173493,0,3696,0,0.35494093921060216,0.0
3697,173498,0,3697,0,0.3550369730145011,0.0
3698,173501,0,3698,0,0.3551330068184001,0.0
3699,173505,0,3699,0,0.35522904062229904,0.0
3700,173507,0,3700,0,0.35532507442619804,0.0
3701,173509,0,3701,0,0.355421108230097,0.0
3702,173511,0,3702,0,0.355517142033996,0.0
3703,173526,0,3703,0,0.3556131758378949,0.0
3704,173529,0,3704,0,0.3557092096417939,0.0
3705,173536,0,3705,0,0.35580524344569286,0.0
3706,173538,0,3706,0,0.35590127724959186,0.0
3707,173541,0,3707,0,0.3559973110534908,0.0
3708,173544,0,3708,0,0.3560933448573898,0.0
3709,173545,0,3709,0,0.35618937866128875,0.0
3710,173548,0,3710,0,0.35628541246518775,0.0
3711,173549,0,3711,0,0.35638144626908674,0.0
3712,173553,0,3712,0,0.3564774800729857,0.0
3713,173554,0,3713,0,0.3565735138768847,0.0
3714,173561,0,3714,0,0.3566695476807836,0.0
3715,173562,0,3715,0,0.3567655814846826,0.0
3716,173576,0,3716,0,0.35686161528858157,0.0
3717,173580,0,3717,0,0.35695764909248057,0.0
3718,173582,0,3718,0,0.3570536828963795,0.0
3719,173589,0,3719,0,0.3571497167002785,0.0
3720,173591,0,3720,0,0.35724575050417745,0.0
3721,173592,0,3721,0,0.35734178430807645,0.0
3722,173593,0,3722,0,0.3574378181119754,0.0
3723,173596,0,3723,0,0.3575338519158744,0.0
3724,173597,0,3724,0,0.35762988571977333,0.0
3725,173598,0,3725,0,0.35772591952367233,0.0
3726,173599,0,3726,0,0.35782195332757133,0.0
3727,173608,0,3727,0,0.35791798713147027,0.0
3728,173609,0,3728,0,0.35801402093536927,0.0
3729,173613,0,3729,0,0.3581100547392682,0.0
3730,173619,0,3730,0,0.3582060885431672,0.0
3731,173626,0,3731,0,0.35830212234706615,0.0
3732,173633,0,3732,0,0.35839815615096515,0.0
3733,173635,0,3733,0,0.3584941899548641,0.0
3734,173638,0,3734,0,0.3585902237587631,0.0
3735,173640,0,3735,0,0.35868625756266204,0.0
3736,173642,0,3736,0,0.35878229136656103,0.0
3737,173643,0,3737,0,0.35887832517046,0.0
3738,173649,0,3738,0,0.358974358974359,0.0
3739,173653,0,3739,0,0.359070392778258,0.0
3740,173654,0,3740,0,0.3591664265821569,0.0
3741,173658,0,3741,0,0.3592624603860559,0.0
3742,173660,0,3742,0,0.35935849418995486,0.0
3743,173664,0,3743,0,0.35945452799385386,0.0
3744,173665,0,3744,0,0.3595505617977528,0.0
3745,173671,0,3745,0,0.3596465956016518,0.0
3746,173672,0,3746,0,0.35974262940555074,0.0
3747,173673,0,3747,0,0.35983866320944974,0.0
3748,173674,0,3748,0,0.3599346970133487,0.0
3749,173675,0,3749,0,0.3600307308172477,0.0
3750,173676,0,3750,0,0.3601267646211466,0.0
3751,173678,0,3751,0,0.3602227984250456,0.0
3752,173685,0,3752,0,0.36031883222894456,0.0
3753,173687,0,3753,0,0.36041486603284356,0.0
3754,173688,0,3754,0,0.36051089983674256,0.0
3755,173689,0,3755,0,0.3606069336406415,0.0
3756,173692,0,3756,0,0.3607029674445405,0.0
3757,173693,0,3757,0,0.36079900124843944,0.0
3758,173694,0,3758,0,0.36089503505233844,0.0
3759,173697,0,3759,0,0.3609910688562374,0.0
3760,173699,0,3760,0,0.3610871026601364,0.0
3761,173703,0,3761,0,0.3611831364640353,0.0
3762,173706,0,3762,0,0.3612791702679343,0.0
3763,173709,0,3763,0,0.36137520407183327,0.0
3764,173719,0,3764,0,0.36147123787573227,0.0
3765,173721,0,3765,0,0.3615672716796312,0.0
3766,173723,0,3766,0,0.3616633054835302,0.0
3767,173725,0,3767,0,0.36175933928742915,0.0
3768,173732,0,3768,0,0.36185537309132815,0.0
3769,173740,0,3769,0,0.36195140689522715,0.0
3770,173751,0,3770,0,0.3620474406991261,0.0
3771,173760,0,3771,0,0.3621434745030251,0.0
3772,173766,0,3772,0,0.36223950830692403,0.0
3773,173771,0,3773,0,0.36233554211082303,0.0
3774,173772,0,3774,0,0.36243157591472197,0.0
3775,173774,0,3775,0,0.36252760971862097,0.0
3776,173777,0,3776,0,0.3626236435225199,0.0
3777,173778,0,3777,0,0.3627196773264189,0.0
3778,173783,0,3778,0,0.36281571113031785,0.0
3779,173788,0,3779,0,0.36291174493421685,0.0
3780,173789,0,3780,0,0.3630077787381158,0.0
3781,173802,0,3781,0,0.3631038125420148,0.0
3782,173809,0,3782,0,0.36319984634591373,0.0
3783,173810,0,3783,0,0.36329588014981273,0.0
3784,173813,0,3784,0,0.36339191395371173,0.0
3785,173814,0,3785,0,0.3634879477576107,0.0
3786,173822,0,3786,0,0.3635839815615097,0.0
3787,173826,0,3787,0,0.3636800153654086,0.0
3788,173827,0,3788,0,0.3637760491693076,0.0
3789,173832,0,3789,0,0.36387208297320656,0.0
3790,173835,0,3790,0,0.36396811677710555,0.0
3791,173837,0,3791,0,0.3640641505810045,0.0
3792,173841,0,3792,0,0.3641601843849035,0.0
3793,173842,0,3793,0,0.36425621818880244,0.0
3794,173845,0,3794,0,0.36435225199270144,0.0
3795,173848,0,3795,0,0.3644482857966004,0.0
3796,173853,0,3796,0,0.3645443196004994,0.0
3797,173856,0,3797,0,0.3646403534043983,0.0
3798,173863,0,3798,0,0.3647363872082973,0.0
3799,173864,0,3799,0,0.3648324210121963,0.0
3800,173866,0,3800,0,0.36492845481609526,0.0
3801,173871,0,3801,0,0.36502448861999426,0.0
3802,173876,0,3802,0,0.3651205224238932,0.0
3803,173878,0,3803,0,0.3652165562277922,0.0
3804,173881,0,3804,0,0.36531259003169114,0.0
3805,173887,0,3805,0,0.36540862383559014,0.0
3806,173890,0,3806,0,0.3655046576394891,0.0
3807,173912,0,3807,0,0.3656006914433881,0.0
3808,173913,0,3808,0,0.365696725247287,0.0
3809,173922,0,3809,0,0.365792759051186,0.0
3810,173924,0,3810,0,0.36588879285508497,0.0
3811,173925,0,3811,0,0.36598482665898396,0.0
3812,173927,0,3812,0,0.36608086046288296,0.0
3813,173933,0,3813,0,0.3661768942667819,0.0
3814,173936,0,3814,0,0.3662729280706809,0.0
3815,173937,0,3815,0,0.36636896187457985,0.0
3816,173938,0,3816,0,0.36646499567847884,0.0
3817,173941,0,3817,0,0.3665610294823778,0.0
3818,173944,0,3818,0,0.3666570632862768,0.0
3819,173949,0,3819,0,0.36675309709017573,0.0
3820,173950,0,3820,0,0.3668491308940747,0.0
3821,173954,0,3821,0,0.36694516469797367,0.0
3822,173957,0,3822,0,0.36704119850187267,0.0
3823,173962,0,3823,0,0.3671372323057716,0.0
3824,173965,0,3824,0,0.3672332661096706,0.0
3825,173968,0,3825,0,0.36732929991356955,0.0
3826,173972,0,3826,0,0.36742533371746855,0.0
3827,173989,0,3827,0,0.36752136752136755,0.0
3828,173990,0,3828,0,0.3676174013252665,0.0
3829,174000,0,3829,0,0.3677134351291655,0.0
3830,174004,0,3830,0,0.36780946893306443,0.0
3831,174007,0,3831,0,0.36790550273696343,0.0
3832,174014,0,3832,0,0.3680015365408624,0.0
3833,174017,0,3833,0,0.36809757034476137,0.0
3834,174023,0,3834,0,0.3681936041486603,0.0
3835,174033,0,3835,0,0.3682896379525593,0.0
3836,174045,0,3836,0,0.36838567175645826,0.0
3837,174048,0,3837,0,0.36848170556035725,0.0
3838,174049,0,3838,0,0.3685777393642562,0.0
3839,174052,0,3839,0,0.3686737731681552,0.0
3840,174062,0,3840,0,0.36876980697205414,0.0
3841,174069,0,3841,0,0.36886584077595314,0.0
3842,174072,0,3842,0,0.36896187457985213,0.0
3843,174078,0,3843,0,0.3690579083837511,0.0
3844,174080,0,3844,0,0.3691539421876501,0.0
3845,174089,0,3845,0,0.369249975991549,0.0
3846,174090,0,3846,0,0.369346009795448,0.0
3847,174098,0,3847,0,0.36944204359934696,0.0
3848,174100,0,3848,0,0.36953807740324596,0.0
3849,174101,0,3849,0,0.3696341112071449,0.0
3850,174104,0,3850,0,0.3697301450110439,0.0
3851,174107,0,3851,0,0.36982617881494284,0.0
3852,174109,0,3852,0,0.36992221261884184,0.0
3853,174111,0,3853,0,0.3700182464227408,0.0
3854,174117,0,3854,0,0.3701142802266398,0.0
3855,174127,0,3855,0,0.3702103140305387,0.0
3856,174129,0,3856,0,0.3703063478344377,0.0
3857,174131,0,3857,0,0.3704023816383367,0.0
3858,174132,0,3858,0,0.37049841544223566,0.0
3859,174136,0,3859,0,0.37059444924613466,0.0
3860,174139,0,3860,0,0.3706904830500336,0.0
3861,174142,0,3861,0,0.3707865168539326,0.0
3862,174143,0,3862,0,0.37088255065783154,0.0
3863,174145,0,3863,0,0.37097858446173054,0.0
3864,174146,0,3864,0,0.3710746182656295,0.0
3865,174147,0,3865,0,0.3711706520695285,0.0
3866,174151,0,3866,0,0.3712666858734274,0.0
3867,174154,0,3867,0,0.3713627196773264,0.0
3868,174160,0,3868,0,0.37145875348122537,0.0
3869,174162,0,3869,0,0.37155478728512437,0.0
3870,174165,0,3870,0,0.3716508210890233,0.0
3871,174167,0,3871,0,0.3717468548929223,0.0
3872,174174,0,3872,0,0.3718428886968213,0.0
3873,174175,0,3873,0,0.37193892250072025,0.0
3874,174176,0,3874,0,0.37203495630461925,0.0
3875,174181,0,3875,0,0.3721309901085182,0.0
3876,174186,0,3876,0,0.3722270239124172,0.0
3877,174191,0,3877,0,0.37232305771631613,0.0
3878,174193,0,3878,0,0.37241909152021513,0.0
3879,174194,0,3879,0,0.37251512532411407,0.0
3880,174203,0,3880,0,0.37261115912801307,0.0
3881,174207,0,3881,0,0.372707192931912,0.0
3882,174208,0,3882,0,0.372803226735811,0.0
3883,174210,0,3883,0,0.37289926053970995,0.0
3884,174213,0,3884,0,0.37299529434360895,0.0
3885,174215,0,3885,0,0.37309132814750795,0.0
3886,174216,0,3886,0,0.3731873619514069,0.0
3887,174218,0,3887,0,0.3732833957553059,0.0
3888,174219,0,3888,0,0.37337942955920483,0.0
3889,174220,0,3889,0,0.37347546336310383,0.0
3890,174223,0,3890,0,0.3735714971670028,0.0
3891,174226,0,3891,0,0.3736675309709018,0.0
3892,174229,0,3892,0,0.3737635647748007,0.0
3893,174236,0,3893,0,0.3738595985786997,0.0
3894,174237,0,3894,0,0.37395563238259866,0.0
3895,174239,0,3895,0,0.37405166618649766,0.0
3896,174243,0,3896,0,0.3741476999903966,0.0
3897,174246,0,3897,0,0.3742437337942956,0.0
3898,174251,0,3898,0,0.37433976759819454,0.0
3899,174256,0,3899,0,0.37443580140209354,0.0
3900,174257,0,3900,0,0.37453183520599254,0.0
3901,174263,0,3901,0,0.3746278690098915,0.0
3902,174267,0,3902,0,0.3747239028137905,0.0
3903,174269,0,3903,0,0.3748199366176894,0.0
3904,174270,0,3904,0,0.3749159704215884,0.0
3905,174272,0,3905,0,0.37501200422548736,0.0
3906,174273,0,3906,0,0.37510803802938636,0.0
3907,174274,0,3907,0,0.3752040718332853,0.0
3908,174278,0,3908,0,0.3753001056371843,0.0
3909,174281,0,3909,0,0.37539613944108324,0.0
3910,174282,0,3910,0,0.37549217324498224,0.0
3911,174283,0,3911,0,0.3755882070488812,0.0
3912,174286,0,3912,0,0.3756842408527802,0.0
3913,174288,0,3913,0,0.3757802746566791,0.0
3914,174290,0,3914,0,0.3758763084605781,0.0
3915,174293,0,3915,0,0.3759723422644771,0.0
3916,174294,0,3916,0,0.37606837606837606,0.0
3917,174298,0,3917,0,0.37616440987227506,0.0
3918,174304,0,3918,0,0.376260443676174,0.0
3919,174306,0,3919,0,0.376356477480073,0.0
3920,174307,0,3920,0,0.37645251128397195,0.0
3921,174313,0,3921,0,0.37654854508787095,0.0
3922,174329,0,3922,0,0.3766445788917699,0.0
3923,174334,0,3923,0,0.3767406126956689,0.0
3924,174336,0,3924,0,0.37683664649956783,0.0
3925,174341,0,3925,0,0.3769326803034668,0.0
3926,174342,0,3926,0,0.37702871410736577,0.0
3927,174348,0,3927,0,0.37712474791126477,0.0
3928,174359,0,3928,0,0.3772207817151637,0.0
3929,174362,0,3929,0,0.3773168155190627,0.0
3930,174365,0,3930,0,0.3774128493229617,0.0
3931,174366,0,3931,0,0.37750888312686065,0.0
3932,174368,0,3932,0,0.37760491693075965,0.0
3933,174370,0,3933,0,0.3777009507346586,0.0
3934,174374,0,3934,0,0.3777969845385576,0.0
3935,174378,0,3935,0,0.37789301834245653,0.0
3936,174384,0,3936,0,0.37798905214635553,0.0
3937,174385,0,3937,0,0.3780850859502545,0.0
3938,174394,0,3938,0,0.37818111975415347,0.0
3939,174395,0,3939,0,0.3782771535580524,0.0
3940,174400,0,3940,0,0.3783731873619514,0.0
3941,174405,0,3941,0,0.37846922116585036,0.0
3942,174406,0,3942,0,0.37856525496974935,0.0
3943,174407,0,3943,0,0.3786612887736483,0.0
3944,174408,0,3944,0,0.3787573225775473,0.0
3945,174409,0,3945,0,0.3788533563814463,0.0
3946,174412,0,3946,0,0.37894939018534524,0.0
3947,174415,0,3947,0,0.37904542398924423,0.0
3948,174416,0,3948,0,0.3791414577931432,0.0
3949,174417,0,3949,0,0.3792374915970422,0.0
3950,174421,0,3950,0,0.3793335254009411,0.0
3951,174425,0,3951,0,0.3794295592048401,0.0
3952,174427,0,3952,0,0.37952559300873906,0.0
3953,174428,0,3953,0,0.37962162681263806,0.0
3954,174431,0,3954,0,0.379717660616537,0.0
3955,174433,0,3955,0,0.379813694420436,0.0
3956,174440,0,3956,0,0.37990972822433494,0.0
3957,174442,0,3957,0,0.38000576202823394,0.0
3958,174446,0,3958,0,0.38010179583213294,0.0
3959,174447,0,3959,0,0.3801978296360319,0.0
3960,174455,0,3960,0,0.3802938634399309,0.0
3961,174460,0,3961,0,0.3803898972438298,0.0
3962,174462,0,3962,0,0.3804859310477288,0.0
3963,174463,0,3963,0,0.38058196485162776,0.0
3964,174464,0,3964,0,0.38067799865552676,0.0
3965,174466,0,3965,0,0.3807740324594257,0.0
3966,174467,0,3966,0,0.3808700662633247,0.0
3967,174468,0,3967,0,0.38096610006722365,0.0
3968,174470,0,3968,0,0.38106213387112264,0.0
3969,174471,0,3969,0,0.3811581676750216,0.0
3970,174473,0,3970,0,0.3812542014789206,0.0
3971,174482,0,3971,0,0.3813502352828195,0.0
3972,174484,0,3972,0,0.3814462690867185,0.0
3973,174485,0,3973,0,0.3815423028906175,0.0
3974,174488,0,3974,0,0.38163833669451647,0.0
3975,174489,0,3975,0,0.38173437049841547,0.0
3976,174491,0,3976,0,0.3818304043023144,0.0
3977,174497,0,3977,0,0.3819264381062134,0.0
3978,174498,0,3978,0,0.38202247191011235,0.0
3979,174499,0,3979,0,0.38211850571401135,0.0
3980,174502,0,3980,0,0.3822145395179103,0.0
3981,174503,0,3981,0,0.3823105733218093,0.0
3982,174506,0,3982,0,0.38240660712570823,0.0
3983,174508,0,3983,0,0.38250264092960723,0.0
3984,174509,0,3984,0,0.38259867473350617,0.0
3985,174510,0,3985,0,0.38269470853740517,0.0
3986,174511,0,3986,0,0.3827907423413041,0.0
3987,174512,0,3987,0,0.3828867761452031,0.0
3988,174514,0,3988,0,0.3829828099491021,0.0
3989,174516,0,3989,0,0.38307884375300105,0.0
3990,174520,0,3990,0,0.38317487755690005,0.0
3991,174521,0,3991,0,0.383270911360799,0.0
3992,174523,0,3992,0,0.383366945164698,0.0
3993,174525,0,3993,0,0.38346297896859693,0.0
3994,174526,0,3994,0,0.38355901277249593,0.0
3995,174527,0,3995,0,0.3836550465763949,0.0
3996,174528,0,3996,0,0.3837510803802939,0.0
3997,174530,0,3997,0,0.3838471141841928,0.0
3998,174534,0,3998,0,0.3839431479880918,0.0
3999,174535,0,3999,0,0.38403918179199076,0.0
4000,174541,0,4000,0,0.38413521559588976,0.0
4001,174542,0,4001,0,0.3842312493997887,0.0
4002,174543,0,4002,0,0.3843272832036877,0.0
4003,174545,0,4003,0,0.3844233170075867,0.0
4004,174550,0,4004,0,0.38451935081148564,0.0
4005,174555,0,4005,0,0.38461538461538464,0.0
4006,174562,0,4006,0,0.3847114184192836,0.0
4007,174567,0,4007,0,0.3848074522231826,0.0
4008,174577,0,4008,0,0.3849034860270815,0.0
4009,174585,0,4009,0,0.3849995198309805,0.0
4010,174592,0,4010,0,0.38509555363487946,0.0
4011,174594,0,4011,0,0.38519158743877846,0.0
4012,174595,0,4012,0,0.3852876212426774,0.0
4013,174600,0,4013,0,0.3853836550465764,0.0
4014,174612,0,4014,0,0.38547968885047534,0.0
4015,174616,0,4015,0,0.38557572265437434,0.0
4016,174617,0,4016,0,0.3856717564582733,0.0
4017,174618,0,4017,0,0.3857677902621723,0.0
4018,174622,0,4018,0,0.3858638240660713,0.0
4019,174625,0,4019,0,0.3859598578699702,0.0
4020,174626,0,4020,0,0.3860558916738692,0.0
4021,174627,0,4021,0,0.38615192547776817,0.0
4022,174629,0,4022,0,0.38624795928166716,0.0
4023,174631,0,4023,0,0.3863439930855661,0.0
4024,174633,0,4024,0,0.3864400268894651,0.0
4025,174637,0,4025,0,0.38653606069336405,0.0
4026,174639,0,4026,0,0.38663209449726305,0.0
4027,174642,0,4027,0,0.386728128301162,0.0
4028,174647,0,4028,0,0.386824162105061,0.0
4029,174649,0,4029,0,0.38692019590895993,0.0
4030,174652,0,4030,0,0.38701622971285893,0.0
4031,174653,0,4031,0,0.3871122635167579,0.0
4032,174654,0,4032,0,0.38720829732065687,0.0
4033,174655,0,4033,0,0.38730433112455587,0.0
4034,174657,0,4034,0,0.3874003649284548,0.0
4035,174660,0,4035,0,0.3874963987323538,0.0
4036,174662,0,4036,0,0.38759243253625275,0.0
4037,174664,0,4037,0,0.38768846634015175,0.0
4038,174666,0,4038,0,0.3877845001440507,0.0
4039,174667,0,4039,0,0.3878805339479497,0.0
4040,174668,0,4040,0,0.38797656775184863,0.0
4041,174672,0,4041,0,0.38807260155574763,0.0
4042,174675,0,4042,0,0.3881686353596466,0.0
4043,174681,0,4043,0,0.3882646691635456,0.0
4044,174682,0,4044,0,0.3883607029674445,0.0
4045,174684,0,4045,0,0.3884567367713435,0.0
4046,174685,0,4046,0,0.3885527705752425,0.0
4047,174686,0,4047,0,0.38864880437914145,0.0
4048,174689,0,4048,0,0.38874483818304045,0.0
4049,174690,0,4049,0,0.3888408719869394,0.0
4050,174695,0,4050,0,0.3889369057908384,0.0
4051,174697,0,4051,0,0.38903293959473734,0.0
4052,174699,0,4052,0,0.38912897339863634,0.0
4053,174702,0,4053,0,0.3892250072025353,0.0
4054,174703,0,4054,0,0.3893210410064343,0.0
4055,174704,0,4055,0,0.3894170748103332,0.0
4056,174706,0,4056,0,0.3895131086142322,0.0
4057,174708,0,4057,0,0.38960914241813116,0.0
4058,174711,0,4058,0,0.38970517622203016,0.0
4059,174715,0,4059,0,0.3898012100259291,0.0
4060,174716,0,4060,0,0.3898972438298281,0.0
4061,174717,0,4061,0,0.3899932776337271,0.0
4062,174718,0,4062,0,0.39008931143762604,0.0
4063,174724,0,4063,0,0.39018534524152504,0.0
4064,174725,0,4064,0,0.390281379045424,0.0
4065,174727,0,4065,0,0.390377412849323,0.0
4066,174728,0,4066,0,0.3904734466532219,0.0
4067,174730,0,4067,0,0.3905694804571209,0.0
4068,174733,0,4068,0,0.39066551426101986,0.0
4069,174734,0,4069,0,0.39076154806491886,0.0
4070,174735,0,4070,0,0.3908575818688178,0.0
4071,174739,0,4071,0,0.3909536156727168,0.0
4072,174743,0,4072,0,0.39104964947661575,0.0
4073,174750,0,4073,0,0.39114568328051474,0.0
4074,174755,0,4074,0,0.3912417170844137,0.0
4075,174757,0,4075,0,0.3913377508883127,0.0
4076,174758,0,4076,0,0.3914337846922117,0.0
4077,174762,0,4077,0,0.3915298184961106,0.0
4078,174766,0,4078,0,0.3916258523000096,0.0
4079,174770,0,4079,0,0.39172188610390857,0.0
4080,174772,0,4080,0,0.39181791990780757,0.0
4081,174773,0,4081,0,0.3919139537117065,0.0
4082,174774,0,4082,0,0.3920099875156055,0.0
4083,174775,0,4083,0,0.39210602131950445,0.0
4084,174776,0,4084,0,0.39220205512340345,0.0
4085,174782,0,4085,0,0.3922980889273024,0.0
4086,174783,0,4086,0,0.3923941227312014,0.0
4087,174787,0,4087,0,0.39249015653510033,0.0
4088,174789,0,4088,0,0.39258619033899933,0.0
4089,174790,0,4089,0,0.3926822241428983,0.0
4090,174793,0,4090,0,0.39277825794679727,0.0
4091,174795,0,4091,0,0.39287429175069627,0.0
4092,174796,0,4092,0,0.3929703255545952,0.0
4093,174798,0,4093,0,0.3930663593584942,0.0
4094,174799,0,4094,0,0.39316239316239315,0.0
4095,174801,0,4095,0,0.39325842696629215,0.0
4096,174805,0,4096,0,0.3933544607701911,0.0
4097,174808,0,4097,0,0.3934504945740901,0.0
4098,174810,0,4098,0,0.39354652837798904,0.0
4099,174812,0,4099,0,0.39364256218188803,0.0
4100,174813,0,4100,0,0.393738595985787,0.0
4101,174814,0,4101,0,0.393834629789686,0.0
4102,174816,0,4102,0,0.3939306635935849,0.0
4103,174820,0,4103,0,0.3940266973974839,0.0
4104,174821,0,4104,0,0.3941227312013829,0.0
4105,174829,0,4105,0,0.39421876500528186,0.0
4106,174831,0,4106,0,0.39431479880918086,0.0
4107,174834,0,4107,0,0.3944108326130798,0.0
4108,174839,0,4108,0,0.3945068664169788,0.0
4109,174842,0,4109,0,0.39460290022087774,0.0
4110,174849,0,4110,0,0.39469893402477674,0.0
4111,174853,0,4111,0,0.3947949678286757,0.0
4112,174861,0,4112,0,0.3948910016325747,0.0
4113,174863,0,4113,0,0.3949870354364736,0.0
4114,174865,0,4114,0,0.3950830692403726,0.0
4115,174867,0,4115,0,0.39517910304427156,0.0
4116,174868,0,4116,0,0.39527513684817056,0.0
4117,174883,0,4117,0,0.3953711706520695,0.0
4118,174891,0,4118,0,0.3954672044559685,0.0
4119,174893,0,4119,0,0.3955632382598675,0.0
4120,174896,0,4120,0,0.39565927206376644,0.0
4121,174897,0,4121,0,0.39575530586766544,0.0
4122,174898,0,4122,0,0.3958513396715644,0.0
4123,174902,0,4123,0,0.3959473734754634,0.0
4124,174910,0,4124,0,0.3960434072793623,0.0
4125,174912,0,4125,0,0.3961394410832613,0.0
4126,174922,0,4126,0,0.39623547488716027,0.0
4127,174924,0,4127,0,0.39633150869105926,0.0
4128,174925,0,4128,0,0.3964275424949582,0.0
4129,174927,0,4129,0,0.3965235762988572,0.0
4130,174930,0,4130,0,0.39661961010275615,0.0
4131,174935,0,4131,0,0.39671564390665515,0.0
4132,174937,0,4132,0,0.3968116777105541,0.0
4133,174938,0,4133,0,0.3969077115144531,0.0
4134,174939,0,4134,0,0.3970037453183521,0.0
4135,174940,0,4135,0,0.39709977912225103,0.0
4136,174941,0,4136,0,0.39719581292615,0.0
4137,174943,0,4137,0,0.39729184673004897,0.0
4138,174951,0,4138,0,0.39738788053394797,0.0
4139,174953,0,4139,0,0.3974839143378469,0.0
4140,174955,0,4140,0,0.3975799481417459,0.0
4141,174956,0,4141,0,0.39767598194564485,0.0
4142,174965,0,4142,0,0.39777201574954385,0.0
4143,174967,0,4143,0,0.3978680495534428,0.0
4144,174969,0,4144,0,0.3979640833573418,0.0
4145,174973,0,4145,0,0.39806011716124073,0.0
4146,174987,0,4146,0,0.39815615096513973,0.0
4147,174999,0,4147,0,0.3982521847690387,0.0
4148,175001,0,4148,0,0.3983482185729377,0.0
4149,175008,0,4149,0,0.39844425237683667,0.0
4150,175009,0,4150,0,0.3985402861807356,0.0
4151,175016,0,4151,0,0.3986363199846346,0.0
4152,175021,0,4152,0,0.39873235378853356,0.0
4153,175022,0,4153,0,0.39882838759243255,0.0
4154,175029,0,4154,0,0.3989244213963315,0.0
4155,175030,0,4155,0,0.3990204552002305,0.0
4156,175032,0,4156,0,0.39911648900412944,0.0
4157,175034,0,4157,0,0.39921252280802844,0.0
4158,175035,0,4158,0,0.3993085566119274,0.0
4159,175036,0,4159,0,0.3994045904158264,0.0
4160,175038,0,4160,0,0.3995006242197253,0.0
4161,175039,0,4161,0,0.3995966580236243,0.0
4162,175043,0,4162,0,0.39969269182752326,0.0
4163,175044,0,4163,0,0.39978872563142226,0.0
4164,175046,0,4164,0,0.39988475943532126,0.0
4165,175051,0,4165,0,0.3999807932392202,0.0
4166,175052,0,4166,0,0.4000768270431192,0.0
4167,175057,0,4167,0,0.40017286084701814,0.0
4168,175060,0,4168,0,0.40026889465091714,0.0
4169,175063,0,4169,0,0.4003649284548161,0.0
4170,175070,0,4170,0,0.4004609622587151,0.0
4171,175078,0,4171,0,0.400556996062614,0.0
4172,175092,0,4172,0,0.400653029866513,0.0
4173,175095,0,4173,0,0.40074906367041196,0.0
4174,175102,0,4174,0,0.40084509747431096,0.0
4175,175104,0,4175,0,0.4009411312782099,0.0
4176,175107,0,4176,0,0.4010371650821089,0.0
4177,175108,0,4177,0,0.4011331988860079,0.0
4178,175109,0,4178,0,0.40122923268990685,0.0
4179,175113,0,4179,0,0.40132526649380584,0.0
4180,175114,0,4180,0,0.4014213002977048,0.0
4181,175115,0,4181,0,0.4015173341016038,0.0
4182,175123,0,4182,0,0.4016133679055027,0.0
4183,175124,0,4183,0,0.4017094017094017,0.0
4184,175126,0,4184,0,0.40180543551330067,0.0
4185,175129,0,4185,0,0.40190146931719967,0.0
4186,175131,0,4186,0,0.4019975031210986,0.0
4187,175133,0,4187,0,0.4020935369249976,0.0
4188,175140,0,4188,0,0.40218957072889655,0.0
4189,175141,0,4189,0,0.40228560453279555,0.0
4190,175145,0,4190,0,0.4023816383366945,0.0
4191,175146,0,4191,0,0.4024776721405935,0.0
4192,175153,0,4192,0,0.4025737059444925,0.0
4193,175154,0,4193,0,0.40266973974839143,0.0
4194,175155,0,4194,0,0.40276577355229043,0.0
4195,175162,0,4195,0,0.40286180735618937,0.0
4196,175165,0,4196,0,0.40295784116008837,0.0
4197,175176,0,4197,0,0.4030538749639873,0.0
4198,175180,0,4198,0,0.4031499087678863,0.0
4199,175181,0,4199,0,0.40324594257178525,0.0
4200,175182,0,4200,0,0.40334197637568425,0.0
4201,175183,0,4201,0,0.4034380101795832,0.0
4202,175185,0,4202,0,0.4035340439834822,0.0
4203,175187,0,4203,0,0.40363007778738114,0.0
4204,175198,0,4204,0,0.40372611159128013,0.0
4205,175202,0,4205,0,0.4038221453951791,0.0
4206,175204,0,4206,0,0.4039181791990781,0.0
4207,175205,0,4207,0,0.4040142130029771,0.0
4208,175206,0,4208,0,0.404110246806876,0.0
4209,175211,0,4209,0,0.404206280610775,0.0
4210,175213,0,4210,0,0.40430231441467396,0.0
4211,175217,0,4211,0,0.40439834821857296,0.0
4212,175222,0,4212,0,0.4044943820224719,0.0
4213,175226,0,4213,0,0.4045904158263709,0.0
4214,175232,0,4214,0,0.40468644963026984,0.0
4215,175234,0,4215,0,0.40478248343416884,0.0
4216,175235,0,4216,0,0.4048785172380678,0.0
4217,175238,0,4217,0,0.4049745510419668,0.0
4218,175239,0,4218,0,0.4050705848458657,0.0
4219,175241,0,4219,0,0.4051666186497647,0.0
4220,175243,0,4220,0,0.40526265245366366,0.0
4221,175248,0,4221,0,0.40535868625756266,0.0
4222,175251,0,4222,0,0.40545472006146166,0.0
4223,175256,0,4223,0,0.4055507538653606,0.0
4224,175260,0,4224,0,0.4056467876692596,0.0
4225,175261,0,4225,0,0.40574282147315854,0.0
4226,175262,0,4226,0,0.40583885527705754,0.0
4227,175265,0,4227,0,0.4059348890809565,0.0
4228,175272,0,4228,0,0.4060309228848555,0.0
4229,175276,0,4229,0,0.4061269566887544,0.0
4230,175277,0,4230,0,0.4062229904926534,0.0
4231,175278,0,4231,0,0.40631902429655237,0.0
4232,175282,0,4232,0,0.40641505810045137,0.0
4233,175283,0,4233,0,0.4065110919043503,0.0
4234,175284,0,4234,0,0.4066071257082493,0.0
4235,175286,0,4235,0,0.40670315951214825,0.0
4236,175287,0,4236,0,0.40679919331604725,0.0
4237,175288,0,4237,0,0.40689522711994625,0.0
4238,175296,0,4238,0,0.4069912609238452,0.0
4239,175298,0,4239,0,0.4070872947277442,0.0
4240,175300,0,4240,0,0.40718332853164313,0.0
4241,175305,0,4241,0,0.4072793623355421,0.0
4242,175310,0,4242,0,0.40737539613944107,0.0
4243,175314,0,4243,0,0.40747142994334007,0.0
4244,175315,0,4244,0,0.407567463747239,0.0
4245,175317,0,4245,0,0.407663497551138,0.0
4246,175323,0,4246,0,0.40775953135503695,0.0
4247,175327,0,4247,0,0.40785556515893595,0.0
4248,175328,0,4248,0,0.4079515989628349,0.0
4249,175331,0,4249,0,0.4080476327667339,0.0
4250,175333,0,4250,0,0.4081436665706329,0.0
4251,175335,0,4251,0,0.40823970037453183,0.0
4252,175336,0,4252,0,0.40833573417843083,0.0
4253,175339,0,4253,0,0.4084317679823298,0.0
4254,175340,0,4254,0,0.4085278017862288,0.0
4255,175341,0,4255,0,0.4086238355901277,0.0
4256,175342,0,4256,0,0.4087198693940267,0.0
4257,175349,0,4257,0,0.40881590319792566,0.0
4258,175350,0,4258,0,0.40891193700182465,0.0
4259,175355,0,4259,0,0.4090079708057236,0.0
4260,175356,0,4260,0,0.4091040046096226,0.0
4261,175357,0,4261,0,0.40920003841352154,0.0
4262,175362,0,4262,0,0.40929607221742054,0.0
4263,175363,0,4263,0,0.4093921060213195,0.0
4264,175368,0,4264,0,0.4094881398252185,0.0
4265,175370,0,4265,0,0.4095841736291175,0.0
4266,175371,0,4266,0,0.4096802074330164,0.0
4267,175381,0,4267,0,0.4097762412369154,0.0
4268,175383,0,4268,0,0.40987227504081436,0.0
4269,175386,0,4269,0,0.40996830884471336,0.0
4270,175387,0,4270,0,0.4100643426486123,0.0
4271,175389,0,4271,0,0.4101603764525113,0.0
4272,175390,0,4272,0,0.41025641025641024,0.0
4273,175393,0,4273,0,0.41035244406030924,0.0
4274,175397,0,4274,0,0.4104484778642082,0.0
4275,175398,0,4275,0,0.4105445116681072,0.0
4276,175402,0,4276,0,0.4106405454720061,0.0
4277,175403,0,4277,0,0.4107365792759051,0.0
4278,175404,0,4278,0,0.41083261307980407,0.0
4279,175405,0,4279,0,0.41092864688370306,0.0
4280,175406,0,4280,0,0.41102468068760206,0.0
4281,175410,0,4281,0,0.411120714491501,0.0
4282,175411,0,4282,0,0.4112167482954,0.0
4283,175423,0,4283,0,0.41131278209929895,0.0
4284,175424,0,4284,0,0.41140881590319794,0.0
4285,175428,0,4285,0,0.4115048497070969,0.0
4286,175430,0,4286,0,0.4116008835109959,0.0
4287,175438,0,4287,0,0.41169691731489483,0.0
4288,175444,0,4288,0,0.4117929511187938,0.0
4289,175447,0,4289,0,0.41188898492269277,0.0
4290,175449,0,4290,0,0.41198501872659177,0.0
4291,175458,0,4291,0,0.4120810525304907,0.0
4292,175464,0,4292,0,0.4121770863343897,0.0
4293,175465,0,4293,0,0.41227312013828865,0.0
4294,175467,0,4294,0,0.41236915394218765,0.0
4295,175470,0,4295,0,0.41246518774608665,0.0
4296,175471,0,4296,0,0.4125612215499856,0.0
4297,175477,0,4297,0,0.4126572553538846,0.0
4298,175479,0,4298,0,0.41275328915778353,0.0
4299,175482,0,4299,0,0.41284932296168253,0.0
4300,175483,0,4300,0,0.4129453567655815,0.0
4301,175486,0,4301,0,0.41304139056948047,0.0
4302,175488,0,4302,0,0.4131374243733794,0.0
4303,175489,0,4303,0,0.4132334581772784,0.0
4304,175491,0,4304,0,0.41332949198117735,0.0
4305,175492,0,4305,0,0.41342552578507635,0.0
4306,175497,0,4306,0,0.4135215595889753,0.0
4307,175499,0,4307,0,0.4136175933928743,0.0
4308,175502,0,4308,0,0.41371362719677324,0.0
4309,175504,0,4309,0,0.41380966100067224,0.0
4310,175506,0,4310,0,0.41390569480457123,0.0
4311,175507,0,4311,0,0.4140017286084702,0.0
4312,175508,0,4312,0,0.4140977624123692,0.0
4313,175512,0,4313,0,0.4141937962162681,0.0
4314,175514,0,4314,0,0.4142898300201671,0.0
4315,175532,0,4315,0,0.41438586382406606,0.0
4316,175536,0,4316,0,0.41448189762796506,0.0
4317,175542,0,4317,0,0.414577931431864,0.0
4318,175544,0,4318,0,0.414673965235763,0.0
4319,175545,0,4319,0,0.41476999903966194,0.0
4320,175549,0,4320,0,0.41486603284356094,0.0
4321,175553,0,4321,0,0.4149620666474599,0.0
4322,175561,0,4322,0,0.4150581004513589,0.0
4323,175563,0,4323,0,0.4151541342552579,0.0
4324,175573,0,4324,0,0.4152501680591568,0.0
4325,175575,0,4325,0,0.4153462018630558,0.0
4326,175577,0,4326,0,0.41544223566695476,0.0
4327,175581,0,4327,0,0.41553826947085376,0.0
4328,175582,0,4328,0,0.4156343032747527,0.0
4329,175585,0,4329,0,0.4157303370786517,0.0
4330,175593,0,4330,0,0.41582637088255064,0.0
4331,175596,0,4331,0,0.41592240468644964,0.0
4332,175600,0,4332,0,0.4160184384903486,0.0
4333,175602,0,4333,0,0.4161144722942476,0.0
4334,175603,0,4334,0,0.4162105060981465,0.0
4335,175605,0,4335,0,0.4163065399020455,0.0
4336,175606,0,4336,0,0.41640257370594447,0.0
4337,175610,0,4337,0,0.41649860750984347,0.0
4338,175615,0,4338,0,0.41659464131374246,0.0
4339,175622,0,4339,0,0.4166906751176414,0.0
4340,175623,0,4340,0,0.4167867089215404,0.0
4341,175626,0,4341,0,0.41688274272543935,0.0
4342,175629,0,4342,0,0.41697877652933835,0.0
4343,175640,0,4343,0,0.4170748103332373,0.0
4344,175641,0,4344,0,0.4171708441371363,0.0
4345,175645,0,4345,0,0.41726687794103523,0.0
4346,175648,0,4346,0,0.41736291174493423,0.0
4347,175649,0,4347,0,0.41745894554883317,0.0
4348,175651,0,4348,0,0.41755497935273217,0.0
4349,175657,0,4349,0,0.4176510131566311,0.0
4350,175658,0,4350,0,0.4177470469605301,0.0
4351,175660,0,4351,0,0.41784308076442905,0.0
4352,175665,0,4352,0,0.41793911456832805,0.0
4353,175667,0,4353,0,0.41803514837222705,0.0
4354,175670,0,4354,0,0.418131182176126,0.0
4355,175671,0,4355,0,0.418227215980025,0.0
4356,175673,0,4356,0,0.41832324978392393,0.0
4357,175674,0,4357,0,0.41841928358782293,0.0
4358,175675,0,4358,0,0.4185153173917219,0.0
4359,175679,0,4359,0,0.4186113511956209,0.0
4360,175680,0,4360,0,0.4187073849995198,0.0
4361,175681,0,4361,0,0.4188034188034188,0.0
4362,175682,0,4362,0,0.41889945260731776,0.0
4363,175684,0,4363,0,0.41899548641121676,0.0
4364,175685,0,4364,0,0.4190915202151157,0.0
4365,175688,0,4365,0,0.4191875540190147,0.0
4366,175691,0,4366,0,0.41928358782291364,0.0
4367,175692,0,4367,0,0.41937962162681264,0.0
4368,175693,0,4368,0,0.41947565543071164,0.0
4369,175694,0,4369,0,0.4195716892346106,0.0
4370,175698,0,4370,0,0.4196677230385096,0.0
4371,175700,0,4371,0,0.4197637568424085,0.0
4372,175701,0,4372,0,0.4198597906463075,0.0
4373,175706,0,4373,0,0.41995582445020646,0.0
4374,175716,0,4374,0,0.42005185825410546,0.0
4375,175717,0,4375,0,0.4201478920580044,0.0
4376,175719,0,4376,0,0.4202439258619034,0.0
4377,175720,0,4377,0,0.42033995966580234,0.0
4378,175721,0,4378,0,0.42043599346970134,0.0
4379,175723,0,4379,0,0.4205320272736003,0.0
4380,175726,0,4380,0,0.4206280610774993,0.0
4381,175734,0,4381,0,0.4207240948813982,0.0
4382,175736,0,4382,0,0.4208201286852972,0.0
4383,175737,0,4383,0,0.4209161624891962,0.0
4384,175741,0,4384,0,0.42101219629309516,0.0
4385,175754,0,4385,0,0.42110823009699416,0.0
4386,175757,0,4386,0,0.4212042639008931,0.0
4387,175758,0,4387,0,0.4213002977047921,0.0
4388,175759,0,4388,0,0.42139633150869105,0.0
4389,175761,0,4389,0,0.42149236531259004,0.0
4390,175762,0,4390,0,0.421588399116489,0.0
4391,175769,0,4391,0,0.421684432920388,0.0
4392,175773,0,4392,0,0.42178046672428693,0.0
4393,175775,0,4393,0,0.4218765005281859,0.0
4394,175780,0,4394,0,0.42197253433208487,0.0
4395,175785,0,4395,0,0.42206856813598387,0.0
4396,175788,0,4396,0,0.42216460193988287,0.0
4397,175791,0,4397,0,0.4222606357437818,0.0
4398,175794,0,4398,0,0.4223566695476808,0.0
4399,175796,0,4399,0,0.42245270335157975,0.0
4400,175797,0,4400,0,0.42254873715547875,0.0
4401,175800,0,4401,0,0.4226447709593777,0.0
4402,175805,0,4402,0,0.4227408047632767,0.0
4403,175806,0,4403,0,0.42283683856717563,0.0
4404,175809,0,4404,0,0.42293287237107463,0.0
4405,175810,0,4405,0,0.4230289061749736,0.0
4406,175814,0,4406,0,0.42312493997887257,0.0
4407,175815,0,4407,0,0.4232209737827715,0.0
4408,175819,0,4408,0,0.4233170075866705,0.0
4409,175820,0,4409,0,0.42341304139056946,0.0
4410,175821,0,4410,0,0.42350907519446845,0.0
4411,175822,0,4411,0,0.42360510899836745,0.0
4412,175824,0,4412,0,0.4237011428022664,0.0
4413,175827,0,4413,0,0.4237971766061654,0.0
4414,175828,0,4414,0,0.42389321041006434,0.0
4415,175829,0,4415,0,0.42398924421396333,0.0
4416,175831,0,4416,0,0.4240852780178623,0.0
4417,175833,0,4417,0,0.4241813118217613,0.0
4418,175834,0,4418,0,0.4242773456256602,0.0
4419,175835,0,4419,0,0.4243733794295592,0.0
4420,175839,0,4420,0,0.42446941323345816,0.0
4421,175844,0,4421,0,0.42456544703735716,0.0
4422,175849,0,4422,0,0.4246614808412561,0.0
4423,175852,0,4423,0,0.4247575146451551,0.0
4424,175853,0,4424,0,0.42485354844905404,0.0
4425,175857,0,4425,0,0.42494958225295304,0.0
4426,175861,0,4426,0,0.42504561605685204,0.0
4427,175862,0,4427,0,0.425141649860751,0.0
4428,175868,0,4428,0,0.42523768366465,0.0
4429,175869,0,4429,0,0.4253337174685489,0.0
4430,175871,0,4430,0,0.4254297512724479,0.0
4431,175875,0,4431,0,0.42552578507634686,0.0
4432,175877,0,4432,0,0.42562181888024586,0.0
4433,175880,0,4433,0,0.4257178526841448,0.0
4434,175881,0,4434,0,0.4258138864880438,0.0
4435,175883,0,4435,0,0.42590992029194275,0.0
4436,175887,0,4436,0,0.42600595409584174,0.0
4437,175893,0,4437,0,0.4261019878997407,0.0
4438,175902,0,4438,0,0.4261980217036397,0.0
4439,175903,0,4439,0,0.4262940555075386,0.0
4440,175904,0,4440,0,0.4263900893114376,0.0
4441,175908,0,4441,0,0.4264861231153366,0.0
4442,175910,0,4442,0,0.42658215691923557,0.0
4443,175913,0,4443,0,0.42667819072313456,0.0
4444,175914,0,4444,0,0.4267742245270335,0.0
4445,175920,0,4445,0,0.4268702583309325,0.0
4446,175922,0,4446,0,0.42696629213483145,0.0
4447,175928,0,4447,0,0.42706232593873045,0.0
4448,175929,0,4448,0,0.4271583597426294,0.0
4449,175935,0,4449,0,0.4272543935465284,0.0
4450,175936,0,4450,0,0.42735042735042733,0.0
4451,175938,0,4451,0,0.42744646115432633,0.0
4452,175946,0,4452,0,0.42754249495822527,0.0
4453,175948,0,4453,0,0.42763852876212427,0.0
4454,175951,0,4454,0,0.4277345625660232,0.0
4455,175952,0,4455,0,0.4278305963699222,0.0
4456,175954,0,4456,0,0.4279266301738212,0.0
4457,175958,0,4457,0,0.42802266397772015,0.0
4458,175961,0,4458,0,0.42811869778161915,0.0
4459,175962,0,4459,0,0.4282147315855181,0.0
4460,175963,0,4460,0,0.4283107653894171,0.0
4461,175965,0,4461,0,0.42840679919331603,0.0
4462,175967,0,4462,0,0.42850283299721503,0.0
4463,175969,0,4463,0,0.428598866801114,0.0
4464,175970,0,4464,0,0.428694900605013,0.0
4465,175972,0,4465,0,0.4287909344089119,0.0
4466,175974,0,4466,0,0.4288869682128109,0.0
4467,175976,0,4467,0,0.42898300201670986,0.0
4468,175977,0,4468,0,0.42907903582060886,0.0
4469,175979,0,4469,0,0.42917506962450785,0.0
4470,175980,0,4470,0,0.4292711034284068,0.0
4471,175982,0,4471,0,0.4293671372323058,0.0
4472,175984,0,4472,0,0.42946317103620474,0.0
4473,175993,0,4473,0,0.42955920484010374,0.0
4474,175996,0,4474,0,0.4296552386440027,0.0
4475,176000,0,4475,0,0.4297512724479017,0.0
4476,176001,0,4476,0,0.4298473062518006,0.0
4477,176002,0,4477,0,0.4299433400556996,0.0
4478,176007,0,4478,0,0.43003937385959856,0.0
4479,176009,0,4479,0,0.43013540766349756,0.0
4480,176018,0,4480,0,0.4302314414673965,0.0
4481,176019,0,4481,0,0.4303274752712955,0.0
4482,176020,0,4482,0,0.43042350907519444,0.0
4483,176022,0,4483,0,0.43051954287909344,0.0
4484,176024,0,4484,0,0.43061557668299244,0.0
4485,176031,0,4485,0,0.4307116104868914,0.0
4486,176033,0,4486,0,0.4308076442907904,0.0
4487,176034,0,4487,0,0.4309036780946893,0.0
4488,176036,0,4488,0,0.4309997118985883,0.0
4489,176039,0,4489,0,0.43109574570248727,0.0
4490,176048,0,4490,0,0.43119177950638626,0.0
4491,176049,0,4491,0,0.4312878133102852,0.0
4492,176057,0,4492,0,0.4313838471141842,0.0
4493,176058,0,4493,0,0.43147988091808315,0.0
4494,176059,0,4494,0,0.43157591472198215,0.0
4495,176060,0,4495,0,0.4316719485258811,0.0
4496,176068,0,4496,0,0.4317679823297801,0.0
4497,176070,0,4497,0,0.43186401613367903,0.0
4498,176072,0,4498,0,0.43196004993757803,0.0
4499,176073,0,4499,0,0.432056083741477,0.0
4500,176074,0,4500,0,0.43215211754537597,0.0
4501,176075,0,4501,0,0.43224815134927497,0.0
4502,176077,0,4502,0,0.4323441851531739,0.0
4503,176078,0,4503,0,0.4324402189570729,0.0
4504,176081,0,4504,0,0.43253625276097185,0.0
4505,176083,0,4505,0,0.43263228656487085,0.0
4506,176084,0,4506,0,0.4327283203687698,0.0
4507,176088,0,4507,0,0.4328243541726688,0.0
4508,176090,0,4508,0,0.43292038797656773,0.0
4509,176094,0,4509,0,0.43301642178046673,0.0
4510,176096,0,4510,0,0.4331124555843657,0.0
4511,176097,0,4511,0,0.4332084893882647,0.0
4512,176102,0,4512,0,0.4333045231921636,0.0
4513,176103,0,4513,0,0.4334005569960626,0.0
4514,176104,0,4514,0,0.4334965907999616,0.0
4515,176106,0,4515,0,0.43359262460386055,0.0
4516,176107,0,4516,0,0.43368865840775955,0.0
4517,176110,0,4517,0,0.4337846922116585,0.0
4518,176115,0,4518,0,0.4338807260155575,0.0
4519,176117,0,4519,0,0.43397675981945644,0.0
4520,176119,0,4520,0,0.43407279362335544,0.0
4521,176120,0,4521,0,0.4341688274272544,0.0
4522,176123,0,4522,0,0.4342648612311534,0.0
4523,176126,0,4523,0,0.4343608950350523,0.0
4524,176128,0,4524,0,0.4344569288389513,0.0
4525,176135,0,4525,0,0.43455296264285026,0.0
4526,176137,0,4526,0,0.43464899644674926,0.0
4527,176138,0,4527,0,0.4347450302506482,0.0
4528,176140,0,4528,0,0.4348410640545472,0.0
4529,176142,0,4529,0,0.4349370978584462,0.0
4530,176147,0,4530,0,0.43503313166234514,0.0
4531,176153,0,4531,0,0.43512916546624414,0.0
4532,176156,0,4532,0,0.4352251992701431,0.0
4533,176164,0,4533,0,0.4353212330740421,0.0
4534,176165,0,4534,0,0.435417266877941,0.0
4535,176168,0,4535,0,0.43551330068184,0.0
4536,176169,0,4536,0,0.43560933448573896,0.0
4537,176170,0,4537,0,0.43570536828963796,0.0
4538,176174,0,4538,0,0.4358014020935369,0.0
4539,176176,0,4539,0,0.4358974358974359,0.0
4540,176178,0,4540,0,0.43599346970133485,0.0
4541,176180,0,4541,0,0.43608950350523384,0.0
4542,176181,0,4542,0,0.43618553730913284,0.0
4543,176182,0,4543,0,0.4362815711130318,0.0
4544,176185,0,4544,0,0.4363776049169308,0.0
4545,176187,0,4545,0,0.4364736387208297,0.0
4546,176188,0,4546,0,0.4365696725247287,0.0
4547,176189,0,4547,0,0.43666570632862767,0.0
4548,176190,0,4548,0,0.43676174013252667,0.0
4549,176192,0,4549,0,0.4368577739364256,0.0
4550,176193,0,4550,0,0.4369538077403246,0.0
4551,176194,0,4551,0,0.43704984154422355,0.0
4552,176203,0,4552,0,0.43714587534812255,0.0
4553,176206,0,4553,0,0.4372419091520215,0.0
4554,176211,0,4554,0,0.4373379429559205,0.0
4555,176212,0,4555,0,0.43743397675981943,0.0
4556,176220,0,4556,0,0.43753001056371843,0.0
4557,176225,0,4557,0,0.43762604436761743,0.0
4558,176229,0,4558,0,0.43772207817151637,0.0
4559,176236,0,4559,0,0.43781811197541537,0.0
4560,176238,0,4560,0,0.4379141457793143,0.0
4561,176244,0,4561,0,0.4380101795832133,0.0
4562,176245,0,4562,0,0.43810621338711225,0.0
4563,176247,0,4563,0,0.43820224719101125,0.0
4564,176251,0,4564,0,0.4382982809949102,0.0
4565,176255,0,4565,0,0.4383943147988092,0.0
4566,176257,0,4566,0,0.43849034860270814,0.0
4567,176266,0,4567,0,0.43858638240660713,0.0
4568,176268,0,4568,0,0.4386824162105061,0.0
4569,176269,0,4569,0,0.4387784500144051,0.0
4570,176270,0,4570,0,0.438874483818304,0.0
4571,176271,0,4571,0,0.438970517622203,0.0
4572,176274,0,4572,0,0.439066551426102,0.0
4573,176275,0,4573,0,0.43916258523000096,0.0
4574,176276,0,4574,0,0.43925861903389996,0.0
4575,176277,0,4575,0,0.4393546528377989,0.0
4576,176278,0,4576,0,0.4394506866416979,0.0
4577,176283,0,4577,0,0.43954672044559684,0.0
4578,176285,0,4578,0,0.43964275424949584,0.0
4579,176289,0,4579,0,0.4397387880533948,0.0
4580,176290,0,4580,0,0.4398348218572938,0.0
4581,176291,0,4581,0,0.4399308556611927,0.0
4582,176296,0,4582,0,0.4400268894650917,0.0
4583,176301,0,4583,0,0.44012292326899066,0.0
4584,176304,0,4584,0,0.44021895707288966,0.0
4585,176306,0,4585,0,0.4403149908767886,0.0
4586,176314,0,4586,0,0.4404110246806876,0.0
4587,176317,0,4587,0,0.4405070584845866,0.0
4588,176318,0,4588,0,0.44060309228848554,0.0
4589,176319,0,4589,0,0.44069912609238454,0.0
4590,176320,0,4590,0,0.4407951598962835,0.0
4591,176326,0,4591,0,0.4408911937001825,0.0
4592,176327,0,4592,0,0.4409872275040814,0.0
4593,176329,0,4593,0,0.4410832613079804,0.0
4594,176338,0,4594,0,0.44117929511187937,0.0
4595,176345,0,4595,0,0.44127532891577836,0.0
4596,176347,0,4596,0,0.4413713627196773,0.0
4597,176348,0,4597,0,0.4414673965235763,0.0
4598,176354,0,4598,0,0.44156343032747525,0.0
4599,176355,0,4599,0,0.44165946413137425,0.0
4600,176357,0,4600,0,0.4417554979352732,0.0
4601,176363,0,4601,0,0.4418515317391722,0.0
4602,176364,0,4602,0,0.4419475655430712,0.0
4603,176365,0,4603,0,0.44204359934697013,0.0
4604,176366,0,4604,0,0.4421396331508691,0.0
4605,176369,0,4605,0,0.44223566695476807,0.0
4606,176370,0,4606,0,0.44233170075866707,0.0
4607,176378,0,4607,0,0.442427734562566,0.0
4608,176384,0,4608,0,0.442523768366465,0.0
4609,176387,0,4609,0,0.44261980217036395,0.0
4610,176410,0,4610,0,0.44271583597426295,0.0
4611,176411,0,4611,0,0.4428118697781619,0.0
4612,176413,0,4612,0,0.4429079035820609,0.0
4613,176415,0,4613,0,0.44300393738595983,0.0
4614,176422,0,4614,0,0.44309997118985883,0.0
4615,176424,0,4615,0,0.4431960049937578,0.0
4616,176425,0,4616,0,0.4432920387976568,0.0
4617,176430,0,4617,0,0.44338807260155577,0.0
4618,176432,0,4618,0,0.4434841064054547,0.0
4619,176433,0,4619,0,0.4435801402093537,0.0
4620,176435,0,4620,0,0.44367617401325266,0.0
4621,176438,0,4621,0,0.44377220781715165,0.0
4622,176446,0,4622,0,0.4438682416210506,0.0
4623,176452,0,4623,0,0.4439642754249496,0.0
4624,176465,0,4624,0,0.44406030922884854,0.0
4625,176467,0,4625,0,0.44415634303274754,0.0
4626,176469,0,4626,0,0.4442523768366465,0.0
4627,176474,0,4627,0,0.4443484106405455,0.0
4628,176571,0,4628,0,0.4444444444444444,0.0
4629,176573,0,4629,0,0.4445404782483434,0.0
4630,176575,0,4630,0,0.4446365120522424,0.0
4631,176581,0,4631,0,0.44473254585614136,0.0
4632,176589,0,4632,0,0.44482857966004036,0.0
4633,176593,0,4633,0,0.4449246134639393,0.0
4634,176597,0,4634,0,0.4450206472678383,0.0
4635,176599,0,4635,0,0.44511668107173724,0.0
4636,176604,0,4636,0,0.44521271487563624,0.0
4637,176615,0,4637,0,0.4453087486795352,0.0
4638,176616,0,4638,0,0.4454047824834342,0.0
4639,176617,0,4639,0,0.4455008162873331,0.0
4640,176624,0,4640,0,0.4455968500912321,0.0
4641,176626,0,4641,0,0.44569288389513106,0.0
4642,176627,0,4642,0,0.44578891769903006,0.0
4643,176630,0,4643,0,0.445884951502929,0.0
4644,176632,0,4644,0,0.445980985306828,0.0
4645,176633,0,4645,0,0.446077019110727,0.0
4646,176635,0,4646,0,0.44617305291462594,0.0
4647,176637,0,4647,0,0.44626908671852494,0.0
4648,176639,0,4648,0,0.4463651205224239,0.0
4649,176640,0,4649,0,0.4464611543263229,0.0
4650,176641,0,4650,0,0.4465571881302218,0.0
4651,176642,0,4651,0,0.4466532219341208,0.0
4652,176644,0,4652,0,0.44674925573801977,0.0
4653,176645,0,4653,0,0.44684528954191877,0.0
4654,176646,0,4654,0,0.4469413233458177,0.0
4655,176651,0,4655,0,0.4470373571497167,0.0
4656,176652,0,4656,0,0.44713339095361565,0.0
4657,176655,0,4657,0,0.44722942475751465,0.0
4658,176658,0,4658,0,0.4473254585614136,0.0
4659,176661,0,4659,0,0.4474214923653126,0.0
4660,176662,0,4660,0,0.4475175261692116,0.0
4661,176663,0,4661,0,0.44761355997311053,0.0
4662,176664,0,4662,0,0.44770959377700953,0.0
4663,176666,0,4663,0,0.44780562758090847,0.0
4664,176671,0,4664,0,0.44790166138480747,0.0
4665,176672,0,4665,0,0.4479976951887064,0.0
4666,176673,0,4666,0,0.4480937289926054,0.0
4667,176675,0,4667,0,0.44818976279650435,0.0
4668,176678,0,4668,0,0.44828579660040335,0.0
4669,176679,0,4669,0,0.4483818304043023,0.0
4670,176681,0,4670,0,0.4484778642082013,0.0
4671,176682,0,4671,0,0.44857389801210024,0.0
4672,176693,0,4672,0,0.44866993181599923,0.0
4673,176694,0,4673,0,0.4487659656198982,0.0
4674,176715,0,4674,0,0.4488619994237972,0.0
4675,176722,0,4675,0,0.4489580332276962,0.0
4676,176733,0,4676,0,0.4490540670315951,0.0
4677,176734,0,4677,0,0.4491501008354941,0.0
4678,176735,0,4678,0,0.44924613463939306,0.0
4679,176747,0,4679,0,0.44934216844329206,0.0
4680,176752,0,4680,0,0.449438202247191,0.0
4681,176761,0,4681,0,0.44953423605109,0.0
4682,176767,0,4682,0,0.44963026985498894,0.0
4683,176768,0,4683,0,0.44972630365888794,0.0
4684,176770,0,4684,0,0.4498223374627869,0.0
4685,176794,0,4685,0,0.4499183712666859,0.0
4686,176811,0,4686,0,0.4500144050705848,0.0
4687,176817,0,4687,0,0.4501104388744838,0.0
4688,176823,0,4688,0,0.45020647267838276,0.0
4689,176832,0,4689,0,0.45030250648228176,0.0
4690,176834,0,4690,0,0.45039854028618076,0.0
4691,176838,0,4691,0,0.4504945740900797,0.0
4692,176840,0,4692,0,0.4505906078939787,0.0
4693,176845,0,4693,0,0.45068664169787764,0.0
4694,176847,0,4694,0,0.45078267550177664,0.0
4695,176863,0,4695,0,0.4508787093056756,0.0
4696,176877,0,4696,0,0.4509747431095746,0.0
4697,176879,0,4697,0,0.4510707769134735,0.0
4698,176884,0,4698,0,0.4511668107173725,0.0
4699,176894,0,4699,0,0.45126284452127147,0.0
4700,176898,0,4700,0,0.45135887832517047,0.0
4701,176900,0,4701,0,0.4514549121290694,0.0
4702,176906,0,4702,0,0.4515509459329684,0.0
4703,176918,0,4703,0,0.4516469797368674,0.0
4704,176919,0,4704,0,0.45174301354076635,0.0
4705,176926,0,4705,0,0.45183904734466535,0.0
4706,176934,0,4706,0,0.4519350811485643,0.0
4707,176941,0,4707,0,0.4520311149524633,0.0
4708,176942,0,4708,0,0.45212714875636223,0.0
4709,176945,0,4709,0,0.4522231825602612,0.0
4710,176951,0,4710,0,0.45231921636416017,0.0
4711,176957,0,4711,0,0.45241525016805917,0.0
4712,176963,0,4712,0,0.4525112839719581,0.0
4713,176978,0,4713,0,0.4526073177758571,0.0
4714,176991,0,4714,0,0.45270335157975605,0.0
4715,176993,0,4715,0,0.45279938538365505,0.0
4716,176997,0,4716,0,0.452895419187554,0.0
4717,176998,0,4717,0,0.452991452991453,0.0
4718,177003,0,4718,0,0.453087486795352,0.0
4719,177017,0,4719,0,0.45318352059925093,0.0
4720,177018,0,4720,0,0.45327955440314993,0.0
4721,177020,0,4721,0,0.4533755882070489,0.0
4722,177021,0,4722,0,0.4534716220109479,0.0
4723,177038,0,4723,0,0.4535676558148468,0.0
4724,177050,0,4724,0,0.4536636896187458,0.0
4725,177051,0,4725,0,0.45375972342264476,0.0
4726,177069,0,4726,0,0.45385575722654375,0.0
4727,177071,0,4727,0,0.4539517910304427,0.0
4728,177072,0,4728,0,0.4540478248343417,0.0
4729,177085,0,4729,0,0.45414385863824064,0.0
4730,177091,0,4730,0,0.45423989244213964,0.0
4731,177093,0,4731,0,0.4543359262460386,0.0
4732,177095,0,4732,0,0.4544319600499376,0.0
4733,177096,0,4733,0,0.4545279938538366,0.0
4734,177098,0,4734,0,0.4546240276577355,0.0
4735,177107,0,4735,0,0.4547200614616345,0.0
4736,177108,0,4736,0,0.45481609526553346,0.0
4737,177111,0,4737,0,0.45491212906943246,0.0
4738,177114,0,4738,0,0.4550081628733314,0.0
4739,177117,0,4739,0,0.4551041966772304,0.0
4740,177119,0,4740,0,0.45520023048112934,0.0
4741,177125,0,4741,0,0.45529626428502834,0.0
4742,177129,0,4742,0,0.4553922980889273,0.0
4743,177137,0,4743,0,0.4554883318928263,0.0
4744,177140,0,4744,0,0.4555843656967252,0.0
4745,177143,0,4745,0,0.4556803995006242,0.0
4746,177145,0,4746,0,0.45577643330452317,0.0
4747,177146,0,4747,0,0.45587246710842216,0.0
4748,177156,0,4748,0,0.45596850091232116,0.0
4749,177172,0,4749,0,0.4560645347162201,0.0
4750,177173,0,4750,0,0.4561605685201191,0.0
4751,177174,0,4751,0,0.45625660232401805,0.0
4752,177186,0,4752,0,0.45635263612791704,0.0
4753,177191,0,4753,0,0.456448669931816,0.0
4754,177200,0,4754,0,0.456544703735715,0.0
4755,177202,0,4755,0,0.45664073753961393,0.0
4756,177206,0,4756,0,0.4567367713435129,0.0
4757,177212,0,4757,0,0.45683280514741187,0.0
4758,177218,0,4758,0,0.45692883895131087,0.0
4759,177220,0,4759,0,0.4570248727552098,0.0
4760,177224,0,4760,0,0.4571209065591088,0.0
4761,177226,0,4761,0,0.45721694036300775,0.0
4762,177228,0,4762,0,0.45731297416690675,0.0
4763,177232,0,4763,0,0.45740900797080575,0.0
4764,177233,0,4764,0,0.4575050417747047,0.0
4765,177236,0,4765,0,0.4576010755786037,0.0
4766,177240,0,4766,0,0.45769710938250263,0.0
4767,177241,0,4767,0,0.45779314318640163,0.0
4768,177244,0,4768,0,0.4578891769903006,0.0
4769,177249,0,4769,0,0.45798521079419957,0.0
4770,177250,0,4770,0,0.4580812445980985,0.0
4771,177251,0,4771,0,0.4581772784019975,0.0
4772,177260,0,4772,0,0.45827331220589645,0.0
4773,177280,0,4773,0,0.45836934600979545,0.0
4774,177282,0,4774,0,0.4584653798136944,0.0
4775,177284,0,4775,0,0.4585614136175934,0.0
4776,177287,0,4776,0,0.4586574474214924,0.0
4777,177291,0,4777,0,0.45875348122539134,0.0
4778,177292,0,4778,0,0.45884951502929033,0.0
4779,177294,0,4779,0,0.4589455488331893,0.0
4780,177299,0,4780,0,0.4590415826370883,0.0
4781,177300,0,4781,0,0.4591376164409872,0.0
4782,177303,0,4782,0,0.4592336502448862,0.0
4783,177312,0,4783,0,0.45932968404878516,0.0
4784,177313,0,4784,0,0.45942571785268416,0.0
4785,177314,0,4785,0,0.4595217516565831,0.0
4786,177315,0,4786,0,0.4596177854604821,0.0
4787,177316,0,4787,0,0.45971381926438104,0.0
4788,177320,0,4788,0,0.45980985306828004,0.0
4789,177325,0,4789,0,0.459905886872179,0.0
4790,177326,0,4790,0,0.460001920676078,0.0
4791,177328,0,4791,0,0.460097954479977,0.0
4792,177331,0,4792,0,0.4601939882838759,0.0
4793,177343,0,4793,0,0.4602900220877749,0.0
4794,177347,0,4794,0,0.46038605589167386,0.0
4795,177349,0,4795,0,0.46048208969557286,0.0
4796,177352,0,4796,0,0.4605781234994718,0.0
4797,177355,0,4797,0,0.4606741573033708,0.0
4798,177357,0,4798,0,0.46077019110726974,0.0
4799,177359,0,4799,0,0.46086622491116874,0.0
4800,177361,0,4800,0,0.4609622587150677,0.0
4801,177363,0,4801,0,0.4610582925189667,0.0
4802,177365,0,4802,0,0.4611543263228656,0.0
4803,177366,0,4803,0,0.4612503601267646,0.0
4804,177367,0,4804,0,0.46134639393066357,0.0
4805,177369,0,4805,0,0.46144242773456257,0.0
4806,177370,0,4806,0,0.46153846153846156,0.0
4807,177385,0,4807,0,0.4616344953423605,0.0
4808,177398,0,4808,0,0.4617305291462595,0.0
4809,177400,0,4809,0,0.46182656295015845,0.0
4810,177405,0,4810,0,0.46192259675405745,0.0
4811,177408,0,4811,0,0.4620186305579564,0.0
4812,177411,0,4812,0,0.4621146643618554,0.0
4813,177414,0,4813,0,0.46221069816575433,0.0
4814,177428,0,4814,0,0.46230673196965333,0.0
4815,177432,0,4815,0,0.46240276577355227,0.0
4816,177443,0,4816,0,0.46249879957745127,0.0
4817,177446,0,4817,0,0.4625948333813502,0.0
4818,177447,0,4818,0,0.4626908671852492,0.0
4819,177452,0,4819,0,0.46278690098914815,0.0
4820,177460,0,4820,0,0.46288293479304715,0.0
4821,177462,0,4821,0,0.46297896859694615,0.0
4822,177463,0,4822,0,0.4630750024008451,0.0
4823,177464,0,4823,0,0.4631710362047441,0.0
4824,177471,0,4824,0,0.46326707000864303,0.0
4825,177473,0,4825,0,0.46336310381254203,0.0
4826,177478,0,4826,0,0.463459137616441,0.0
4827,177492,0,4827,0,0.46355517142034,0.0
4828,177497,0,4828,0,0.4636512052242389,0.0
4829,177498,0,4829,0,0.4637472390281379,0.0
4830,177512,0,4830,0,0.46384327283203686,0.0
4831,177519,0,4831,0,0.46393930663593586,0.0
4832,177520,0,4832,0,0.4640353404398348,0.0
4833,177521,0,4833,0,0.4641313742437338,0.0
4834,177526,0,4834,0,0.46422740804763274,0.0
4835,177531,0,4835,0,0.46432344185153174,0.0
4836,177534,0,4836,0,0.46441947565543074,0.0
4837,177536,0,4837,0,0.4645155094593297,0.0
4838,177539,0,4838,0,0.4646115432632287,0.0
4839,177542,0,4839,0,0.4647075770671276,0.0
4840,177543,0,4840,0,0.4648036108710266,0.0
4841,177544,0,4841,0,0.46489964467492556,0.0
4842,177545,0,4842,0,0.46499567847882456,0.0
4843,177546,0,4843,0,0.4650917122827235,0.0
4844,177556,0,4844,0,0.4651877460866225,0.0
4845,177558,0,4845,0,0.46528377989052144,0.0
4846,177559,0,4846,0,0.46537981369442044,0.0
4847,177564,0,4847,0,0.4654758474983194,0.0
4848,177565,0,4848,0,0.4655718813022184,0.0
4849,177566,0,4849,0,0.4656679151061174,0.0
4850,177578,0,4850,0,0.4657639489100163,0.0
4851,177580,0,4851,0,0.4658599827139153,0.0
4852,177581,0,4852,0,0.46595601651781426,0.0
4853,177584,0,4853,0,0.46605205032171326,0.0
4854,177587,0,4854,0,0.4661480841256122,0.0
4855,177594,0,4855,0,0.4662441179295112,0.0
4856,177595,0,4856,0,0.46634015173341015,0.0
4857,177597,0,4857,0,0.46643618553730914,0.0
4858,177599,0,4858,0,0.4665322193412081,0.0
4859,177600,0,4859,0,0.4666282531451071,0.0
4860,177603,0,4860,0,0.46672428694900603,0.0
4861,177604,0,4861,0,0.466820320752905,0.0
4862,177605,0,4862,0,0.46691635455680397,0.0
4863,177607,0,4863,0,0.46701238836070297,0.0
4864,177610,0,4864,0,0.46710842216460197,0.0
4865,177615,0,4865,0,0.4672044559685009,0.0
4866,177617,0,4866,0,0.4673004897723999,0.0
4867,177622,0,4867,0,0.46739652357629885,0.0
4868,177626,0,4868,0,0.46749255738019785,0.0
4869,177627,0,4869,0,0.4675885911840968,0.0
4870,177628,0,4870,0,0.4676846249879958,0.0
4871,177635,0,4871,0,0.46778065879189473,0.0
4872,177637,0,4872,0,0.46787669259579373,0.0
4873,177642,0,4873,0,0.4679727263996927,0.0
4874,177649,0,4874,0,0.46806876020359167,0.0
4875,177653,0,4875,0,0.4681647940074906,0.0
4876,177658,0,4876,0,0.4682608278113896,0.0
4877,177659,0,4877,0,0.46835686161528856,0.0
4878,177660,0,4878,0,0.46845289541918755,0.0
4879,177661,0,4879,0,0.46854892922308655,0.0
4880,177666,0,4880,0,0.4686449630269855,0.0
4881,177668,0,4881,0,0.4687409968308845,0.0
4882,177670,0,4882,0,0.46883703063478344,0.0
4883,177671,0,4883,0,0.46893306443868243,0.0
4884,177674,0,4884,0,0.4690290982425814,0.0
4885,177678,0,4885,0,0.4691251320464804,0.0
4886,177685,0,4886,0,0.4692211658503793,0.0
4887,177686,0,4887,0,0.4693171996542783,0.0
4888,177692,0,4888,0,0.46941323345817726,0.0
4889,177700,0,4889,0,0.46950926726207626,0.0
4890,177704,0,4890,0,0.4696053010659752,0.0
4891,177705,0,4891,0,0.4697013348698742,0.0
4892,177706,0,4892,0,0.46979736867377314,0.0
4893,177709,0,4893,0,0.46989340247767214,0.0
4894,177713,0,4894,0,0.46998943628157114,0.0
4895,177714,0,4895,0,0.4700854700854701,0.0
4896,177715,0,4896,0,0.4701815038893691,0.0
4897,177717,0,4897,0,0.470277537693268,0.0
4898,177727,0,4898,0,0.470373571497167,0.0
4899,177729,0,4899,0,0.47046960530106596,0.0
4900,177734,0,4900,0,0.47056563910496496,0.0
4901,177740,0,4901,0,0.4706616729088639,0.0
4902,177746,0,4902,0,0.4707577067127629,0.0
4903,177753,0,4903,0,0.47085374051666185,0.0
4904,177754,0,4904,0,0.47094977432056084,0.0
4905,177757,0,4905,0,0.4710458081244598,0.0
4906,177761,0,4906,0,0.4711418419283588,0.0
4907,177766,0,4907,0,0.4712378757322577,0.0
4908,177767,0,4908,0,0.4713339095361567,0.0
4909,177768,0,4909,0,0.4714299433400557,0.0
4910,177773,0,4910,0,0.47152597714395467,0.0
4911,177777,0,4911,0,0.47162201094785366,0.0
4912,177785,0,4912,0,0.4717180447517526,0.0
4913,177793,0,4913,0,0.4718140785556516,0.0
4914,177794,0,4914,0,0.47191011235955055,0.0
4915,177798,0,4915,0,0.47200614616344955,0.0
4916,177799,0,4916,0,0.4721021799673485,0.0
4917,177804,0,4917,0,0.4721982137712475,0.0
4918,177808,0,4918,0,0.47229424757514643,0.0
4919,177810,0,4919,0,0.47239028137904543,0.0
4920,177811,0,4920,0,0.47248631518294437,0.0
4921,177815,0,4921,0,0.47258234898684337,0.0
4922,177818,0,4922,0,0.47267838279074237,0.0
4923,177824,0,4923,0,0.4727744165946413,0.0
4924,177825,0,4924,0,0.4728704503985403,0.0
4925,177826,0,4925,0,0.47296648420243925,0.0
4926,177827,0,4926,0,0.47306251800633825,0.0
4927,177828,0,4927,0,0.4731585518102372,0.0
4928,177829,0,4928,0,0.4732545856141362,0.0
4929,177837,0,4929,0,0.47335061941803513,0.0
4930,177839,0,4930,0,0.47344665322193413,0.0
4931,177840,0,4931,0,0.4735426870258331,0.0
4932,177851,0,4932,0,0.4736387208297321,0.0
4933,177853,0,4933,0,0.473734754633631,0.0
4934,177856,0,4934,0,0.47383078843753,0.0
4935,177862,0,4935,0,0.47392682224142896,0.0
4936,177863,0,4936,0,0.47402285604532796,0.0
4937,177873,0,4937,0,0.47411888984922695,0.0
4938,177877,0,4938,0,0.4742149236531259,0.0
4939,177879,0,4939,0,0.4743109574570249,0.0
4940,177884,0,4940,0,0.47440699126092384,0.0
4941,177885,0,4941,0,0.47450302506482284,0.0
4942,177887,0,4942,0,0.4745990588687218,0.0
4943,177888,0,4943,0,0.4746950926726208,0.0
4944,177893,0,4944,0,0.4747911264765197,0.0
4945,177894,0,4945,0,0.4748871602804187,0.0
4946,177901,0,4946,0,0.47498319408431766,0.0
4947,177904,0,4947,0,0.47507922788821666,0.0
4948,177908,0,4948,0,0.4751752616921156,0.0
4949,177911,0,4949,0,0.4752712954960146,0.0
4950,177914,0,4950,0,0.47536732929991354,0.0
4951,177921,0,4951,0,0.47546336310381254,0.0
4952,177933,0,4952,0,0.47555939690771154,0.0
4953,177936,0,4953,0,0.4756554307116105,0.0
4954,177946,0,4954,0,0.4757514645155095,0.0
4955,177947,0,4955,0,0.4758474983194084,0.0
4956,177949,0,4956,0,0.4759435321233074,0.0
4957,177959,0,4957,0,0.47603956592720637,0.0
4958,177961,0,4958,0,0.47613559973110536,0.0
4959,177966,0,4959,0,0.4762316335350043,0.0
4960,177967,0,4960,0,0.4763276673389033,0.0
4961,177980,0,4961,0,0.47642370114280225,0.0
4962,177981,0,4962,0,0.47651973494670125,0.0
4963,177989,0,4963,0,0.4766157687506002,0.0
4964,177991,0,4964,0,0.4767118025544992,0.0
4965,177992,0,4965,0,0.47680783635839813,0.0
4966,177994,0,4966,0,0.4769038701622971,0.0
4967,177997,0,4967,0,0.4769999039661961,0.0
4968,177999,0,4968,0,0.47709593777009507,0.0
4969,178002,0,4969,0,0.47719197157399407,0.0
4970,178006,0,4970,0,0.477288005377893,0.0
4971,178009,0,4971,0,0.477384039181792,0.0
4972,178012,0,4972,0,0.47748007298569095,0.0
4973,178013,0,4973,0,0.47757610678958995,0.0
4974,178016,0,4974,0,0.4776721405934889,0.0
4975,178018,0,4975,0,0.4777681743973879,0.0
4976,178022,0,4976,0,0.47786420820128683,0.0
4977,178027,0,4977,0,0.47796024200518583,0.0
4978,178034,0,4978,0,0.4780562758090848,0.0
4979,178036,0,4979,0,0.4781523096129838,0.0
4980,178040,0,4980,0,0.4782483434168827,0.0
4981,178045,0,4981,0,0.4783443772207817,0.0
4982,178054,0,4982,0,0.4784404110246807,0.0
4983,178055,0,4983,0,0.47853644482857965,0.0
4984,178056,0,4984,0,0.47863247863247865,0.0
4985,178059,0,4985,0,0.4787285124363776,0.0
4986,178061,0,4986,0,0.4788245462402766,0.0
4987,178071,0,4987,0,0.47892058004417554,0.0
4988,178073,0,4988,0,0.47901661384807454,0.0
4989,178076,0,4989,0,0.4791126476519735,0.0
4990,178080,0,4990,0,0.4792086814558725,0.0
4991,178083,0,4991,0,0.4793047152597714,0.0
4992,178084,0,4992,0,0.4794007490636704,0.0
4993,178085,0,4993,0,0.47949678286756936,0.0
4994,178090,0,4994,0,0.47959281667146836,0.0
4995,178092,0,4995,0,0.47968885047536736,0.0
4996,178103,0,4996,0,0.4797848842792663,0.0
4997,178104,0,4997,0,0.4798809180831653,0.0
4998,178108,0,4998,0,0.47997695188706424,0.0
4999,178115,0,4999,0,0.48007298569096324,0.0
5000,178123,0,5000,0,0.4801690194948622,0.0
5001,178124,0,5001,0,0.4802650532987612,0.0
5002,178125,0,5002,0,0.4803610871026601,0.0
5003,178127,0,5003,0,0.4804571209065591,0.0
5004,178131,0,5004,0,0.48055315471045806,0.0
5005,178132,0,5005,0,0.48064918851435706,0.0
5006,178134,0,5006,0,0.480745222318256,0.0
5007,178136,0,5007,0,0.480841256122155,0.0
5008,178139,0,5008,0,0.48093728992605395,0.0
5009,178141,0,5009,0,0.48103332372995294,0.0
5010,178142,0,5010,0,0.48112935753385194,0.0
5011,178148,0,5011,0,0.4812253913377509,0.0
5012,178149,0,5012,0,0.4813214251416499,0.0
5013,178152,0,5013,0,0.4814174589455488,0.0
5014,178161,0,5014,0,0.4815134927494478,0.0
5015,178162,0,5015,0,0.48160952655334677,0.0
5016,178168,0,5016,0,0.48170556035724577,0.0
5017,178169,0,5017,0,0.4818015941611447,0.0
5018,178170,0,5018,0,0.4818976279650437,0.0
5019,178180,0,5019,0,0.48199366176894265,0.0
5020,178184,0,5020,0,0.48208969557284165,0.0
5021,178189,0,5021,0,0.4821857293767406,0.0
5022,178191,0,5022,0,0.4822817631806396,0.0
5023,178193,0,5023,0,0.48237779698453853,0.0
5024,178195,0,5024,0,0.48247383078843753,0.0
5025,178196,0,5025,0,0.48256986459233653,0.0
5026,178197,0,5026,0,0.48266589839623547,0.0
5027,178198,0,5027,0,0.48276193220013447,0.0
5028,178200,0,5028,0,0.4828579660040334,0.0
5029,178204,0,5029,0,0.4829539998079324,0.0
5030,178209,0,5030,0,0.48305003361183135,0.0
5031,178214,0,5031,0,0.48314606741573035,0.0
5032,178223,0,5032,0,0.4832421012196293,0.0
5033,178231,0,5033,0,0.4833381350235283,0.0
5034,178234,0,5034,0,0.48343416882742724,0.0
5035,178237,0,5035,0,0.48353020263132623,0.0
5036,178239,0,5036,0,0.4836262364352252,0.0
5037,178241,0,5037,0,0.4837222702391242,0.0
5038,178251,0,5038,0,0.4838183040430231,0.0
5039,178254,0,5039,0,0.4839143378469221,0.0
5040,178256,0,5040,0,0.4840103716508211,0.0
5041,178264,0,5041,0,0.48410640545472006,0.0
5042,178270,0,5042,0,0.48420243925861906,0.0
5043,178271,0,5043,0,0.484298473062518,0.0
5044,178274,0,5044,0,0.484394506866417,0.0
5045,178278,0,5045,0,0.48449054067031594,0.0
5046,178294,0,5046,0,0.48458657447421494,0.0
5047,178296,0,5047,0,0.4846826082781139,0.0
5048,178297,0,5048,0,0.4847786420820129,0.0
5049,178301,0,5049,0,0.4848746758859118,0.0
5050,178305,0,5050,0,0.4849707096898108,0.0
5051,178312,0,5051,0,0.48506674349370976,0.0
5052,178316,0,5052,0,0.48516277729760876,0.0
5053,178335,0,5053,0,0.4852588111015077,0.0
5054,178337,0,5054,0,0.4853548449054067,0.0
5055,178344,0,5055,0,0.4854508787093057,0.0
5056,178346,0,5056,0,0.48554691251320464,0.0
5057,178347,0,5057,0,0.48564294631710364,0.0
5058,178348,0,5058,0,0.4857389801210026,0.0
5059,178351,0,5059,0,0.4858350139249016,0.0
5060,178365,0,5060,0,0.4859310477288005,0.0
5061,178373,0,5061,0,0.4860270815326995,0.0
5062,178377,0,5062,0,0.48612311533659847,0.0
5063,178380,0,5063,0,0.48621914914049746,0.0
5064,178381,0,5064,0,0.4863151829443964,0.0
5065,178383,0,5065,0,0.4864112167482954,0.0
5066,178384,0,5066,0,0.48650725055219435,0.0
5067,178385,0,5067,0,0.48660328435609335,0.0
5068,178388,0,5068,0,0.48669931815999234,0.0
5069,178389,0,5069,0,0.4867953519638913,0.0
5070,178399,0,5070,0,0.4868913857677903,0.0
5071,178407,0,5071,0,0.48698741957168923,0.0
5072,178410,0,5072,0,0.4870834533755882,0.0
5073,178412,0,5073,0,0.48717948717948717,0.0
5074,178417,0,5074,0,0.48727552098338617,0.0
5075,178419,0,5075,0,0.4873715547872851,0.0
5076,178422,0,5076,0,0.4874675885911841,0.0
5077,178424,0,5077,0,0.48756362239508305,0.0
5078,178425,0,5078,0,0.48765965619898205,0.0
5079,178429,0,5079,0,0.487755690002881,0.0
5080,178431,0,5080,0,0.48785172380678,0.0
5081,178436,0,5081,0,0.48794775761067893,0.0
5082,178438,0,5082,0,0.48804379141457793,0.0
5083,178439,0,5083,0,0.48813982521847693,0.0
5084,178441,0,5084,0,0.4882358590223759,0.0
5085,178442,0,5085,0,0.48833189282627487,0.0
5086,178444,0,5086,0,0.4884279266301738,0.0
5087,178445,0,5087,0,0.4885239604340728,0.0
5088,178447,0,5088,0,0.48861999423797176,0.0
5089,178453,0,5089,0,0.48871602804187075,0.0
5090,178462,0,5090,0,0.4888120618457697,0.0
5091,178469,0,5091,0,0.4889080956496687,0.0
5092,178470,0,5092,0,0.48900412945356764,0.0
5093,178473,0,5093,0,0.48910016325746664,0.0
5094,178474,0,5094,0,0.4891961970613656,0.0
5095,178475,0,5095,0,0.4892922308652646,0.0
5096,178478,0,5096,0,0.4893882646691635,0.0
5097,178479,0,5097,0,0.4894842984730625,0.0
5098,178480,0,5098,0,0.4895803322769615,0.0
5099,178484,0,5099,0,0.48967636608086046,0.0
5100,178486,0,5100,0,0.48977239988475946,0.0
5101,178494,0,5101,0,0.4898684336886584,0.0
5102,178498,0,5102,0,0.4899644674925574,0.0
5103,178501,0,5103,0,0.49006050129645634,0.0
5104,178504,0,5104,0,0.49015653510035534,0.0
5105,178508,0,5105,0,0.4902525689042543,0.0
5106,178510,0,5106,0,0.4903486027081533,0.0
5107,178513,0,5107,0,0.4904446365120522,0.0
5108,178514,0,5108,0,0.4905406703159512,0.0
5109,178517,0,5109,0,0.49063670411985016,0.0
5110,178518,0,5110,0,0.49073273792374916,0.0
5111,178519,0,5111,0,0.4908287717276481,0.0
5112,178523,0,5112,0,0.4909248055315471,0.0
5113,178524,0,5113,0,0.4910208393354461,0.0
5114,178530,0,5114,0,0.49111687313934504,0.0
5115,178533,0,5115,0,0.49121290694324404,0.0
5116,178535,0,5116,0,0.491308940747143,0.0
5117,178538,0,5117,0,0.491404974551042,0.0
5118,178541,0,5118,0,0.4915010083549409,0.0
5119,178558,0,5119,0,0.4915970421588399,0.0
5120,178561,0,5120,0,0.49169307596273887,0.0
5121,178567,0,5121,0,0.49178910976663787,0.0
5122,178569,0,5122,0,0.4918851435705368,0.0
5123,178574,0,5123,0,0.4919811773744358,0.0
5124,178587,0,5124,0,0.49207721117833475,0.0
5125,178588,0,5125,0,0.49217324498223375,0.0
5126,178592,0,5126,0,0.4922692787861327,0.0
5127,178596,0,5127,0,0.4923653125900317,0.0
5128,178606,0,5128,0,0.4924613463939307,0.0
5129,178607,0,5129,0,0.49255738019782963,0.0
5130,178618,0,5130,0,0.49265341400172863,0.0
5131,178624,0,5131,0,0.49274944780562757,0.0
5132,178629,0,5132,0,0.49284548160952657,0.0
5133,178632,0,5133,0,0.4929415154134255,0.0
5134,178633,0,5134,0,0.4930375492173245,0.0
5135,178634,0,5135,0,0.49313358302122345,0.0
5136,178638,0,5136,0,0.49322961682512245,0.0
5137,178645,0,5137,0,0.4933256506290214,0.0
5138,178646,0,5138,0,0.4934216844329204,0.0
5139,178648,0,5139,0,0.49351771823681934,0.0
5140,178652,0,5140,0,0.49361375204071833,0.0
5141,178663,0,5141,0,0.49370978584461733,0.0
5142,178664,0,5142,0,0.4938058196485163,0.0
5143,178665,0,5143,0,0.4939018534524153,0.0
5144,178673,0,5144,0,0.4939978872563142,0.0
5145,178676,0,5145,0,0.4940939210602132,0.0
5146,178680,0,5146,0,0.49418995486411216,0.0
5147,178681,0,5147,0,0.49428598866801116,0.0
5148,178682,0,5148,0,0.4943820224719101,0.0
5149,178689,0,5149,0,0.4944780562758091,0.0
5150,178696,0,5150,0,0.49457409007970804,0.0
5151,178698,0,5151,0,0.49467012388360704,0.0
5152,178715,0,5152,0,0.494766157687506,0.0
5153,178717,0,5153,0,0.494862191491405,0.0
5154,178718,0,5154,0,0.4949582252953039,0.0
5155,178728,0,5155,0,0.4950542590992029,0.0
5156,178732,0,5156,0,0.4951502929031019,0.0
5157,178740,0,5157,0,0.49524632670700086,0.0
5158,178742,0,5158,0,0.49534236051089986,0.0
5159,178744,0,5159,0,0.4954383943147988,0.0
5160,178753,0,5160,0,0.4955344281186978,0.0
5161,178754,0,5161,0,0.49563046192259674,0.0
5162,178756,0,5162,0,0.49572649572649574,0.0
5163,178760,0,5163,0,0.4958225295303947,0.0
5164,178762,0,5164,0,0.4959185633342937,0.0
5165,178764,0,5165,0,0.4960145971381926,0.0
5166,178766,0,5166,0,0.4961106309420916,0.0
5167,178769,0,5167,0,0.49620666474599057,0.0
5168,178771,0,5168,0,0.49630269854988956,0.0
5169,178777,0,5169,0,0.4963987323537885,0.0
5170,178781,0,5170,0,0.4964947661576875,0.0
5171,178787,0,5171,0,0.4965907999615865,0.0
5172,178789,0,5172,0,0.49668683376548545,0.0
5173,178790,0,5173,0,0.49678286756938445,0.0
5174,178806,0,5174,0,0.4968789013732834,0.0
5175,178807,0,5175,0,0.4969749351771824,0.0
5176,178824,0,5176,0,0.49707096898108133,0.0
5177,178838,0,5177,0,0.4971670027849803,0.0
5178,178848,0,5178,0,0.49726303658887927,0.0
5179,178859,0,5179,0,0.49735907039277827,0.0
5180,178860,0,5180,0,0.4974551041966772,0.0
5181,178862,0,5181,0,0.4975511380005762,0.0
5182,178871,0,5182,0,0.49764717180447515,0.0
5183,178877,0,5183,0,0.49774320560837415,0.0
5184,178880,0,5184,0,0.4978392394122731,0.0
5185,178894,0,5185,0,0.4979352732161721,0.0
5186,178897,0,5186,0,0.4980313070200711,0.0
5187,178907,0,5187,0,0.49812734082397003,0.0
5188,178917,0,5188,0,0.49822337462786903,0.0
5189,178930,0,5189,0,0.498319408431768,0.0
5190,178932,0,5190,0,0.498415442235667,0.0
5191,178934,0,5191,0,0.4985114760395659,0.0
5192,178938,0,5192,0,0.4986075098434649,0.0
5193,178941,0,5193,0,0.49870354364736386,0.0
5194,178948,0,5194,0,0.49879957745126285,0.0
5195,178952,0,5195,0,0.4988956112551618,0.0
5196,178954,0,5196,0,0.4989916450590608,0.0
5197,178961,0,5197,0,0.49908767886295974,0.0
5198,178964,0,5198,0,0.49918371266685874,0.0
5199,178972,0,5199,0,0.4992797464707577,0.0
5200,178975,0,5200,0,0.4993757802746567,0.0
5201,178976,0,5201,0,0.4994718140785557,0.0
5202,178977,0,5202,0,0.4995678478824546,0.0
5203,178983,0,5203,0,0.4996638816863536,0.0
5204,178985,0,5204,0,0.49975991549025256,0.0
5205,178986,0,5205,0,0.49985594929415156,0.0
5206,178987,0,5206,0,0.4999519830980505,0.0
5207,178990,0,5207,0,0.5000480169019494,0.0
5208,178991,0,5208,0,0.5001440507058484,0.0
5209,178996,0,5209,0,0.5002400845097474,0.0
5210,179001,0,5210,0,0.5003361183136464,0.0
5211,179003,0,5211,0,0.5004321521175453,0.0
5212,179006,0,5212,0,0.5005281859214443,0.0
5213,179012,0,5213,0,0.5006242197253433,0.0
5214,179013,0,5214,0,0.5007202535292423,0.0
5215,179016,0,5215,0,0.5008162873331413,0.0
5216,179024,0,5216,0,0.5009123211370402,0.0
5217,179027,0,5217,0,0.5010083549409392,0.0
5218,179028,0,5218,0,0.5011043887448382,0.0
5219,179030,0,5219,0,0.5012004225487372,0.0
5220,179031,0,5220,0,0.5012964563526361,0.0
5221,179037,0,5221,0,0.5013924901565351,0.0
5222,179038,0,5222,0,0.5014885239604341,0.0
5223,179043,0,5223,0,0.5015845577643331,0.0
5224,179047,0,5224,0,0.501680591568232,0.0
5225,179051,0,5225,0,0.501776625372131,0.0
5226,179052,0,5226,0,0.50187265917603,0.0
5227,179055,0,5227,0,0.501968692979929,0.0
5228,179061,0,5228,0,0.5020647267838279,0.0
5229,179063,0,5229,0,0.5021607605877269,0.0
5230,179064,0,5230,0,0.5022567943916258,0.0
5231,179068,0,5231,0,0.5023528281955248,0.0
5232,179070,0,5232,0,0.5024488619994238,0.0
5233,179073,0,5233,0,0.5025448958033227,0.0
5234,179075,0,5234,0,0.5026409296072217,0.0
5235,179084,0,5235,0,0.5027369634111207,0.0
5236,179100,0,5236,0,0.5028329972150197,0.0
5237,179101,0,5237,0,0.5029290310189186,0.0
5238,179109,0,5238,0,0.5030250648228176,0.0
5239,179110,0,5239,0,0.5031210986267166,0.0
5240,179112,0,5240,0,0.5032171324306156,0.0
5241,179116,0,5241,0,0.5033131662345145,0.0
5242,179117,0,5242,0,0.5034092000384135,0.0
5243,179119,0,5243,0,0.5035052338423125,0.0
5244,179121,0,5244,0,0.5036012676462115,0.0
5245,179124,0,5245,0,0.5036973014501105,0.0
5246,179130,0,5246,0,0.5037933352540094,0.0
5247,179132,0,5247,0,0.5038893690579084,0.0
5248,179134,0,5248,0,0.5039854028618074,0.0
5249,179137,0,5249,0,0.5040814366657064,0.0
5250,179139,0,5250,0,0.5041774704696053,0.0
5251,179146,0,5251,0,0.5042735042735043,0.0
5252,179149,0,5252,0,0.5043695380774033,0.0
5253,179150,0,5253,0,0.5044655718813023,0.0
5254,179155,0,5254,0,0.5045616056852011,0.0
5255,179166,0,5255,0,0.5046576394891001,0.0
5256,179173,0,5256,0,0.5047536732929991,0.0
5257,179174,0,5257,0,0.5048497070968981,0.0
5258,179180,0,5258,0,0.5049457409007971,0.0
5259,179182,0,5259,0,0.505041774704696,0.0
5260,179188,0,5260,0,0.505137808508595,0.0
5261,179193,0,5261,0,0.505233842312494,0.0
5262,179195,0,5262,0,0.505329876116393,0.0
5263,179196,0,5263,0,0.5054259099202919,0.0
5264,179198,0,5264,0,0.5055219437241909,0.0
5265,179207,0,5265,0,0.5056179775280899,0.0
5266,179211,0,5266,0,0.5057140113319889,0.0
5267,179212,0,5267,0,0.5058100451358878,0.0
5268,179216,0,5268,0,0.5059060789397868,0.0
5269,179217,0,5269,0,0.5060021127436858,0.0
5270,179219,0,5270,0,0.5060981465475848,0.0
5271,179221,0,5271,0,0.5061941803514837,0.0
5272,179248,0,5272,0,0.5062902141553827,0.0
5273,179250,0,5273,0,0.5063862479592817,0.0
5274,179252,0,5274,0,0.5064822817631807,0.0
5275,179258,0,5275,0,0.5065783155670797,0.0
5276,179260,0,5276,0,0.5066743493709785,0.0
5277,179262,0,5277,0,0.5067703831748775,0.0
5278,179263,0,5278,0,0.5068664169787765,0.0
5279,179264,0,5279,0,0.5069624507826755,0.0
5280,179273,0,5280,0,0.5070584845865744,0.0
5281,179279,0,5281,0,0.5071545183904734,0.0
5282,179280,0,5282,0,0.5072505521943724,0.0
5283,179282,0,5283,0,0.5073465859982714,0.0
5284,179298,0,5284,0,0.5074426198021703,0.0
5285,179302,0,5285,0,0.5075386536060693,0.0
5286,179311,0,5286,0,0.5076346874099683,0.0
5287,179313,0,5287,0,0.5077307212138673,0.0
5288,179314,0,5288,0,0.5078267550177663,0.0
5289,179316,0,5289,0,0.5079227888216652,0.0
5290,179318,0,5290,0,0.5080188226255642,0.0
5291,179321,0,5291,0,0.5081148564294632,0.0
5292,179327,0,5292,0,0.5082108902333622,0.0
5293,179328,0,5293,0,0.5083069240372611,0.0
5294,179342,0,5294,0,0.5084029578411601,0.0
5295,179343,0,5295,0,0.5084989916450591,0.0
5296,179347,0,5296,0,0.5085950254489581,0.0
5297,179349,0,5297,0,0.508691059252857,0.0
5298,179363,0,5298,0,0.508787093056756,0.0
5299,179367,0,5299,0,0.508883126860655,0.0
5300,179373,0,5300,0,0.508979160664554,0.0
5301,179374,0,5301,0,0.5090751944684528,0.0
5302,179385,0,5302,0,0.5091712282723518,0.0
5303,179386,0,5303,0,0.5092672620762508,0.0
5304,179388,0,5304,0,0.5093632958801498,0.0
5305,179389,0,5305,0,0.5094593296840488,0.0
5306,179396,0,5306,0,0.5095553634879477,0.0
5307,179400,0,5307,0,0.5096513972918467,0.0
5308,179411,0,5308,0,0.5097474310957457,0.0
5309,179415,0,5309,0,0.5098434648996447,0.0
5310,179427,0,5310,0,0.5099394987035436,0.0
5311,179429,0,5311,0,0.5100355325074426,0.0
5312,179430,0,5312,0,0.5101315663113416,0.0
5313,179431,0,5313,0,0.5102276001152406,0.0
5314,179444,0,5314,0,0.5103236339191395,0.0
5315,179445,0,5315,0,0.5104196677230385,0.0
5316,179448,0,5316,0,0.5105157015269375,0.0
5317,179455,0,5317,0,0.5106117353308365,0.0
5318,179457,0,5318,0,0.5107077691347355,0.0
5319,179458,0,5319,0,0.5108038029386344,0.0
5320,179459,0,5320,0,0.5108998367425334,0.0
5321,179469,0,5321,0,0.5109958705464324,0.0
5322,179471,0,5322,0,0.5110919043503314,0.0
5323,179474,0,5323,0,0.5111879381542302,0.0
5324,179476,0,5324,0,0.5112839719581292,0.0
5325,179477,0,5325,0,0.5113800057620282,0.0
5326,179480,0,5326,0,0.5114760395659272,0.0
5327,179484,0,5327,0,0.5115720733698261,0.0
5328,179486,0,5328,0,0.5116681071737251,0.0
5329,179487,0,5329,0,0.5117641409776241,0.0
5330,179495,0,5330,0,0.5118601747815231,0.0
5331,179496,0,5331,0,0.5119562085854221,0.0
5332,179498,0,5332,0,0.512052242389321,0.0
5333,179499,0,5333,0,0.51214827619322,0.0
5334,179502,0,5334,0,0.512244309997119,0.0
5335,179507,0,5335,0,0.512340343801018,0.0
5336,179513,0,5336,0,0.5124363776049169,0.0
5337,179517,0,5337,0,0.5125324114088159,0.0
5338,179522,0,5338,0,0.5126284452127149,0.0
5339,179523,0,5339,0,0.5127244790166139,0.0
5340,179525,0,5340,0,0.5128205128205128,0.0
5341,179545,0,5341,0,0.5129165466244118,0.0
5342,179548,0,5342,0,0.5130125804283108,0.0
5343,179552,0,5343,0,0.5131086142322098,0.0
5344,179554,0,5344,0,0.5132046480361087,0.0
5345,179558,0,5345,0,0.5133006818400077,0.0
5346,179559,0,5346,0,0.5133967156439067,0.0
5347,179560,0,5347,0,0.5134927494478057,0.0
5348,179561,0,5348,0,0.5135887832517047,0.0
5349,179562,0,5349,0,0.5136848170556035,0.0
5350,179565,0,5350,0,0.5137808508595025,0.0
5351,179568,0,5351,0,0.5138768846634015,0.0
5352,179569,0,5352,0,0.5139729184673005,0.0
5353,179571,0,5353,0,0.5140689522711994,0.0
5354,179572,0,5354,0,0.5141649860750984,0.0
5355,179575,0,5355,0,0.5142610198789974,0.0
5356,179581,0,5356,0,0.5143570536828964,0.0
5357,179588,0,5357,0,0.5144530874867953,0.0
5358,179589,0,5358,0,0.5145491212906943,0.0
5359,179594,0,5359,0,0.5146451550945933,0.0
5360,179598,0,5360,0,0.5147411888984923,0.0
5361,179599,0,5361,0,0.5148372227023913,0.0
5362,179600,0,5362,0,0.5149332565062902,0.0
5363,179601,0,5363,0,0.5150292903101892,0.0
5364,179605,0,5364,0,0.5151253241140882,0.0
5365,179614,0,5365,0,0.5152213579179872,0.0
5366,179615,0,5366,0,0.5153173917218861,0.0
5367,179618,0,5367,0,0.5154134255257851,0.0
5368,179619,0,5368,0,0.5155094593296841,0.0
5369,179620,0,5369,0,0.5156054931335831,0.0
5370,179621,0,5370,0,0.515701526937482,0.0
5371,179623,0,5371,0,0.515797560741381,0.0
5372,179629,0,5372,0,0.5158935945452799,0.0
5373,179630,0,5373,0,0.5159896283491789,0.0
5374,179631,0,5374,0,0.5160856621530778,0.0
5375,179636,0,5375,0,0.5161816959569768,0.0
5376,179637,0,5376,0,0.5162777297608758,0.0
5377,179639,0,5377,0,0.5163737635647748,0.0
5378,179644,0,5378,0,0.5164697973686738,0.0
5379,179645,0,5379,0,0.5165658311725727,0.0
5380,179648,0,5380,0,0.5166618649764717,0.0
5381,179650,0,5381,0,0.5167578987803707,0.0
5382,179653,0,5382,0,0.5168539325842697,0.0
5383,179654,0,5383,0,0.5169499663881686,0.0
5384,179657,0,5384,0,0.5170460001920676,0.0
5385,179660,0,5385,0,0.5171420339959666,0.0
5386,179661,0,5386,0,0.5172380677998656,0.0
5387,179663,0,5387,0,0.5173341016037645,0.0
5388,179677,0,5388,0,0.5174301354076635,0.0
5389,179681,0,5389,0,0.5175261692115625,0.0
5390,179685,0,5390,0,0.5176222030154615,0.0
5391,179693,0,5391,0,0.5177182368193605,0.0
5392,179698,0,5392,0,0.5178142706232594,0.0
5393,179703,0,5393,0,0.5179103044271584,0.0
5394,179704,0,5394,0,0.5180063382310574,0.0
5395,179707,0,5395,0,0.5181023720349563,0.0
5396,179711,0,5396,0,0.5181984058388552,0.0
5397,179716,0,5397,0,0.5182944396427542,0.0
5398,179717,0,5398,0,0.5183904734466532,0.0
5399,179718,0,5399,0,0.5184865072505522,0.0
5400,179721,0,5400,0,0.5185825410544511,0.0
5401,179725,0,5401,0,0.5186785748583501,0.0
5402,179730,0,5402,0,0.5187746086622491,0.0
5403,179734,0,5403,0,0.5188706424661481,0.0
5404,179743,0,5404,0,0.5189666762700471,0.0
5405,179744,0,5405,0,0.519062710073946,0.0
5406,179751,0,5406,0,0.519158743877845,0.0
5407,179753,0,5407,0,0.519254777681744,0.0
5408,179760,0,5408,0,0.519350811485643,0.0
5409,179763,0,5409,0,0.5194468452895419,0.0
5410,179781,0,5410,0,0.5195428790934409,0.0
5411,179783,0,5411,0,0.5196389128973399,0.0
5412,179784,0,5412,0,0.5197349467012389,0.0
5413,179794,0,5413,0,0.5198309805051378,0.0
5414,179795,0,5414,0,0.5199270143090368,0.0
5415,179796,0,5415,0,0.5200230481129358,0.0
5416,179797,0,5416,0,0.5201190819168348,0.0
5417,179800,0,5417,0,0.5202151157207336,0.0
5418,179805,0,5418,0,0.5203111495246326,0.0
5419,179819,0,5419,0,0.5204071833285316,0.0
5420,179820,0,5420,0,0.5205032171324306,0.0
5421,179821,0,5421,0,0.5205992509363296,0.0
5422,179824,0,5422,0,0.5206952847402285,0.0
5423,179827,0,5423,0,0.5207913185441275,0.0
5424,179828,0,5424,0,0.5208873523480265,0.0
5425,179830,0,5425,0,0.5209833861519255,0.0
5426,179831,0,5426,0,0.5210794199558244,0.0
5427,179833,0,5427,0,0.5211754537597234,0.0
5428,179841,0,5428,0,0.5212714875636224,0.0
5429,179843,0,5429,0,0.5213675213675214,0.0
5430,179844,0,5430,0,0.5214635551714203,0.0
5431,179846,0,5431,0,0.5215595889753193,0.0
5432,179853,0,5432,0,0.5216556227792183,0.0
5433,179867,0,5433,0,0.5217516565831173,0.0
5434,179868,0,5434,0,0.5218476903870163,0.0
5435,179869,0,5435,0,0.5219437241909152,0.0
5436,179870,0,5436,0,0.5220397579948142,0.0
5437,179878,0,5437,0,0.5221357917987132,0.0
5438,179879,0,5438,0,0.5222318256026122,0.0
5439,179886,0,5439,0,0.522327859406511,0.0
5440,179887,0,5440,0,0.52242389321041,0.0
5441,179889,0,5441,0,0.522519927014309,0.0
5442,179891,0,5442,0,0.522615960818208,0.0
5443,179892,0,5443,0,0.5227119946221069,0.0
5444,179894,0,5444,0,0.5228080284260059,0.0
5445,179897,0,5445,0,0.5229040622299049,0.0
5446,179898,0,5446,0,0.5230000960338039,0.0
5447,179899,0,5447,0,0.5230961298377028,0.0
5448,179902,0,5448,0,0.5231921636416018,0.0
5449,179904,0,5449,0,0.5232881974455008,0.0
5450,179915,0,5450,0,0.5233842312493998,0.0
5451,179918,0,5451,0,0.5234802650532988,0.0
5452,179926,0,5452,0,0.5235762988571977,0.0
5453,179927,0,5453,0,0.5236723326610967,0.0
5454,179938,0,5454,0,0.5237683664649957,0.0
5455,179940,0,5455,0,0.5238644002688947,0.0
5456,179943,0,5456,0,0.5239604340727936,0.0
5457,179944,0,5457,0,0.5240564678766926,0.0
5458,179946,0,5458,0,0.5241525016805916,0.0
5459,179950,0,5459,0,0.5242485354844906,0.0
5460,179955,0,5460,0,0.5243445692883895,0.0
5461,179957,0,5461,0,0.5244406030922885,0.0
5462,179961,0,5462,0,0.5245366368961875,0.0
5463,179962,0,5463,0,0.5246326707000865,0.0
5464,179965,0,5464,0,0.5247287045039855,0.0
5465,179975,0,5465,0,0.5248247383078843,0.0
5466,179979,0,5466,0,0.5249207721117833,0.0
5467,179980,0,5467,0,0.5250168059156823,0.0
5468,179990,0,5468,0,0.5251128397195813,0.0
5469,179992,0,5469,0,0.5252088735234802,0.0
5470,179993,0,5470,0,0.5253049073273792,0.0
5471,179995,0,5471,0,0.5254009411312782,0.0
5472,179999,0,5472,0,0.5254969749351772,0.0
5473,180012,0,5473,0,0.5255930087390761,0.0
5474,180014,0,5474,0,0.5256890425429751,0.0
5475,180020,0,5475,0,0.5257850763468741,0.0
5476,180023,0,5476,0,0.5258811101507731,0.0
5477,180024,0,5477,0,0.5259771439546721,0.0
5478,180027,0,5478,0,0.526073177758571,0.0
5479,180033,0,5479,0,0.52616921156247,0.0
5480,180036,0,5480,0,0.526265245366369,0.0
5481,180061,0,5481,0,0.526361279170268,0.0
5482,180063,0,5482,0,0.5264573129741669,0.0
5483,180064,0,5483,0,0.5265533467780659,0.0
5484,180069,0,5484,0,0.5266493805819649,0.0
5485,180071,0,5485,0,0.5267454143858639,0.0
5486,180073,0,5486,0,0.5268414481897628,0.0
5487,180075,0,5487,0,0.5269374819936617,0.0
5488,180078,0,5488,0,0.5270335157975607,0.0
5489,180082,0,5489,0,0.5271295496014597,0.0
5490,180083,0,5490,0,0.5272255834053586,0.0
5491,180086,0,5491,0,0.5273216172092576,0.0
5492,180092,0,5492,0,0.5274176510131566,0.0
5493,180093,0,5493,0,0.5275136848170556,0.0
5494,180105,0,5494,0,0.5276097186209546,0.0
5495,180106,0,5495,0,0.5277057524248535,0.0
5496,180110,0,5496,0,0.5278017862287525,0.0
5497,180119,0,5497,0,0.5278978200326515,0.0
5498,180120,0,5498,0,0.5279938538365505,0.0
5499,180122,0,5499,0,0.5280898876404494,0.0
5500,180127,0,5500,0,0.5281859214443484,0.0
5501,180131,0,5501,0,0.5282819552482474,0.0
5502,180134,0,5502,0,0.5283779890521464,0.0
5503,180137,0,5503,0,0.5284740228560453,0.0
5504,180138,0,5504,0,0.5285700566599443,0.0
5505,180139,0,5505,0,0.5286660904638433,0.0
5506,180140,0,5506,0,0.5287621242677423,0.0
5507,180152,0,5507,0,0.5288581580716413,0.0
5508,180156,0,5508,0,0.5289541918755402,0.0
5509,180157,0,5509,0,0.5290502256794392,0.0
5510,180165,0,5510,0,0.5291462594833382,0.0
5511,180166,0,5511,0,0.5292422932872372,0.0
5512,180168,0,5512,0,0.529338327091136,0.0
5513,180172,0,5513,0,0.529434360895035,0.0
5514,180175,0,5514,0,0.529530394698934,0.0
5515,180177,0,5515,0,0.529626428502833,0.0
5516,180189,0,5516,0,0.5297224623067319,0.0
5517,180191,0,5517,0,0.5298184961106309,0.0
5518,180198,0,5518,0,0.5299145299145299,0.0
5519,180202,0,5519,0,0.5300105637184289,0.0
5520,180207,0,5520,0,0.5301065975223278,0.0
5521,180208,0,5521,0,0.5302026313262268,0.0
5522,180211,0,5522,0,0.5302986651301258,0.0
5523,180213,0,5523,0,0.5303946989340248,0.0
5524,180215,0,5524,0,0.5304907327379238,0.0
5525,180216,0,5525,0,0.5305867665418227,0.0
5526,180218,0,5526,0,0.5306828003457217,0.0
5527,180220,0,5527,0,0.5307788341496207,0.0
5528,180232,0,5528,0,0.5308748679535197,0.0
5529,180239,0,5529,0,0.5309709017574186,0.0
5530,180242,0,5530,0,0.5310669355613176,0.0
5531,180246,0,5531,0,0.5311629693652166,0.0
5532,180253,0,5532,0,0.5312590031691156,0.0
5533,180255,0,5533,0,0.5313550369730144,0.0
5534,180259,0,5534,0,0.5314510707769134,0.0
5535,180264,0,5535,0,0.5315471045808124,0.0
5536,180268,0,5536,0,0.5316431383847114,0.0
5537,180269,0,5537,0,0.5317391721886104,0.0
5538,180270,0,5538,0,0.5318352059925093,0.0
5539,180296,0,5539,0,0.5319312397964083,0.0
5540,180301,0,5540,0,0.5320272736003073,0.0
5541,180302,0,5541,0,0.5321233074042063,0.0
5542,180308,0,5542,0,0.5322193412081052,0.0
5543,180315,0,5543,0,0.5323153750120042,0.0
5544,180317,0,5544,0,0.5324114088159032,0.0
5545,180318,0,5545,0,0.5325074426198022,0.0
5546,180321,0,5546,0,0.5326034764237011,0.0
5547,180331,0,5547,0,0.5326995102276001,0.0
5548,180332,0,5548,0,0.5327955440314991,0.0
5549,180333,0,5549,0,0.5328915778353981,0.0
5550,180335,0,5550,0,0.5329876116392971,0.0
5551,180336,0,5551,0,0.533083645443196,0.0
5552,180344,0,5552,0,0.533179679247095,0.0
5553,180347,0,5553,0,0.533275713050994,0.0
5554,180351,0,5554,0,0.533371746854893,0.0
5555,180354,0,5555,0,0.5334677806587919,0.0
5556,180355,0,5556,0,0.5335638144626909,0.0
5557,180356,0,5557,0,0.5336598482665899,0.0
5558,180357,0,5558,0,0.5337558820704889,0.0
5559,180364,0,5559,0,0.5338519158743877,0.0
5560,180367,0,5560,0,0.5339479496782867,0.0
5561,180368,0,5561,0,0.5340439834821857,0.0
5562,180371,0,5562,0,0.5341400172860847,0.0
5563,180373,0,5563,0,0.5342360510899836,0.0
5564,180376,0,5564,0,0.5343320848938826,0.0
5565,180379,0,5565,0,0.5344281186977816,0.0
5566,180382,0,5566,0,0.5345241525016806,0.0
5567,180384,0,5567,0,0.5346201863055796,0.0
5568,180388,0,5568,0,0.5347162201094785,0.0
5569,180390,0,5569,0,0.5348122539133775,0.0
5570,180396,0,5570,0,0.5349082877172765,0.0
5571,180399,0,5571,0,0.5350043215211755,0.0
5572,180413,0,5572,0,0.5351003553250744,0.0
5573,180428,0,5573,0,0.5351963891289734,0.0
5574,180434,0,5574,0,0.5352924229328724,0.0
5575,180437,0,5575,0,0.5353884567367714,0.0
5576,180439,0,5576,0,0.5354844905406703,0.0
5577,180441,0,5577,0,0.5355805243445693,0.0
5578,180445,0,5578,0,0.5356765581484683,0.0
5579,180446,0,5579,0,0.5357725919523673,0.0
5580,180447,0,5580,0,0.5358686257562663,0.0
5581,180448,0,5581,0,0.5359646595601651,0.0
5582,180457,0,5582,0,0.5360606933640641,0.0
5583,180460,0,5583,0,0.5361567271679631,0.0
5584,180461,0,5584,0,0.5362527609718621,0.0
5585,180462,0,5585,0,0.536348794775761,0.0
5586,180466,0,5586,0,0.53644482857966,0.0
5587,180468,0,5587,0,0.536540862383559,0.0
5588,180470,0,5588,0,0.536636896187458,0.0
5589,180476,0,5589,0,0.5367329299913569,0.0
5590,180478,0,5590,0,0.5368289637952559,0.0
5591,180481,0,5591,0,0.5369249975991549,0.0
5592,180482,0,5592,0,0.5370210314030539,0.0
5593,180488,0,5593,0,0.5371170652069528,0.0
5594,180496,0,5594,0,0.5372130990108518,0.0
5595,180498,0,5595,0,0.5373091328147508,0.0
5596,180499,0,5596,0,0.5374051666186498,0.0
5597,180500,0,5597,0,0.5375012004225488,0.0
5598,180501,0,5598,0,0.5375972342264477,0.0
5599,180504,0,5599,0,0.5376932680303467,0.0
5600,180505,0,5600,0,0.5377893018342457,0.0
5601,180506,0,5601,0,0.5378853356381447,0.0
5602,180509,0,5602,0,0.5379813694420436,0.0
5603,180510,0,5603,0,0.5380774032459426,0.0
5604,180511,0,5604,0,0.5381734370498416,0.0
5605,180512,0,5605,0,0.5382694708537406,0.0
5606,180513,0,5606,0,0.5383655046576394,0.0
5607,180516,0,5607,0,0.5384615384615384,0.0
5608,180523,0,5608,0,0.5385575722654374,0.0
5609,180529,0,5609,0,0.5386536060693364,0.0
5610,180532,0,5610,0,0.5387496398732354,0.0
5611,180534,0,5611,0,0.5388456736771343,0.0
5612,180536,0,5612,0,0.5389417074810333,0.0
5613,180537,0,5613,0,0.5390377412849323,0.0
5614,180538,0,5614,0,0.5391337750888313,0.0
5615,180540,0,5615,0,0.5392298088927302,0.0
5616,180545,0,5616,0,0.5393258426966292,0.0
5617,180546,0,5617,0,0.5394218765005282,0.0
5618,180548,0,5618,0,0.5395179103044272,0.0
5619,180549,0,5619,0,0.5396139441083261,0.0
5620,180552,0,5620,0,0.5397099779122251,0.0
5621,180554,0,5621,0,0.5398060117161241,0.0
5622,180556,0,5622,0,0.5399020455200231,0.0
5623,180557,0,5623,0,0.5399980793239221,0.0
5624,180562,0,5624,0,0.540094113127821,0.0
5625,180565,0,5625,0,0.54019014693172,0.0
5626,180566,0,5626,0,0.540286180735619,0.0
5627,180571,0,5627,0,0.540382214539518,0.0
5628,180572,0,5628,0,0.5404782483434168,0.0
5629,180578,0,5629,0,0.5405742821473158,0.0
5630,180583,0,5630,0,0.5406703159512148,0.0
5631,180584,0,5631,0,0.5407663497551138,0.0
5632,180585,0,5632,0,0.5408623835590127,0.0
5633,180591,0,5633,0,0.5409584173629117,0.0
5634,180593,0,5634,0,0.5410544511668107,0.0
5635,180596,0,5635,0,0.5411504849707097,0.0
5636,180597,0,5636,0,0.5412465187746086,0.0
5637,180599,0,5637,0,0.5413425525785076,0.0
5638,180600,0,5638,0,0.5414385863824066,0.0
5639,180601,0,5639,0,0.5415346201863056,0.0
5640,180606,0,5640,0,0.5416306539902046,0.0
5641,180609,0,5641,0,0.5417266877941035,0.0
5642,180616,0,5642,0,0.5418227215980025,0.0
5643,180618,0,5643,0,0.5419187554019015,0.0
5644,180623,0,5644,0,0.5420147892058005,0.0
5645,180624,0,5645,0,0.5421108230096994,0.0
5646,180626,0,5646,0,0.5422068568135984,0.0
5647,180635,0,5647,0,0.5423028906174974,0.0
5648,180636,0,5648,0,0.5423989244213964,0.0
5649,180637,0,5649,0,0.5424949582252953,0.0
5650,180647,0,5650,0,0.5425909920291943,0.0
5651,180648,0,5651,0,0.5426870258330933,0.0
5652,180654,0,5652,0,0.5427830596369922,0.0
5653,180656,0,5653,0,0.5428790934408912,0.0
5654,180660,0,5654,0,0.5429751272447901,0.0
5655,180662,0,5655,0,0.5430711610486891,0.0
5656,180664,0,5656,0,0.5431671948525881,0.0
5657,180677,0,5657,0,0.5432632286564871,0.0
5658,180679,0,5658,0,0.543359262460386,0.0
5659,180680,0,5659,0,0.543455296264285,0.0
5660,180685,0,5660,0,0.543551330068184,0.0
5661,180687,0,5661,0,0.543647363872083,0.0
5662,180688,0,5662,0,0.5437433976759819,0.0
5663,180691,0,5663,0,0.5438394314798809,0.0
5664,180693,0,5664,0,0.5439354652837799,0.0
5665,180694,0,5665,0,0.5440314990876789,0.0
5666,180696,0,5666,0,0.5441275328915778,0.0
5667,180702,0,5667,0,0.5442235666954768,0.0
5668,180704,0,5668,0,0.5443196004993758,0.0
5669,180705,0,5669,0,0.5444156343032748,0.0
5670,180706,0,5670,0,0.5445116681071738,0.0
5671,180711,0,5671,0,0.5446077019110727,0.0
5672,180712,0,5672,0,0.5447037357149717,0.0
5673,180716,0,5673,0,0.5447997695188707,0.0
5674,180717,0,5674,0,0.5448958033227697,0.0
5675,180721,0,5675,0,0.5449918371266685,0.0
5676,180722,0,5676,0,0.5450878709305675,0.0
5677,180723,0,5677,0,0.5451839047344665,0.0
5678,180727,0,5678,0,0.5452799385383655,0.0
5679,180728,0,5679,0,0.5453759723422644,0.0
5680,180732,0,5680,0,0.5454720061461634,0.0
5681,180733,0,5681,0,0.5455680399500624,0.0
5682,180734,0,5682,0,0.5456640737539614,0.0
5683,180735,0,5683,0,0.5457601075578604,0.0
5684,180738,0,5684,0,0.5458561413617593,0.0
5685,180740,0,5685,0,0.5459521751656583,0.0
5686,180743,0,5686,0,0.5460482089695573,0.0
5687,180747,0,5687,0,0.5461442427734563,0.0
5688,180748,0,5688,0,0.5462402765773552,0.0
5689,180753,0,5689,0,0.5463363103812542,0.0
5690,180759,0,5690,0,0.5464323441851532,0.0
5691,180760,0,5691,0,0.5465283779890522,0.0
5692,180764,0,5692,0,0.5466244117929511,0.0
5693,180771,0,5693,0,0.5467204455968501,0.0
5694,180778,0,5694,0,0.5468164794007491,0.0
5695,180779,0,5695,0,0.5469125132046481,0.0
5696,180781,0,5696,0,0.5470085470085471,0.0
5697,180784,0,5697,0,0.547104580812446,0.0
5698,180794,0,5698,0,0.547200614616345,0.0
5699,180795,0,5699,0,0.547296648420244,0.0
5700,180797,0,5700,0,0.547392682224143,0.0
5701,180801,0,5701,0,0.5474887160280418,0.0
5702,180806,0,5702,0,0.5475847498319408,0.0
5703,180815,0,5703,0,0.5476807836358398,0.0
5704,180817,0,5704,0,0.5477768174397388,0.0
5705,180818,0,5705,0,0.5478728512436377,0.0
5706,180822,0,5706,0,0.5479688850475367,0.0
5707,180823,0,5707,0,0.5480649188514357,0.0
5708,180824,0,5708,0,0.5481609526553347,0.0
5709,180829,0,5709,0,0.5482569864592336,0.0
5710,180830,0,5710,0,0.5483530202631326,0.0
5711,180833,0,5711,0,0.5484490540670316,0.0
5712,180834,0,5712,0,0.5485450878709306,0.0
5713,180840,0,5713,0,0.5486411216748296,0.0
5714,180841,0,5714,0,0.5487371554787285,0.0
5715,180843,0,5715,0,0.5488331892826275,0.0
5716,180845,0,5716,0,0.5489292230865265,0.0
5717,180851,0,5717,0,0.5490252568904255,0.0
5718,180852,0,5718,0,0.5491212906943244,0.0
5719,180855,0,5719,0,0.5492173244982234,0.0
5720,180858,0,5720,0,0.5493133583021224,0.0
5721,180860,0,5721,0,0.5494093921060214,0.0
5722,180861,0,5722,0,0.5495054259099202,0.0
5723,180862,0,5723,0,0.5496014597138192,0.0
5724,180864,0,5724,0,0.5496974935177182,0.0
5725,180865,0,5725,0,0.5497935273216172,0.0
5726,180869,0,5726,0,0.5498895611255162,0.0
5727,180870,0,5727,0,0.5499855949294151,0.0
5728,180872,0,5728,0,0.5500816287333141,0.0
5729,180874,0,5729,0,0.5501776625372131,0.0
5730,180875,0,5730,0,0.5502736963411121,0.0
5731,180876,0,5731,0,0.550369730145011,0.0
5732,180880,0,5732,0,0.55046576394891,0.0
5733,180882,0,5733,0,0.550561797752809,0.0
5734,180883,0,5734,0,0.550657831556708,0.0
5735,180885,0,5735,0,0.5507538653606069,0.0
5736,180887,0,5736,0,0.5508498991645059,0.0
5737,180888,0,5737,0,0.5509459329684049,0.0
5738,180892,0,5738,0,0.5510419667723039,0.0
5739,180897,0,5739,0,0.5511380005762028,0.0
5740,180899,0,5740,0,0.5512340343801018,0.0
5741,180904,0,5741,0,0.5513300681840008,0.0
5742,180911,0,5742,0,0.5514261019878998,0.0
5743,180914,0,5743,0,0.5515221357917988,0.0
5744,180919,0,5744,0,0.5516181695956976,0.0
5745,180922,0,5745,0,0.5517142033995966,0.0
5746,180929,0,5746,0,0.5518102372034956,0.0
5747,180933,0,5747,0,0.5519062710073946,0.0
5748,180938,0,5748,0,0.5520023048112935,0.0
5749,180941,0,5749,0,0.5520983386151925,0.0
5750,180947,0,5750,0,0.5521943724190915,0.0
5751,180949,0,5751,0,0.5522904062229905,0.0
5752,180953,0,5752,0,0.5523864400268894,0.0
5753,180955,0,5753,0,0.5524824738307884,0.0
5754,180956,0,5754,0,0.5525785076346874,0.0
5755,180963,0,5755,0,0.5526745414385864,0.0
5756,180966,0,5756,0,0.5527705752424854,0.0
5757,180974,0,5757,0,0.5528666090463843,0.0
5758,180977,0,5758,0,0.5529626428502833,0.0
5759,180978,0,5759,0,0.5530586766541823,0.0
5760,180979,0,5760,0,0.5531547104580813,0.0
5761,180984,0,5761,0,0.5532507442619802,0.0
5762,180990,0,5762,0,0.5533467780658792,0.0
5763,180997,0,5763,0,0.5534428118697782,0.0
5764,180999,0,5764,0,0.5535388456736772,0.0
5765,181004,0,5765,0,0.5536348794775761,0.0
5766,181005,0,5766,0,0.5537309132814751,0.0
5767,181013,0,5767,0,0.553826947085374,0.0
5768,181015,0,5768,0,0.553922980889273,0.0
5769,181020,0,5769,0,0.554019014693172,0.0
5770,181026,0,5770,0,0.5541150484970709,0.0
5771,181031,0,5771,0,0.5542110823009699,0.0
5772,181041,0,5772,0,0.5543071161048689,0.0
5773,181044,0,5773,0,0.5544031499087679,0.0
5774,181045,0,5774,0,0.5544991837126668,0.0
5775,181051,0,5775,0,0.5545952175165658,0.0
5776,181062,0,5776,0,0.5546912513204648,0.0
5777,181063,0,5777,0,0.5547872851243638,0.0
5778,181065,0,5778,0,0.5548833189282627,0.0
5779,181067,0,5779,0,0.5549793527321617,0.0
5780,181071,0,5780,0,0.5550753865360607,0.0
5781,181073,0,5781,0,0.5551714203399597,0.0
5782,181076,0,5782,0,0.5552674541438586,0.0
5783,181084,0,5783,0,0.5553634879477576,0.0
5784,181111,0,5784,0,0.5554595217516566,0.0
5785,181116,0,5785,0,0.5555555555555556,0.0
5786,181122,0,5786,0,0.5556515893594546,0.0
5787,181124,0,5787,0,0.5557476231633535,0.0
5788,181126,0,5788,0,0.5558436569672525,0.0
5789,181127,0,5789,0,0.5559396907711515,0.0
5790,181131,0,5790,0,0.5560357245750505,0.0
5791,181132,0,5791,0,0.5561317583789493,0.0
5792,181133,0,5792,0,0.5562277921828483,0.0
5793,181134,0,5793,0,0.5563238259867473,0.0
5794,181138,0,5794,0,0.5564198597906463,0.0
5795,181140,0,5795,0,0.5565158935945452,0.0
5796,181141,0,5796,0,0.5566119273984442,0.0
5797,181145,0,5797,0,0.5567079612023432,0.0
5798,181149,0,5798,0,0.5568039950062422,0.0
5799,181151,0,5799,0,0.5569000288101412,0.0
5800,181161,0,5800,0,0.5569960626140401,0.0
5801,181162,0,5801,0,0.5570920964179391,0.0
5802,181163,0,5802,0,0.5571881302218381,0.0
5803,181179,0,5803,0,0.5572841640257371,0.0
5804,181185,0,5804,0,0.557380197829636,0.0
5805,181196,0,5805,0,0.557476231633535,0.0
5806,181201,0,5806,0,0.557572265437434,0.0
5807,181210,0,5807,0,0.557668299241333,0.0
5808,181215,0,5808,0,0.5577643330452319,0.0
5809,181217,0,5809,0,0.5578603668491309,0.0
5810,181218,0,5810,0,0.5579564006530299,0.0
5811,181222,0,5811,0,0.5580524344569289,0.0
5812,181223,0,5812,0,0.5581484682608278,0.0
5813,181227,0,5813,0,0.5582445020647268,0.0
5814,181228,0,5814,0,0.5583405358686258,0.0
5815,181233,0,5815,0,0.5584365696725248,0.0
5816,181242,0,5816,0,0.5585326034764238,0.0
5817,181243,0,5817,0,0.5586286372803226,0.0
5818,181245,0,5818,0,0.5587246710842216,0.0
5819,181248,0,5819,0,0.5588207048881206,0.0
5820,181255,0,5820,0,0.5589167386920196,0.0
5821,181261,0,5821,0,0.5590127724959185,0.0
5822,181263,0,5822,0,0.5591088062998175,0.0
5823,181266,0,5823,0,0.5592048401037165,0.0
5824,181268,0,5824,0,0.5593008739076155,0.0
5825,181271,0,5825,0,0.5593969077115144,0.0
5826,181277,0,5826,0,0.5594929415154134,0.0
5827,181282,0,5827,0,0.5595889753193124,0.0
5828,181290,0,5828,0,0.5596850091232114,0.0
5829,181293,0,5829,0,0.5597810429271104,0.0
5830,181295,0,5830,0,0.5598770767310093,0.0
5831,181304,0,5831,0,0.5599731105349083,0.0
5832,181306,0,5832,0,0.5600691443388073,0.0
5833,181307,0,5833,0,0.5601651781427063,0.0
5834,181309,0,5834,0,0.5602612119466052,0.0
5835,181316,0,5835,0,0.5603572457505042,0.0
5836,181319,0,5836,0,0.5604532795544032,0.0
5837,181322,0,5837,0,0.5605493133583022,0.0
5838,181323,0,5838,0,0.560645347162201,0.0
5839,181329,0,5839,0,0.5607413809661,0.0
5840,181353,0,5840,0,0.560837414769999,0.0
5841,181365,0,5841,0,0.560933448573898,0.0
5842,181371,0,5842,0,0.561029482377797,0.0
5843,181377,0,5843,0,0.5611255161816959,0.0
5844,181378,0,5844,0,0.5612215499855949,0.0
5845,181384,0,5845,0,0.5613175837894939,0.0
5846,181387,0,5846,0,0.5614136175933929,0.0
5847,181388,0,5847,0,0.5615096513972918,0.0
5848,181391,0,5848,0,0.5616056852011908,0.0
5849,181399,0,5849,0,0.5617017190050898,0.0
5850,181401,0,5850,0,0.5617977528089888,0.0
5851,181408,0,5851,0,0.5618937866128877,0.0
5852,181412,0,5852,0,0.5619898204167867,0.0
5853,181416,0,5853,0,0.5620858542206857,0.0
5854,181419,0,5854,0,0.5621818880245847,0.0
5855,181439,0,5855,0,0.5622779218284836,0.0
5856,181448,0,5856,0,0.5623739556323826,0.0
5857,181461,0,5857,0,0.5624699894362816,0.0
5858,181463,0,5858,0,0.5625660232401806,0.0
5859,181466,0,5859,0,0.5626620570440796,0.0
5860,181468,0,5860,0,0.5627580908479785,0.0
5861,181469,0,5861,0,0.5628541246518775,0.0
5862,181470,0,5862,0,0.5629501584557765,0.0
5863,181487,0,5863,0,0.5630461922596754,0.0
5864,181491,0,5864,0,0.5631422260635743,0.0
5865,181492,0,5865,0,0.5632382598674733,0.0
5866,181511,0,5866,0,0.5633342936713723,0.0
5867,181512,0,5867,0,0.5634303274752713,0.0
5868,181514,0,5868,0,0.5635263612791702,0.0
5869,181515,0,5869,0,0.5636223950830692,0.0
5870,181516,0,5870,0,0.5637184288869682,0.0
5871,181522,0,5871,0,0.5638144626908672,0.0
5872,181526,0,5872,0,0.5639104964947662,0.0
5873,181529,0,5873,0,0.5640065302986651,0.0
5874,181536,0,5874,0,0.5641025641025641,0.0
5875,181537,0,5875,0,0.5641985979064631,0.0
5876,181563,0,5876,0,0.5642946317103621,0.0
5877,181567,0,5877,0,0.564390665514261,0.0
5878,181574,0,5878,0,0.56448669931816,0.0
5879,181578,0,5879,0,0.564582733122059,0.0
5880,181583,0,5880,0,0.564678766925958,0.0
5881,181585,0,5881,0,0.5647748007298569,0.0
5882,181589,0,5882,0,0.5648708345337559,0.0
5883,181591,0,5883,0,0.5649668683376549,0.0
5884,181592,0,5884,0,0.5650629021415539,0.0
5885,181597,0,5885,0,0.5651589359454527,0.0
5886,181599,0,5886,0,0.5652549697493517,0.0
5887,181605,0,5887,0,0.5653510035532507,0.0
5888,181607,0,5888,0,0.5654470373571497,0.0
5889,181608,0,5889,0,0.5655430711610487,0.0
5890,181609,0,5890,0,0.5656391049649476,0.0
5891,181610,0,5891,0,0.5657351387688466,0.0
5892,181615,0,5892,0,0.5658311725727456,0.0
5893,181619,0,5893,0,0.5659272063766446,0.0
5894,181627,0,5894,0,0.5660232401805435,0.0
5895,181633,0,5895,0,0.5661192739844425,0.0
5896,181635,0,5896,0,0.5662153077883415,0.0
5897,181645,0,5897,0,0.5663113415922405,0.0
5898,181660,0,5898,0,0.5664073753961394,0.0
5899,181670,0,5899,0,0.5665034092000384,0.0
5900,181672,0,5900,0,0.5665994430039374,0.0
5901,181677,0,5901,0,0.5666954768078364,0.0
5902,181681,0,5902,0,0.5667915106117354,0.0
5903,181688,0,5903,0,0.5668875444156343,0.0
5904,181689,0,5904,0,0.5669835782195333,0.0
5905,181696,0,5905,0,0.5670796120234323,0.0
5906,181700,0,5906,0,0.5671756458273313,0.0
5907,181703,0,5907,0,0.5672716796312302,0.0
5908,181705,0,5908,0,0.5673677134351292,0.0
5909,181706,0,5909,0,0.5674637472390281,0.0
5910,181707,0,5910,0,0.5675597810429271,0.0
5911,181709,0,5911,0,0.567655814846826,0.0
5912,181714,0,5912,0,0.567751848650725,0.0
5913,181715,0,5913,0,0.567847882454624,0.0
5914,181716,0,5914,0,0.567943916258523,0.0
5915,181725,0,5915,0,0.568039950062422,0.0
5916,181726,0,5916,0,0.5681359838663209,0.0
5917,181729,0,5917,0,0.5682320176702199,0.0
5918,181736,0,5918,0,0.5683280514741189,0.0
5919,181737,0,5919,0,0.5684240852780179,0.0
5920,181739,0,5920,0,0.5685201190819168,0.0
5921,181740,0,5921,0,0.5686161528858158,0.0
5922,181748,0,5922,0,0.5687121866897148,0.0
5923,181752,0,5923,0,0.5688082204936138,0.0
5924,181754,0,5924,0,0.5689042542975127,0.0
5925,181759,0,5925,0,0.5690002881014117,0.0
5926,181760,0,5926,0,0.5690963219053107,0.0
5927,181762,0,5927,0,0.5691923557092097,0.0
5928,181765,0,5928,0,0.5692883895131086,0.0
5929,181773,0,5929,0,0.5693844233170076,0.0
5930,181777,0,5930,0,0.5694804571209066,0.0
5931,181780,0,5931,0,0.5695764909248056,0.0
5932,181784,0,5932,0,0.5696725247287046,0.0
5933,181788,0,5933,0,0.5697685585326034,0.0
5934,181795,0,5934,0,0.5698645923365024,0.0
5935,181805,0,5935,0,0.5699606261404014,0.0
5936,181814,0,5936,0,0.5700566599443004,0.0
5937,181818,0,5937,0,0.5701526937481993,0.0
5938,181824,0,5938,0,0.5702487275520983,0.0
5939,181828,0,5939,0,0.5703447613559973,0.0
5940,181829,0,5940,0,0.5704407951598963,0.0
5941,181832,0,5941,0,0.5705368289637952,0.0
5942,181834,0,5942,0,0.5706328627676942,0.0
5943,181835,0,5943,0,0.5707288965715932,0.0
5944,181836,0,5944,0,0.5708249303754922,0.0
5945,181838,0,5945,0,0.5709209641793912,0.0
5946,181840,0,5946,0,0.5710169979832901,0.0
5947,181845,0,5947,0,0.5711130317871891,0.0
5948,181850,0,5948,0,0.5712090655910881,0.0
5949,181858,0,5949,0,0.5713050993949871,0.0
5950,181865,0,5950,0,0.571401133198886,0.0
5951,181866,0,5951,0,0.571497167002785,0.0
5952,181870,0,5952,0,0.571593200806684,0.0
5953,181877,0,5953,0,0.571689234610583,0.0
5954,181881,0,5954,0,0.5717852684144819,0.0
5955,181886,0,5955,0,0.5718813022183808,0.0
5956,181887,0,5956,0,0.5719773360222798,0.0
5957,181888,0,5957,0,0.5720733698261788,0.0
5958,181889,0,5958,0,0.5721694036300777,0.0
5959,181895,0,5959,0,0.5722654374339767,0.0
5960,181896,0,5960,0,0.5723614712378757,0.0
5961,181897,0,5961,0,0.5724575050417747,0.0
5962,181904,0,5962,0,0.5725535388456737,0.0
5963,181914,0,5963,0,0.5726495726495726,0.0
5964,181916,0,5964,0,0.5727456064534716,0.0
5965,181917,0,5965,0,0.5728416402573706,0.0
5966,181920,0,5966,0,0.5729376740612696,0.0
5967,181921,0,5967,0,0.5730337078651685,0.0
5968,181923,0,5968,0,0.5731297416690675,0.0
5969,181927,0,5969,0,0.5732257754729665,0.0
5970,181928,0,5970,0,0.5733218092768655,0.0
5971,181930,0,5971,0,0.5734178430807644,0.0
5972,181941,0,5972,0,0.5735138768846634,0.0
5973,181942,0,5973,0,0.5736099106885624,0.0
5974,181943,0,5974,0,0.5737059444924614,0.0
5975,181965,0,5975,0,0.5738019782963604,0.0
5976,181974,0,5976,0,0.5738980121002593,0.0
5977,181979,0,5977,0,0.5739940459041583,0.0
5978,181980,0,5978,0,0.5740900797080573,0.0
5979,181981,0,5979,0,0.5741861135119563,0.0
5980,181984,0,5980,0,0.5742821473158551,0.0
5981,181988,0,5981,0,0.5743781811197541,0.0
5982,181989,0,5982,0,0.5744742149236531,0.0
5983,182001,0,5983,0,0.5745702487275521,0.0
5984,182009,0,5984,0,0.574666282531451,0.0
5985,182010,0,5985,0,0.57476231633535,0.0
5986,182016,0,5986,0,0.574858350139249,0.0
5987,182020,0,5987,0,0.574954383943148,0.0
5988,182026,0,5988,0,0.575050417747047,0.0
5989,182027,0,5989,0,0.5751464515509459,0.0
5990,182028,0,5990,0,0.5752424853548449,0.0
5991,182030,0,5991,0,0.5753385191587439,0.0
5992,182035,0,5992,0,0.5754345529626429,0.0
5993,182036,0,5993,0,0.5755305867665418,0.0
5994,182041,0,5994,0,0.5756266205704408,0.0
5995,182046,0,5995,0,0.5757226543743398,0.0
5996,182049,0,5996,0,0.5758186881782388,0.0
5997,182050,0,5997,0,0.5759147219821377,0.0
5998,182051,0,5998,0,0.5760107557860367,0.0
5999,182052,0,5999,0,0.5761067895899357,0.0
6000,182063,0,6000,0,0.5762028233938347,0.0
6001,182073,0,6001,0,0.5762988571977335,0.0
6002,182081,0,6002,0,0.5763948910016325,0.0
6003,182082,0,6003,0,0.5764909248055315,0.0
6004,182088,0,6004,0,0.5765869586094305,0.0
6005,182095,0,6005,0,0.5766829924133295,0.0
6006,182099,0,6006,0,0.5767790262172284,0.0
6007,182101,0,6007,0,0.5768750600211274,0.0
6008,182102,0,6008,0,0.5769710938250264,0.0
6009,182109,0,6009,0,0.5770671276289254,0.0
6010,182110,0,6010,0,0.5771631614328243,0.0
6011,182114,0,6011,0,0.5772591952367233,0.0
6012,182119,0,6012,0,0.5773552290406223,0.0
6013,182124,0,6013,0,0.5774512628445213,0.0
6014,182129,0,6014,0,0.5775472966484202,0.0
6015,182131,0,6015,0,0.5776433304523192,0.0
6016,182137,0,6016,0,0.5777393642562182,0.0
6017,182140,0,6017,0,0.5778353980601172,0.0
6018,182152,0,6018,0,0.5779314318640162,0.0
6019,182153,0,6019,0,0.5780274656679151,0.0
6020,182154,0,6020,0,0.5781234994718141,0.0
6021,182157,0,6021,0,0.5782195332757131,0.0
6022,182161,0,6022,0,0.5783155670796121,0.0
6023,182168,0,6023,0,0.578411600883511,0.0
6024,182171,0,6024,0,0.57850763468741,0.0
6025,182173,0,6025,0,0.578603668491309,0.0
6026,182174,0,6026,0,0.578699702295208,0.0
6027,182182,0,6027,0,0.5787957360991068,0.0
6028,182192,0,6028,0,0.5788917699030058,0.0
6029,182199,0,6029,0,0.5789878037069048,0.0
6030,182207,0,6030,0,0.5790838375108038,0.0
6031,182208,0,6031,0,0.5791798713147027,0.0
6032,182215,0,6032,0,0.5792759051186017,0.0
6033,182219,0,6033,0,0.5793719389225007,0.0
6034,182235,0,6034,0,0.5794679727263997,0.0
6035,182246,0,6035,0,0.5795640065302987,0.0
6036,182250,0,6036,0,0.5796600403341976,0.0
6037,182251,0,6037,0,0.5797560741380966,0.0
6038,182258,0,6038,0,0.5798521079419956,0.0
6039,182261,0,6039,0,0.5799481417458946,0.0
6040,182263,0,6040,0,0.5800441755497935,0.0
6041,182265,0,6041,0,0.5801402093536925,0.0
6042,182266,0,6042,0,0.5802362431575915,0.0
6043,182268,0,6043,0,0.5803322769614905,0.0
6044,182271,0,6044,0,0.5804283107653894,0.0
6045,182275,0,6045,0,0.5805243445692884,0.0
6046,182285,0,6046,0,0.5806203783731874,0.0
6047,182290,0,6047,0,0.5807164121770864,0.0
6048,182291,0,6048,0,0.5808124459809854,0.0
6049,182296,0,6049,0,0.5809084797848842,0.0
6050,182299,0,6050,0,0.5810045135887832,0.0
6051,182301,0,6051,0,0.5811005473926822,0.0
6052,182305,0,6052,0,0.5811965811965812,0.0
6053,182307,0,6053,0,0.5812926150004801,0.0
6054,182308,0,6054,0,0.5813886488043791,0.0
6055,182313,0,6055,0,0.5814846826082781,0.0
6056,182316,0,6056,0,0.5815807164121771,0.0
6057,182317,0,6057,0,0.581676750216076,0.0
6058,182318,0,6058,0,0.581772784019975,0.0
6059,182331,0,6059,0,0.581868817823874,0.0
6060,182333,0,6060,0,0.581964851627773,0.0
6061,182342,0,6061,0,0.582060885431672,0.0
6062,182343,0,6062,0,0.5821569192355709,0.0
6063,182344,0,6063,0,0.5822529530394699,0.0
6064,182347,0,6064,0,0.5823489868433689,0.0
6065,182351,0,6065,0,0.5824450206472679,0.0
6066,182352,0,6066,0,0.5825410544511668,0.0
6067,182356,0,6067,0,0.5826370882550658,0.0
6068,182359,0,6068,0,0.5827331220589648,0.0
6069,182366,0,6069,0,0.5828291558628638,0.0
6070,182374,0,6070,0,0.5829251896667627,0.0
6071,182375,0,6071,0,0.5830212234706617,0.0
6072,182387,0,6072,0,0.5831172572745607,0.0
6073,182390,0,6073,0,0.5832132910784597,0.0
6074,182391,0,6074,0,0.5833093248823585,0.0
6075,182392,0,6075,0,0.5834053586862575,0.0
6076,182404,0,6076,0,0.5835013924901565,0.0
6077,182406,0,6077,0,0.5835974262940555,0.0
6078,182414,0,6078,0,0.5836934600979545,0.0
6079,182425,0,6079,0,0.5837894939018534,0.0
6080,182427,0,6080,0,0.5838855277057524,0.0
6081,182428,0,6081,0,0.5839815615096514,0.0
6082,182429,0,6082,0,0.5840775953135504,0.0
6083,182431,0,6083,0,0.5841736291174493,0.0
6084,182436,0,6084,0,0.5842696629213483,0.0
6085,182438,0,6085,0,0.5843656967252473,0.0
6086,182439,0,6086,0,0.5844617305291463,0.0
6087,182445,0,6087,0,0.5845577643330452,0.0
6088,182450,0,6088,0,0.5846537981369442,0.0
6089,182452,0,6089,0,0.5847498319408432,0.0
6090,182455,0,6090,0,0.5848458657447422,0.0
6091,182456,0,6091,0,0.5849418995486412,0.0
6092,182464,0,6092,0,0.5850379333525401,0.0
6093,182465,0,6093,0,0.5851339671564391,0.0
6094,182466,0,6094,0,0.5852300009603381,0.0
6095,182467,0,6095,0,0.5853260347642371,0.0
6096,182468,0,6096,0,0.585422068568136,0.0
6097,182471,0,6097,0,0.5855181023720349,0.0
6098,182472,0,6098,0,0.5856141361759339,0.0
6099,182473,0,6099,0,0.5857101699798329,0.0
6100,182477,0,6100,0,0.5858062037837318,0.0
6101,182497,0,6101,0,0.5859022375876308,0.0
6102,182504,0,6102,0,0.5859982713915298,0.0
6103,182506,0,6103,0,0.5860943051954288,0.0
6104,182507,0,6104,0,0.5861903389993277,0.0
6105,182508,0,6105,0,0.5862863728032267,0.0
6106,182510,0,6106,0,0.5863824066071257,0.0
6107,182521,0,6107,0,0.5864784404110247,0.0
6108,182526,0,6108,0,0.5865744742149237,0.0
6109,182531,0,6109,0,0.5866705080188226,0.0
6110,182536,0,6110,0,0.5867665418227216,0.0
6111,182548,0,6111,0,0.5868625756266206,0.0
6112,182550,0,6112,0,0.5869586094305196,0.0
6113,182551,0,6113,0,0.5870546432344185,0.0
6114,182553,0,6114,0,0.5871506770383175,0.0
6115,182554,0,6115,0,0.5872467108422165,0.0
6116,182555,0,6116,0,0.5873427446461155,0.0
6117,182557,0,6117,0,0.5874387784500144,0.0
6118,182560,0,6118,0,0.5875348122539134,0.0
6119,182562,0,6119,0,0.5876308460578124,0.0
6120,182564,0,6120,0,0.5877268798617113,0.0
6121,182566,0,6121,0,0.5878229136656103,0.0
6122,182568,0,6122,0,0.5879189474695092,0.0
6123,182571,0,6123,0,0.5880149812734082,0.0
6124,182574,0,6124,0,0.5881110150773072,0.0
6125,182576,0,6125,0,0.5882070488812062,0.0
6126,182582,0,6126,0,0.5883030826851051,0.0
6127,182585,0,6127,0,0.5883991164890041,0.0
6128,182591,0,6128,0,0.5884951502929031,0.0
6129,182593,0,6129,0,0.5885911840968021,0.0
6130,182595,0,6130,0,0.588687217900701,0.0
6131,182598,0,6131,0,0.5887832517046,0.0
6132,182603,0,6132,0,0.588879285508499,0.0
6133,182604,0,6133,0,0.588975319312398,0.0
6134,182616,0,6134,0,0.589071353116297,0.0
6135,182622,0,6135,0,0.5891673869201959,0.0
6136,182624,0,6136,0,0.5892634207240949,0.0
6137,182625,0,6137,0,0.5893594545279939,0.0
6138,182632,0,6138,0,0.5894554883318929,0.0
6139,182637,0,6139,0,0.5895515221357918,0.0
6140,182639,0,6140,0,0.5896475559396908,0.0
6141,182643,0,6141,0,0.5897435897435898,0.0
6142,182650,0,6142,0,0.5898396235474888,0.0
6143,182651,0,6143,0,0.5899356573513876,0.0
6144,182653,0,6144,0,0.5900316911552866,0.0
6145,182657,0,6145,0,0.5901277249591856,0.0
6146,182665,0,6146,0,0.5902237587630846,0.0
6147,182676,0,6147,0,0.5903197925669835,0.0
6148,182677,0,6148,0,0.5904158263708825,0.0
6149,182680,0,6149,0,0.5905118601747815,0.0
6150,182688,0,6150,0,0.5906078939786805,0.0
6151,182695,0,6151,0,0.5907039277825795,0.0
6152,182696,0,6152,0,0.5907999615864784,0.0
6153,182697,0,6153,0,0.5908959953903774,0.0
6154,182698,0,6154,0,0.5909920291942764,0.0
6155,182716,0,6155,0,0.5910880629981754,0.0
6156,182717,0,6156,0,0.5911840968020743,0.0
6157,182725,0,6157,0,0.5912801306059733,0.0
6158,182730,0,6158,0,0.5913761644098723,0.0
6159,182733,0,6159,0,0.5914721982137713,0.0
6160,182744,0,6160,0,0.5915682320176702,0.0
6161,182745,0,6161,0,0.5916642658215692,0.0
6162,182750,0,6162,0,0.5917602996254682,0.0
6163,182753,0,6163,0,0.5918563334293672,0.0
6164,182761,0,6164,0,0.5919523672332662,0.0
6165,182765,0,6165,0,0.592048401037165,0.0
6166,182770,0,6166,0,0.592144434841064,0.0
6167,182773,0,6167,0,0.592240468644963,0.0
6168,182774,0,6168,0,0.592336502448862,0.0
6169,182783,0,6169,0,0.5924325362527609,0.0
6170,182792,0,6170,0,0.5925285700566599,0.0
6171,182799,0,6171,0,0.5926246038605589,0.0
6172,182811,0,6172,0,0.5927206376644579,0.0
6173,182830,0,6173,0,0.5928166714683568,0.0
6174,182832,0,6174,0,0.5929127052722558,0.0
6175,182845,0,6175,0,0.5930087390761548,0.0
6176,182848,0,6176,0,0.5931047728800538,0.0
6177,182850,0,6177,0,0.5932008066839527,0.0
6178,182854,0,6178,0,0.5932968404878517,0.0
6179,182871,0,6179,0,0.5933928742917507,0.0
6180,182874,0,6180,0,0.5934889080956497,0.0
6181,182879,0,6181,0,0.5935849418995487,0.0
6182,182882,0,6182,0,0.5936809757034476,0.0
6183,182884,0,6183,0,0.5937770095073466,0.0
6184,182885,0,6184,0,0.5938730433112456,0.0
6185,182887,0,6185,0,0.5939690771151446,0.0
6186,182890,0,6186,0,0.5940651109190435,0.0
6187,182891,0,6187,0,0.5941611447229425,0.0
6188,182895,0,6188,0,0.5942571785268415,0.0
6189,182928,0,6189,0,0.5943532123307405,0.0
6190,182929,0,6190,0,0.5944492461346393,0.0
6191,182931,0,6191,0,0.5945452799385383,0.0
6192,182934,0,6192,0,0.5946413137424373,0.0
6193,182935,0,6193,0,0.5947373475463363,0.0
6194,182936,0,6194,0,0.5948333813502353,0.0
6195,182939,0,6195,0,0.5949294151541342,0.0
6196,182952,0,6196,0,0.5950254489580332,0.0
6197,182966,0,6197,0,0.5951214827619322,0.0
6198,182967,0,6198,0,0.5952175165658312,0.0
6199,182970,0,6199,0,0.5953135503697301,0.0
6200,182972,0,6200,0,0.5954095841736291,0.0
6201,182973,0,6201,0,0.5955056179775281,0.0
6202,182974,0,6202,0,0.5956016517814271,0.0
6203,182975,0,6203,0,0.595697685585326,0.0
6204,182978,0,6204,0,0.595793719389225,0.0
6205,182980,0,6205,0,0.595889753193124,0.0
6206,182985,0,6206,0,0.595985786997023,0.0
6207,182986,0,6207,0,0.596081820800922,0.0
6208,182987,0,6208,0,0.5961778546048209,0.0
6209,182993,0,6209,0,0.5962738884087199,0.0
6210,182994,0,6210,0,0.5963699222126189,0.0
6211,182997,0,6211,0,0.5964659560165179,0.0
6212,182998,0,6212,0,0.5965619898204167,0.0
6213,183001,0,6213,0,0.5966580236243157,0.0
6214,183003,0,6214,0,0.5967540574282147,0.0
6215,183004,0,6215,0,0.5968500912321137,0.0
6216,183013,0,6216,0,0.5969461250360126,0.0
6217,183016,0,6217,0,0.5970421588399116,0.0
6218,183018,0,6218,0,0.5971381926438106,0.0
6219,183019,0,6219,0,0.5972342264477096,0.0
6220,183020,0,6220,0,0.5973302602516085,0.0
6221,183022,0,6221,0,0.5974262940555075,0.0
6222,183023,0,6222,0,0.5975223278594065,0.0
6223,183026,0,6223,0,0.5976183616633055,0.0
6224,183028,0,6224,0,0.5977143954672045,0.0
6225,183031,0,6225,0,0.5978104292711034,0.0
6226,183033,0,6226,0,0.5979064630750024,0.0
6227,183037,0,6227,0,0.5980024968789014,0.0
6228,183038,0,6228,0,0.5980985306828004,0.0
6229,183039,0,6229,0,0.5981945644866993,0.0
6230,183040,0,6230,0,0.5982905982905983,0.0
6231,183048,0,6231,0,0.5983866320944973,0.0
6232,183054,0,6232,0,0.5984826658983963,0.0
6233,183055,0,6233,0,0.5985786997022952,0.0
6234,183072,0,6234,0,0.5986747335061942,0.0
6235,183078,0,6235,0,0.5987707673100932,0.0
6236,183079,0,6236,0,0.5988668011139922,0.0
6237,183081,0,6237,0,0.5989628349178912,0.0
6238,183083,0,6238,0,0.59905886872179,0.0
6239,183086,0,6239,0,0.599154902525689,0.0
6240,183090,0,6240,0,0.599250936329588,0.0
6241,183094,0,6241,0,0.599346970133487,0.0
6242,183101,0,6242,0,0.5994430039373859,0.0
6243,183103,0,6243,0,0.5995390377412849,0.0
6244,183104,0,6244,0,0.5996350715451839,0.0
6245,183109,0,6245,0,0.5997311053490829,0.0
6246,183110,0,6246,0,0.5998271391529818,0.0
6247,183111,0,6247,0,0.5999231729568808,0.0
6248,183112,0,6248,0,0.6000192067607798,0.0
6249,183113,0,6249,0,0.6001152405646788,0.0
6250,183114,0,6250,0,0.6002112743685777,0.0
6251,183116,0,6251,0,0.6003073081724767,0.0
6252,183117,0,6252,0,0.6004033419763757,0.0
6253,183119,0,6253,0,0.6004993757802747,0.0
6254,183121,0,6254,0,0.6005954095841737,0.0
6255,183126,0,6255,0,0.6006914433880726,0.0
6256,183128,0,6256,0,0.6007874771919716,0.0
6257,183129,0,6257,0,0.6008835109958706,0.0
6258,183130,0,6258,0,0.6009795447997696,0.0
6259,183131,0,6259,0,0.6010755786036684,0.0
6260,183133,0,6260,0,0.6011716124075674,0.0
6261,183135,0,6261,0,0.6012676462114664,0.0
6262,183138,0,6262,0,0.6013636800153654,0.0
6263,183139,0,6263,0,0.6014597138192643,0.0
6264,183147,0,6264,0,0.6015557476231633,0.0
6265,183148,0,6265,0,0.6016517814270623,0.0
6266,183150,0,6266,0,0.6017478152309613,0.0
6267,183151,0,6267,0,0.6018438490348603,0.0
6268,183153,0,6268,0,0.6019398828387592,0.0
6269,183156,0,6269,0,0.6020359166426582,0.0
6270,183157,0,6270,0,0.6021319504465572,0.0
6271,183159,0,6271,0,0.6022279842504562,0.0
6272,183162,0,6272,0,0.6023240180543551,0.0
6273,183164,0,6273,0,0.6024200518582541,0.0
6274,183166,0,6274,0,0.6025160856621531,0.0
6275,183168,0,6275,0,0.6026121194660521,0.0
6276,183169,0,6276,0,0.602708153269951,0.0
6277,183170,0,6277,0,0.60280418707385,0.0
6278,183171,0,6278,0,0.602900220877749,0.0
6279,183188,0,6279,0,0.602996254681648,0.0
6280,183190,0,6280,0,0.603092288485547,0.0
6281,183191,0,6281,0,0.6031883222894459,0.0
6282,183196,0,6282,0,0.6032843560933449,0.0
6283,183198,0,6283,0,0.6033803898972439,0.0
6284,183200,0,6284,0,0.6034764237011429,0.0
6285,183201,0,6285,0,0.6035724575050417,0.0
6286,183202,0,6286,0,0.6036684913089407,0.0
6287,183205,0,6287,0,0.6037645251128397,0.0
6288,183215,0,6288,0,0.6038605589167387,0.0
6289,183216,0,6289,0,0.6039565927206376,0.0
6290,183220,0,6290,0,0.6040526265245366,0.0
6291,183222,0,6291,0,0.6041486603284356,0.0
6292,183223,0,6292,0,0.6042446941323346,0.0
6293,183227,0,6293,0,0.6043407279362335,0.0
6294,183228,0,6294,0,0.6044367617401325,0.0
6295,183229,0,6295,0,0.6045327955440315,0.0
6296,183231,0,6296,0,0.6046288293479305,0.0
6297,183232,0,6297,0,0.6047248631518295,0.0
6298,183233,0,6298,0,0.6048208969557284,0.0
6299,183234,0,6299,0,0.6049169307596274,0.0
6300,183235,0,6300,0,0.6050129645635264,0.0
6301,183237,0,6301,0,0.6051089983674254,0.0
6302,183238,0,6302,0,0.6052050321713243,0.0
6303,183239,0,6303,0,0.6053010659752233,0.0
6304,183240,0,6304,0,0.6053970997791223,0.0
6305,183249,0,6305,0,0.6054931335830213,0.0
6306,183250,0,6306,0,0.6055891673869201,0.0
6307,183262,0,6307,0,0.6056852011908191,0.0
6308,183267,0,6308,0,0.6057812349947181,0.0
6309,183272,0,6309,0,0.6058772687986171,0.0
6310,183274,0,6310,0,0.6059733026025161,0.0
6311,183275,0,6311,0,0.606069336406415,0.0
6312,183276,0,6312,0,0.606165370210314,0.0
6313,183277,0,6313,0,0.606261404014213,0.0
6314,183278,0,6314,0,0.606357437818112,0.0
6315,183280,0,6315,0,0.6064534716220109,0.0
6316,183285,0,6316,0,0.6065495054259099,0.0
6317,183287,0,6317,0,0.6066455392298089,0.0
6318,183288,0,6318,0,0.6067415730337079,0.0
6319,183289,0,6319,0,0.6068376068376068,0.0
6320,183290,0,6320,0,0.6069336406415058,0.0
6321,183295,0,6321,0,0.6070296744454048,0.0
6322,183298,0,6322,0,0.6071257082493038,0.0
6323,183305,0,6323,0,0.6072217420532027,0.0
6324,183306,0,6324,0,0.6073177758571017,0.0
6325,183308,0,6325,0,0.6074138096610007,0.0
6326,183311,0,6326,0,0.6075098434648997,0.0
6327,183312,0,6327,0,0.6076058772687987,0.0
6328,183318,0,6328,0,0.6077019110726976,0.0
6329,183320,0,6329,0,0.6077979448765966,0.0
6330,183321,0,6330,0,0.6078939786804956,0.0
6331,183322,0,6331,0,0.6079900124843945,0.0
6332,183325,0,6332,0,0.6080860462882934,0.0
6333,183326,0,6333,0,0.6081820800921924,0.0
6334,183327,0,6334,0,0.6082781138960914,0.0
6335,183328,0,6335,0,0.6083741476999904,0.0
6336,183330,0,6336,0,0.6084701815038893,0.0
6337,183332,0,6337,0,0.6085662153077883,0.0
6338,183334,0,6338,0,0.6086622491116873,0.0
6339,183336,0,6339,0,0.6087582829155863,0.0
6340,183337,0,6340,0,0.6088543167194853,0.0
6341,183339,0,6341,0,0.6089503505233842,0.0
6342,183348,0,6342,0,0.6090463843272832,0.0
6343,183350,0,6343,0,0.6091424181311822,0.0
6344,183355,0,6344,0,0.6092384519350812,0.0
6345,183356,0,6345,0,0.6093344857389801,0.0
6346,183364,0,6346,0,0.6094305195428791,0.0
6347,183365,0,6347,0,0.6095265533467781,0.0
6348,183366,0,6348,0,0.6096225871506771,0.0
6349,183367,0,6349,0,0.609718620954576,0.0
6350,183370,0,6350,0,0.609814654758475,0.0
6351,183374,0,6351,0,0.609910688562374,0.0
6352,183381,0,6352,0,0.610006722366273,0.0
6353,183384,0,6353,0,0.610102756170172,0.0
6354,183387,0,6354,0,0.6101987899740708,0.0
6355,183388,0,6355,0,0.6102948237779698,0.0
6356,183391,0,6356,0,0.6103908575818688,0.0
6357,183392,0,6357,0,0.6104868913857678,0.0
6358,183398,0,6358,0,0.6105829251896667,0.0
6359,183399,0,6359,0,0.6106789589935657,0.0
6360,183400,0,6360,0,0.6107749927974647,0.0
6361,183401,0,6361,0,0.6108710266013637,0.0
6362,183404,0,6362,0,0.6109670604052626,0.0
6363,183407,0,6363,0,0.6110630942091616,0.0
6364,183412,0,6364,0,0.6111591280130606,0.0
6365,183415,0,6365,0,0.6112551618169596,0.0
6366,183419,0,6366,0,0.6113511956208585,0.0
6367,183420,0,6367,0,0.6114472294247575,0.0
6368,183425,0,6368,0,0.6115432632286565,0.0
6369,183430,0,6369,0,0.6116392970325555,0.0
6370,183432,0,6370,0,0.6117353308364545,0.0
6371,183433,0,6371,0,0.6118313646403534,0.0
6372,183435,0,6372,0,0.6119273984442524,0.0
6373,183436,0,6373,0,0.6120234322481514,0.0
6374,183443,0,6374,0,0.6121194660520504,0.0
6375,183445,0,6375,0,0.6122154998559493,0.0
6376,183446,0,6376,0,0.6123115336598483,0.0
6377,183453,0,6377,0,0.6124075674637472,0.0
6378,183456,0,6378,0,0.6125036012676462,0.0
6379,183460,0,6379,0,0.6125996350715451,0.0
6380,183465,0,6380,0,0.6126956688754441,0.0
6381,183468,0,6381,0,0.6127917026793431,0.0
6382,183474,0,6382,0,0.6128877364832421,0.0
6383,183476,0,6383,0,0.6129837702871411,0.0
6384,183477,0,6384,0,0.61307980409104,0.0
6385,183478,0,6385,0,0.613175837894939,0.0
6386,183479,0,6386,0,0.613271871698838,0.0
6387,183482,0,6387,0,0.613367905502737,0.0
6388,183484,0,6388,0,0.6134639393066359,0.0
6389,183487,0,6389,0,0.6135599731105349,0.0
6390,183488,0,6390,0,0.6136560069144339,0.0
6391,183489,0,6391,0,0.6137520407183329,0.0
6392,183500,0,6392,0,0.6138480745222318,0.0
6393,183502,0,6393,0,0.6139441083261308,0.0
6394,183504,0,6394,0,0.6140401421300298,0.0
6395,183506,0,6395,0,0.6141361759339288,0.0
6396,183508,0,6396,0,0.6142322097378277,0.0
6397,183512,0,6397,0,0.6143282435417267,0.0
6398,183513,0,6398,0,0.6144242773456257,0.0
6399,183515,0,6399,0,0.6145203111495247,0.0
6400,183527,0,6400,0,0.6146163449534237,0.0
6401,183533,0,6401,0,0.6147123787573225,0.0
6402,183540,0,6402,0,0.6148084125612215,0.0
6403,183543,0,6403,0,0.6149044463651205,0.0
6404,183544,0,6404,0,0.6150004801690195,0.0
6405,183546,0,6405,0,0.6150965139729184,0.0
6406,183547,0,6406,0,0.6151925477768174,0.0
6407,183548,0,6407,0,0.6152885815807164,0.0
6408,183551,0,6408,0,0.6153846153846154,0.0
6409,183553,0,6409,0,0.6154806491885143,0.0
6410,183559,0,6410,0,0.6155766829924133,0.0
6411,183560,0,6411,0,0.6156727167963123,0.0
6412,183565,0,6412,0,0.6157687506002113,0.0
6413,183576,0,6413,0,0.6158647844041103,0.0
6414,183577,0,6414,0,0.6159608182080092,0.0
6415,183582,0,6415,0,0.6160568520119082,0.0
6416,183583,0,6416,0,0.6161528858158072,0.0
6417,183585,0,6417,0,0.6162489196197062,0.0
6418,183587,0,6418,0,0.6163449534236051,0.0
6419,183588,0,6419,0,0.6164409872275041,0.0
6420,183589,0,6420,0,0.6165370210314031,0.0
6421,183592,0,6421,0,0.6166330548353021,0.0
6422,183593,0,6422,0,0.616729088639201,0.0
6423,183595,0,6423,0,0.6168251224431,0.0
6424,183597,0,6424,0,0.616921156246999,0.0
6425,183600,0,6425,0,0.617017190050898,0.0
6426,183601,0,6426,0,0.6171132238547969,0.0
6427,183602,0,6427,0,0.6172092576586958,0.0
6428,183604,0,6428,0,0.6173052914625948,0.0
6429,183605,0,6429,0,0.6174013252664938,0.0
6430,183607,0,6430,0,0.6174973590703928,0.0
6431,183611,0,6431,0,0.6175933928742917,0.0
6432,183613,0,6432,0,0.6176894266781907,0.0
6433,183614,0,6433,0,0.6177854604820897,0.0
6434,183615,0,6434,0,0.6178814942859887,0.0
6435,183617,0,6435,0,0.6179775280898876,0.0
6436,183618,0,6436,0,0.6180735618937866,0.0
6437,183619,0,6437,0,0.6181695956976856,0.0
6438,183620,0,6438,0,0.6182656295015846,0.0
6439,183622,0,6439,0,0.6183616633054835,0.0
6440,183627,0,6440,0,0.6184576971093825,0.0
6441,183629,0,6441,0,0.6185537309132815,0.0
6442,183631,0,6442,0,0.6186497647171805,0.0
6443,183632,0,6443,0,0.6187457985210795,0.0
6444,183637,0,6444,0,0.6188418323249784,0.0
6445,183639,0,6445,0,0.6189378661288774,0.0
6446,183644,0,6446,0,0.6190338999327764,0.0
6447,183645,0,6447,0,0.6191299337366754,0.0
6448,183646,0,6448,0,0.6192259675405742,0.0
6449,183648,0,6449,0,0.6193220013444732,0.0
6450,183649,0,6450,0,0.6194180351483722,0.0
6451,183653,0,6451,0,0.6195140689522712,0.0
6452,183661,0,6452,0,0.6196101027561701,0.0
6453,183662,0,6453,0,0.6197061365600691,0.0
6454,183663,0,6454,0,0.6198021703639681,0.0
6455,183668,0,6455,0,0.6198982041678671,0.0
6456,183669,0,6456,0,0.6199942379717661,0.0
6457,183675,0,6457,0,0.620090271775665,0.0
6458,183679,0,6458,0,0.620186305579564,0.0
6459,183680,0,6459,0,0.620282339383463,0.0
6460,183682,0,6460,0,0.620378373187362,0.0
6461,183685,0,6461,0,0.6204744069912609,0.0
6462,183688,0,6462,0,0.6205704407951599,0.0
6463,183690,0,6463,0,0.6206664745990589,0.0
6464,183691,0,6464,0,0.6207625084029579,0.0
6465,183692,0,6465,0,0.6208585422068568,0.0
6466,183694,0,6466,0,0.6209545760107558,0.0
6467,183695,0,6467,0,0.6210506098146548,0.0
6468,183697,0,6468,0,0.6211466436185538,0.0
6469,183699,0,6469,0,0.6212426774224526,0.0
6470,183701,0,6470,0,0.6213387112263516,0.0
6471,183702,0,6471,0,0.6214347450302506,0.0
6472,183703,0,6472,0,0.6215307788341496,0.0
6473,183707,0,6473,0,0.6216268126380486,0.0
6474,183711,0,6474,0,0.6217228464419475,0.0
6475,183712,0,6475,0,0.6218188802458465,0.0
6476,183716,0,6476,0,0.6219149140497455,0.0
6477,183717,0,6477,0,0.6220109478536445,0.0
6478,183718,0,6478,0,0.6221069816575434,0.0
6479,183726,0,6479,0,0.6222030154614424,0.0
6480,183729,0,6480,0,0.6222990492653414,0.0
6481,183731,0,6481,0,0.6223950830692404,0.0
6482,183732,0,6482,0,0.6224911168731393,0.0
6483,183738,0,6483,0,0.6225871506770383,0.0
6484,183750,0,6484,0,0.6226831844809373,0.0
6485,183753,0,6485,0,0.6227792182848363,0.0
6486,183754,0,6486,0,0.6228752520887353,0.0
6487,183758,0,6487,0,0.6229712858926342,0.0
6488,183759,0,6488,0,0.6230673196965332,0.0
6489,183766,0,6489,0,0.6231633535004322,0.0
6490,183769,0,6490,0,0.6232593873043312,0.0
6491,183774,0,6491,0,0.6233554211082301,0.0
6492,183776,0,6492,0,0.623451454912129,0.0
6493,183780,0,6493,0,0.623547488716028,0.0
6494,183781,0,6494,0,0.623643522519927,0.0
6495,183782,0,6495,0,0.6237395563238259,0.0
6496,183785,0,6496,0,0.6238355901277249,0.0
6497,183789,0,6497,0,0.6239316239316239,0.0
6498,183799,0,6498,0,0.6240276577355229,0.0
6499,183800,0,6499,0,0.6241236915394219,0.0
6500,183802,0,6500,0,0.6242197253433208,0.0
6501,183803,0,6501,0,0.6243157591472198,0.0
6502,183804,0,6502,0,0.6244117929511188,0.0
6503,183805,0,6503,0,0.6245078267550178,0.0
6504,183807,0,6504,0,0.6246038605589167,0.0
6505,183809,0,6505,0,0.6246998943628157,0.0
6506,183810,0,6506,0,0.6247959281667147,0.0
6507,183811,0,6507,0,0.6248919619706137,0.0
6508,183812,0,6508,0,0.6249879957745126,0.0
6509,183817,0,6509,0,0.6250840295784116,0.0
6510,183818,0,6510,0,0.6251800633823106,0.0
6511,183819,0,6511,0,0.6252760971862096,0.0
6512,183823,0,6512,0,0.6253721309901085,0.0
6513,183825,0,6513,0,0.6254681647940075,0.0
6514,183829,0,6514,0,0.6255641985979065,0.0
6515,183830,0,6515,0,0.6256602324018055,0.0
6516,183836,0,6516,0,0.6257562662057045,0.0
6517,183838,0,6517,0,0.6258523000096033,0.0
6518,183841,0,6518,0,0.6259483338135023,0.0
6519,183844,0,6519,0,0.6260443676174013,0.0
6520,183848,0,6520,0,0.6261404014213003,0.0
6521,183850,0,6521,0,0.6262364352251992,0.0
6522,183851,0,6522,0,0.6263324690290982,0.0
6523,183852,0,6523,0,0.6264285028329972,0.0
6524,183859,0,6524,0,0.6265245366368962,0.0
6525,183865,0,6525,0,0.6266205704407951,0.0
6526,183866,0,6526,0,0.6267166042446941,0.0
6527,183873,0,6527,0,0.6268126380485931,0.0
6528,183876,0,6528,0,0.6269086718524921,0.0
6529,183879,0,6529,0,0.6270047056563911,0.0
6530,183883,0,6530,0,0.62710073946029,0.0
6531,183884,0,6531,0,0.627196773264189,0.0
6532,183887,0,6532,0,0.627292807068088,0.0
6533,183888,0,6533,0,0.627388840871987,0.0
6534,183894,0,6534,0,0.6274848746758859,0.0
6535,183895,0,6535,0,0.6275809084797849,0.0
6536,183896,0,6536,0,0.6276769422836839,0.0
6537,183898,0,6537,0,0.6277729760875829,0.0
6538,183905,0,6538,0,0.6278690098914818,0.0
6539,183907,0,6539,0,0.6279650436953808,0.0
6540,183908,0,6540,0,0.6280610774992798,0.0
6541,183910,0,6541,0,0.6281571113031788,0.0
6542,183911,0,6542,0,0.6282531451070776,0.0
6543,183914,0,6543,0,0.6283491789109766,0.0
6544,183916,0,6544,0,0.6284452127148756,0.0
6545,183917,0,6545,0,0.6285412465187746,0.0
6546,183918,0,6546,0,0.6286372803226736,0.0
6547,183919,0,6547,0,0.6287333141265725,0.0
6548,183921,0,6548,0,0.6288293479304715,0.0
6549,183922,0,6549,0,0.6289253817343705,0.0
6550,183924,0,6550,0,0.6290214155382695,0.0
6551,183928,0,6551,0,0.6291174493421684,0.0
6552,183931,0,6552,0,0.6292134831460674,0.0
6553,183938,0,6553,0,0.6293095169499664,0.0
6554,183940,0,6554,0,0.6294055507538654,0.0
6555,183943,0,6555,0,0.6295015845577643,0.0
6556,183944,0,6556,0,0.6295976183616633,0.0
6557,183958,0,6557,0,0.6296936521655623,0.0
6558,183962,0,6558,0,0.6297896859694613,0.0
6559,183963,0,6559,0,0.6298857197733603,0.0
6560,183967,0,6560,0,0.6299817535772592,0.0
6561,183968,0,6561,0,0.6300777873811582,0.0
6562,183971,0,6562,0,0.6301738211850572,0.0
6563,183976,0,6563,0,0.6302698549889562,0.0
6564,183977,0,6564,0,0.630365888792855,0.0
6565,183978,0,6565,0,0.630461922596754,0.0
6566,183983,0,6566,0,0.630557956400653,0.0
6567,183989,0,6567,0,0.630653990204552,0.0
6568,183990,0,6568,0,0.6307500240084509,0.0
6569,183991,0,6569,0,0.6308460578123499,0.0
6570,183992,0,6570,0,0.6309420916162489,0.0
6571,183993,0,6571,0,0.6310381254201479,0.0
6572,183994,0,6572,0,0.6311341592240468,0.0
6573,183995,0,6573,0,0.6312301930279458,0.0
6574,183996,0,6574,0,0.6313262268318448,0.0
6575,184000,0,6575,0,0.6314222606357438,0.0
6576,184001,0,6576,0,0.6315182944396428,0.0
6577,184002,0,6577,0,0.6316143282435417,0.0
6578,184006,0,6578,0,0.6317103620474407,0.0
6579,184010,0,6579,0,0.6318063958513397,0.0
6580,184011,0,6580,0,0.6319024296552387,0.0
6581,184017,0,6581,0,0.6319984634591376,0.0
6582,184018,0,6582,0,0.6320944972630366,0.0
6583,184021,0,6583,0,0.6321905310669356,0.0
6584,184022,0,6584,0,0.6322865648708346,0.0
6585,184025,0,6585,0,0.6323825986747335,0.0
6586,184027,0,6586,0,0.6324786324786325,0.0
6587,184028,0,6587,0,0.6325746662825315,0.0
6588,184031,0,6588,0,0.6326707000864304,0.0
6589,184033,0,6589,0,0.6327667338903294,0.0
6590,184035,0,6590,0,0.6328627676942283,0.0
6591,184038,0,6591,0,0.6329588014981273,0.0
6592,184039,0,6592,0,0.6330548353020263,0.0
6593,184041,0,6593,0,0.6331508691059253,0.0
6594,184047,0,6594,0,0.6332469029098242,0.0
6595,184054,0,6595,0,0.6333429367137232,0.0
6596,184055,0,6596,0,0.6334389705176222,0.0
6597,184056,0,6597,0,0.6335350043215212,0.0
6598,184057,0,6598,0,0.6336310381254201,0.0
6599,184058,0,6599,0,0.6337270719293191,0.0
6600,184062,0,6600,0,0.6338231057332181,0.0
6601,184071,0,6601,0,0.6339191395371171,0.0
6602,184075,0,6602,0,0.6340151733410161,0.0
6603,184077,0,6603,0,0.634111207144915,0.0
6604,184078,0,6604,0,0.634207240948814,0.0
6605,184083,0,6605,0,0.634303274752713,0.0
6606,184084,0,6606,0,0.634399308556612,0.0
6607,184086,0,6607,0,0.6344953423605109,0.0
6608,184089,0,6608,0,0.6345913761644099,0.0
6609,184093,0,6609,0,0.6346874099683089,0.0
6610,184099,0,6610,0,0.6347834437722079,0.0
6611,184100,0,6611,0,0.6348794775761067,0.0
6612,184103,0,6612,0,0.6349755113800057,0.0
6613,184106,0,6613,0,0.6350715451839047,0.0
6614,184108,0,6614,0,0.6351675789878037,0.0
6615,184111,0,6615,0,0.6352636127917026,0.0
6616,184112,0,6616,0,0.6353596465956016,0.0
6617,184113,0,6617,0,0.6354556803995006,0.0
6618,184117,0,6618,0,0.6355517142033996,0.0
6619,184118,0,6619,0,0.6356477480072986,0.0
6620,184121,0,6620,0,0.6357437818111975,0.0
6621,184126,0,6621,0,0.6358398156150965,0.0
6622,184127,0,6622,0,0.6359358494189955,0.0
6623,184128,0,6623,0,0.6360318832228945,0.0
6624,184133,0,6624,0,0.6361279170267934,0.0
6625,184135,0,6625,0,0.6362239508306924,0.0
6626,184138,0,6626,0,0.6363199846345914,0.0
6627,184140,0,6627,0,0.6364160184384904,0.0
6628,184141,0,6628,0,0.6365120522423893,0.0
6629,184143,0,6629,0,0.6366080860462883,0.0
6630,184144,0,6630,0,0.6367041198501873,0.0
6631,184147,0,6631,0,0.6368001536540863,0.0
6632,184150,0,6632,0,0.6368961874579853,0.0
6633,184153,0,6633,0,0.6369922212618842,0.0
6634,184157,0,6634,0,0.6370882550657831,0.0
6635,184160,0,6635,0,0.6371842888696821,0.0
6636,184162,0,6636,0,0.6372803226735811,0.0
6637,184167,0,6637,0,0.63737635647748,0.0
6638,184171,0,6638,0,0.637472390281379,0.0
6639,184174,0,6639,0,0.637568424085278,0.0
6640,184180,0,6640,0,0.637664457889177,0.0
6641,184183,0,6641,0,0.6377604916930759,0.0
6642,184185,0,6642,0,0.6378565254969749,0.0
6643,184189,0,6643,0,0.6379525593008739,0.0
6644,184190,0,6644,0,0.6380485931047729,0.0
6645,184192,0,6645,0,0.6381446269086718,0.0
6646,184195,0,6646,0,0.6382406607125708,0.0
6647,184196,0,6647,0,0.6383366945164698,0.0
6648,184201,0,6648,0,0.6384327283203688,0.0
6649,184203,0,6649,0,0.6385287621242678,0.0
6650,184204,0,6650,0,0.6386247959281667,0.0
6651,184205,0,6651,0,0.6387208297320657,0.0
6652,184207,0,6652,0,0.6388168635359647,0.0
6653,184208,0,6653,0,0.6389128973398637,0.0
6654,184209,0,6654,0,0.6390089311437626,0.0
6655,184210,0,6655,0,0.6391049649476616,0.0
6656,184211,0,6656,0,0.6392009987515606,0.0
6657,184212,0,6657,0,0.6392970325554596,0.0
6658,184222,0,6658,0,0.6393930663593584,0.0
6659,184223,0,6659,0,0.6394891001632574,0.0
6660,184230,0,6660,0,0.6395851339671564,0.0
6661,184233,0,6661,0,0.6396811677710554,0.0
6662,184244,0,6662,0,0.6397772015749544,0.0
6663,184246,0,6663,0,0.6398732353788533,0.0
6664,184248,0,6664,0,0.6399692691827523,0.0
6665,184250,0,6665,0,0.6400653029866513,0.0
6666,184251,0,6666,0,0.6401613367905503,0.0
6667,184254,0,6667,0,0.6402573705944492,0.0
6668,184255,0,6668,0,0.6403534043983482,0.0
6669,184258,0,6669,0,0.6404494382022472,0.0
6670,184259,0,6670,0,0.6405454720061462,0.0
6671,184260,0,6671,0,0.6406415058100451,0.0
6672,184263,0,6672,0,0.6407375396139441,0.0
6673,184264,0,6673,0,0.6408335734178431,0.0
6674,184268,0,6674,0,0.6409296072217421,0.0
6675,184269,0,6675,0,0.6410256410256411,0.0
6676,184270,0,6676,0,0.64112167482954,0.0
6677,184272,0,6677,0,0.641217708633439,0.0
6678,184276,0,6678,0,0.641313742437338,0.0
6679,184277,0,6679,0,0.641409776241237,0.0
6680,184278,0,6680,0,0.6415058100451358,0.0
6681,184279,0,6681,0,0.6416018438490348,0.0
6682,184280,0,6682,0,0.6416978776529338,0.0
6683,184281,0,6683,0,0.6417939114568328,0.0
6684,184282,0,6684,0,0.6418899452607317,0.0
6685,184285,0,6685,0,0.6419859790646307,0.0
6686,184286,0,6686,0,0.6420820128685297,0.0
6687,184287,0,6687,0,0.6421780466724287,0.0
6688,184289,0,6688,0,0.6422740804763276,0.0
6689,184290,0,6689,0,0.6423701142802266,0.0
6690,184291,0,6690,0,0.6424661480841256,0.0
6691,184295,0,6691,0,0.6425621818880246,0.0
6692,184296,0,6692,0,0.6426582156919236,0.0
6693,184298,0,6693,0,0.6427542494958225,0.0
6694,184300,0,6694,0,0.6428502832997215,0.0
6695,184301,0,6695,0,0.6429463171036205,0.0
6696,184302,0,6696,0,0.6430423509075195,0.0
6697,184303,0,6697,0,0.6431383847114184,0.0
6698,184304,0,6698,0,0.6432344185153174,0.0
6699,184305,0,6699,0,0.6433304523192164,0.0
6700,184306,0,6700,0,0.6434264861231154,0.0
6701,184310,0,6701,0,0.6435225199270143,0.0
6702,184312,0,6702,0,0.6436185537309133,0.0
6703,184319,0,6703,0,0.6437145875348123,0.0
6704,184321,0,6704,0,0.6438106213387113,0.0
6705,184324,0,6705,0,0.6439066551426103,0.0
6706,184326,0,6706,0,0.6440026889465091,0.0
6707,184327,0,6707,0,0.6440987227504081,0.0
6708,184330,0,6708,0,0.6441947565543071,0.0
6709,184332,0,6709,0,0.6442907903582061,0.0
6710,184334,0,6710,0,0.644386824162105,0.0
6711,184335,0,6711,0,0.644482857966004,0.0
6712,184337,0,6712,0,0.644578891769903,0.0
6713,184341,0,6713,0,0.644674925573802,0.0
6714,184342,0,6714,0,0.6447709593777009,0.0
6715,184344,0,6715,0,0.6448669931815999,0.0
6716,184349,0,6716,0,0.6449630269854989,0.0
6717,184350,0,6717,0,0.6450590607893979,0.0
6718,184354,0,6718,0,0.6451550945932968,0.0
6719,184355,0,6719,0,0.6452511283971958,0.0
6720,184358,0,6720,0,0.6453471622010948,0.0
6721,184360,0,6721,0,0.6454431960049938,0.0
6722,184362,0,6722,0,0.6455392298088928,0.0
6723,184364,0,6723,0,0.6456352636127917,0.0
6724,184366,0,6724,0,0.6457312974166907,0.0
6725,184368,0,6725,0,0.6458273312205897,0.0
6726,184375,0,6726,0,0.6459233650244887,0.0
6727,184376,0,6727,0,0.6460193988283875,0.0
6728,184378,0,6728,0,0.6461154326322865,0.0
6729,184380,0,6729,0,0.6462114664361855,0.0
6730,184381,0,6730,0,0.6463075002400845,0.0
6731,184382,0,6731,0,0.6464035340439834,0.0
6732,184386,0,6732,0,0.6464995678478824,0.0
6733,184387,0,6733,0,0.6465956016517814,0.0
6734,184389,0,6734,0,0.6466916354556804,0.0
6735,184390,0,6735,0,0.6467876692595794,0.0
6736,184392,0,6736,0,0.6468837030634783,0.0
6737,184398,0,6737,0,0.6469797368673773,0.0
6738,184399,0,6738,0,0.6470757706712763,0.0
6739,184400,0,6739,0,0.6471718044751753,0.0
6740,184402,0,6740,0,0.6472678382790742,0.0
6741,184403,0,6741,0,0.6473638720829732,0.0
6742,184404,0,6742,0,0.6474599058868722,0.0
6743,184407,0,6743,0,0.6475559396907712,0.0
6744,184408,0,6744,0,0.6476519734946701,0.0
6745,184412,0,6745,0,0.6477480072985691,0.0
6746,184417,0,6746,0,0.6478440411024681,0.0
6747,184419,0,6747,0,0.6479400749063671,0.0
6748,184423,0,6748,0,0.6480361087102661,0.0
6749,184424,0,6749,0,0.648132142514165,0.0
6750,184429,0,6750,0,0.648228176318064,0.0
6751,184430,0,6751,0,0.648324210121963,0.0
6752,184431,0,6752,0,0.648420243925862,0.0
6753,184434,0,6753,0,0.6485162777297608,0.0
6754,184435,0,6754,0,0.6486123115336598,0.0
6755,184436,0,6755,0,0.6487083453375588,0.0
6756,184438,0,6756,0,0.6488043791414578,0.0
6757,184439,0,6757,0,0.6489004129453567,0.0
6758,184440,0,6758,0,0.6489964467492557,0.0
6759,184441,0,6759,0,0.6490924805531547,0.0
6760,184442,0,6760,0,0.6491885143570537,0.0
6761,184446,0,6761,0,0.6492845481609526,0.0
6762,184447,0,6762,0,0.6493805819648516,0.0
6763,184448,0,6763,0,0.6494766157687506,0.0
6764,184449,0,6764,0,0.6495726495726496,0.0
6765,184450,0,6765,0,0.6496686833765486,0.0
6766,184454,0,6766,0,0.6497647171804475,0.0
6767,184460,0,6767,0,0.6498607509843465,0.0
6768,184462,0,6768,0,0.6499567847882455,0.0
6769,184465,0,6769,0,0.6500528185921445,0.0
6770,184469,0,6770,0,0.6501488523960434,0.0
6771,184470,0,6771,0,0.6502448861999424,0.0
6772,184473,0,6772,0,0.6503409200038414,0.0
6773,184476,0,6773,0,0.6504369538077404,0.0
6774,184480,0,6774,0,0.6505329876116392,0.0
6775,184481,0,6775,0,0.6506290214155382,0.0
6776,184486,0,6776,0,0.6507250552194372,0.0
6777,184487,0,6777,0,0.6508210890233362,0.0
6778,184490,0,6778,0,0.6509171228272352,0.0
6779,184491,0,6779,0,0.6510131566311341,0.0
6780,184492,0,6780,0,0.6511091904350331,0.0
6781,184496,0,6781,0,0.6512052242389321,0.0
6782,184497,0,6782,0,0.6513012580428311,0.0
6783,184498,0,6783,0,0.65139729184673,0.0
6784,184499,0,6784,0,0.651493325650629,0.0
6785,184502,0,6785,0,0.651589359454528,0.0
6786,184511,0,6786,0,0.651685393258427,0.0
6787,184512,0,6787,0,0.6517814270623259,0.0
6788,184514,0,6788,0,0.6518774608662249,0.0
6789,184523,0,6789,0,0.6519734946701239,0.0
6790,184524,0,6790,0,0.6520695284740229,0.0
6791,184530,0,6791,0,0.6521655622779218,0.0
6792,184532,0,6792,0,0.6522615960818208,0.0
6793,184534,0,6793,0,0.6523576298857198,0.0
6794,184539,0,6794,0,0.6524536636896188,0.0
6795,184544,0,6795,0,0.6525496974935178,0.0
6796,184549,0,6796,0,0.6526457312974167,0.0
6797,184552,0,6797,0,0.6527417651013157,0.0
6798,184556,0,6798,0,0.6528377989052147,0.0
6799,184557,0,6799,0,0.6529338327091136,0.0
6800,184560,0,6800,0,0.6530298665130125,0.0
6801,184561,0,6801,0,0.6531259003169115,0.0
6802,184564,0,6802,0,0.6532219341208105,0.0
6803,184566,0,6803,0,0.6533179679247095,0.0
6804,184568,0,6804,0,0.6534140017286084,0.0
6805,184569,0,6805,0,0.6535100355325074,0.0
6806,184571,0,6806,0,0.6536060693364064,0.0
6807,184574,0,6807,0,0.6537021031403054,0.0
6808,184575,0,6808,0,0.6537981369442044,0.0
6809,184579,0,6809,0,0.6538941707481033,0.0
6810,184582,0,6810,0,0.6539902045520023,0.0
6811,184583,0,6811,0,0.6540862383559013,0.0
6812,184585,0,6812,0,0.6541822721598003,0.0
6813,184588,0,6813,0,0.6542783059636992,0.0
6814,184589,0,6814,0,0.6543743397675982,0.0
6815,184590,0,6815,0,0.6544703735714972,0.0
6816,184591,0,6816,0,0.6545664073753962,0.0
6817,184593,0,6817,0,0.6546624411792951,0.0
6818,184594,0,6818,0,0.6547584749831941,0.0
6819,184595,0,6819,0,0.6548545087870931,0.0
6820,184596,0,6820,0,0.6549505425909921,0.0
6821,184597,0,6821,0,0.6550465763948911,0.0
6822,184598,0,6822,0,0.6551426101987899,0.0
6823,184599,0,6823,0,0.6552386440026889,0.0
6824,184600,0,6824,0,0.6553346778065879,0.0
6825,184602,0,6825,0,0.6554307116104869,0.0
6826,184603,0,6826,0,0.6555267454143858,0.0
6827,184606,0,6827,0,0.6556227792182848,0.0
6828,184607,0,6828,0,0.6557188130221838,0.0
6829,184609,0,6829,0,0.6558148468260828,0.0
6830,184612,0,6830,0,0.6559108806299817,0.0
6831,184616,0,6831,0,0.6560069144338807,0.0
6832,184618,0,6832,0,0.6561029482377797,0.0
6833,184619,0,6833,0,0.6561989820416787,0.0
6834,184620,0,6834,0,0.6562950158455776,0.0
6835,184621,0,6835,0,0.6563910496494766,0.0
6836,184622,0,6836,0,0.6564870834533756,0.0
6837,184623,0,6837,0,0.6565831172572746,0.0
6838,184624,0,6838,0,0.6566791510611736,0.0
6839,184625,0,6839,0,0.6567751848650725,0.0
6840,184627,0,6840,0,0.6568712186689715,0.0
6841,184630,0,6841,0,0.6569672524728705,0.0
6842,184634,0,6842,0,0.6570632862767695,0.0
6843,184638,0,6843,0,0.6571593200806684,0.0
6844,184641,0,6844,0,0.6572553538845674,0.0
6845,184654,0,6845,0,0.6573513876884663,0.0
6846,184655,0,6846,0,0.6574474214923653,0.0
6847,184659,0,6847,0,0.6575434552962642,0.0
6848,184663,0,6848,0,0.6576394891001632,0.0
6849,184666,0,6849,0,0.6577355229040622,0.0
6850,184669,0,6850,0,0.6578315567079612,0.0
6851,184670,0,6851,0,0.6579275905118602,0.0
6852,184671,0,6852,0,0.6580236243157591,0.0
6853,184672,0,6853,0,0.6581196581196581,0.0
6854,184675,0,6854,0,0.6582156919235571,0.0
6855,184677,0,6855,0,0.6583117257274561,0.0
6856,184685,0,6856,0,0.658407759531355,0.0
6857,184686,0,6857,0,0.658503793335254,0.0
6858,184689,0,6858,0,0.658599827139153,0.0
6859,184696,0,6859,0,0.658695860943052,0.0
6860,184699,0,6860,0,0.6587918947469509,0.0
6861,184700,0,6861,0,0.6588879285508499,0.0
6862,184709,0,6862,0,0.6589839623547489,0.0
6863,184710,0,6863,0,0.6590799961586479,0.0
6864,184712,0,6864,0,0.6591760299625468,0.0
6865,184715,0,6865,0,0.6592720637664458,0.0
6866,184718,0,6866,0,0.6593680975703448,0.0
6867,184720,0,6867,0,0.6594641313742438,0.0
6868,184723,0,6868,0,0.6595601651781428,0.0
6869,184729,0,6869,0,0.6596561989820416,0.0
6870,184734,0,6870,0,0.6597522327859406,0.0
6871,184735,0,6871,0,0.6598482665898396,0.0
6872,184737,0,6872,0,0.6599443003937386,0.0
6873,184739,0,6873,0,0.6600403341976375,0.0
6874,184742,0,6874,0,0.6601363680015365,0.0
6875,184745,0,6875,0,0.6602324018054355,0.0
6876,184747,0,6876,0,0.6603284356093345,0.0
6877,184753,0,6877,0,0.6604244694132334,0.0
6878,184757,0,6878,0,0.6605205032171324,0.0
6879,184759,0,6879,0,0.6606165370210314,0.0
6880,184760,0,6880,0,0.6607125708249304,0.0
6881,184761,0,6881,0,0.6608086046288294,0.0
6882,184762,0,6882,0,0.6609046384327283,0.0
6883,184763,0,6883,0,0.6610006722366273,0.0
6884,184765,0,6884,0,0.6610967060405263,0.0
6885,184771,0,6885,0,0.6611927398444253,0.0
6886,184776,0,6886,0,0.6612887736483242,0.0
6887,184778,0,6887,0,0.6613848074522232,0.0
6888,184779,0,6888,0,0.6614808412561222,0.0
6889,184780,0,6889,0,0.6615768750600212,0.0
6890,184781,0,6890,0,0.66167290886392,0.0
6891,184782,0,6891,0,0.661768942667819,0.0
6892,184783,0,6892,0,0.661864976471718,0.0
6893,184784,0,6893,0,0.661961010275617,0.0
6894,184787,0,6894,0,0.662057044079516,0.0
6895,184790,0,6895,0,0.6621530778834149,0.0
6896,184794,0,6896,0,0.6622491116873139,0.0
6897,184802,0,6897,0,0.6623451454912129,0.0
6898,184803,0,6898,0,0.6624411792951119,0.0
6899,184815,0,6899,0,0.6625372130990108,0.0
6900,184817,0,6900,0,0.6626332469029098,0.0
6901,184819,0,6901,0,0.6627292807068088,0.0
6902,184822,0,6902,0,0.6628253145107078,0.0
6903,184823,0,6903,0,0.6629213483146067,0.0
6904,184824,0,6904,0,0.6630173821185057,0.0
6905,184828,0,6905,0,0.6631134159224047,0.0
6906,184829,0,6906,0,0.6632094497263037,0.0
6907,184830,0,6907,0,0.6633054835302026,0.0
6908,184836,0,6908,0,0.6634015173341016,0.0
6909,184837,0,6909,0,0.6634975511380006,0.0
6910,184840,0,6910,0,0.6635935849418996,0.0
6911,184841,0,6911,0,0.6636896187457986,0.0
6912,184849,0,6912,0,0.6637856525496975,0.0
6913,184851,0,6913,0,0.6638816863535965,0.0
6914,184853,0,6914,0,0.6639777201574955,0.0
6915,184855,0,6915,0,0.6640737539613945,0.0
6916,184859,0,6916,0,0.6641697877652933,0.0
6917,184860,0,6917,0,0.6642658215691923,0.0
6918,184866,0,6918,0,0.6643618553730913,0.0
6919,184869,0,6919,0,0.6644578891769903,0.0
6920,184874,0,6920,0,0.6645539229808892,0.0
6921,184875,0,6921,0,0.6646499567847882,0.0
6922,184876,0,6922,0,0.6647459905886872,0.0
6923,184878,0,6923,0,0.6648420243925862,0.0
6924,184880,0,6924,0,0.6649380581964852,0.0
6925,184881,0,6925,0,0.6650340920003841,0.0
6926,184885,0,6926,0,0.6651301258042831,0.0
6927,184887,0,6927,0,0.6652261596081821,0.0
6928,184897,0,6928,0,0.6653221934120811,0.0
6929,184900,0,6929,0,0.66541822721598,0.0
6930,184902,0,6930,0,0.665514261019879,0.0
6931,184904,0,6931,0,0.665610294823778,0.0
6932,184905,0,6932,0,0.665706328627677,0.0
6933,184912,0,6933,0,0.6658023624315759,0.0
6934,184914,0,6934,0,0.6658983962354749,0.0
6935,184915,0,6935,0,0.6659944300393739,0.0
6936,184917,0,6936,0,0.6660904638432729,0.0
6937,184918,0,6937,0,0.6661864976471717,0.0
6938,184919,0,6938,0,0.6662825314510707,0.0
6939,184921,0,6939,0,0.6663785652549697,0.0
6940,184922,0,6940,0,0.6664745990588687,0.0
6941,184926,0,6941,0,0.6665706328627677,0.0
6942,184927,0,6942,0,0.6666666666666666,0.0
6943,184928,0,6943,0,0.6667627004705656,0.0
6944,184930,0,6944,0,0.6668587342744646,0.0
6945,184931,0,6945,0,0.6669547680783636,0.0
6946,184935,0,6946,0,0.6670508018822625,0.0
6947,184937,0,6947,0,0.6671468356861615,0.0
6948,184940,0,6948,0,0.6672428694900605,0.0
6949,184942,0,6949,0,0.6673389032939595,0.0
6950,184944,0,6950,0,0.6674349370978584,0.0
6951,184945,0,6951,0,0.6675309709017574,0.0
6952,184949,0,6952,0,0.6676270047056564,0.0
6953,184951,0,6953,0,0.6677230385095554,0.0
6954,184952,0,6954,0,0.6678190723134544,0.0
6955,184953,0,6955,0,0.6679151061173533,0.0
6956,184956,0,6956,0,0.6680111399212523,0.0
6957,184957,0,6957,0,0.6681071737251513,0.0
6958,184960,0,6958,0,0.6682032075290503,0.0
6959,184962,0,6959,0,0.6682992413329492,0.0
6960,184966,0,6960,0,0.6683952751368482,0.0
6961,184969,0,6961,0,0.6684913089407472,0.0
6962,184970,0,6962,0,0.6685873427446462,0.0
6963,184971,0,6963,0,0.668683376548545,0.0
6964,184974,0,6964,0,0.668779410352444,0.0
6965,184975,0,6965,0,0.668875444156343,0.0
6966,184977,0,6966,0,0.668971477960242,0.0
6967,184978,0,6967,0,0.669067511764141,0.0
6968,184980,0,6968,0,0.6691635455680399,0.0
6969,184981,0,6969,0,0.6692595793719389,0.0
6970,184983,0,6970,0,0.6693556131758379,0.0
6971,184984,0,6971,0,0.6694516469797369,0.0
6972,184986,0,6972,0,0.6695476807836358,0.0
6973,184987,0,6973,0,0.6696437145875348,0.0
6974,184989,0,6974,0,0.6697397483914338,0.0
6975,184990,0,6975,0,0.6698357821953328,0.0
6976,184991,0,6976,0,0.6699318159992317,0.0
6977,184994,0,6977,0,0.6700278498031307,0.0
6978,184995,0,6978,0,0.6701238836070297,0.0
6979,184996,0,6979,0,0.6702199174109287,0.0
6980,184998,0,6980,0,0.6703159512148276,0.0
6981,185006,0,6981,0,0.6704119850187266,0.0
6982,185008,0,6982,0,0.6705080188226256,0.0
6983,185009,0,6983,0,0.6706040526265246,0.0
6984,185012,0,6984,0,0.6707000864304236,0.0
6985,185013,0,6985,0,0.6707961202343224,0.0
6986,185015,0,6986,0,0.6708921540382214,0.0
6987,185016,0,6987,0,0.6709881878421204,0.0
6988,185017,0,6988,0,0.6710842216460194,0.0
6989,185018,0,6989,0,0.6711802554499183,0.0
6990,185020,0,6990,0,0.6712762892538173,0.0
6991,185026,0,6991,0,0.6713723230577163,0.0
6992,185033,0,6992,0,0.6714683568616153,0.0
6993,185036,0,6993,0,0.6715643906655142,0.0
6994,185037,0,6994,0,0.6716604244694132,0.0
6995,185042,0,6995,0,0.6717564582733122,0.0
6996,185044,0,6996,0,0.6718524920772112,0.0
6997,185047,0,6997,0,0.6719485258811102,0.0
6998,185051,0,6998,0,0.6720445596850091,0.0
6999,185060,0,6999,0,0.6721405934889081,0.0
7000,185078,0,7000,0,0.6722366272928071,0.0
7001,185081,0,7001,0,0.6723326610967061,0.0
7002,185085,0,7002,0,0.672428694900605,0.0
7003,185087,0,7003,0,0.672524728704504,0.0
7004,185092,0,7004,0,0.672620762508403,0.0
7005,185093,0,7005,0,0.672716796312302,0.0
7006,185095,0,7006,0,0.6728128301162009,0.0
7007,185098,0,7007,0,0.6729088639200999,0.0
7008,185099,0,7008,0,0.6730048977239989,0.0
7009,185108,0,7009,0,0.6731009315278978,0.0
7010,185109,0,7010,0,0.6731969653317967,0.0
7011,185110,0,7011,0,0.6732929991356957,0.0
7012,185118,0,7012,0,0.6733890329395947,0.0
7013,185128,0,7013,0,0.6734850667434937,0.0
7014,185135,0,7014,0,0.6735811005473927,0.0
7015,185136,0,7015,0,0.6736771343512916,0.0
7016,185144,0,7016,0,0.6737731681551906,0.0
7017,185147,0,7017,0,0.6738692019590896,0.0
7018,185148,0,7018,0,0.6739652357629886,0.0
7019,185158,0,7019,0,0.6740612695668875,0.0
7020,185161,0,7020,0,0.6741573033707865,0.0
7021,185174,0,7021,0,0.6742533371746855,0.0
7022,185175,0,7022,0,0.6743493709785845,0.0
7023,185176,0,7023,0,0.6744454047824834,0.0
7024,185179,0,7024,0,0.6745414385863824,0.0
7025,185180,0,7025,0,0.6746374723902814,0.0
7026,185182,0,7026,0,0.6747335061941804,0.0
7027,185188,0,7027,0,0.6748295399980794,0.0
7028,185191,0,7028,0,0.6749255738019783,0.0
7029,185192,0,7029,0,0.6750216076058773,0.0
7030,185200,0,7030,0,0.6751176414097763,0.0
7031,185205,0,7031,0,0.6752136752136753,0.0
7032,185206,0,7032,0,0.6753097090175741,0.0
7033,185211,0,7033,0,0.6754057428214731,0.0
7034,185213,0,7034,0,0.6755017766253721,0.0
7035,185216,0,7035,0,0.6755978104292711,0.0
7036,185217,0,7036,0,0.67569384423317,0.0
7037,185218,0,7037,0,0.675789878037069,0.0
7038,185219,0,7038,0,0.675885911840968,0.0
7039,185221,0,7039,0,0.675981945644867,0.0
7040,185223,0,7040,0,0.676077979448766,0.0
7041,185230,0,7041,0,0.6761740132526649,0.0
7042,185234,0,7042,0,0.6762700470565639,0.0
7043,185240,0,7043,0,0.6763660808604629,0.0
7044,185241,0,7044,0,0.6764621146643619,0.0
7045,185244,0,7045,0,0.6765581484682608,0.0
7046,185405,0,7046,0,0.6766541822721598,0.0
7047,185406,0,7047,0,0.6767502160760588,0.0
7048,185414,0,7048,0,0.6768462498799578,0.0
7049,185417,0,7049,0,0.6769422836838567,0.0
7050,185441,0,7050,0,0.6770383174877557,0.0
7051,185442,0,7051,0,0.6771343512916547,0.0
7052,185443,0,7052,0,0.6772303850955537,0.0
7053,185444,0,7053,0,0.6773264188994526,0.0
7054,185453,0,7054,0,0.6774224527033516,0.0
7055,185454,0,7055,0,0.6775184865072506,0.0
7056,185455,0,7056,0,0.6776145203111495,0.0
7057,185456,0,7057,0,0.6777105541150485,0.0
7058,185465,0,7058,0,0.6778065879189474,0.0
7059,185466,0,7059,0,0.6779026217228464,0.0
7060,185467,0,7060,0,0.6779986555267454,0.0
7061,185473,0,7061,0,0.6780946893306444,0.0
7062,185474,0,7062,0,0.6781907231345433,0.0
7063,185475,0,7063,0,0.6782867569384423,0.0
7064,185478,0,7064,0,0.6783827907423413,0.0
7065,185481,0,7065,0,0.6784788245462403,0.0
7066,185483,0,7066,0,0.6785748583501392,0.0
7067,185484,0,7067,0,0.6786708921540382,0.0
7068,185487,0,7068,0,0.6787669259579372,0.0
7069,185504,0,7069,0,0.6788629597618362,0.0
7070,185511,0,7070,0,0.6789589935657352,0.0
7071,185517,0,7071,0,0.6790550273696341,0.0
7072,185518,0,7072,0,0.6791510611735331,0.0
7073,185519,0,7073,0,0.6792470949774321,0.0
7074,185520,0,7074,0,0.6793431287813311,0.0
7075,185521,0,7075,0,0.67943916258523,0.0
7076,185524,0,7076,0,0.679535196389129,0.0
7077,185526,0,7077,0,0.679631230193028,0.0
7078,185527,0,7078,0,0.679727263996927,0.0
7079,185528,0,7079,0,0.6798232978008258,0.0
7080,185529,0,7080,0,0.6799193316047248,0.0
7081,185533,0,7081,0,0.6800153654086238,0.0
7082,185537,0,7082,0,0.6801113992125228,0.0
7083,185538,0,7083,0,0.6802074330164217,0.0
7084,185539,0,7084,0,0.6803034668203207,0.0
7085,185540,0,7085,0,0.6803995006242197,0.0
7086,185543,0,7086,0,0.6804955344281187,0.0
7087,185547,0,7087,0,0.6805915682320177,0.0
7088,185555,0,7088,0,0.6806876020359166,0.0
7089,185556,0,7089,0,0.6807836358398156,0.0
7090,185558,0,7090,0,0.6808796696437146,0.0
7091,185559,0,7091,0,0.6809757034476136,0.0
7092,185560,0,7092,0,0.6810717372515125,0.0
7093,185561,0,7093,0,0.6811677710554115,0.0
7094,185563,0,7094,0,0.6812638048593105,0.0
7095,185565,0,7095,0,0.6813598386632095,0.0
7096,185570,0,7096,0,0.6814558724671084,0.0
7097,185571,0,7097,0,0.6815519062710074,0.0
7098,185572,0,7098,0,0.6816479400749064,0.0
7099,185576,0,7099,0,0.6817439738788054,0.0
7100,185578,0,7100,0,0.6818400076827044,0.0
7101,185580,0,7101,0,0.6819360414866033,0.0
7102,185582,0,7102,0,0.6820320752905022,0.0
7103,185587,0,7103,0,0.6821281090944012,0.0
7104,185588,0,7104,0,0.6822241428983002,0.0
7105,185589,0,7105,0,0.6823201767021991,0.0
7106,185595,0,7106,0,0.6824162105060981,0.0
7107,185597,0,7107,0,0.6825122443099971,0.0
7108,185603,0,7108,0,0.6826082781138961,0.0
7109,185604,0,7109,0,0.682704311917795,0.0
7110,185605,0,7110,0,0.682800345721694,0.0
7111,185606,0,7111,0,0.682896379525593,0.0
7112,185608,0,7112,0,0.682992413329492,0.0
7113,185610,0,7113,0,0.683088447133391,0.0
7114,185611,0,7114,0,0.6831844809372899,0.0
7115,185614,0,7115,0,0.6832805147411889,0.0
7116,185615,0,7116,0,0.6833765485450879,0.0
7117,185617,0,7117,0,0.6834725823489869,0.0
7118,185618,0,7118,0,0.6835686161528858,0.0
7119,185619,0,7119,0,0.6836646499567848,0.0
7120,185621,0,7120,0,0.6837606837606838,0.0
7121,185623,0,7121,0,0.6838567175645828,0.0
7122,185624,0,7122,0,0.6839527513684817,0.0
7123,185625,0,7123,0,0.6840487851723807,0.0
7124,185630,0,7124,0,0.6841448189762797,0.0
7125,185631,0,7125,0,0.6842408527801787,0.0
7126,185639,0,7126,0,0.6843368865840775,0.0
7127,185641,0,7127,0,0.6844329203879765,0.0
7128,185642,0,7128,0,0.6845289541918755,0.0
7129,185645,0,7129,0,0.6846249879957745,0.0
7130,185649,0,7130,0,0.6847210217996735,0.0
7131,185679,0,7131,0,0.6848170556035724,0.0
7132,185680,0,7132,0,0.6849130894074714,0.0
7133,185681,0,7133,0,0.6850091232113704,0.0
7134,185688,0,7134,0,0.6851051570152694,0.0
7135,185689,0,7135,0,0.6852011908191683,0.0
7136,185690,0,7136,0,0.6852972246230673,0.0
7137,185693,0,7137,0,0.6853932584269663,0.0
7138,185695,0,7138,0,0.6854892922308653,0.0
7139,185698,0,7139,0,0.6855853260347642,0.0
7140,185699,0,7140,0,0.6856813598386632,0.0
7141,185702,0,7141,0,0.6857773936425622,0.0
7142,185703,0,7142,0,0.6858734274464612,0.0
7143,185704,0,7143,0,0.6859694612503602,0.0
7144,185705,0,7144,0,0.6860654950542591,0.0
7145,185706,0,7145,0,0.6861615288581581,0.0
7146,185712,0,7146,0,0.6862575626620571,0.0
7147,185713,0,7147,0,0.6863535964659561,0.0
7148,185715,0,7148,0,0.686449630269855,0.0
7149,185716,0,7149,0,0.686545664073754,0.0
7150,185717,0,7150,0,0.686641697877653,0.0
7151,185718,0,7151,0,0.6867377316815519,0.0
7152,185720,0,7152,0,0.6868337654854508,0.0
7153,185724,0,7153,0,0.6869297992893498,0.0
7154,185730,0,7154,0,0.6870258330932488,0.0
7155,185733,0,7155,0,0.6871218668971478,0.0
7156,185743,0,7156,0,0.6872179007010467,0.0
7157,185744,0,7157,0,0.6873139345049457,0.0
7158,185746,0,7158,0,0.6874099683088447,0.0
7159,185747,0,7159,0,0.6875060021127437,0.0
7160,185749,0,7160,0,0.6876020359166427,0.0
7161,185759,0,7161,0,0.6876980697205416,0.0
7162,185760,0,7162,0,0.6877941035244406,0.0
7163,185767,0,7163,0,0.6878901373283396,0.0
7164,185780,0,7164,0,0.6879861711322386,0.0
7165,185781,0,7165,0,0.6880822049361375,0.0
7166,185782,0,7166,0,0.6881782387400365,0.0
7167,185787,0,7167,0,0.6882742725439355,0.0
7168,185788,0,7168,0,0.6883703063478345,0.0
7169,185793,0,7169,0,0.6884663401517334,0.0
7170,185796,0,7170,0,0.6885623739556324,0.0
7171,185798,0,7171,0,0.6886584077595314,0.0
7172,185799,0,7172,0,0.6887544415634304,0.0
7173,185806,0,7173,0,0.6888504753673294,0.0
7174,185807,0,7174,0,0.6889465091712282,0.0
7175,185809,0,7175,0,0.6890425429751272,0.0
7176,185812,0,7176,0,0.6891385767790262,0.0
7177,185816,0,7177,0,0.6892346105829252,0.0
7178,185817,0,7178,0,0.6893306443868241,0.0
7179,185823,0,7179,0,0.6894266781907231,0.0
7180,185824,0,7180,0,0.6895227119946221,0.0
7181,185829,0,7181,0,0.6896187457985211,0.0
7182,185830,0,7182,0,0.68971477960242,0.0
7183,185832,0,7183,0,0.689810813406319,0.0
7184,185839,0,7184,0,0.689906847210218,0.0
7185,185840,0,7185,0,0.690002881014117,0.0
7186,185841,0,7186,0,0.690098914818016,0.0
7187,185842,0,7187,0,0.6901949486219149,0.0
7188,185845,0,7188,0,0.6902909824258139,0.0
7189,185846,0,7189,0,0.6903870162297129,0.0
7190,185847,0,7190,0,0.6904830500336119,0.0
7191,185856,0,7191,0,0.6905790838375108,0.0
7192,185857,0,7192,0,0.6906751176414098,0.0
7193,185860,0,7193,0,0.6907711514453088,0.0
7194,185861,0,7194,0,0.6908671852492078,0.0
7195,185862,0,7195,0,0.6909632190531066,0.0
7196,185870,0,7196,0,0.6910592528570056,0.0
7197,185875,0,7197,0,0.6911552866609046,0.0
7198,185880,0,7198,0,0.6912513204648036,0.0
7199,185881,0,7199,0,0.6913473542687025,0.0
7200,185884,0,7200,0,0.6914433880726015,0.0
7201,185885,0,7201,0,0.6915394218765005,0.0
7202,185888,0,7202,0,0.6916354556803995,0.0
7203,185894,0,7203,0,0.6917314894842985,0.0
7204,185899,0,7204,0,0.6918275232881974,0.0
7205,185904,0,7205,0,0.6919235570920964,0.0
7206,185905,0,7206,0,0.6920195908959954,0.0
7207,185906,0,7207,0,0.6921156246998944,0.0
7208,185907,0,7208,0,0.6922116585037933,0.0
7209,185909,0,7209,0,0.6923076923076923,0.0
7210,185912,0,7210,0,0.6924037261115913,0.0
7211,185913,0,7211,0,0.6924997599154903,0.0
7212,185918,0,7212,0,0.6925957937193892,0.0
7213,185927,0,7213,0,0.6926918275232882,0.0
7214,185928,0,7214,0,0.6927878613271872,0.0
7215,185929,0,7215,0,0.6928838951310862,0.0
7216,185930,0,7216,0,0.6929799289349852,0.0
7217,185933,0,7217,0,0.693075962738884,0.0
7218,185936,0,7218,0,0.693171996542783,0.0
7219,185941,0,7219,0,0.693268030346682,0.0
7220,185945,0,7220,0,0.693364064150581,0.0
7221,185948,0,7221,0,0.6934600979544799,0.0
7222,185949,0,7222,0,0.6935561317583789,0.0
7223,185950,0,7223,0,0.6936521655622779,0.0
7224,185953,0,7224,0,0.6937481993661769,0.0
7225,185954,0,7225,0,0.6938442331700758,0.0
7226,185955,0,7226,0,0.6939402669739748,0.0
7227,185957,0,7227,0,0.6940363007778738,0.0
7228,185960,0,7228,0,0.6941323345817728,0.0
7229,185963,0,7229,0,0.6942283683856717,0.0
7230,185966,0,7230,0,0.6943244021895707,0.0
7231,185970,0,7231,0,0.6944204359934697,0.0
7232,185976,0,7232,0,0.6945164697973687,0.0
7233,185977,0,7233,0,0.6946125036012677,0.0
7234,185979,0,7234,0,0.6947085374051666,0.0
7235,185980,0,7235,0,0.6948045712090656,0.0
7236,185984,0,7236,0,0.6949006050129646,0.0
7237,185985,0,7237,0,0.6949966388168636,0.0
7238,185986,0,7238,0,0.6950926726207625,0.0
7239,185989,0,7239,0,0.6951887064246615,0.0
7240,185991,0,7240,0,0.6952847402285605,0.0
7241,185992,0,7241,0,0.6953807740324595,0.0
7242,185996,0,7242,0,0.6954768078363583,0.0
7243,185999,0,7243,0,0.6955728416402573,0.0
7244,186004,0,7244,0,0.6956688754441563,0.0
7245,186006,0,7245,0,0.6957649092480553,0.0
7246,186008,0,7246,0,0.6958609430519543,0.0
7247,186009,0,7247,0,0.6959569768558532,0.0
7248,186010,0,7248,0,0.6960530106597522,0.0
7249,186011,0,7249,0,0.6961490444636512,0.0
7250,186013,0,7250,0,0.6962450782675502,0.0
7251,186017,0,7251,0,0.6963411120714491,0.0
7252,186028,0,7252,0,0.6964371458753481,0.0
7253,186031,0,7253,0,0.6965331796792471,0.0
7254,186033,0,7254,0,0.6966292134831461,0.0
7255,186034,0,7255,0,0.696725247287045,0.0
7256,186041,0,7256,0,0.696821281090944,0.0
7257,186045,0,7257,0,0.696917314894843,0.0
7258,186047,0,7258,0,0.697013348698742,0.0
7259,186051,0,7259,0,0.697109382502641,0.0
7260,186052,0,7260,0,0.6972054163065399,0.0
7261,186053,0,7261,0,0.6973014501104389,0.0
7262,186055,0,7262,0,0.6973974839143379,0.0
7263,186056,0,7263,0,0.6974935177182369,0.0
7264,186064,0,7264,0,0.6975895515221358,0.0
7265,186066,0,7265,0,0.6976855853260348,0.0
7266,186081,0,7266,0,0.6977816191299338,0.0
7267,186082,0,7267,0,0.6978776529338327,0.0
7268,186096,0,7268,0,0.6979736867377316,0.0
7269,186109,0,7269,0,0.6980697205416306,0.0
7270,186116,0,7270,0,0.6981657543455296,0.0
7271,186120,0,7271,0,0.6982617881494286,0.0
7272,186123,0,7272,0,0.6983578219533275,0.0
7273,186125,0,7273,0,0.6984538557572265,0.0
7274,186127,0,7274,0,0.6985498895611255,0.0
7275,186133,0,7275,0,0.6986459233650245,0.0
7276,186138,0,7276,0,0.6987419571689235,0.0
7277,186139,0,7277,0,0.6988379909728224,0.0
7278,186142,0,7278,0,0.6989340247767214,0.0
7279,186149,0,7279,0,0.6990300585806204,0.0
7280,186163,0,7280,0,0.6991260923845194,0.0
7281,186165,0,7281,0,0.6992221261884183,0.0
7282,186166,0,7282,0,0.6993181599923173,0.0
7283,186168,0,7283,0,0.6994141937962163,0.0
7284,186171,0,7284,0,0.6995102276001153,0.0
7285,186178,0,7285,0,0.6996062614040142,0.0
7286,186180,0,7286,0,0.6997022952079132,0.0
7287,186188,0,7287,0,0.6997983290118122,0.0
7288,186191,0,7288,0,0.6998943628157112,0.0
7289,186200,0,7289,0,0.6999903966196102,0.0
7290,186201,0,7290,0,0.700086430423509,0.0
7291,186212,0,7291,0,0.700182464227408,0.0
7292,186217,0,7292,0,0.700278498031307,0.0
7293,186223,0,7293,0,0.700374531835206,0.0
7294,186248,0,7294,0,0.7004705656391049,0.0
7295,186249,0,7295,0,0.7005665994430039,0.0
7296,186251,0,7296,0,0.7006626332469029,0.0
7297,186252,0,7297,0,0.7007586670508019,0.0
7298,186254,0,7298,0,0.7008547008547008,0.0
7299,186255,0,7299,0,0.7009507346585998,0.0
7300,186257,0,7300,0,0.7010467684624988,0.0
7301,186259,0,7301,0,0.7011428022663978,0.0
7302,186260,0,7302,0,0.7012388360702967,0.0
7303,186264,0,7303,0,0.7013348698741957,0.0
7304,186268,0,7304,0,0.7014309036780947,0.0
7305,186275,0,7305,0,0.7015269374819937,0.0
7306,186281,0,7306,0,0.7016229712858927,0.0
7307,186283,0,7307,0,0.7017190050897916,0.0
7308,186287,0,7308,0,0.7018150388936906,0.0
7309,186295,0,7309,0,0.7019110726975896,0.0
7310,186299,0,7310,0,0.7020071065014886,0.0
7311,186303,0,7311,0,0.7021031403053875,0.0
7312,186304,0,7312,0,0.7021991741092865,0.0
7313,186305,0,7313,0,0.7022952079131854,0.0
7314,186306,0,7314,0,0.7023912417170844,0.0
7315,186308,0,7315,0,0.7024872755209833,0.0
7316,186320,0,7316,0,0.7025833093248823,0.0
7317,186322,0,7317,0,0.7026793431287813,0.0
7318,186325,0,7318,0,0.7027753769326803,0.0
7319,186329,0,7319,0,0.7028714107365793,0.0
7320,186332,0,7320,0,0.7029674445404782,0.0
7321,186336,0,7321,0,0.7030634783443772,0.0
7322,186337,0,7322,0,0.7031595121482762,0.0
7323,186338,0,7323,0,0.7032555459521752,0.0
7324,186343,0,7324,0,0.7033515797560741,0.0
7325,186351,0,7325,0,0.7034476135599731,0.0
7326,186357,0,7326,0,0.7035436473638721,0.0
7327,186358,0,7327,0,0.7036396811677711,0.0
7328,186359,0,7328,0,0.70373571497167,0.0
7329,186360,0,7329,0,0.703831748775569,0.0
7330,186378,0,7330,0,0.703927782579468,0.0
7331,186380,0,7331,0,0.704023816383367,0.0
7332,186400,0,7332,0,0.704119850187266,0.0
7333,186401,0,7333,0,0.7042158839911649,0.0
7334,186402,0,7334,0,0.7043119177950639,0.0
7335,186405,0,7335,0,0.7044079515989629,0.0
7336,186406,0,7336,0,0.7045039854028619,0.0
7337,186417,0,7337,0,0.7046000192067607,0.0
7338,186426,0,7338,0,0.7046960530106597,0.0
7339,186429,0,7339,0,0.7047920868145587,0.0
7340,186434,0,7340,0,0.7048881206184577,0.0
7341,186436,0,7341,0,0.7049841544223566,0.0
7342,186441,0,7342,0,0.7050801882262556,0.0
7343,186445,0,7343,0,0.7051762220301546,0.0
7344,186446,0,7344,0,0.7052722558340536,0.0
7345,186451,0,7345,0,0.7053682896379525,0.0
7346,186456,0,7346,0,0.7054643234418515,0.0
7347,186460,0,7347,0,0.7055603572457505,0.0
7348,186462,0,7348,0,0.7056563910496495,0.0
7349,186463,0,7349,0,0.7057524248535485,0.0
7350,186470,0,7350,0,0.7058484586574474,0.0
7351,186474,0,7351,0,0.7059444924613464,0.0
7352,186475,0,7352,0,0.7060405262652454,0.0
7353,186483,0,7353,0,0.7061365600691444,0.0
7354,186489,0,7354,0,0.7062325938730433,0.0
7355,186490,0,7355,0,0.7063286276769423,0.0
7356,186492,0,7356,0,0.7064246614808413,0.0
7357,186495,0,7357,0,0.7065206952847403,0.0
7358,186499,0,7358,0,0.7066167290886392,0.0
7359,186502,0,7359,0,0.7067127628925381,0.0
7360,186503,0,7360,0,0.7068087966964371,0.0
7361,186505,0,7361,0,0.7069048305003361,0.0
7362,186506,0,7362,0,0.7070008643042351,0.0
7363,186510,0,7363,0,0.707096898108134,0.0
7364,186511,0,7364,0,0.707192931912033,0.0
7365,186512,0,7365,0,0.707288965715932,0.0
7366,186513,0,7366,0,0.707384999519831,0.0
7367,186519,0,7367,0,0.7074810333237299,0.0
7368,186526,0,7368,0,0.7075770671276289,0.0
7369,186528,0,7369,0,0.7076731009315279,0.0
7370,186531,0,7370,0,0.7077691347354269,0.0
7371,186536,0,7371,0,0.7078651685393258,0.0
7372,186539,0,7372,0,0.7079612023432248,0.0
7373,186543,0,7373,0,0.7080572361471238,0.0
7374,186545,0,7374,0,0.7081532699510228,0.0
7375,186549,0,7375,0,0.7082493037549217,0.0
7376,186556,0,7376,0,0.7083453375588207,0.0
7377,186559,0,7377,0,0.7084413713627197,0.0
7378,186561,0,7378,0,0.7085374051666187,0.0
7379,186564,0,7379,0,0.7086334389705177,0.0
7380,186565,0,7380,0,0.7087294727744166,0.0
7381,186568,0,7381,0,0.7088255065783156,0.0
7382,186573,0,7382,0,0.7089215403822146,0.0
7383,186576,0,7383,0,0.7090175741861136,0.0
7384,186581,0,7384,0,0.7091136079900124,0.0
7385,186583,0,7385,0,0.7092096417939114,0.0
7386,186584,0,7386,0,0.7093056755978104,0.0
7387,186585,0,7387,0,0.7094017094017094,0.0
7388,186587,0,7388,0,0.7094977432056083,0.0
7389,186589,0,7389,0,0.7095937770095073,0.0
7390,186590,0,7390,0,0.7096898108134063,0.0
7391,186599,0,7391,0,0.7097858446173053,0.0
7392,186607,0,7392,0,0.7098818784212043,0.0
7393,186612,0,7393,0,0.7099779122251032,0.0
7394,186614,0,7394,0,0.7100739460290022,0.0
7395,186615,0,7395,0,0.7101699798329012,0.0
7396,186616,0,7396,0,0.7102660136368002,0.0
7397,186617,0,7397,0,0.7103620474406991,0.0
7398,186618,0,7398,0,0.7104580812445981,0.0
7399,186640,0,7399,0,0.7105541150484971,0.0
7400,186651,0,7400,0,0.7106501488523961,0.0
7401,186652,0,7401,0,0.710746182656295,0.0
7402,186663,0,7402,0,0.710842216460194,0.0
7403,186664,0,7403,0,0.710938250264093,0.0
7404,186671,0,7404,0,0.711034284067992,0.0
7405,186682,0,7405,0,0.711130317871891,0.0
7406,186686,0,7406,0,0.7112263516757898,0.0
7407,186696,0,7407,0,0.7113223854796888,0.0
7408,186745,0,7408,0,0.7114184192835878,0.0
7409,186747,0,7409,0,0.7115144530874868,0.0
7410,186748,0,7410,0,0.7116104868913857,0.0
7411,186750,0,7411,0,0.7117065206952847,0.0
7412,186757,0,7412,0,0.7118025544991837,0.0
7413,186776,0,7413,0,0.7118985883030827,0.0
7414,186801,0,7414,0,0.7119946221069816,0.0
7415,186835,0,7415,0,0.7120906559108806,0.0
7416,186836,0,7416,0,0.7121866897147796,0.0
7417,186854,0,7417,0,0.7122827235186786,0.0
7418,186881,0,7418,0,0.7123787573225775,0.0
7419,186886,0,7419,0,0.7124747911264765,0.0
7420,186902,0,7420,0,0.7125708249303755,0.0
7421,186944,0,7421,0,0.7126668587342745,0.0
7422,186981,0,7422,0,0.7127628925381735,0.0
7423,187007,0,7423,0,0.7128589263420724,0.0
7424,187032,0,7424,0,0.7129549601459714,0.0
7425,187035,0,7425,0,0.7130509939498704,0.0
7426,187042,0,7426,0,0.7131470277537694,0.0
7427,187044,0,7427,0,0.7132430615576683,0.0
7428,187119,0,7428,0,0.7133390953615673,0.0
7429,187137,0,7429,0,0.7134351291654663,0.0
7430,187175,0,7430,0,0.7135311629693653,0.0
7431,187187,0,7431,0,0.7136271967732641,0.0
7432,187214,0,7432,0,0.7137232305771631,0.0
7433,187219,0,7433,0,0.7138192643810621,0.0
7434,187259,0,7434,0,0.7139152981849611,0.0
7435,187260,0,7435,0,0.7140113319888601,0.0
7436,187302,0,7436,0,0.714107365792759,0.0
7437,187303,0,7437,0,0.714203399596658,0.0
7438,187307,0,7438,0,0.714299433400557,0.0
7439,187320,0,7439,0,0.714395467204456,0.0
7440,187361,0,7440,0,0.7144915010083549,0.0
7441,187377,0,7441,0,0.7145875348122539,0.0
7442,187380,0,7442,0,0.7146835686161529,0.0
7443,187421,0,7443,0,0.7147796024200519,0.0
7444,187439,0,7444,0,0.7148756362239508,0.0
7445,187440,0,7445,0,0.7149716700278498,0.0
7446,187458,0,7446,0,0.7150677038317488,0.0
7447,187465,0,7447,0,0.7151637376356478,0.0
7448,187473,0,7448,0,0.7152597714395467,0.0
7449,187481,0,7449,0,0.7153558052434457,0.0
7450,187482,0,7450,0,0.7154518390473447,0.0
7451,187515,0,7451,0,0.7155478728512437,0.0
7452,187518,0,7452,0,0.7156439066551427,0.0
7453,187524,0,7453,0,0.7157399404590415,0.0
7454,187525,0,7454,0,0.7158359742629405,0.0
7455,187529,0,7455,0,0.7159320080668395,0.0
7456,187530,0,7456,0,0.7160280418707385,0.0
7457,187535,0,7457,0,0.7161240756746374,0.0
7458,187541,0,7458,0,0.7162201094785364,0.0
7459,187542,0,7459,0,0.7163161432824354,0.0
7460,187546,0,7460,0,0.7164121770863344,0.0
7461,187551,0,7461,0,0.7165082108902333,0.0
7462,187564,0,7462,0,0.7166042446941323,0.0
7463,187565,0,7463,0,0.7167002784980313,0.0
7464,187572,0,7464,0,0.7167963123019303,0.0
7465,187592,0,7465,0,0.7168923461058293,0.0
7466,187652,0,7466,0,0.7169883799097282,0.0
7467,187656,0,7467,0,0.7170844137136272,0.0
7468,187689,0,7468,0,0.7171804475175262,0.0
7469,187698,0,7469,0,0.7172764813214252,0.0
7470,187710,0,7470,0,0.7173725151253241,0.0
7471,187711,0,7471,0,0.7174685489292231,0.0
7472,187714,0,7472,0,0.7175645827331221,0.0
7473,187733,0,7473,0,0.7176606165370211,0.0
7474,187735,0,7474,0,0.71775665034092,0.0
7475,187767,0,7475,0,0.717852684144819,0.0
7476,187782,0,7476,0,0.717948717948718,0.0
7477,187795,0,7477,0,0.718044751752617,0.0
7478,187798,0,7478,0,0.718140785556516,0.0
7479,187832,0,7479,0,0.7182368193604148,0.0
7480,187834,0,7480,0,0.7183328531643138,0.0
7481,187846,0,7481,0,0.7184288869682128,0.0
7482,187847,0,7482,0,0.7185249207721118,0.0
7483,402778,0,7483,0,0.7186209545760107,0.0
7484,402894,0,7484,0,0.7187169883799097,0.0
7485,403107,0,7485,0,0.7188130221838087,0.0
7486,403205,0,7486,0,0.7189090559877077,0.0
7487,403514,0,7487,0,0.7190050897916066,0.0
7488,403772,0,7488,0,0.7191011235955056,0.0
7489,146943,1,7489,1,0.7191971573994046,7.780284758422158e-05
7490,151115,1,7490,2,0.7192931912033036,0.00015560569516844317
7491,154817,1,7491,3,0.7193892250072025,0.00023340854275266475
7492,156299,1,7492,4,0.7194852588111015,0.00031121139033688633
7493,156677,1,7493,5,0.7195812926150005,0.0003890142379211079
7494,157755,1,7494,6,0.7196773264188995,0.0004668170855053295
7495,158085,1,7495,7,0.7197733602227985,0.000544619933089551
7496,158532,1,7496,8,0.7198693940266974,0.0006224227806737727
7497,159060,1,7497,9,0.7199654278305964,0.0007002256282579942
7498,159385,1,7498,10,0.7200614616344954,0.0007780284758422158
7499,159491,1,7499,11,0.7201574954383944,0.0008558313234264374
7500,159841,1,7500,12,0.7202535292422932,0.000933634171010659
7501,160411,1,7501,13,0.7203495630461922,0.0010114370185948806
7502,160495,1,7502,14,0.7204455968500912,0.001089239866179102
7503,160536,1,7503,15,0.7205416306539902,0.0011670427137633237
7504,160790,1,7504,16,0.7206376644578891,0.0012448455613475453
7505,161068,1,7505,17,0.7207336982617881,0.001322648408931767
7506,161387,1,7506,18,0.7208297320656871,0.0014004512565159884
7507,161739,1,7507,19,0.7209257658695861,0.00147825410410021
7508,161746,1,7508,20,0.7210217996734851,0.0015560569516844317
7509,161835,1,7509,21,0.721117833477384,0.0016338597992686533
7510,161839,1,7510,22,0.721213867281283,0.0017116626468528747
7511,161878,1,7511,23,0.721309901085182,0.0017894654944370964
7512,161891,1,7512,24,0.721405934889081,0.001867268342021318
7513,161929,1,7513,25,0.7215019686929799,0.0019450711896055396
7514,161970,1,7514,26,0.7215980024968789,0.0020228740371897613
7515,162014,1,7515,27,0.7216940363007779,0.002100676884773983
7516,162023,1,7516,28,0.7217900701046769,0.002178479732358204
7517,162024,1,7517,29,0.7218861039085758,0.0022562825799424258
7518,162026,1,7518,30,0.7219821377124748,0.0023340854275266474
7519,162067,1,7519,31,0.7220781715163738,0.002411888275110869
7520,162073,1,7520,32,0.7221742053202728,0.0024896911226950907
7521,162076,1,7521,33,0.7222702391241717,0.0025674939702793123
7522,162082,1,7522,34,0.7223662729280707,0.002645296817863534
7523,162106,1,7523,35,0.7224623067319697,0.0027230996654477556
7524,162112,1,7524,36,0.7225583405358686,0.002800902513031977
7525,162145,1,7525,37,0.7226543743397676,0.0028787053606161984
7526,162226,1,7526,38,0.7227504081436665,0.00295650820820042
7527,162291,1,7527,39,0.7228464419475655,0.0030343110557846417
7528,162328,1,7528,40,0.7229424757514645,0.0031121139033688633
7529,162360,1,7529,41,0.7230385095553635,0.003189916750953085
7530,162424,1,7530,42,0.7231345433592624,0.0032677195985373066
7531,162437,1,7531,43,0.7232305771631614,0.0033455224461215283
7532,162456,1,7532,44,0.7233266109670604,0.0034233252937057495
7533,162479,1,7533,45,0.7234226447709594,0.003501128141289971
7534,162488,1,7534,46,0.7235186785748583,0.0035789309888741927
7535,162560,1,7535,47,0.7236147123787573,0.0036567338364584144
7536,162566,1,7536,48,0.7237107461826563,0.003734536684042636
7537,162569,1,7537,49,0.7238067799865553,0.0038123395316268576
7538,162593,1,7538,50,0.7239028137904543,0.0038901423792110793
7539,162640,1,7539,51,0.7239988475943532,0.003967945226795301
7540,162681,1,7540,52,0.7240948813982522,0.0040457480743795226
7541,162692,1,7541,53,0.7241909152021512,0.004123550921963744
7542,162700,1,7542,54,0.7242869490060502,0.004201353769547966
7543,162732,1,7543,55,0.7243829828099491,0.004279156617132187
7544,162750,1,7544,56,0.7244790166138481,0.004356959464716408
7545,162774,1,7545,57,0.7245750504177471,0.00443476231230063
7546,162791,1,7546,58,0.7246710842216461,0.0045125651598848515
7547,162800,1,7547,59,0.7247671180255449,0.004590368007469073
7548,162811,1,7548,60,0.7248631518294439,0.004668170855053295
7549,162917,1,7549,61,0.7249591856333429,0.004745973702637516
7550,162922,1,7550,62,0.7250552194372419,0.004823776550221738
7551,162963,1,7551,63,0.7251512532411409,0.00490157939780596
7552,162981,1,7552,64,0.7252472870450398,0.004979382245390181
7553,162993,1,7553,65,0.7253433208489388,0.005057185092974403
7554,162994,1,7554,66,0.7254393546528378,0.005134987940558625
7555,163003,1,7555,67,0.7255353884567368,0.005212790788142846
7556,163008,1,7556,68,0.7256314222606357,0.005290593635727068
7557,163018,1,7557,69,0.7257274560645347,0.0053683964833112895
7558,163020,1,7558,70,0.7258234898684337,0.005446199330895511
7559,163023,1,7559,71,0.7259195236723327,0.005524002178479732
7560,163024,1,7560,72,0.7260155574762316,0.005601805026063954
7561,163041,1,7561,73,0.7261115912801306,0.005679607873648175
7562,163042,1,7562,74,0.7262076250840296,0.005757410721232397
7563,163045,1,7563,75,0.7263036588879286,0.0058352135688166185
7564,163074,1,7564,76,0.7263996926918275,0.00591301641640084
7565,163096,1,7565,77,0.7264957264957265,0.005990819263985062
7566,163140,1,7566,78,0.7265917602996255,0.006068622111569283
7567,163158,1,7567,79,0.7266877941035245,0.006146424959153505
7568,163159,1,7568,80,0.7267838279074235,0.006224227806737727
7569,163172,1,7569,81,0.7268798617113224,0.006302030654321948
7570,163174,1,7570,82,0.7269758955152213,0.00637983350190617
7571,163175,1,7571,83,0.7270719293191203,0.006457636349490392
7572,163189,1,7572,84,0.7271679631230193,0.006535439197074613
7573,163203,1,7573,85,0.7272639969269182,0.006613242044658835
7574,163211,1,7574,86,0.7273600307308172,0.0066910448922430565
7575,163227,1,7575,87,0.7274560645347162,0.006768847739827277
7576,163233,1,7576,88,0.7275520983386152,0.006846650587411499
7577,163275,1,7577,89,0.7276481321425141,0.0069244534349957206
7578,163309,1,7578,90,0.7277441659464131,0.007002256282579942
7579,163314,1,7579,91,0.7278401997503121,0.007080059130164164
7580,163318,1,7580,92,0.7279362335542111,0.0071578619777483855
7581,163338,1,7581,93,0.7280322673581101,0.007235664825332607
7582,163355,1,7582,94,0.728128301162009,0.007313467672916829
7583,163368,1,7583,95,0.728224334965908,0.00739127052050105
7584,163379,1,7584,96,0.728320368769807,0.007469073368085272
7585,163390,1,7585,97,0.728416402573706,0.007546876215669494
7586,163414,1,7586,98,0.7285124363776049,0.007624679063253715
7587,163424,1,7587,99,0.7286084701815039,0.007702481910837937
7588,163429,1,7588,100,0.7287045039854029,0.007780284758422159
7589,163435,1,7589,101,0.7288005377893019,0.00785808760600638
7590,163530,1,7590,102,0.7288965715932008,0.007935890453590602
7591,163539,1,7591,103,0.7289926053970998,0.008013693301174823
7592,163547,1,7592,104,0.7290886392009988,0.008091496148759045
7593,163561,1,7593,105,0.7291846730048978,0.008169298996343267
7594,163564,1,7594,106,0.7292807068087966,0.008247101843927488
7595,163617,1,7595,107,0.7293767406126956,0.00832490469151171
7596,163644,1,7596,108,0.7294727744165946,0.008402707539095932
7597,163714,1,7597,109,0.7295688082204936,0.008480510386680153
7598,163716,1,7598,110,0.7296648420243926,0.008558313234264373
7599,163717,1,7599,111,0.7297608758282915,0.008636116081848595
7600,163729,1,7600,112,0.7298569096321905,0.008713918929432816
7601,163732,1,7601,113,0.7299529434360895,0.008791721777017038
7602,163782,1,7602,114,0.7300489772399885,0.00886952462460126
7603,163785,1,7603,115,0.7301450110438874,0.008947327472185481
7604,163837,1,7604,116,0.7302410448477864,0.009025130319769703
7605,163870,1,7605,117,0.7303370786516854,0.009102933167353925
7606,163877,1,7606,118,0.7304331124555844,0.009180736014938146
7607,163882,1,7607,119,0.7305291462594833,0.009258538862522368
7608,163901,1,7608,120,0.7306251800633823,0.00933634171010659
7609,163910,1,7609,121,0.7307212138672813,0.009414144557690811
7610,163921,1,7610,122,0.7308172476711803,0.009491947405275033
7611,163922,1,7611,123,0.7309132814750793,0.009569750252859254
7612,163983,1,7612,124,0.7310093152789782,0.009647553100443476
7613,164002,1,7613,125,0.7311053490828772,0.009725355948027698
7614,164016,1,7614,126,0.7312013828867762,0.00980315879561192
7615,164017,1,7615,127,0.7312974166906752,0.009880961643196141
7616,164046,1,7616,128,0.731393450494574,0.009958764490780363
7617,164063,1,7617,129,0.731489484298473,0.010036567338364584
7618,164069,1,7618,130,0.731585518102372,0.010114370185948806
7619,164080,1,7619,131,0.731681551906271,0.010192173033533028
7620,164089,1,7620,132,0.7317775857101699,0.01026997588111725
7621,164098,1,7621,133,0.7318736195140689,0.010347778728701471
7622,164106,1,7622,134,0.7319696533179679,0.010425581576285693
7623,164107,1,7623,135,0.7320656871218669,0.010503384423869914
7624,164111,1,7624,136,0.7321617209257659,0.010581187271454136
7625,164114,1,7625,137,0.7322577547296648,0.010658990119038357
7626,164116,1,7626,138,0.7323537885335638,0.010736792966622579
7627,164131,1,7627,139,0.7324498223374628,0.0108145958142068
7628,164134,1,7628,140,0.7325458561413618,0.010892398661791022
7629,164139,1,7629,141,0.7326418899452607,0.010970201509375244
7630,164154,1,7630,142,0.7327379237491597,0.011048004356959464
7631,164180,1,7631,143,0.7328339575530587,0.011125807204543686
7632,164181,1,7632,144,0.7329299913569577,0.011203610052127907
7633,164192,1,7633,145,0.7330260251608566,0.011281412899712129
7634,164245,1,7634,146,0.7331220589647556,0.01135921574729635
7635,164246,1,7635,147,0.7332180927686546,0.011437018594880572
7636,164257,1,7636,148,0.7333141265725536,0.011514821442464794
7637,164284,1,7637,149,0.7334101603764525,0.011592624290049015
7638,164299,1,7638,150,0.7335061941803515,0.011670427137633237
7639,164305,1,7639,151,0.7336022279842505,0.011748229985217459
7640,164311,1,7640,152,0.7336982617881495,0.01182603283280168
7641,164317,1,7641,153,0.7337942955920485,0.011903835680385902
7642,164321,1,7642,154,0.7338903293959473,0.011981638527970124
7643,164346,1,7643,155,0.7339863631998463,0.012059441375554345
7644,164360,1,7644,156,0.7340823970037453,0.012137244223138567
7645,164374,1,7645,157,0.7341784308076443,0.012215047070722788
7646,164378,1,7646,158,0.7342744646115432,0.01229284991830701
7647,164393,1,7647,159,0.7343704984154422,0.012370652765891232
7648,164425,1,7648,160,0.7344665322193412,0.012448455613475453
7649,164426,1,7649,161,0.7345625660232402,0.012526258461059675
7650,164446,1,7650,162,0.7346585998271391,0.012604061308643897
7651,164478,1,7651,163,0.7347546336310381,0.012681864156228118
7652,164498,1,7652,164,0.7348506674349371,0.01275966700381234
7653,164504,1,7653,165,0.7349467012388361,0.012837469851396562
7654,164518,1,7654,166,0.7350427350427351,0.012915272698980783
7655,164524,1,7655,167,0.735138768846634,0.012993075546565005
7656,164540,1,7656,168,0.735234802650533,0.013070878394149226
7657,164544,1,7657,169,0.735330836454432,0.013148681241733448
7658,164581,1,7658,170,0.735426870258331,0.01322648408931767
7659,164586,1,7659,171,0.7355229040622299,0.013304286936901891
7660,164592,1,7660,172,0.7356189378661289,0.013382089784486113
7661,164594,1,7661,173,0.7357149716700279,0.013459892632070333
7662,164611,1,7662,174,0.7358110054739269,0.013537695479654555
7663,164613,1,7663,175,0.7359070392778257,0.013615498327238776
7664,164622,1,7664,176,0.7360030730817247,0.013693301174822998
7665,164625,1,7665,177,0.7360991068856237,0.01377110402240722
7666,164639,1,7666,178,0.7361951406895227,0.013848906869991441
7667,164649,1,7667,179,0.7362911744934216,0.013926709717575663
7668,164698,1,7668,180,0.7363872082973206,0.014004512565159884
7669,164715,1,7669,181,0.7364832421012196,0.014082315412744106
7670,164792,1,7670,182,0.7365792759051186,0.014160118260328328
7671,164827,1,7671,183,0.7366753097090176,0.01423792110791255
7672,164833,1,7672,184,0.7367713435129165,0.014315723955496771
7673,164850,1,7673,185,0.7368673773168155,0.014393526803080993
7674,164853,1,7674,186,0.7369634111207145,0.014471329650665214
7675,164869,1,7675,187,0.7370594449246135,0.014549132498249436
7676,164872,1,7676,188,0.7371554787285124,0.014626935345833657
7677,164873,1,7677,189,0.7372515125324114,0.014704738193417879
7678,164893,1,7678,190,0.7373475463363104,0.0147825410410021
7679,164904,1,7679,191,0.7374435801402094,0.014860343888586322
7680,164908,1,7680,192,0.7375396139441083,0.014938146736170544
7681,164910,1,7681,193,0.7376356477480073,0.015015949583754766
7682,165067,1,7682,194,0.7377316815519063,0.015093752431338987
7683,165072,1,7683,195,0.7378277153558053,0.015171555278923209
7684,165115,1,7684,196,0.7379237491597043,0.01524935812650743
7685,165116,1,7685,197,0.7380197829636032,0.015327160974091652
7686,165130,1,7686,198,0.7381158167675022,0.015404963821675874
7687,165248,1,7687,199,0.7382118505714012,0.015482766669260095
7688,165266,1,7688,200,0.7383078843753001,0.015560569516844317
7689,165283,1,7689,201,0.738403918179199,0.015638372364428537
7690,165303,1,7690,202,0.738499951983098,0.01571617521201276
7691,165341,1,7691,203,0.738595985786997,0.01579397805959698
7692,165344,1,7692,204,0.738692019590896,0.015871780907181204
7693,165350,1,7693,205,0.7387880533947949,0.015949583754765424
7694,165377,1,7694,206,0.7388840871986939,0.016027386602349647
7695,165420,1,7695,207,0.7389801210025929,0.016105189449933867
7696,165426,1,7696,208,0.7390761548064919,0.01618299229751809
7697,165437,1,7697,209,0.7391721886103909,0.01626079514510231
7698,165438,1,7698,210,0.7392682224142898,0.016338597992686534
7699,165442,1,7699,211,0.7393642562181888,0.016416400840270753
7700,165458,1,7700,212,0.7394602900220878,0.016494203687854977
7701,165462,1,7701,213,0.7395563238259868,0.016572006535439197
7702,165502,1,7702,214,0.7396523576298857,0.01664980938302342
7703,165530,1,7703,215,0.7397483914337847,0.01672761223060764
7704,165535,1,7704,216,0.7398444252376837,0.016805415078191863
7705,165547,1,7705,217,0.7399404590415827,0.016883217925776083
7706,165596,1,7706,218,0.7400364928454816,0.016961020773360307
7707,165605,1,7707,219,0.7401325266493806,0.017038823620944527
7708,165639,1,7708,220,0.7402285604532796,0.017116626468528746
7709,165681,1,7709,221,0.7403245942571786,0.01719442931611297
7710,165684,1,7710,222,0.7404206280610774,0.01727223216369719
7711,165686,1,7711,223,0.7405166618649764,0.017350035011281413
7712,165693,1,7712,224,0.7406126956688754,0.017427837858865633
7713,165699,1,7713,225,0.7407087294727744,0.017505640706449856
7714,165723,1,7714,226,0.7408047632766734,0.017583443554034076
7715,165726,1,7715,227,0.7409007970805723,0.0176612464016183
7716,165769,1,7716,228,0.7409968308844713,0.01773904924920252
7717,165784,1,7717,229,0.7410928646883703,0.017816852096786743
7718,165789,1,7718,230,0.7411888984922693,0.017894654944370963
7719,165796,1,7719,231,0.7412849322961682,0.017972457791955186
7720,165819,1,7720,232,0.7413809661000672,0.018050260639539406
7721,165842,1,7721,233,0.7414769999039662,0.01812806348712363
7722,165853,1,7722,234,0.7415730337078652,0.01820586633470785
7723,165855,1,7723,235,0.7416690675117641,0.018283669182292073
7724,165893,1,7724,236,0.7417651013156631,0.018361472029876293
7725,165899,1,7725,237,0.7418611351195621,0.018439274877460516
7726,165900,1,7726,238,0.7419571689234611,0.018517077725044736
7727,165902,1,7727,239,0.7420532027273601,0.01859488057262896
7728,165928,1,7728,240,0.742149236531259,0.01867268342021318
7729,165936,1,7729,241,0.742245270335158,0.018750486267797403
7730,165939,1,7730,242,0.742341304139057,0.018828289115381622
7731,165942,1,7731,243,0.742437337942956,0.018906091962965846
7732,165954,1,7732,244,0.7425333717468549,0.018983894810550066
7733,166014,1,7733,245,0.7426294055507539,0.01906169765813429
7734,166038,1,7734,246,0.7427254393546528,0.01913950050571851
7735,166041,1,7735,247,0.7428214731585518,0.019217303353302732
7736,166053,1,7736,248,0.7429175069624507,0.019295106200886952
7737,166057,1,7737,249,0.7430135407663497,0.019372909048471176
7738,166071,1,7738,250,0.7431095745702487,0.019450711896055396
7739,166076,1,7739,251,0.7432056083741477,0.01952851474363962
7740,166090,1,7740,252,0.7433016421780466,0.01960631759122384
7741,166095,1,7741,253,0.7433976759819456,0.01968412043880806
7742,166097,1,7742,254,0.7434937097858446,0.019761923286392282
7743,166122,1,7743,255,0.7435897435897436,0.019839726133976502
7744,166127,1,7744,256,0.7436857773936426,0.019917528981560725
7745,166132,1,7745,257,0.7437818111975415,0.019995331829144945
7746,166139,1,7746,258,0.7438778450014405,0.02007313467672917
7747,166163,1,7747,259,0.7439738788053395,0.02015093752431339
7748,166165,1,7748,260,0.7440699126092385,0.020228740371897612
7749,166203,1,7749,261,0.7441659464131374,0.020306543219481832
7750,166233,1,7750,262,0.7442619802170364,0.020384346067066055
7751,166279,1,7751,263,0.7443580140209354,0.020462148914650275
7752,166280,1,7752,264,0.7444540478248344,0.0205399517622345
7753,166282,1,7753,265,0.7445500816287333,0.02061775460981872
7754,166288,1,7754,266,0.7446461154326323,0.020695557457402942
7755,166294,1,7755,267,0.7447421492365313,0.02077336030498716
7756,166296,1,7756,268,0.7448381830404303,0.020851163152571385
7757,166297,1,7757,269,0.7449342168443293,0.020928966000155605
7758,166303,1,7758,270,0.7450302506482281,0.02100676884773983
7759,166320,1,7759,271,0.7451262844521271,0.021084571695324048
7760,166325,1,7760,272,0.7452223182560261,0.02116237454290827
7761,166331,1,7761,273,0.7453183520599251,0.02124017739049249
7762,166333,1,7762,274,0.745414385863824,0.021317980238076715
7763,166338,1,7763,275,0.745510419667723,0.021395783085660935
7764,166353,1,7764,276,0.745606453471622,0.021473585933245158
7765,166371,1,7765,277,0.745702487275521,0.021551388780829378
7766,166375,1,7766,278,0.7457985210794199,0.0216291916284136
7767,166394,1,7767,279,0.7458945548833189,0.02170699447599782
7768,166400,1,7768,280,0.7459905886872179,0.021784797323582045
7769,166401,1,7769,281,0.7460866224911169,0.021862600171166265
7770,166404,1,7770,282,0.7461826562950159,0.021940403018750488
7771,166405,1,7771,283,0.7462786900989148,0.022018205866334708
7772,166411,1,7772,284,0.7463747239028138,0.022096008713918928
7773,166420,1,7773,285,0.7464707577067128,0.02217381156150315
7774,166424,1,7774,286,0.7465667915106118,0.02225161440908737
7775,166425,1,7775,287,0.7466628253145107,0.022329417256671594
7776,166442,1,7776,288,0.7467588591184097,0.022407220104255814
7777,166448,1,7777,289,0.7468548929223087,0.022485022951840038
7778,166451,1,7778,290,0.7469509267262077,0.022562825799424258
7779,166452,1,7779,291,0.7470469605301066,0.02264062864700848
7780,166502,1,7780,292,0.7471429943340056,0.0227184314945927
7781,166545,1,7781,293,0.7472390281379045,0.022796234342176924
7782,166565,1,7782,294,0.7473350619418035,0.022874037189761144
7783,166572,1,7783,295,0.7474310957457024,0.022951840037345368
7784,166765,1,7784,296,0.7475271295496014,0.023029642884929587
7785,166799,1,7785,297,0.7476231633535004,0.02310744573251381
7786,166809,1,7786,298,0.7477191971573994,0.02318524858009803
7787,166829,1,7787,299,0.7478152309612984,0.023263051427682254
7788,166830,1,7788,300,0.7479112647651973,0.023340854275266474
7789,166840,1,7789,301,0.7480072985690963,0.023418657122850697
7790,166842,1,7790,302,0.7481033323729953,0.023496459970434917
7791,166852,1,7791,303,0.7481993661768943,0.02357426281801914
7792,166861,1,7792,304,0.7482953999807932,0.02365206566560336
7793,166896,1,7793,305,0.7483914337846922,0.023729868513187584
7794,166898,1,7794,306,0.7484874675885912,0.023807671360771804
7795,166935,1,7795,307,0.7485835013924902,0.023885474208356027
7796,166945,1,7796,308,0.7486795351963891,0.023963277055940247
7797,166986,1,7797,309,0.7487755690002881,0.02404107990352447
7798,166987,1,7798,310,0.7488716028041871,0.02411888275110869
7799,166998,1,7799,311,0.7489676366080861,0.024196685598692914
7800,167011,1,7800,312,0.7490636704119851,0.024274488446277134
7801,167027,1,7801,313,0.749159704215884,0.024352291293861357
7802,167030,1,7802,314,0.749255738019783,0.024430094141445577
7803,167063,1,7803,315,0.749351771823682,0.024507896989029797
7804,167071,1,7804,316,0.749447805627581,0.02458569983661402
7805,167075,1,7805,317,0.7495438394314798,0.02466350268419824
7806,167080,1,7806,318,0.7496398732353788,0.024741305531782463
7807,167081,1,7807,319,0.7497359070392778,0.024819108379366683
7808,167084,1,7808,320,0.7498319408431768,0.024896911226950907
7809,167094,1,7809,321,0.7499279746470757,0.024974714074535127
7810,167104,1,7810,322,0.7500240084509747,0.02505251692211935
7811,167109,1,7811,323,0.7501200422548737,0.02513031976970357
7812,167135,1,7812,324,0.7502160760587727,0.025208122617287793
7813,167140,1,7813,325,0.7503121098626716,0.025285925464872013
7814,167167,1,7814,326,0.7504081436665706,0.025363728312456237
7815,167188,1,7815,327,0.7505041774704696,0.025441531160040456
7816,167193,1,7816,328,0.7506002112743686,0.02551933400762468
7817,167210,1,7817,329,0.7506962450782676,0.0255971368552089
7818,167226,1,7818,330,0.7507922788821665,0.025674939702793123
7819,167231,1,7819,331,0.7508883126860655,0.025752742550377343
7820,167256,1,7820,332,0.7509843464899645,0.025830545397961566
7821,167263,1,7821,333,0.7510803802938635,0.025908348245545786
7822,167272,1,7822,334,0.7511764140977624,0.02598615109313001
7823,167282,1,7823,335,0.7512724479016614,0.02606395394071423
7824,167290,1,7824,336,0.7513684817055604,0.026141756788298453
7825,167296,1,7825,337,0.7514645155094594,0.026219559635882673
7826,167335,1,7826,338,0.7515605493133583,0.026297362483466896
7827,167341,1,7827,339,0.7516565831172572,0.026375165331051116
7828,167381,1,7828,340,0.7517526169211562,0.02645296817863534
7829,167383,1,7829,341,0.7518486507250552,0.02653077102621956
7830,167390,1,7830,342,0.7519446845289542,0.026608573873803783
7831,167413,1,7831,343,0.7520407183328531,0.026686376721388003
7832,167424,1,7832,344,0.7521367521367521,0.026764179568972226
7833,167442,1,7833,345,0.7522327859406511,0.026841982416556446
7834,167449,1,7834,346,0.7523288197445501,0.026919785264140666
7835,167480,1,7835,347,0.752424853548449,0.02699758811172489
7836,167495,1,7836,348,0.752520887352348,0.02707539095930911
7837,167509,1,7837,349,0.752616921156247,0.027153193806893332
7838,167512,1,7838,350,0.752712954960146,0.027230996654477552
7839,167536,1,7839,351,0.7528089887640449,0.027308799502061776
7840,167540,1,7840,352,0.7529050225679439,0.027386602349645996
7841,167541,1,7841,353,0.7530010563718429,0.02746440519723022
7842,167549,1,7842,354,0.7530970901757419,0.02754220804481444
7843,167554,1,7843,355,0.7531931239796409,0.027620010892398662
7844,167559,1,7844,356,0.7532891577835398,0.027697813739982882
7845,167564,1,7845,357,0.7533851915874388,0.027775616587567106
7846,167591,1,7846,358,0.7534812253913378,0.027853419435151325
7847,167635,1,7847,359,0.7535772591952368,0.02793122228273555
7848,167646,1,7848,360,0.7536732929991357,0.02800902513031977
7849,167677,1,7849,361,0.7537693268030347,0.028086827977903992
7850,167693,1,7850,362,0.7538653606069337,0.028164630825488212
7851,167704,1,7851,363,0.7539613944108327,0.028242433673072435
7852,167714,1,7852,364,0.7540574282147315,0.028320236520656655
7853,167723,1,7853,365,0.7541534620186305,0.02839803936824088
7854,167757,1,7854,366,0.7542494958225295,0.0284758422158251
7855,167760,1,7855,367,0.7543455296264285,0.028553645063409322
7856,167761,1,7856,368,0.7544415634303274,0.028631447910993542
7857,167786,1,7857,369,0.7545375972342264,0.028709250758577765
7858,167787,1,7858,370,0.7546336310381254,0.028787053606161985
7859,167789,1,7859,371,0.7547296648420244,0.02886485645374621
7860,167799,1,7860,372,0.7548256986459234,0.02894265930133043
7861,167812,1,7861,373,0.7549217324498223,0.029020462148914652
7862,167843,1,7862,374,0.7550177662537213,0.02909826499649887
7863,167852,1,7863,375,0.7551138000576203,0.029176067844083095
7864,167900,1,7864,376,0.7552098338615193,0.029253870691667315
7865,168006,1,7865,377,0.7553058676654182,0.02933167353925154
7866,168007,1,7866,378,0.7554019014693172,0.029409476386835758
7867,168016,1,7867,379,0.7554979352732162,0.029487279234419978
7868,168019,1,7868,380,0.7555939690771152,0.0295650820820042
7869,168036,1,7869,381,0.7556900028810141,0.02964288492958842
7870,168045,1,7870,382,0.7557860366849131,0.029720687777172645
7871,168126,1,7871,383,0.7558820704888121,0.029798490624756865
7872,168131,1,7872,384,0.7559781042927111,0.029876293472341088
7873,168134,1,7873,385,0.7560741380966101,0.029954096319925308
7874,168135,1,7874,386,0.756170171900509,0.03003189916750953
7875,168140,1,7875,387,0.756266205704408,0.03010970201509375
7876,168165,1,7876,388,0.7563622395083069,0.030187504862677975
7877,168178,1,7877,389,0.7564582733122059,0.030265307710262195
7878,168182,1,7878,390,0.7565543071161048,0.030343110557846418
7879,168221,1,7879,391,0.7566503409200038,0.030420913405430638
7880,168294,1,7880,392,0.7567463747239028,0.03049871625301486
7881,168295,1,7881,393,0.7568424085278018,0.03057651910059908
7882,168307,1,7882,394,0.7569384423317007,0.030654321948183304
7883,168319,1,7883,395,0.7570344761355997,0.030732124795767524
7884,168342,1,7884,396,0.7571305099394987,0.030809927643351748
7885,168354,1,7885,397,0.7572265437433977,0.030887730490935968
7886,168369,1,7886,398,0.7573225775472966,0.03096553333852019
7887,168370,1,7887,399,0.7574186113511956,0.03104333618610441
7888,168400,1,7888,400,0.7575146451550946,0.031121139033688634
7889,168424,1,7889,401,0.7576106789589936,0.031198941881272854
7890,168426,1,7890,402,0.7577067127628926,0.031276744728857074
7891,168443,1,7891,403,0.7578027465667915,0.0313545475764413
7892,168472,1,7892,404,0.7578987803706905,0.03143235042402552
7893,168478,1,7893,405,0.7579948141745895,0.03151015327160974
7894,168481,1,7894,406,0.7580908479784885,0.03158795611919396
7895,168485,1,7895,407,0.7581868817823874,0.03166575896677819
7896,168488,1,7896,408,0.7582829155862864,0.03174356181436241
7897,168504,1,7897,409,0.7583789493901854,0.03182136466194663
7898,168508,1,7898,410,0.7584749831940844,0.03189916750953085
7899,168514,1,7899,411,0.7585710169979832,0.03197697035711507
7900,168528,1,7900,412,0.7586670508018822,0.032054773204699294
7901,168534,1,7901,413,0.7587630846057812,0.032132576052283514
7902,168547,1,7902,414,0.7588591184096802,0.032210378899867734
7903,168564,1,7903,415,0.7589551522135792,0.032288181747451954
7904,168570,1,7904,416,0.7590511860174781,0.03236598459503618
7905,168579,1,7905,417,0.7591472198213771,0.0324437874426204
7906,168599,1,7906,418,0.7592432536252761,0.03252159029020462
7907,168601,1,7907,419,0.7593392874291751,0.03259939313778884
7908,168622,1,7908,420,0.759435321233074,0.03267719598537307
7909,168626,1,7909,421,0.759531355036973,0.03275499883295729
7910,168634,1,7910,422,0.759627388840872,0.03283280168054151
7911,168635,1,7911,423,0.759723422644771,0.03291060452812573
7912,168641,1,7912,424,0.7598194564486699,0.032988407375709954
7913,168656,1,7913,425,0.7599154902525689,0.033066210223294173
7914,168658,1,7914,426,0.7600115240564679,0.03314401307087839
7915,168659,1,7915,427,0.7601075578603669,0.03322181591846261
7916,168661,1,7916,428,0.7602035916642659,0.03329961876604684
7917,168669,1,7917,429,0.7602996254681648,0.03337742161363106
7918,168675,1,7918,430,0.7603956592720638,0.03345522446121528
7919,168693,1,7919,431,0.7604916930759628,0.0335330273087995
7920,168727,1,7920,432,0.7605877268798618,0.03361083015638373
7921,168738,1,7921,433,0.7606837606837606,0.03368863300396795
7922,168766,1,7922,434,0.7607797944876596,0.033766435851552166
7923,168784,1,7923,435,0.7608758282915586,0.033844238699136386
7924,168804,1,7924,436,0.7609718620954576,0.03392204154672061
7925,168823,1,7925,437,0.7610678958993565,0.03399984439430483
7926,168831,1,7926,438,0.7611639297032555,0.03407764724188905
7927,168841,1,7927,439,0.7612599635071545,0.03415545008947327
7928,168852,1,7928,440,0.7613559973110535,0.03423325293705749
7929,168865,1,7929,441,0.7614520311149524,0.03431105578464172
7930,168880,1,7930,442,0.7615480649188514,0.03438885863222594
7931,168889,1,7931,443,0.7616440987227504,0.03446666147981016
7932,168905,1,7932,444,0.7617401325266494,0.03454446432739438
7933,168907,1,7933,445,0.7618361663305484,0.034622267174978606
7934,168924,1,7934,446,0.7619322001344473,0.034700070022562826
7935,168948,1,7935,447,0.7620282339383463,0.034777872870147046
7936,168949,1,7936,448,0.7621242677422453,0.034855675717731266
7937,169120,1,7937,449,0.7622203015461443,0.03493347856531549
7938,169139,1,7938,450,0.7623163353500432,0.03501128141289971
7939,169156,1,7939,451,0.7624123691539422,0.03508908426048393
7940,169180,1,7940,452,0.7625084029578412,0.03516688710806815
7941,169254,1,7941,453,0.7626044367617402,0.03524468995565238
7942,169263,1,7942,454,0.762700470565639,0.0353224928032366
7943,169265,1,7943,455,0.762796504369538,0.03540029565082082
7944,169278,1,7944,456,0.762892538173437,0.03547809849840504
7945,169290,1,7945,457,0.762988571977336,0.035555901345989266
7946,169291,1,7946,458,0.763084605781235,0.035633704193573486
7947,169300,1,7947,459,0.7631806395851339,0.035711507041157706
7948,169304,1,7948,460,0.7632766733890329,0.035789309888741926
7949,169317,1,7949,461,0.7633727071929319,0.03586711273632615
7950,169348,1,7950,462,0.7634687409968309,0.03594491558391037
7951,169360,1,7951,463,0.7635647748007298,0.03602271843149459
7952,169366,1,7952,464,0.7636608086046288,0.03610052127907881
7953,169398,1,7953,465,0.7637568424085278,0.03617832412666304
7954,169407,1,7954,466,0.7638528762124268,0.03625612697424726
7955,169408,1,7955,467,0.7639489100163257,0.03633392982183148
7956,169519,1,7956,468,0.7640449438202247,0.0364117326694157
7957,169542,1,7957,469,0.7641409776241237,0.036489535516999926
7958,169591,1,7958,470,0.7642370114280227,0.036567338364584145
7959,169624,1,7959,471,0.7643330452319216,0.036645141212168365
7960,169686,1,7960,472,0.7644290790358206,0.036722944059752585
7961,169724,1,7961,473,0.7645251128397196,0.036800746907336805
7962,169729,1,7962,474,0.7646211466436186,0.03687854975492103
7963,169742,1,7963,475,0.7647171804475176,0.03695635260250525
7964,169758,1,7964,476,0.7648132142514165,0.03703415545008947
7965,169764,1,7965,477,0.7649092480553155,0.03711195829767369
7966,169779,1,7966,478,0.7650052818592145,0.03718976114525792
7967,169849,1,7967,479,0.7651013156631135,0.03726756399284214
7968,169852,1,7968,480,0.7651973494670123,0.03734536684042636
7969,169853,1,7969,481,0.7652933832709113,0.03742316968801058
7970,169906,1,7970,482,0.7653894170748103,0.037500972535594805
7971,169936,1,7971,483,0.7654854508787093,0.037578775383179025
7972,169939,1,7972,484,0.7655814846826082,0.037656578230763245
7973,169943,1,7973,485,0.7656775184865072,0.037734381078347465
7974,169962,1,7974,486,0.7657735522904062,0.03781218392593169
7975,169975,1,7975,487,0.7658695860943052,0.03788998677351591
7976,170001,1,7976,488,0.7659656198982042,0.03796778962110013
7977,170005,1,7977,489,0.7660616537021031,0.03804559246868435
7978,170015,1,7978,490,0.7661576875060021,0.03812339531626858
7979,170096,1,7979,491,0.7662537213099011,0.0382011981638528
7980,170119,1,7980,492,0.7663497551138001,0.03827900101143702
7981,170185,1,7981,493,0.766445788917699,0.03835680385902124
7982,170193,1,7982,494,0.766541822721598,0.038434606706605465
7983,170334,1,7983,495,0.766637856525497,0.038512409554189685
7984,170371,1,7984,496,0.766733890329396,0.038590212401773905
7985,170420,1,7985,497,0.7668299241332949,0.038668015249358124
7986,170431,1,7986,498,0.7669259579371939,0.03874581809694235
7987,170446,1,7987,499,0.7670219917410929,0.03882362094452657
7988,170469,1,7988,500,0.7671180255449919,0.03890142379211079
7989,170488,1,7989,501,0.7672140593488909,0.03897922663969501
7990,170497,1,7990,502,0.7673100931527898,0.03905702948727924
7991,170512,1,7991,503,0.7674061269566887,0.03913483233486346
7992,170516,1,7992,504,0.7675021607605877,0.03921263518244768
7993,170531,1,7993,505,0.7675981945644867,0.0392904380300319
7994,170538,1,7994,506,0.7676942283683856,0.03936824087761612
7995,170570,1,7995,507,0.7677902621722846,0.039446043725200344
7996,170589,1,7996,508,0.7678862959761836,0.039523846572784564
7997,170599,1,7997,509,0.7679823297800826,0.039601649420368784
7998,170603,1,7998,510,0.7680783635839815,0.039679452267953004
7999,170613,1,7999,511,0.7681743973878805,0.03975725511553723
8000,170619,1,8000,512,0.7682704311917795,0.03983505796312145
8001,170623,1,8001,513,0.7683664649956785,0.03991286081070567
8002,170669,1,8002,514,0.7684624987995774,0.03999066365828989
8003,170692,1,8003,515,0.7685585326034764,0.04006846650587412
8004,170699,1,8004,516,0.7686545664073754,0.04014626935345834
8005,170716,1,8005,517,0.7687506002112744,0.04022407220104256
8006,170752,1,8006,518,0.7688466340151734,0.04030187504862678
8007,170760,1,8007,519,0.7689426678190723,0.040379677896211004
8008,170783,1,8008,520,0.7690387016229713,0.040457480743795224
8009,170785,1,8009,521,0.7691347354268703,0.040535283591379444
8010,170797,1,8010,522,0.7692307692307693,0.040613086438963664
8011,170810,1,8011,523,0.7693268030346682,0.04069088928654789
8012,170827,1,8012,524,0.7694228368385672,0.04076869213413211
8013,170829,1,8013,525,0.7695188706424662,0.04084649498171633
8014,170832,1,8014,526,0.7696149044463652,0.04092429782930055
8015,170840,1,8015,527,0.769710938250264,0.04100210067688478
8016,170852,1,8016,528,0.769806972054163,0.041079903524469
8017,170859,1,8017,529,0.769903005858062,0.04115770637205322
8018,170872,1,8018,530,0.769999039661961,0.04123550921963744
8019,170939,1,8019,531,0.77009507346586,0.041313312067221664
8020,170943,1,8020,532,0.7701911072697589,0.041391114914805884
8021,170965,1,8021,533,0.7702871410736579,0.0414689177623901
8022,170989,1,8022,534,0.7703831748775569,0.04154672060997432
8023,170993,1,8023,535,0.7704792086814559,0.04162452345755854
8024,171026,1,8024,536,0.7705752424853548,0.04170232630514277
8025,171077,1,8025,537,0.7706712762892538,0.04178012915272699
8026,171109,1,8026,538,0.7707673100931528,0.04185793200031121
8027,171146,1,8027,539,0.7708633438970518,0.04193573484789543
8028,171164,1,8028,540,0.7709593777009507,0.04201353769547966
8029,171187,1,8029,541,0.7710554115048497,0.042091340543063877
8030,171197,1,8030,542,0.7711514453087487,0.042169143390648096
8031,171204,1,8031,543,0.7712474791126477,0.042246946238232316
8032,171222,1,8032,544,0.7713435129165466,0.04232474908581654
8033,171233,1,8033,545,0.7714395467204456,0.04240255193340076
8034,171242,1,8034,546,0.7715355805243446,0.04248035478098498
8035,171246,1,8035,547,0.7716316143282436,0.0425581576285692
8036,171252,1,8036,548,0.7717276481321426,0.04263596047615343
8037,171263,1,8037,549,0.7718236819360415,0.04271376332373765
8038,171266,1,8038,550,0.7719197157399404,0.04279156617132187
8039,171293,1,8039,551,0.7720157495438394,0.04286936901890609
8040,171300,1,8040,552,0.7721117833477384,0.042947171866490316
8041,171303,1,8041,553,0.7722078171516373,0.043024974714074536
8042,171309,1,8042,554,0.7723038509555363,0.043102777561658756
8043,171326,1,8043,555,0.7723998847594353,0.043180580409242976
8044,171380,1,8044,556,0.7724959185633343,0.0432583832568272
8045,171443,1,8045,557,0.7725919523672332,0.04333618610441142
8046,171451,1,8046,558,0.7726879861711322,0.04341398895199564
8047,171454,1,8047,559,0.7727840199750312,0.04349179179957986
8048,171501,1,8048,560,0.7728800537789302,0.04356959464716409
8049,171535,1,8049,561,0.7729760875828292,0.04364739749474831
8050,171547,1,8050,562,0.7730721213867281,0.04372520034233253
8051,171626,1,8051,563,0.7731681551906271,0.04380300318991675
8052,171674,1,8052,564,0.7732641889945261,0.043880806037500976
8053,171785,1,8053,565,0.7733602227984251,0.043958608885085196
8054,171793,1,8054,566,0.773456256602324,0.044036411732669416
8055,171812,1,8055,567,0.773552290406223,0.044114214580253636
8056,171822,1,8056,568,0.773648324210122,0.044192017427837856
8057,171836,1,8057,569,0.773744358014021,0.04426982027542208
8058,171855,1,8058,570,0.7738403918179199,0.0443476231230063
8059,171860,1,8059,571,0.7739364256218189,0.04442542597059052
8060,171876,1,8060,572,0.7740324594257179,0.04450322881817474
8061,171907,1,8061,573,0.7741284932296169,0.04458103166575897
8062,171953,1,8062,574,0.7742245270335159,0.04465883451334319
8063,171966,1,8063,575,0.7743205608374147,0.04473663736092741
8064,171972,1,8064,576,0.7744165946413137,0.04481444020851163
8065,171988,1,8065,577,0.7745126284452127,0.044892243056095855
8066,172032,1,8066,578,0.7746086622491117,0.044970045903680075
8067,172034,1,8067,579,0.7747046960530106,0.045047848751264295
8068,172043,1,8068,580,0.7748007298569096,0.045125651598848515
8069,172045,1,8069,581,0.7748967636608086,0.04520345444643274
8070,172046,1,8070,582,0.7749927974647076,0.04528125729401696
8071,172067,1,8071,583,0.7750888312686065,0.04535906014160118
8072,172082,1,8072,584,0.7751848650725055,0.0454368629891854
8073,172093,1,8073,585,0.7752808988764045,0.04551466583676963
8074,172104,1,8074,586,0.7753769326803035,0.04559246868435385
8075,172113,1,8075,587,0.7754729664842024,0.04567027153193807
8076,172158,1,8076,588,0.7755690002881014,0.04574807437952229
8077,172160,1,8077,589,0.7756650340920004,0.045825877227106515
8078,172193,1,8078,590,0.7757610678958994,0.045903680074690735
8079,172209,1,8079,591,0.7758571016997984,0.045981482922274955
8080,172234,1,8080,592,0.7759531355036973,0.046059285769859175
8081,172282,1,8081,593,0.7760491693075963,0.0461370886174434
8082,172317,1,8082,594,0.7761452031114953,0.04621489146502762
8083,172321,1,8083,595,0.7762412369153943,0.04629269431261184
8084,172325,1,8084,596,0.7763372707192931,0.04637049716019606
8085,172329,1,8085,597,0.7764333045231921,0.04644830000778029
8086,172343,1,8086,598,0.7765293383270911,0.04652610285536451
8087,172345,1,8087,599,0.7766253721309901,0.04660390570294873
8088,172411,1,8088,600,0.776721405934889,0.04668170855053295
8089,172433,1,8089,601,0.776817439738788,0.04675951139811717
8090,172469,1,8090,602,0.776913473542687,0.046837314245701395
8091,172496,1,8091,603,0.777009507346586,0.046915117093285615
8092,172514,1,8092,604,0.777105541150485,0.046992919940869834
8093,172533,1,8093,605,0.7772015749543839,0.047070722788454054
8094,172551,1,8094,606,0.7772976087582829,0.04714852563603828
8095,172580,1,8095,607,0.7773936425621819,0.0472263284836225
8096,172610,1,8096,608,0.7774896763660809,0.04730413133120672
8097,172628,1,8097,609,0.7775857101699798,0.04738193417879094
8098,172647,1,8098,610,0.7776817439738788,0.04745973702637517
8099,172648,1,8099,611,0.7777777777777778,0.04753753987395939
8100,172669,1,8100,612,0.7778738115816768,0.04761534272154361
8101,172714,1,8101,613,0.7779698453855757,0.04769314556912783
8102,172720,1,8102,614,0.7780658791894747,0.047770948416712054
8103,172731,1,8103,615,0.7781619129933737,0.047848751264296274
8104,172737,1,8104,616,0.7782579467972727,0.047926554111880494
8105,172743,1,8105,617,0.7783539806011716,0.048004356959464714
8106,172748,1,8106,618,0.7784500144050706,0.04808215980704894
8107,172765,1,8107,619,0.7785460482089696,0.04815996265463316
8108,172830,1,8108,620,0.7786420820128686,0.04823776550221738
8109,172885,1,8109,621,0.7787381158167676,0.0483155683498016
8110,172887,1,8110,622,0.7788341496206664,0.04839337119738583
8111,172928,1,8111,623,0.7789301834245654,0.04847117404497005
8112,173105,1,8112,624,0.7790262172284644,0.04854897689255427
8113,173115,1,8113,625,0.7791222510323634,0.04862677974013849
8114,173118,1,8114,626,0.7792182848362623,0.048704582587722714
8115,173120,1,8115,627,0.7793143186401613,0.048782385435306934
8116,173126,1,8116,628,0.7794103524440603,0.048860188282891154
8117,173137,1,8117,629,0.7795063862479593,0.048937991130475374
8118,173157,1,8118,630,0.7796024200518582,0.049015793978059594
8119,173167,1,8119,631,0.7796984538557572,0.04909359682564382
8120,173219,1,8120,632,0.7797944876596562,0.04917139967322804
8121,173223,1,8121,633,0.7798905214635552,0.04924920252081226
8122,173225,1,8122,634,0.7799865552674542,0.04932700536839648
8123,173259,1,8123,635,0.7800825890713531,0.04940480821598071
8124,173313,1,8124,636,0.7801786228752521,0.04948261106356493
8125,173321,1,8125,637,0.7802746566791511,0.04956041391114915
8126,173336,1,8126,638,0.7803706904830501,0.04963821675873337
8127,173357,1,8127,639,0.780466724286949,0.049716019606317594
8128,173375,1,8128,640,0.780562758090848,0.04979382245390181
8129,173396,1,8129,641,0.780658791894747,0.04987162530148603
8130,173414,1,8130,642,0.780754825698646,0.04994942814907025
8131,173417,1,8131,643,0.7808508595025448,0.05002723099665448
8132,173481,1,8132,644,0.7809468933064438,0.0501050338442387
8133,173508,1,8133,645,0.7810429271103428,0.05018283669182292
8134,173563,1,8134,646,0.7811389609142418,0.05026063953940714
8135,173574,1,8135,647,0.7812349947181408,0.05033844238699137
8136,173621,1,8136,648,0.7813310285220397,0.05041624523457559
8137,173634,1,8137,649,0.7814270623259387,0.050494048082159806
8138,173650,1,8138,650,0.7815230961298377,0.050571850929744026
8139,173656,1,8139,651,0.7816191299337367,0.05064965377732825
8140,173669,1,8140,652,0.7817151637376356,0.05072745662491247
8141,173684,1,8141,653,0.7818111975415346,0.05080525947249669
8142,173714,1,8142,654,0.7819072313454336,0.05088306232008091
8143,173752,1,8143,655,0.7820032651493326,0.05096086516766514
8144,173770,1,8144,656,0.7820992989532315,0.05103866801524936
8145,173786,1,8145,657,0.7821953327571305,0.05111647086283358
8146,173793,1,8146,658,0.7822913665610295,0.0511942737104178
8147,173795,1,8147,659,0.7823874003649285,0.051272076558002026
8148,173800,1,8148,660,0.7824834341688274,0.051349879405586246
8149,173820,1,8149,661,0.7825794679727264,0.051427682253170466
8150,173834,1,8150,662,0.7826755017766254,0.051505485100754686
8151,173851,1,8151,663,0.7827715355805244,0.051583287948338906
8152,173874,1,8152,664,0.7828675693844234,0.05166109079592313
8153,173875,1,8153,665,0.7829636031883223,0.05173889364350735
8154,173882,1,8154,666,0.7830596369922213,0.05181669649109157
8155,173888,1,8155,667,0.7831556707961203,0.05189449933867579
8156,173893,1,8156,668,0.7832517046000192,0.05197230218626002
8157,173900,1,8157,669,0.7833477384039181,0.05205010503384424
8158,173915,1,8158,670,0.7834437722078171,0.05212790788142846
8159,173994,1,8159,671,0.7835398060117161,0.05220571072901268
8160,173995,1,8160,672,0.7836358398156151,0.052283513576596906
8161,174001,1,8161,673,0.783731873619514,0.052361316424181126
8162,174005,1,8162,674,0.783827907423413,0.052439119271765346
8163,174018,1,8163,675,0.783923941227312,0.052516922119349566
8164,174075,1,8164,676,0.784019975031211,0.05259472496693379
8165,174084,1,8165,677,0.78411600883511,0.05267252781451801
8166,174086,1,8166,678,0.7842120426390089,0.05275033066210223
8167,174112,1,8167,679,0.7843080764429079,0.05282813350968645
8168,174135,1,8168,680,0.7844041102468069,0.05290593635727068
8169,174137,1,8169,681,0.7845001440507059,0.0529837392048549
8170,174156,1,8170,682,0.7845961778546048,0.05306154205243912
8171,174177,1,8171,683,0.7846922116585038,0.05313934490002334
8172,174179,1,8172,684,0.7847882454624028,0.053217147747607565
8173,174195,1,8173,685,0.7848842792663018,0.053294950595191785
8174,174222,1,8174,686,0.7849803130702007,0.053372753442776005
8175,174225,1,8175,687,0.7850763468740997,0.053450556290360225
8176,174227,1,8176,688,0.7851723806779987,0.05352835913794445
8177,174235,1,8177,689,0.7852684144818977,0.05360616198552867
8178,174238,1,8178,690,0.7853644482857965,0.05368396483311289
8179,174240,1,8179,691,0.7854604820896955,0.05376176768069711
8180,174268,1,8180,692,0.7855565158935945,0.05383957052828133
8181,174277,1,8181,693,0.7856525496974935,0.05391737337586556
8182,174305,1,8182,694,0.7857485835013925,0.05399517622344978
8183,174320,1,8183,695,0.7858446173052914,0.054072979071034
8184,174328,1,8184,696,0.7859406511091904,0.05415078191861822
8185,174364,1,8185,697,0.7860366849130894,0.054228584766202445
8186,174376,1,8186,698,0.7861327187169884,0.054306387613786665
8187,174377,1,8187,699,0.7862287525208873,0.054384190461370885
8188,174419,1,8188,700,0.7863247863247863,0.054461993308955105
8189,174424,1,8189,701,0.7864208201286853,0.05453979615653933
8190,174443,1,8190,702,0.7865168539325843,0.05461759900412355
8191,174454,1,8191,703,0.7866128877364832,0.05469540185170777
8192,174476,1,8192,704,0.7867089215403822,0.05477320469929199
8193,174487,1,8193,705,0.7868049553442812,0.05485100754687622
8194,174492,1,8194,706,0.7869009891481802,0.05492881039446044
8195,174504,1,8195,707,0.7869970229520792,0.05500661324204466
8196,174572,1,8196,708,0.7870930567559781,0.05508441608962888
8197,174615,1,8197,709,0.7871890905598771,0.055162218937213105
8198,174630,1,8198,710,0.7872851243637761,0.055240021784797325
8199,174636,1,8199,711,0.7873811581676751,0.055317824632381545
8200,174638,1,8200,712,0.787477191971574,0.055395627479965764
8201,174661,1,8201,713,0.787573225775473,0.05547343032754999
8202,174677,1,8202,714,0.787669259579372,0.05555123317513421
8203,174707,1,8203,715,0.787765293383271,0.05562903602271843
8204,174723,1,8204,716,0.7878613271871698,0.05570683887030265
8205,174745,1,8205,717,0.7879573609910688,0.05578464171788688
8206,174746,1,8206,718,0.7880533947949678,0.0558624445654711
8207,174780,1,8207,719,0.7881494285988668,0.05594024741305532
8208,174784,1,8208,720,0.7882454624027658,0.05601805026063954
8209,174803,1,8209,721,0.7883414962066647,0.056095853108223764
8210,174819,1,8210,722,0.7884375300105637,0.056173655955807984
8211,174830,1,8211,723,0.7885335638144627,0.056251458803392204
8212,174864,1,8212,724,0.7886295976183617,0.056329261650976424
8213,174874,1,8213,725,0.7887256314222606,0.056407064498560644
8214,174977,1,8214,726,0.7888216652261596,0.05648486734614487
8215,174985,1,8215,727,0.7889176990300586,0.05656267019372909
8216,174992,1,8216,728,0.7890137328339576,0.05664047304131331
8217,175065,1,8217,729,0.7891097666378565,0.05671827588889753
8218,175069,1,8218,730,0.7892058004417555,0.05679607873648176
8219,175130,1,8219,731,0.7893018342456545,0.05687388158406598
8220,175171,1,8220,732,0.7893978680495535,0.0569516844316502
8221,175189,1,8221,733,0.7894939018534524,0.05702948727923442
8222,175201,1,8222,734,0.7895899356573514,0.057107290126818644
8223,175219,1,8223,735,0.7896859694612504,0.057185092974402864
8224,175228,1,8224,736,0.7897820032651494,0.057262895821987084
8225,175257,1,8225,737,0.7898780370690484,0.057340698669571304
8226,175263,1,8226,738,0.7899740708729472,0.05741850151715553
8227,175354,1,8227,739,0.7900701046768462,0.05749630436473975
8228,175358,1,8228,740,0.7901661384807452,0.05757410721232397
8229,175373,1,8229,741,0.7902621722846442,0.05765191005990819
8230,175388,1,8230,742,0.7903582060885431,0.05772971290749242
8231,175419,1,8231,743,0.7904542398924421,0.05780751575507664
8232,175433,1,8232,744,0.7905502736963411,0.05788531860266086
8233,175437,1,8233,745,0.7906463075002401,0.05796312145024508
8234,175439,1,8234,746,0.790742341304139,0.058040924297829304
8235,175446,1,8235,747,0.790838375108038,0.058118727145413523
8236,175455,1,8236,748,0.790934408911937,0.05819652999299774
8237,175473,1,8237,749,0.791030442715836,0.05827433284058196
8238,175634,1,8238,750,0.791126476519735,0.05835213568816619
8239,175644,1,8239,751,0.7912225103236339,0.05842993853575041
8240,175666,1,8240,752,0.7913185441275329,0.05850774138333463
8241,175697,1,8241,753,0.7914145779314319,0.05858554423091885
8242,175745,1,8242,754,0.7915106117353309,0.05866334707850308
8243,175774,1,8243,755,0.7916066455392298,0.0587411499260873
8244,175832,1,8244,756,0.7917026793431288,0.058818952773671516
8245,175843,1,8245,757,0.7917987131470278,0.058896755621255736
8246,175886,1,8246,758,0.7918947469509268,0.058974558468839956
8247,175888,1,8247,759,0.7919907807548257,0.05905236131642418
8248,175919,1,8248,760,0.7920868145587247,0.0591301641640084
8249,175947,1,8249,761,0.7921828483626236,0.05920796701159262
8250,176012,1,8250,762,0.7922788821665226,0.05928576985917684
8251,176013,1,8251,763,0.7923749159704215,0.05936357270676107
8252,176017,1,8252,764,0.7924709497743205,0.05944137555434529
8253,176028,1,8253,765,0.7925669835782195,0.05951917840192951
8254,176046,1,8254,766,0.7926630173821185,0.05959698124951373
8255,176054,1,8255,767,0.7927590511860175,0.059674784097097956
8256,176064,1,8256,768,0.7928550849899164,0.059752586944682176
8257,176095,1,8257,769,0.7929511187938154,0.059830389792266396
8258,176116,1,8258,770,0.7930471525977144,0.059908192639850616
8259,176148,1,8259,771,0.7931431864016134,0.05998599548743484
8260,176202,1,8260,772,0.7932392202055123,0.06006379833501906
8261,176231,1,8261,773,0.7933352540094113,0.06014160118260328
8262,176232,1,8262,774,0.7934312878133103,0.0602194040301875
8263,176237,1,8263,775,0.7935273216172093,0.06029720687777173
8264,176241,1,8264,776,0.7936233554211082,0.06037500972535595
8265,176258,1,8265,777,0.7937193892250072,0.06045281257294017
8266,176294,1,8266,778,0.7938154230289062,0.06053061542052439
8267,176371,1,8267,779,0.7939114568328052,0.060608418268108616
8268,176409,1,8268,780,0.7940074906367042,0.060686221115692836
8269,176461,1,8269,781,0.7941035244406031,0.060764023963277056
8270,176468,1,8270,782,0.7941995582445021,0.060841826810861276
8271,176578,1,8271,783,0.7942955920484011,0.0609196296584455
8272,176607,1,8272,784,0.7943916258523,0.06099743250602972
8273,176625,1,8273,785,0.7944876596561989,0.06107523535361394
8274,176634,1,8274,786,0.7945836934600979,0.06115303820119816
8275,176647,1,8275,787,0.7946797272639969,0.06123084104878238
8276,176648,1,8276,788,0.7947757610678959,0.06130864389636661
8277,176659,1,8277,789,0.7948717948717948,0.06138644674395083
8278,176660,1,8278,790,0.7949678286756938,0.06146424959153505
8279,176665,1,8279,791,0.7950638624795928,0.06154205243911927
8280,176676,1,8280,792,0.7951598962834918,0.061619855286703495
8281,176729,1,8281,793,0.7952559300873908,0.061697658134287715
8282,176778,1,8282,794,0.7953519638912897,0.061775460981871935
8283,176789,1,8283,795,0.7954479976951887,0.061853263829456155
8284,176802,1,8284,796,0.7955440314990877,0.06193106667704038
8285,176820,1,8285,797,0.7956400653029867,0.0620088695246246
8286,176837,1,8286,798,0.7957360991068856,0.06208667237220882
8287,176881,1,8287,799,0.7958321329107846,0.06216447521979304
8288,176902,1,8288,800,0.7959281667146836,0.06224227806737727
8289,176988,1,8289,801,0.7960242005185826,0.06232008091496149
8290,176990,1,8290,802,0.7961202343224815,0.06239788376254571
8291,177044,1,8291,803,0.7962162681263805,0.06247568661012993
8292,177078,1,8292,804,0.7963123019302795,0.06255348945771415
8293,177087,1,8293,805,0.7964083357341785,0.06263129230529837
8294,177141,1,8294,806,0.7965043695380774,0.0627090951528826
8295,177177,1,8295,807,0.7966004033419763,0.06278689800046681
8296,177178,1,8296,808,0.7966964371458753,0.06286470084805104
8297,177208,1,8297,809,0.7967924709497743,0.06294250369563525
8298,177221,1,8298,810,0.7968885047536733,0.06302030654321948
8299,177223,1,8299,811,0.7969845385575722,0.06309810939080371
8300,177229,1,8300,812,0.7970805723614712,0.06317591223838792
8301,177230,1,8301,813,0.7971766061653702,0.06325371508597215
8302,177253,1,8302,814,0.7972726399692692,0.06333151793355637
8303,177261,1,8303,815,0.7973686737731681,0.06340932078114059
8304,177302,1,8304,816,0.7974647075770671,0.06348712362872481
8305,177309,1,8305,817,0.7975607413809661,0.06356492647630903
8306,177311,1,8306,818,0.7976567751848651,0.06364272932389325
8307,177351,1,8307,819,0.797752808988764,0.06372053217147748
8308,177381,1,8308,820,0.797848842792663,0.0637983350190617
8309,177391,1,8309,821,0.797944876596562,0.06387613786664592
8310,177436,1,8310,822,0.798040910400461,0.06395394071423013
8311,177438,1,8311,823,0.79813694420436,0.06403174356181436
8312,177475,1,8312,824,0.7982329780082589,0.06410954640939859
8313,177504,1,8313,825,0.7983290118121579,0.0641873492569828
8314,177515,1,8314,826,0.7984250456160569,0.06426515210456703
8315,177571,1,8315,827,0.7985210794199559,0.06434295495215125
8316,177593,1,8316,828,0.7986171132238548,0.06442075779973547
8317,177613,1,8317,829,0.7987131470277538,0.0644985606473197
8318,177677,1,8318,830,0.7988091808316528,0.06457636349490391
8319,177732,1,8319,831,0.7989052146355518,0.06465416634248813
8320,177736,1,8320,832,0.7990012484394506,0.06473196919007236
8321,177741,1,8321,833,0.7990972822433496,0.06480977203765657
8322,177747,1,8322,834,0.7991933160472486,0.0648875748852408
8323,177787,1,8323,835,0.7992893498511476,0.06496537773282503
8324,177790,1,8324,836,0.7993853836550465,0.06504318058040924
8325,177823,1,8325,837,0.7994814174589455,0.06512098342799347
8326,177844,1,8326,838,0.7995774512628445,0.06519878627557768
8327,177847,1,8327,839,0.7996734850667435,0.06527658912316191
8328,177852,1,8328,840,0.7997695188706425,0.06535439197074613
8329,177886,1,8329,841,0.7998655526745414,0.06543219481833035
8330,177898,1,8330,842,0.7999615864784404,0.06550999766591457
8331,177907,1,8331,843,0.8000576202823394,0.0655878005134988
8332,177923,1,8332,844,0.8001536540862384,0.06566560336108301
8333,177945,1,8333,845,0.8002496878901373,0.06574340620866724
8334,177950,1,8334,846,0.8003457216940363,0.06582120905625145
8335,177987,1,8335,847,0.8004417554979353,0.06589901190383568
8336,178031,1,8336,848,0.8005377893018343,0.06597681475141991
8337,178035,1,8337,849,0.8006338231057332,0.06605461759900412
8338,178065,1,8338,850,0.8007298569096322,0.06613242044658835
8339,178118,1,8339,851,0.8008258907135312,0.06621022329417256
8340,178194,1,8340,852,0.8009219245174302,0.06628802614175679
8341,178219,1,8341,853,0.8010179583213292,0.06636582898934101
8342,178235,1,8342,854,0.801113992125228,0.06644363183692523
8343,178260,1,8343,855,0.801210025929127,0.06652143468450945
8344,178261,1,8344,856,0.801306059733026,0.06659923753209368
8345,178308,1,8345,857,0.801402093536925,0.0666770403796779
8346,178317,1,8346,858,0.8014981273408239,0.06675484322726212
8347,178332,1,8347,859,0.8015941611447229,0.06683264607484633
8348,178334,1,8348,860,0.8016901949486219,0.06691044892243056
8349,178340,1,8349,861,0.8017862287525209,0.06698825177001479
8350,178341,1,8350,862,0.8018822625564198,0.067066054617599
8351,178343,1,8351,863,0.8019782963603188,0.06714385746518323
8352,178350,1,8352,864,0.8020743301642178,0.06722166031276745
8353,178375,1,8353,865,0.8021703639681168,0.06729946316035167
8354,178379,1,8354,866,0.8022663977720158,0.0673772660079359
8355,178405,1,8355,867,0.8023624315759147,0.0674550688555201
8356,178413,1,8356,868,0.8024584653798137,0.06753287170310433
8357,178418,1,8357,869,0.8025544991837127,0.06761067455068856
8358,178421,1,8358,870,0.8026505329876117,0.06768847739827277
8359,178433,1,8359,871,0.8027465667915106,0.067766280245857
8360,178463,1,8360,872,0.8028426005954096,0.06784408309344123
8361,178481,1,8361,873,0.8029386343993086,0.06792188594102544
8362,178485,1,8362,874,0.8030346682032076,0.06799968878860967
8363,178492,1,8363,875,0.8031307020071065,0.06807749163619388
8364,178511,1,8364,876,0.8032267358110055,0.0681552944837781
8365,178520,1,8365,877,0.8033227696149045,0.06823309733136233
8366,178528,1,8366,878,0.8034188034188035,0.06831090017894655
8367,178563,1,8367,879,0.8035148372227023,0.06838870302653077
8368,178577,1,8368,880,0.8036108710266013,0.06846650587411499
8369,178616,1,8369,881,0.8037069048305003,0.06854430872169921
8370,178636,1,8370,882,0.8038029386343993,0.06862211156928344
8371,178650,1,8371,883,0.8038989724382983,0.06869991441686765
8372,178694,1,8372,884,0.8039950062421972,0.06877771726445188
8373,178734,1,8373,885,0.8040910400460962,0.0688555201120361
8374,178774,1,8374,886,0.8041870738499952,0.06893332295962032
8375,178855,1,8375,887,0.8042831076538942,0.06901112580720455
8376,178902,1,8376,888,0.8043791414577931,0.06908892865478876
8377,178906,1,8377,889,0.8044751752616921,0.06916673150237299
8378,178915,1,8378,890,0.8045712090655911,0.06924453434995721
8379,178919,1,8379,891,0.8046672428694901,0.06932233719754143
8380,178933,1,8380,892,0.804763276673389,0.06940014004512565
8381,178982,1,8381,893,0.804859310477288,0.06947794289270988
8382,178999,1,8382,894,0.804955344281187,0.06955574574029409
8383,179062,1,8383,895,0.805051378085086,0.06963354858787832
8384,179066,1,8384,896,0.805147411888985,0.06971135143546253
8385,179090,1,8385,897,0.8052434456928839,0.06978915428304676
8386,179120,1,8386,898,0.8053394794967829,0.06986695713063099
8387,179234,1,8387,899,0.8054355133006819,0.0699447599782152
8388,179253,1,8388,900,0.8055315471045809,0.07002256282579943
8389,179320,1,8389,901,0.8056275809084797,0.07010036567338365
8390,179331,1,8390,902,0.8057236147123787,0.07017816852096787
8391,179332,1,8391,903,0.8058196485162777,0.07025597136855209
8392,179351,1,8392,904,0.8059156823201767,0.0703337742161363
8393,179397,1,8393,905,0.8060117161240756,0.07041157706372053
8394,179410,1,8394,906,0.8061077499279746,0.07048937991130476
8395,179425,1,8395,907,0.8062037837318736,0.07056718275888897
8396,179595,1,8396,908,0.8062998175357726,0.0706449856064732
8397,179604,1,8397,909,0.8063958513396715,0.07072278845405743
8398,179622,1,8398,910,0.8064918851435705,0.07080059130164164
8399,179647,1,8399,911,0.8065879189474695,0.07087839414922587
8400,179668,1,8400,912,0.8066839527513685,0.07095619699681008
8401,179674,1,8401,913,0.8067799865552675,0.0710339998443943
8402,179675,1,8402,914,0.8068760203591664,0.07111180269197853
8403,179699,1,8403,915,0.8069720541630654,0.07118960553956274
8404,179714,1,8404,916,0.8070680879669644,0.07126740838714697
8405,179732,1,8405,917,0.8071641217708634,0.07134521123473118
8406,179738,1,8406,918,0.8072601555747623,0.07142301408231541
8407,179757,1,8407,919,0.8073561893786613,0.07150081692989964
8408,179782,1,8408,920,0.8074522231825603,0.07157861977748385
8409,179802,1,8409,921,0.8075482569864593,0.07165642262506808
8410,179812,1,8410,922,0.8076442907903582,0.0717342254726523
8411,179829,1,8411,923,0.8077403245942572,0.07181202832023652
8412,179842,1,8412,924,0.8078363583981562,0.07188983116782074
8413,179848,1,8413,925,0.8079323922020551,0.07196763401540496
8414,179872,1,8414,926,0.8080284260059541,0.07204543686298918
8415,179882,1,8415,927,0.808124459809853,0.07212323971057341
8416,179888,1,8416,928,0.808220493613752,0.07220104255815762
8417,179890,1,8417,929,0.808316527417651,0.07227884540574185
8418,179908,1,8418,930,0.80841256122155,0.07235664825332608
8419,179921,1,8419,931,0.8085085950254489,0.07243445110091029
8420,179933,1,8420,932,0.8086046288293479,0.07251225394849452
8421,180003,1,8421,933,0.8087006626332469,0.07259005679607873
8422,180013,1,8422,934,0.8087966964371459,0.07266785964366296
8423,180016,1,8423,935,0.8088927302410448,0.07274566249124718
8424,180018,1,8424,936,0.8089887640449438,0.0728234653388314
8425,180031,1,8425,937,0.8090847978488428,0.07290126818641562
8426,180044,1,8426,938,0.8091808316527418,0.07297907103399985
8427,180047,1,8427,939,0.8092768654566408,0.07305687388158406
8428,180067,1,8428,940,0.8093728992605397,0.07313467672916829
8429,180135,1,8429,941,0.8094689330644387,0.0732124795767525
8430,180147,1,8430,942,0.8095649668683377,0.07329028242433673
8431,180148,1,8431,943,0.8096610006722367,0.07336808527192096
8432,180171,1,8432,944,0.8097570344761356,0.07344588811950517
8433,180183,1,8433,945,0.8098530682800346,0.0735236909670894
8434,180186,1,8434,946,0.8099491020839336,0.07360149381467361
8435,180206,1,8435,947,0.8100451358878326,0.07367929666225784
8436,180210,1,8436,948,0.8101411696917314,0.07375709950984206
8437,180222,1,8437,949,0.8102372034956304,0.07383490235742628
8438,180236,1,8438,950,0.8103332372995294,0.0739127052050105
8439,180247,1,8439,951,0.8104292711034284,0.07399050805259473
8440,180263,1,8440,952,0.8105253049073273,0.07406831090017894
8441,180271,1,8441,953,0.8106213387112263,0.07414611374776317
8442,180293,1,8442,954,0.8107173725151253,0.07422391659534738
8443,180295,1,8443,955,0.8108134063190243,0.07430171944293161
8444,180303,1,8444,956,0.8109094401229233,0.07437952229051584
8445,180312,1,8445,957,0.8110054739268222,0.07445732513810005
8446,180324,1,8446,958,0.8111015077307212,0.07453512798568428
8447,180325,1,8447,959,0.8111975415346202,0.0746129308332685
8448,180358,1,8448,960,0.8112935753385192,0.07469073368085272
8449,180365,1,8449,961,0.8113896091424181,0.07476853652843694
8450,180381,1,8450,962,0.8114856429463171,0.07484633937602116
8451,180395,1,8451,963,0.8115816767502161,0.07492414222360538
8452,180414,1,8452,964,0.8116777105541151,0.07500194507118961
8453,180444,1,8453,965,0.811773744358014,0.07507974791877382
8454,180449,1,8454,966,0.811869778161913,0.07515755076635805
8455,180455,1,8455,967,0.811965811965812,0.07523535361394228
8456,180464,1,8456,968,0.812061845769711,0.07531315646152649
8457,180581,1,8457,969,0.81215787957361,0.07539095930911072
8458,180631,1,8458,970,0.8122539133775089,0.07546876215669493
8459,180646,1,8459,971,0.8123499471814078,0.07554656500427916
8460,180655,1,8460,972,0.8124459809853068,0.07562436785186338
8461,180663,1,8461,973,0.8125420147892058,0.0757021706994476
8462,180770,1,8462,974,0.8126380485931047,0.07577997354703182
8463,180828,1,8463,975,0.8127340823970037,0.07585777639461604
8464,180831,1,8464,976,0.8128301162009027,0.07593557924220026
8465,180894,1,8465,977,0.8129261500048017,0.07601338208978449
8466,180908,1,8466,978,0.8130221838087006,0.0760911849373687
8467,180915,1,8467,979,0.8131182176125996,0.07616898778495293
8468,180971,1,8468,980,0.8132142514164986,0.07624679063253716
8469,181003,1,8469,981,0.8133102852203976,0.07632459348012137
8470,181029,1,8470,982,0.8134063190242965,0.0764023963277056
8471,181035,1,8471,983,0.8135023528281955,0.07648019917528981
8472,181037,1,8472,984,0.8135983866320945,0.07655800202287404
8473,181092,1,8473,985,0.8136944204359935,0.07663580487045826
8474,181098,1,8474,986,0.8137904542398925,0.07671360771804248
8475,181146,1,8475,987,0.8138864880437914,0.0767914105656267
8476,181206,1,8476,988,0.8139825218476904,0.07686921341321093
8477,181239,1,8477,989,0.8140785556515894,0.07694701626079514
8478,181250,1,8478,990,0.8141745894554884,0.07702481910837937
8479,181294,1,8479,991,0.8142706232593873,0.07710262195596358
8480,181349,1,8480,992,0.8143666570632863,0.07718042480354781
8481,181397,1,8481,993,0.8144626908671853,0.07725822765113204
8482,181421,1,8482,994,0.8145587246710843,0.07733603049871625
8483,181424,1,8483,995,0.8146547584749831,0.07741383334630048
8484,181425,1,8484,996,0.8147507922788821,0.0774916361938847
8485,181447,1,8485,997,0.8148468260827811,0.07756943904146892
8486,181473,1,8486,998,0.8149428598866801,0.07764724188905314
8487,181538,1,8487,999,0.8150388936905791,0.07772504473663736
8488,181540,1,8488,1000,0.815134927494478,0.07780284758422158
8489,181551,1,8489,1001,0.815230961298377,0.07788065043180581
8490,181565,1,8490,1002,0.815326995102276,0.07795845327939002
8491,181626,1,8491,1003,0.815423028906175,0.07803625612697425
8492,181638,1,8492,1004,0.8155190627100739,0.07811405897455848
8493,181650,1,8493,1005,0.8156150965139729,0.07819186182214269
8494,181702,1,8494,1006,0.8157111303178719,0.07826966466972692
8495,181724,1,8495,1007,0.8158071641217709,0.07834746751731113
8496,181768,1,8496,1008,0.8159031979256698,0.07842527036489536
8497,181770,1,8497,1009,0.8159992317295688,0.07850307321247958
8498,181802,1,8498,1010,0.8160952655334678,0.0785808760600638
8499,181809,1,8499,1011,0.8161912993373668,0.07865867890764802
8500,181893,1,8500,1012,0.8162873331412658,0.07873648175523223
8501,181913,1,8501,1013,0.8163833669451647,0.07881428460281646
8502,181915,1,8502,1014,0.8164794007490637,0.07889208745040069
8503,181997,1,8503,1015,0.8165754345529627,0.0789698902979849
8504,182040,1,8504,1016,0.8166714683568617,0.07904769314556913
8505,182058,1,8505,1017,0.8167675021607606,0.07912549599315336
8506,182087,1,8506,1018,0.8168635359646595,0.07920329884073757
8507,182117,1,8507,1019,0.8169595697685585,0.0792811016883218
8508,182164,1,8508,1020,0.8170556035724575,0.07935890453590601
8509,182177,1,8509,1021,0.8171516373763564,0.07943670738349023
8510,182210,1,8510,1022,0.8172476711802554,0.07951451023107446
8511,182228,1,8511,1023,0.8173437049841544,0.07959231307865867
8512,182254,1,8512,1024,0.8174397387880534,0.0796701159262429
8513,182281,1,8513,1025,0.8175357725919523,0.07974791877382713
8514,182335,1,8514,1026,0.8176318063958513,0.07982572162141134
8515,182370,1,8515,1027,0.8177278401997503,0.07990352446899557
8516,182376,1,8516,1028,0.8178238740036493,0.07998132731657978
8517,182441,1,8517,1029,0.8179199078075483,0.08005913016416401
8518,182453,1,8518,1030,0.8180159416114472,0.08013693301174823
8519,182484,1,8519,1031,0.8181119754153462,0.08021473585933245
8520,182485,1,8520,1032,0.8182080092192452,0.08029253870691667
8521,182516,1,8521,1033,0.8183040430231442,0.0803703415545009
8522,182524,1,8522,1034,0.8184000768270431,0.08044814440208511
8523,182525,1,8523,1035,0.8184961106309421,0.08052594724966934
8524,182539,1,8524,1036,0.8185921444348411,0.08060375009725355
8525,182580,1,8525,1037,0.8186881782387401,0.08068155294483778
8526,182589,1,8526,1038,0.818784212042639,0.08075935579242201
8527,182658,1,8527,1039,0.818880245846538,0.08083715864000622
8528,182670,1,8528,1040,0.818976279650437,0.08091496148759045
8529,182691,1,8529,1041,0.819072313454336,0.08099276433517466
8530,183120,1,8530,1042,0.819168347258235,0.08107056718275889
8531,183187,1,8531,1043,0.8192643810621338,0.08114837003034311
8532,183520,1,8532,1044,0.8193604148660328,0.08122617287792733
8533,183529,1,8533,1045,0.8194564486699318,0.08130397572551155
8534,148941,2,8534,1047,0.8195524824738308,0.08145958142068
8535,156053,2,8535,1049,0.8196485162777297,0.08161518711584843
8536,158655,2,8536,1051,0.8197445500816287,0.08177079281101689
8537,159167,2,8537,1053,0.8198405838855277,0.08192639850618533
8538,160271,2,8538,1055,0.8199366176894267,0.08208200420135377
8539,160322,2,8539,1057,0.8200326514933256,0.0822376098965222
8540,160473,2,8540,1059,0.8201286852972246,0.08239321559169066
8541,160672,2,8541,1061,0.8202247191011236,0.0825488212868591
8542,161454,2,8542,1063,0.8203207529050226,0.08270442698202754
8543,161558,2,8543,1065,0.8204167867089215,0.08286003267719598
8544,161660,2,8544,1067,0.8205128205128205,0.08301563837236443
8545,161696,2,8545,1069,0.8206088543167195,0.08317124406753287
8546,161803,2,8546,1071,0.8207048881206185,0.08332684976270131
8547,161981,2,8547,1073,0.8208009219245175,0.08348245545786975
8548,161996,2,8548,1075,0.8208969557284164,0.0836380611530382
8549,162022,2,8549,1077,0.8209929895323154,0.08379366684820665
8550,162072,2,8550,1079,0.8210890233362144,0.08394927254337509
8551,162107,2,8551,1081,0.8211850571401134,0.08410487823854353
8552,162237,2,8552,1083,0.8212810909440122,0.08426048393371198
8553,162309,2,8553,1085,0.8213771247479112,0.08441608962888042
8554,162361,2,8554,1087,0.8214731585518102,0.08457169532404886
8555,162362,2,8555,1089,0.8215691923557092,0.0847273010192173
8556,162387,2,8556,1091,0.8216652261596081,0.08488290671438575
8557,162455,2,8557,1093,0.8217612599635071,0.08503851240955419
8558,162462,2,8558,1095,0.8218572937674061,0.08519411810472263
8559,162556,2,8559,1097,0.8219533275713051,0.08534972379989107
8560,162559,2,8560,1099,0.8220493613752041,0.08550532949505953
8561,162587,2,8561,1101,0.822145395179103,0.08566093519022797
8562,162592,2,8562,1103,0.822241428983002,0.0858165408853964
8563,162644,2,8563,1105,0.822337462786901,0.08597214658056485
8564,162684,2,8564,1107,0.8224334965908,0.08612775227573329
8565,162723,2,8565,1109,0.8225295303946989,0.08628335797090174
8566,162764,2,8566,1111,0.8226255641985979,0.08643896366607018
8567,162787,2,8567,1113,0.8227215980024969,0.08659456936123862
8568,162792,2,8568,1115,0.8228176318063959,0.08675017505640706
8569,162822,2,8569,1117,0.8229136656102948,0.08690578075157551
8570,162847,2,8570,1119,0.8230096994141938,0.08706138644674395
8571,162891,2,8571,1121,0.8231057332180928,0.08721699214191239
8572,162924,2,8572,1123,0.8232017670219918,0.08737259783708083
8573,162934,2,8573,1125,0.8232978008258908,0.08752820353224929
8574,162951,2,8574,1127,0.8233938346297897,0.08768380922741772
8575,162969,2,8575,1129,0.8234898684336887,0.08783941492258616
8576,162972,2,8576,1131,0.8235859022375877,0.0879950206177546
8577,163031,2,8577,1133,0.8236819360414867,0.08815062631292306
8578,163075,2,8578,1135,0.8237779698453855,0.0883062320080915
8579,163077,2,8579,1137,0.8238740036492845,0.08846183770325994
8580,163091,2,8580,1139,0.8239700374531835,0.08861744339842838
8581,163179,2,8581,1141,0.8240660712570825,0.08877304909359683
8582,163181,2,8582,1143,0.8241621050609814,0.08892865478876527
8583,163192,2,8583,1145,0.8242581388648804,0.08908426048393371
8584,163219,2,8584,1147,0.8243541726687794,0.08923986617910215
8585,163221,2,8585,1149,0.8244502064726784,0.0893954718742706
8586,163251,2,8586,1151,0.8245462402765773,0.08955107756943904
8587,163254,2,8587,1153,0.8246422740804763,0.08970668326460748
8588,163302,2,8588,1155,0.8247383078843753,0.08986228895977592
8589,163347,2,8589,1157,0.8248343416882743,0.09001789465494438
8590,163363,2,8590,1159,0.8249303754921733,0.09017350035011282
8591,163384,2,8591,1161,0.8250264092960722,0.09032910604528126
8592,163388,2,8592,1163,0.8251224430999712,0.0904847117404497
8593,163433,2,8593,1165,0.8252184769038702,0.09064031743561814
8594,163434,2,8594,1167,0.8253145107077692,0.09079592313078659
8595,163481,2,8595,1169,0.8254105445116681,0.09095152882595503
8596,163500,2,8596,1171,0.8255065783155671,0.09110713452112347
8597,163640,2,8597,1173,0.8256026121194661,0.09126274021629191
8598,163758,2,8598,1175,0.8256986459233651,0.09141834591146036
8599,163884,2,8599,1177,0.825794679727264,0.0915739516066288
8600,163905,2,8600,1179,0.825890713531163,0.09172955730179724
8601,163955,2,8601,1181,0.8259867473350619,0.09188516299696568
8602,164003,2,8602,1183,0.8260827811389609,0.09204076869213414
8603,164087,2,8603,1185,0.8261788149428599,0.09219637438730258
8604,164094,2,8604,1187,0.8262748487467588,0.09235198008247102
8605,164175,2,8605,1189,0.8263708825506578,0.09250758577763946
8606,164204,2,8606,1191,0.8264669163545568,0.09266319147280791
8607,164270,2,8607,1193,0.8265629501584558,0.09281879716797635
8608,164301,2,8608,1195,0.8266589839623547,0.09297440286314479
8609,164433,2,8609,1197,0.8267550177662537,0.09313000855831323
8610,164436,2,8610,1199,0.8268510515701527,0.09328561425348168
8611,164444,2,8611,1201,0.8269470853740517,0.09344121994865012
8612,164460,2,8612,1203,0.8270431191779506,0.09359682564381856
8613,164466,2,8613,1205,0.8271391529818496,0.093752431338987
8614,164475,2,8614,1207,0.8272351867857486,0.09390803703415546
8615,164492,2,8615,1209,0.8273312205896476,0.0940636427293239
8616,164509,2,8616,1211,0.8274272543935465,0.09421924842449234
8617,164538,2,8617,1213,0.8275232881974455,0.09437485411966078
8618,164589,2,8618,1215,0.8276193220013445,0.09453045981482923
8619,165096,2,8619,1217,0.8277153558052435,0.09468606550999767
8620,165110,2,8620,1219,0.8278113896091425,0.09484167120516611
8621,165249,2,8621,1221,0.8279074234130414,0.09499727690033455
8622,165274,2,8622,1223,0.8280034572169404,0.095152882595503
8623,165275,2,8623,1225,0.8280994910208394,0.09530848829067144
8624,165277,2,8624,1227,0.8281955248247383,0.09546409398583988
8625,165301,2,8625,1229,0.8282915586286372,0.09561969968100832
8626,165336,2,8626,1231,0.8283875924325362,0.09577530537617676
8627,165364,2,8627,1233,0.8284836262364352,0.09593091107134522
8628,165371,2,8628,1235,0.8285796600403342,0.09608651676651365
8629,165411,2,8629,1237,0.8286756938442331,0.0962421224616821
8630,165566,2,8630,1239,0.8287717276481321,0.09639772815685053
8631,165579,2,8631,1241,0.8288677614520311,0.09655333385201899
8632,165826,2,8632,1243,0.8289637952559301,0.09670893954718743
8633,165849,2,8633,1245,0.8290598290598291,0.09686454524235587
8634,165869,2,8634,1247,0.829155862863728,0.09702015093752431
8635,165904,2,8635,1249,0.829251896667627,0.09717575663269276
8636,165935,2,8636,1251,0.829347930471526,0.0973313623278612
8637,165962,2,8637,1253,0.829443964275425,0.09748696802302964
8638,165967,2,8638,1255,0.8295399980793239,0.09764257371819808
8639,166066,2,8639,1257,0.8296360318832229,0.09779817941336653
8640,166172,2,8640,1259,0.8297320656871219,0.09795378510853497
8641,166181,2,8641,1261,0.8298280994910209,0.09810939080370341
8642,166208,2,8642,1263,0.8299241332949198,0.09826499649887185
8643,166259,2,8643,1265,0.8300201670988188,0.09842060219404031
8644,166286,2,8644,1267,0.8301162009027178,0.09857620788920875
8645,166347,2,8645,1269,0.8302122347066168,0.09873181358437719
8646,166354,2,8646,1271,0.8303082685105158,0.09888741927954563
8647,166423,2,8647,1273,0.8304043023144146,0.09904302497471408
8648,166478,2,8648,1275,0.8305003361183136,0.09919863066988252
8649,166518,2,8649,1277,0.8305963699222126,0.09935423636505096
8650,166560,2,8650,1279,0.8306924037261116,0.0995098420602194
8651,166571,2,8651,1281,0.8307884375300105,0.09966544775538785
8652,166578,2,8652,1283,0.8308844713339095,0.0998210534505563
8653,166584,2,8653,1285,0.8309805051378085,0.09997665914572473
8654,166589,2,8654,1287,0.8310765389417075,0.10013226484089317
8655,166715,2,8655,1289,0.8311725727456064,0.10028787053606161
8656,166738,2,8656,1291,0.8312686065495054,0.10044347623123007
8657,166777,2,8657,1293,0.8313646403534044,0.1005990819263985
8658,166815,2,8658,1295,0.8314606741573034,0.10075468762156695
8659,166839,2,8659,1297,0.8315567079612023,0.10091029331673539
8660,166856,2,8660,1299,0.8316527417651013,0.10106589901190384
8661,166892,2,8661,1301,0.8317487755690003,0.10122150470707228
8662,166908,2,8662,1303,0.8318448093728993,0.10137711040224072
8663,166915,2,8663,1305,0.8319408431767983,0.10153271609740916
8664,166949,2,8664,1307,0.8320368769806972,0.10168832179257761
8665,167024,2,8665,1309,0.8321329107845962,0.10184392748774605
8666,167042,2,8666,1311,0.8322289445884952,0.10199953318291449
8667,167107,2,8667,1313,0.8323249783923942,0.10215513887808293
8668,167138,2,8668,1315,0.832421012196293,0.10231074457325139
8669,167153,2,8669,1317,0.832517046000192,0.10246635026841983
8670,167195,2,8670,1319,0.832613079804091,0.10262195596358827
8671,167211,2,8671,1321,0.83270911360799,0.1027775616587567
8672,167225,2,8672,1323,0.8328051474118889,0.10293316735392516
8673,167243,2,8673,1325,0.8329011812157879,0.1030887730490936
8674,167295,2,8674,1327,0.8329972150196869,0.10324437874426204
8675,167372,2,8675,1329,0.8330932488235859,0.10339998443943048
8676,167392,2,8676,1331,0.8331892826274849,0.10355559013459893
8677,167394,2,8677,1333,0.8332853164313838,0.10371119582976737
8678,167395,2,8678,1335,0.8333813502352828,0.10386680152493581
8679,167437,2,8679,1337,0.8334773840391818,0.10402240722010425
8680,167507,2,8680,1339,0.8335734178430808,0.1041780129152727
8681,167510,2,8681,1341,0.8336694516469797,0.10433361861044115
8682,167511,2,8682,1343,0.8337654854508787,0.10448922430560958
8683,167557,2,8683,1345,0.8338615192547777,0.10464483000077802
8684,167611,2,8684,1347,0.8339575530586767,0.10480043569594648
8685,167628,2,8685,1349,0.8340535868625756,0.10495604139111492
8686,167629,2,8686,1351,0.8341496206664746,0.10511164708628336
8687,167670,2,8687,1353,0.8342456544703736,0.1052672527814518
8688,167691,2,8688,1355,0.8343416882742726,0.10542285847662024
8689,167783,2,8689,1357,0.8344377220781715,0.10557846417178869
8690,167819,2,8690,1359,0.8345337558820705,0.10573406986695713
8691,167824,2,8691,1361,0.8346297896859695,0.10588967556212557
8692,167868,2,8692,1363,0.8347258234898685,0.10604528125729401
8693,167888,2,8693,1365,0.8348218572937675,0.10620088695246246
8694,167890,2,8694,1367,0.8349178910976663,0.1063564926476309
8695,168027,2,8695,1369,0.8350139249015653,0.10651209834279934
8696,168123,2,8696,1371,0.8351099587054643,0.10666770403796778
8697,168167,2,8697,1373,0.8352059925093633,0.10682330973313624
8698,168177,2,8698,1375,0.8353020263132622,0.10697891542830468
8699,168308,2,8699,1377,0.8353980601171612,0.10713452112347312
8700,168347,2,8700,1379,0.8354940939210602,0.10729012681864156
8701,168377,2,8701,1381,0.8355901277249592,0.10744573251381001
8702,168406,2,8702,1383,0.8356861615288581,0.10760133820897845
8703,168419,2,8703,1385,0.8357821953327571,0.10775694390414689
8704,168448,2,8704,1387,0.8358782291366561,0.10791254959931533
8705,168453,2,8705,1389,0.8359742629405551,0.10806815529448378
8706,168457,2,8706,1391,0.8360702967444541,0.10822376098965222
8707,168467,2,8707,1393,0.836166330548353,0.10837936668482066
8708,168486,2,8708,1395,0.836262364352252,0.1085349723799891
8709,168499,2,8709,1397,0.836358398156151,0.10869057807515756
8710,168503,2,8710,1399,0.83645443196005,0.108846183770326
8711,168510,2,8711,1401,0.8365504657639489,0.10900178946549444
8712,168557,2,8712,1403,0.8366464995678479,0.10915739516066288
8713,168576,2,8713,1405,0.8367425333717469,0.10931300085583133
8714,168583,2,8714,1407,0.8368385671756459,0.10946860655099977
8715,168600,2,8715,1409,0.8369346009795448,0.10962421224616821
8716,168606,2,8716,1411,0.8370306347834437,0.10977981794133665
8717,168625,2,8717,1413,0.8371266685873427,0.1099354236365051
8718,168713,2,8718,1415,0.8372227023912417,0.11009102933167354
8719,168741,2,8719,1417,0.8373187361951407,0.11024663502684198
8720,168743,2,8720,1419,0.8374147699990396,0.11040224072201042
8721,168851,2,8721,1421,0.8375108038029386,0.11055784641717886
8722,168869,2,8722,1423,0.8376068376068376,0.11071345211234732
8723,168959,2,8723,1425,0.8377028714107366,0.11086905780751576
8724,169016,2,8724,1427,0.8377989052146355,0.1110246635026842
8725,169112,2,8725,1429,0.8378949390185345,0.11118026919785264
8726,169123,2,8726,1431,0.8379909728224335,0.11133587489302109
8727,169191,2,8727,1433,0.8380870066263325,0.11149148058818953
8728,169426,2,8728,1435,0.8381830404302314,0.11164708628335797
8729,169451,2,8729,1437,0.8382790742341304,0.11180269197852641
8730,169682,2,8730,1439,0.8383751080380294,0.11195829767369486
8731,169815,2,8731,1441,0.8384711418419284,0.1121139033688633
8732,169903,2,8732,1443,0.8385671756458273,0.11226950906403174
8733,169958,2,8733,1445,0.8386632094497263,0.11242511475920018
8734,169964,2,8734,1447,0.8387592432536253,0.11258072045436864
8735,169990,2,8735,1449,0.8388552770575243,0.11273632614953707
8736,169991,2,8736,1451,0.8389513108614233,0.11289193184470551
8737,169994,2,8737,1453,0.8390473446653222,0.11304753753987395
8738,170011,2,8738,1455,0.8391433784692212,0.11320314323504241
8739,170012,2,8739,1457,0.8392394122731202,0.11335874893021085
8740,170064,2,8740,1459,0.8393354460770192,0.11351435462537929
8741,170072,2,8741,1461,0.839431479880918,0.11366996032054773
8742,170088,2,8742,1463,0.839527513684817,0.11382556601571618
8743,170118,2,8743,1465,0.839623547488716,0.11398117171088462
8744,170142,2,8744,1467,0.839719581292615,0.11413677740605306
8745,170218,2,8745,1469,0.8398156150965139,0.1142923831012215
8746,170240,2,8746,1471,0.8399116489004129,0.11444798879638995
8747,170282,2,8747,1473,0.8400076827043119,0.1146035944915584
8748,170354,2,8748,1475,0.8401037165082109,0.11475920018672683
8749,170401,2,8749,1477,0.8401997503121099,0.11491480588189527
8750,170416,2,8750,1479,0.8402957841160088,0.11507041157706371
8751,170527,2,8751,1481,0.8403918179199078,0.11522601727223217
8752,170558,2,8752,1483,0.8404878517238068,0.11538162296740061
8753,170569,2,8753,1485,0.8405838855277058,0.11553722866256905
8754,170615,2,8754,1487,0.8406799193316047,0.11569283435773749
8755,170629,2,8755,1489,0.8407759531355037,0.11584844005290594
8756,170632,2,8756,1491,0.8408719869394027,0.11600404574807438
8757,170683,2,8757,1493,0.8409680207433017,0.11615965144324282
8758,170703,2,8758,1495,0.8410640545472006,0.11631525713841126
8759,170718,2,8759,1497,0.8411600883510996,0.11647086283357971
8760,170748,2,8760,1499,0.8412561221549986,0.11662646852874815
8761,170820,2,8761,1501,0.8413521559588976,0.1167820742239166
8762,170833,2,8762,1503,0.8414481897627965,0.11693767991908503
8763,170853,2,8763,1505,0.8415442235666954,0.11709328561425349
8764,170867,2,8764,1507,0.8416402573705944,0.11724889130942193
8765,170892,2,8765,1509,0.8417362911744934,0.11740449700459037
8766,170904,2,8766,1511,0.8418323249783924,0.1175601026997588
8767,170908,2,8767,1513,0.8419283587822913,0.11771570839492726
8768,170916,2,8768,1515,0.8420243925861903,0.1178713140900957
8769,170918,2,8769,1517,0.8421204263900893,0.11802691978526414
8770,170950,2,8770,1519,0.8422164601939883,0.11818252548043258
8771,170963,2,8771,1521,0.8423124939978872,0.11833813117560103
8772,170990,2,8772,1523,0.8424085278017862,0.11849373687076947
8773,171009,2,8773,1525,0.8425045616056852,0.11864934256593791
8774,171123,2,8774,1527,0.8426005954095842,0.11880494826110635
8775,171129,2,8775,1529,0.8426966292134831,0.1189605539562748
8776,171138,2,8776,1531,0.8427926630173821,0.11911615965144325
8777,171262,2,8777,1533,0.8428886968212811,0.11927176534661169
8778,171319,2,8778,1535,0.8429847306251801,0.11942737104178013
8779,171367,2,8779,1537,0.8430807644290791,0.11958297673694858
8780,171370,2,8780,1539,0.843176798232978,0.11973858243211702
8781,171371,2,8781,1541,0.843272832036877,0.11989418812728546
8782,171373,2,8782,1543,0.843368865840776,0.1200497938224539
8783,171408,2,8783,1545,0.843464899644675,0.12020539951762234
8784,171418,2,8784,1547,0.8435609334485739,0.12036100521279079
8785,171474,2,8785,1549,0.8436569672524729,0.12051661090795923
8786,171597,2,8786,1551,0.8437530010563719,0.12067221660312767
8787,171650,2,8787,1553,0.8438490348602709,0.12082782229829611
8788,171763,2,8788,1555,0.8439450686641697,0.12098342799346457
8789,171789,2,8789,1557,0.8440411024680687,0.121139033688633
8790,171815,2,8790,1559,0.8441371362719677,0.12129463938380144
8791,171937,2,8791,1561,0.8442331700758667,0.12145024507896988
8792,172061,2,8792,1563,0.8443292038797657,0.12160585077413834
8793,172110,2,8793,1565,0.8444252376836646,0.12176145646930678
8794,172141,2,8794,1567,0.8445212714875636,0.12191706216447522
8795,172151,2,8795,1569,0.8446173052914626,0.12207266785964366
8796,172176,2,8796,1571,0.8447133390953616,0.12222827355481211
8797,172213,2,8797,1573,0.8448093728992605,0.12238387924998055
8798,172319,2,8798,1575,0.8449054067031595,0.12253948494514899
8799,172353,2,8799,1577,0.8450014405070585,0.12269509064031743
8800,172356,2,8800,1579,0.8450974743109575,0.12285069633548588
8801,172360,2,8801,1581,0.8451935081148564,0.12300630203065432
8802,172422,2,8802,1583,0.8452895419187554,0.12316190772582276
8803,172562,2,8803,1585,0.8453855757226544,0.1233175134209912
8804,172599,2,8804,1587,0.8454816095265534,0.12347311911615966
8805,172740,2,8805,1589,0.8455776433304523,0.1236287248113281
8806,172757,2,8806,1591,0.8456736771343513,0.12378433050649654
8807,172835,2,8807,1593,0.8457697109382503,0.12393993620166498
8808,172975,2,8808,1595,0.8458657447421493,0.12409554189683343
8809,172979,2,8809,1597,0.8459617785460483,0.12425114759200187
8810,173109,2,8810,1599,0.8460578123499471,0.12440675328717031
8811,173140,2,8811,1601,0.8461538461538461,0.12456235898233875
8812,173158,2,8812,1603,0.8462498799577451,0.12471796467750719
8813,173170,2,8813,1605,0.8463459137616441,0.12487357037267564
8814,173171,2,8814,1607,0.846441947565543,0.12502917606784408
8815,173192,2,8815,1609,0.846537981369442,0.12518478176301254
8816,173202,2,8816,1611,0.846634015173341,0.12534038745818096
8817,173243,2,8817,1613,0.84673004897724,0.12549599315334942
8818,173291,2,8818,1615,0.8468260827811389,0.12565159884851784
8819,173304,2,8819,1617,0.8469221165850379,0.1258072045436863
8820,173316,2,8820,1619,0.8470181503889369,0.12596281023885475
8821,173324,2,8821,1621,0.8471141841928359,0.12611841593402318
8822,173387,2,8822,1623,0.8472102179967349,0.12627402162919163
8823,173392,2,8823,1625,0.8473062518006338,0.12642962732436008
8824,173418,2,8824,1627,0.8474022856045328,0.1265852330195285
8825,173435,2,8825,1629,0.8474983194084318,0.12674083871469696
8826,173465,2,8826,1631,0.8475943532123308,0.1268964444098654
8827,173628,2,8827,1633,0.8476903870162297,0.12705205010503384
8828,173662,2,8828,1635,0.8477864208201287,0.1272076558002023
8829,173691,2,8829,1637,0.8478824546240277,0.12736326149537072
8830,173750,2,8830,1639,0.8479784884279267,0.12751886719053918
8831,173825,2,8831,1641,0.8480745222318256,0.12767447288570763
8832,173880,2,8832,1643,0.8481705560357246,0.12783007858087606
8833,173891,2,8833,1645,0.8482665898396236,0.1279856842760445
8834,173918,2,8834,1647,0.8483626236435226,0.12814128997121293
8835,173983,2,8835,1649,0.8484586574474214,0.1282968956663814
8836,174034,2,8836,1651,0.8485546912513204,0.12845250136154984
8837,174047,2,8837,1653,0.8486507250552194,0.12860810705671827
8838,174053,2,8838,1655,0.8487467588591184,0.12876371275188672
8839,174068,2,8839,1657,0.8488427926630174,0.12891931844705518
8840,174105,2,8840,1659,0.8489388264669163,0.1290749241422236
8841,174166,2,8841,1661,0.8490348602708153,0.12923052983739206
8842,174221,2,8842,1663,0.8491308940747143,0.12938613553256048
8843,174271,2,8843,1665,0.8492269278786133,0.12954174122772893
8844,174289,2,8844,1667,0.8493229616825122,0.1296973469228974
8845,174291,2,8845,1669,0.8494189954864112,0.12985295261806581
8846,174308,2,8846,1671,0.8495150292903102,0.13000855831323427
8847,174312,2,8847,1673,0.8496110630942092,0.1301641640084027
8848,174331,2,8848,1675,0.8497070968981081,0.13031976970357115
8849,174335,2,8849,1677,0.8498031307020071,0.1304753753987396
8850,174353,2,8850,1679,0.8498991645059061,0.13063098109390803
8851,174444,2,8851,1681,0.8499951983098051,0.13078658678907648
8852,174481,2,8852,1683,0.8500912321137041,0.13094219248424493
8853,174544,2,8853,1685,0.850187265917603,0.13109779817941336
8854,174694,2,8854,1687,0.850283299721502,0.13125340387458181
8855,174701,2,8855,1689,0.850379333525401,0.13140900956975024
8856,174738,2,8856,1691,0.8504753673293,0.1315646152649187
8857,174792,2,8857,1693,0.8505714011331988,0.13172022096008715
8858,174844,2,8858,1695,0.8506674349370978,0.13187582665525557
8859,174887,2,8859,1697,0.8507634687409968,0.13203143235042403
8860,174920,2,8860,1699,0.8508595025448958,0.13218703804559248
8861,174954,2,8861,1701,0.8509555363487947,0.1323426437407609
8862,174994,2,8862,1703,0.8510515701526937,0.13249824943592936
8863,174998,2,8863,1705,0.8511476039565927,0.1326538551310978
8864,175087,2,8864,1707,0.8512436377604917,0.13280946082626624
8865,175105,2,8865,1709,0.8513396715643907,0.1329650665214347
8866,175137,2,8866,1711,0.8514357053682896,0.13312067221660312
8867,175172,2,8867,1713,0.8515317391721886,0.13327627791177157
8868,175289,2,8868,1715,0.8516277729760876,0.13343188360694003
8869,175353,2,8869,1717,0.8517238067799866,0.13358748930210845
8870,175413,2,8870,1719,0.8518198405838855,0.1337430949972769
8871,175422,2,8871,1721,0.8519158743877845,0.13389870069244533
8872,175513,2,8872,1723,0.8520119081916835,0.1340543063876138
8873,175533,2,8873,1725,0.8521079419955825,0.13420991208278224
8874,175562,2,8874,1727,0.8522039757994814,0.13436551777795067
8875,175630,2,8875,1729,0.8523000096033804,0.13452112347311912
8876,175636,2,8876,1731,0.8523960434072794,0.13467672916828755
8877,175767,2,8877,1733,0.8524920772111784,0.134832334863456
8878,175783,2,8878,1735,0.8525881110150773,0.13498794055862445
8879,175802,2,8879,1737,0.8526841448189763,0.13514354625379288
8880,175812,2,8880,1739,0.8527801786228753,0.13529915194896133
8881,175826,2,8881,1741,0.8528762124267742,0.1354547576441298
8882,175838,2,8882,1743,0.8529722462306732,0.1356103633392982
8883,175899,2,8883,1745,0.8530682800345721,0.13576596903446667
8884,175915,2,8884,1747,0.8531643138384711,0.1359215747296351
8885,175939,2,8885,1749,0.8532603476423701,0.13607718042480355
8886,175941,2,8886,1751,0.8533563814462691,0.136232786119972
8887,175955,2,8887,1753,0.853452415250168,0.13638839181514043
8888,175971,2,8888,1755,0.853548449054067,0.13654399751030888
8889,175988,2,8889,1757,0.853644482857966,0.13669960320547733
8890,175992,2,8890,1759,0.853740516661865,0.13685520890064576
8891,176010,2,8891,1761,0.8538365504657639,0.1370108145958142
8892,176015,2,8892,1763,0.8539325842696629,0.13716642029098264
8893,176016,2,8893,1765,0.8540286180735619,0.1373220259861511
8894,176085,2,8894,1767,0.8541246518774609,0.13747763168131955
8895,176132,2,8895,1769,0.8542206856813599,0.13763323737648797
8896,176216,2,8896,1771,0.8543167194852588,0.13778884307165642
8897,176243,2,8897,1773,0.8544127532891578,0.13794444876682488
8898,176316,2,8898,1775,0.8545087870930568,0.1381000544619933
8899,176343,2,8899,1777,0.8546048208969558,0.13825566015716176
8900,176447,2,8900,1779,0.8547008547008547,0.13841126585233018
8901,176684,2,8901,1781,0.8547968885047537,0.13856687154749864
8902,176692,2,8902,1783,0.8548929223086527,0.1387224772426671
8903,176860,2,8903,1785,0.8549889561125517,0.13887808293783552
8904,176967,2,8904,1787,0.8550849899164505,0.13903368863300397
8905,176977,2,8905,1789,0.8551810237203495,0.13918929432817242
8906,177011,2,8906,1791,0.8552770575242485,0.13934490002334085
8907,177025,2,8907,1793,0.8553730913281475,0.1395005057185093
8908,177132,2,8908,1795,0.8554691251320464,0.13965611141367773
8909,177153,2,8909,1797,0.8555651589359454,0.13981171710884618
8910,177231,2,8910,1799,0.8556611927398444,0.13996732280401464
8911,177283,2,8911,1801,0.8557572265437434,0.14012292849918306
8912,177290,2,8912,1803,0.8558532603476424,0.14027853419435152
8913,177341,2,8913,1805,0.8559492941515413,0.14043413988951994
8914,177342,2,8914,1807,0.8560453279554403,0.1405897455846884
8915,177364,2,8915,1809,0.8561413617593393,0.14074535127985685
8916,177418,2,8916,1811,0.8562373955632383,0.14090095697502528
8917,177439,2,8917,1813,0.8563334293671372,0.14105656267019373
8918,177505,2,8918,1815,0.8564294631710362,0.14121216836536218
8919,177555,2,8919,1817,0.8565254969749352,0.1413677740605306
8920,177624,2,8920,1819,0.8566215307788342,0.14152337975569906
8921,177625,2,8921,1821,0.8567175645827331,0.1416789854508675
8922,177632,2,8922,1823,0.8568135983866321,0.14183459114603594
8923,177679,2,8923,1825,0.8569096321905311,0.1419901968412044
8924,177680,2,8924,1827,0.8570056659944301,0.14214580253637282
8925,177682,2,8925,1829,0.8571016997983291,0.14230140823154128
8926,177683,2,8926,1831,0.857197733602228,0.14245701392670973
8927,177724,2,8927,1833,0.857293767406127,0.14261261962187816
8928,177730,2,8928,1835,0.857389801210026,0.1427682253170466
8929,177782,2,8929,1837,0.857485835013925,0.14292383101221504
8930,177838,2,8930,1839,0.8575818688178238,0.1430794367073835
8931,177841,2,8931,1841,0.8576779026217228,0.14323504240255194
8932,177882,2,8932,1843,0.8577739364256218,0.14339064809772037
8933,177962,2,8933,1845,0.8578699702295208,0.14354625379288882
8934,177965,2,8934,1847,0.8579660040334197,0.14370185948805728
8935,178011,2,8935,1849,0.8580620378373187,0.1438574651832257
8936,178028,2,8936,1851,0.8581580716412177,0.14401307087839416
8937,178041,2,8937,1853,0.8582541054451167,0.14416867657356258
8938,178062,2,8938,1855,0.8583501392490157,0.14432428226873104
8939,178082,2,8939,1857,0.8584461730529146,0.1444798879638995
8940,178130,2,8940,1859,0.8585422068568136,0.14463549365906792
8941,178171,2,8941,1861,0.8586382406607126,0.14479109935423637
8942,178192,2,8942,1863,0.8587342744646116,0.1449467050494048
8943,178265,2,8943,1865,0.8588303082685105,0.14510231074457325
8944,178272,2,8944,1867,0.8589263420724095,0.1452579164397417
8945,178339,2,8945,1869,0.8590223758763085,0.14541352213491013
8946,178554,2,8946,1871,0.8591184096802075,0.14556912783007858
8947,178677,2,8947,1873,0.8592144434841064,0.14572473352524704
8948,178703,2,8948,1875,0.8593104772880054,0.14588033922041546
8949,178706,2,8949,1877,0.8594065110919044,0.14603594491558392
8950,178735,2,8950,1879,0.8595025448958034,0.14619155061075234
8951,178758,2,8951,1881,0.8595985786997022,0.1463471563059208
8952,178775,2,8952,1883,0.8596946125036012,0.14650276200108925
8953,178779,2,8953,1885,0.8597906463075002,0.14665836769625767
8954,178866,2,8954,1887,0.8598866801113992,0.14681397339142613
8955,178998,2,8955,1889,0.8599827139152982,0.14696957908659458
8956,179014,2,8956,1891,0.8600787477191971,0.147125184781763
8957,179186,2,8957,1893,0.8601747815230961,0.14728079047693146
8958,179189,2,8958,1895,0.8602708153269951,0.1474363961720999
8959,179237,2,8959,1897,0.8603668491308941,0.14759200186726834
8960,179284,2,8960,1899,0.860462882934793,0.1477476075624368
8961,179377,2,8961,1901,0.860558916738692,0.14790321325760522
8962,179382,2,8962,1903,0.860654950542591,0.14805881895277367
8963,179391,2,8963,1905,0.86075098434649,0.14821442464794213
8964,179478,2,8964,1907,0.8608470181503889,0.14837003034311055
8965,179583,2,8965,1909,0.8609430519542879,0.148525636038279
8966,179761,2,8966,1911,0.8610390857581869,0.14868124173344743
8967,179818,2,8967,1913,0.8611351195620859,0.1488368474286159
8968,179860,2,8968,1915,0.8612311533659849,0.14899245312378434
8969,179893,2,8969,1917,0.8613271871698838,0.14914805881895277
8970,179930,2,8970,1919,0.8614232209737828,0.14930366451412122
8971,179935,2,8971,1921,0.8615192547776818,0.14945927020928965
8972,180179,2,8972,1923,0.8616152885815808,0.1496148759044581
8973,180275,2,8973,1925,0.8617113223854796,0.14977048159962655
8974,180279,2,8974,1927,0.8618073561893786,0.14992608729479498
8975,180285,2,8975,1929,0.8619033899932776,0.15008169298996343
8976,180288,2,8976,1931,0.8619994237971766,0.1502372986851319
8977,180346,2,8977,1933,0.8620954576010755,0.1503929043803003
8978,180419,2,8978,1935,0.8621914914049745,0.15054851007546877
8979,180451,2,8979,1937,0.8622875252088735,0.1507041157706372
8980,180452,2,8980,1939,0.8623835590127725,0.15085972146580565
8981,180463,2,8981,1941,0.8624795928166714,0.1510153271609741
8982,180526,2,8982,1943,0.8625756266205704,0.15117093285614253
8983,180531,2,8983,1945,0.8626716604244694,0.15132653855131098
8984,180559,2,8984,1947,0.8627676942283684,0.15148214424647943
8985,180661,2,8985,1949,0.8628637280322674,0.15163774994164786
8986,180676,2,8986,1951,0.8629597618361663,0.1517933556368163
8987,180763,2,8987,1953,0.8630557956400653,0.15194896133198474
8988,180782,2,8988,1955,0.8631518294439643,0.1521045670271532
8989,181019,2,8989,1957,0.8632478632478633,0.15226017272232165
8990,181021,2,8990,1959,0.8633438970517622,0.15241577841749007
8991,181178,2,8991,1961,0.8634399308556612,0.15257138411265853
8992,181186,2,8992,1963,0.8635359646595602,0.15272698980782698
8993,181202,2,8993,1965,0.8636319984634592,0.1528825955029954
8994,181231,2,8994,1967,0.8637280322673581,0.15303820119816386
8995,181283,2,8995,1969,0.8638240660712571,0.15319380689333228
8996,181367,2,8996,1971,0.8639200998751561,0.15334941258850074
8997,181475,2,8997,1973,0.864016133679055,0.1535050182836692
8998,181484,2,8998,1975,0.864112167482954,0.15366062397883762
8999,181559,2,8999,1977,0.8642082012868529,0.15381622967400607
9000,181590,2,9000,1979,0.8643042350907519,0.15397183536917453
9001,181673,2,9001,1981,0.8644002688946509,0.15412744106434295
9002,181763,2,9002,1983,0.8644963026985499,0.1542830467595114
9003,181823,2,9003,1985,0.8645923365024488,0.15443865245467983
9004,181831,2,9004,1987,0.8646883703063478,0.15459425814984828
9005,181937,2,9005,1989,0.8647844041102468,0.15474986384501674
9006,181991,2,9006,1991,0.8648804379141458,0.15490546954018516
9007,182029,2,9007,1993,0.8649764717180447,0.15506107523535362
9008,182033,2,9008,1995,0.8650725055219437,0.15521668093052204
9009,182064,2,9009,1997,0.8651685393258427,0.1553722866256905
9010,182072,2,9010,1999,0.8652645731297417,0.15552789232085895
9011,182226,2,9011,2001,0.8653606069336407,0.15568349801602738
9012,182288,2,9012,2003,0.8654566407375396,0.15583910371119583
9013,182416,2,9013,2005,0.8655526745414386,0.15599470940636428
9014,182451,2,9014,2007,0.8656487083453376,0.1561503151015327
9015,182532,2,9015,2009,0.8657447421492366,0.15630592079670116
9016,182547,2,9016,2011,0.8658407759531355,0.1564615264918696
9017,182552,2,9017,2013,0.8659368097570345,0.15661713218703804
9018,182590,2,9018,2015,0.8660328435609335,0.1567727378822065
9019,182629,2,9019,2017,0.8661288773648325,0.15692834357737492
9020,182661,2,9020,2019,0.8662249111687313,0.15708394927254338
9021,182684,2,9021,2021,0.8663209449726303,0.15723955496771183
9022,183089,2,9022,2023,0.8664169787765293,0.15739516066288026
9023,183241,2,9023,2025,0.8665130125804283,0.1575507663580487
9024,183431,2,9024,2027,0.8666090463843272,0.15770637205321714
9025,183485,2,9025,2029,0.8667050801882262,0.1578619777483856
9026,183549,2,9026,2031,0.8668011139921252,0.15801758344355404
9027,183571,2,9027,2033,0.8668971477960242,0.15817318913872247
9028,92988,3,9028,2036,0.8669931815999232,0.15840659768147514
9029,94286,3,9029,2039,0.8670892154038221,0.1586400062242278
9030,146952,3,9030,2042,0.8671852492077211,0.15887341476698047
9031,159029,3,9031,2045,0.8672812830116201,0.15910682330973314
9032,160235,3,9032,2048,0.8673773168155191,0.1593402318524858
9033,160769,3,9033,2051,0.867473350619418,0.15957364039523847
9034,162101,3,9034,2054,0.867569384423317,0.15980704893799114
9035,162578,3,9035,2057,0.867665418227216,0.1600404574807438
9036,162701,3,9036,2060,0.867761452031115,0.16027386602349647
9037,162734,3,9037,2063,0.8678574858350139,0.16050727456624914
9038,162756,3,9038,2066,0.8679535196389129,0.1607406831090018
9039,162780,3,9039,2069,0.8680495534428119,0.16097409165175444
9040,162782,3,9040,2072,0.8681455872467109,0.1612075001945071
9041,162823,3,9041,2075,0.8682416210506099,0.16144090873725978
9042,162833,3,9042,2078,0.8683376548545088,0.16167431728001244
9043,162927,3,9043,2081,0.8684336886584078,0.1619077258227651
9044,162961,3,9044,2084,0.8685297224623068,0.16214113436551778
9045,162975,3,9045,2087,0.8686257562662058,0.16237454290827044
9046,163044,3,9046,2090,0.8687217900701046,0.1626079514510231
9047,163247,3,9047,2093,0.8688178238740036,0.16284135999377577
9048,163259,3,9048,2096,0.8689138576779026,0.16307476853652844
9049,163261,3,9049,2099,0.8690098914818016,0.1633081770792811
9050,163339,3,9050,2102,0.8691059252857005,0.16354158562203377
9051,163417,3,9051,2105,0.8692019590895995,0.16377499416478644
9052,163437,3,9052,2108,0.8692979928934985,0.1640084027075391
9053,163589,3,9053,2111,0.8693940266973975,0.16424181125029175
9054,163599,3,9054,2114,0.8694900605012964,0.1644752197930444
9055,163620,3,9055,2117,0.8695860943051954,0.16470862833579708
9056,163639,3,9056,2120,0.8696821281090944,0.16494203687854975
9057,163687,3,9057,2123,0.8697781619129934,0.1651754454213024
9058,163710,3,9058,2126,0.8698741957168924,0.16540885396405508
9059,163726,3,9059,2129,0.8699702295207913,0.16564226250680775
9060,163728,3,9060,2132,0.8700662633246903,0.1658756710495604
9061,163739,3,9061,2135,0.8701622971285893,0.16610907959231308
9062,163746,3,9062,2138,0.8702583309324883,0.16634248813506575
9063,163749,3,9063,2141,0.8703543647363872,0.1665758966778184
9064,163872,3,9064,2144,0.8704503985402862,0.16680930522057108
9065,163902,3,9065,2147,0.8705464323441852,0.16704271376332375
9066,163934,3,9066,2150,0.8706424661480842,0.1672761223060764
9067,163986,3,9067,2153,0.870738499951983,0.16750953084882908
9068,164129,3,9068,2156,0.870834533755882,0.16774293939158172
9069,164133,3,9069,2159,0.870930567559781,0.16797634793433439
9070,164383,3,9070,2162,0.87102660136368,0.16820975647708705
9071,164399,3,9071,2165,0.871122635167579,0.16844316501983972
9072,164542,3,9072,2168,0.8712186689714779,0.16867657356259239
9073,164577,3,9073,2171,0.8713147027753769,0.16890998210534505
9074,164719,3,9074,2174,0.8714107365792759,0.16914339064809772
9075,164744,3,9075,2177,0.8715067703831749,0.16937679919085039
9076,164822,3,9076,2180,0.8716028041870738,0.16961020773360305
9077,164842,3,9077,2183,0.8716988379909728,0.16984361627635572
9078,164916,3,9078,2186,0.8717948717948718,0.17007702481910839
9079,165238,3,9079,2189,0.8718909055987708,0.17031043336186105
9080,165243,3,9080,2192,0.8719869394026697,0.17054384190461372
9081,165309,3,9081,2195,0.8720829732065687,0.17077725044736639
9082,165325,3,9082,2198,0.8721790070104677,0.17101065899011905
9083,165337,3,9083,2201,0.8722750408143667,0.1712440675328717
9084,165351,3,9084,2204,0.8723710746182657,0.17147747607562436
9085,165459,3,9085,2207,0.8724671084221646,0.17171088461837702
9086,165492,3,9086,2210,0.8725631422260636,0.1719442931611297
9087,165517,3,9087,2213,0.8726591760299626,0.17217770170388236
9088,165696,3,9088,2216,0.8727552098338616,0.17241111024663502
9089,165749,3,9089,2219,0.8728512436377605,0.1726445187893877
9090,165927,3,9090,2222,0.8729472774416595,0.17287792733214036
9091,165934,3,9091,2225,0.8730433112455585,0.17311133587489302
9092,166009,3,9092,2228,0.8731393450494574,0.1733447444176457
9093,166012,3,9093,2231,0.8732353788533563,0.17357815296039836
9094,166026,3,9094,2234,0.8733314126572553,0.17381156150315102
9095,166052,3,9095,2237,0.8734274464611543,0.1740449700459037
9096,166120,3,9096,2240,0.8735234802650533,0.17427837858865636
9097,166148,3,9097,2243,0.8736195140689522,0.174511787131409
9098,166156,3,9098,2246,0.8737155478728512,0.17474519567416166
9099,166182,3,9099,2249,0.8738115816767502,0.17497860421691433
9100,166295,3,9100,2252,0.8739076154806492,0.175212012759667
9101,166307,3,9101,2255,0.8740036492845482,0.17544542130241966
9102,166365,3,9102,2258,0.8740996830884471,0.17567882984517233
9103,166416,3,9103,2261,0.8741957168923461,0.175912238387925
9104,166445,3,9104,2264,0.8742917506962451,0.17614564693067766
9105,166516,3,9105,2267,0.8743877845001441,0.17637905547343033
9106,166526,3,9106,2270,0.874483818304043,0.176612464016183
9107,166548,3,9107,2273,0.874579852107942,0.17684587255893566
9108,166574,3,9108,2276,0.874675885911841,0.17707928110168833
9109,166753,3,9109,2279,0.87477191971574,0.177312689644441
9110,166755,3,9110,2282,0.8748679535196389,0.17754609818719366
9111,166769,3,9111,2285,0.8749639873235379,0.17777950672994633
9112,166848,3,9112,2288,0.8750600211274369,0.17801291527269897
9113,166851,3,9113,2291,0.8751560549313359,0.17824632381545163
9114,166863,3,9114,2294,0.8752520887352349,0.1784797323582043
9115,166894,3,9115,2297,0.8753481225391337,0.17871314090095697
9116,166921,3,9116,2300,0.8754441563430327,0.17894654944370963
9117,166950,3,9117,2303,0.8755401901469317,0.1791799579864623
9118,167013,3,9118,2306,0.8756362239508307,0.17941336652921497
9119,167108,3,9119,2309,0.8757322577547296,0.17964677507196763
9120,167134,3,9120,2312,0.8758282915586286,0.1798801836147203
9121,167170,3,9121,2315,0.8759243253625276,0.18011359215747297
9122,167247,3,9122,2318,0.8760203591664266,0.18034700070022563
9123,167276,3,9123,2321,0.8761163929703255,0.1805804092429783
9124,167314,3,9124,2324,0.8762124267742245,0.18081381778573097
9125,167343,3,9125,2327,0.8763084605781235,0.18104722632848363
9126,167384,3,9126,2330,0.8764044943820225,0.18128063487123627
9127,167534,3,9127,2333,0.8765005281859214,0.18151404341398894
9128,167544,3,9128,2336,0.8765965619898204,0.1817474519567416
9129,167590,3,9129,2339,0.8766925957937194,0.18198086049949427
9130,167642,3,9130,2342,0.8767886295976184,0.18221426904224694
9131,167675,3,9131,2345,0.8768846634015174,0.1824476775849996
9132,167729,3,9132,2348,0.8769806972054163,0.18268108612775227
9133,167730,3,9133,2351,0.8770767310093153,0.18291449467050494
9134,167732,3,9134,2354,0.8771727648132143,0.1831479032132576
9135,167820,3,9135,2357,0.8772687986171133,0.18338131175601027
9136,167855,3,9136,2360,0.8773648324210122,0.18361472029876294
9137,168030,3,9137,2363,0.8774608662249112,0.1838481288415156
9138,168039,3,9138,2366,0.8775569000288101,0.18408153738426827
9139,168073,3,9139,2369,0.8776529338327091,0.18431494592702094
9140,168120,3,9140,2372,0.877748967636608,0.1845483544697736
9141,168138,3,9141,2375,0.877845001440507,0.18478176301252625
9142,168257,3,9142,2378,0.877941035244406,0.1850151715552789
9143,168264,3,9143,2381,0.878037069048305,0.18524858009803158
9144,168268,3,9144,2384,0.878133102852204,0.18548198864078425
9145,168367,3,9145,2387,0.8782291366561029,0.1857153971835369
9146,168441,3,9146,2390,0.8783251704600019,0.18594880572628958
9147,168470,3,9147,2393,0.8784212042639009,0.18618221426904225
9148,168483,3,9148,2396,0.8785172380677999,0.1864156228117949
9149,168491,3,9149,2399,0.8786132718716988,0.18664903135454758
9150,168531,3,9150,2402,0.8787093056755978,0.18688243989730025
9151,168533,3,9151,2405,0.8788053394794968,0.1871158484400529
9152,168548,3,9152,2408,0.8789013732833958,0.18734925698280558
9153,168589,3,9153,2411,0.8789974070872947,0.18758266552555825
9154,168594,3,9154,2414,0.8790934408911937,0.1878160740683109
9155,168595,3,9155,2417,0.8791894746950927,0.18804948261106358
9156,168648,3,9156,2420,0.8792855084989917,0.18828289115381622
9157,168663,3,9157,2423,0.8793815423028906,0.18851629969656888
9158,168686,3,9158,2426,0.8794775761067896,0.18874970823932155
9159,168769,3,9159,2429,0.8795736099106886,0.18898311678207422
9160,168771,3,9160,2432,0.8796696437145876,0.18921652532482688
9161,168773,3,9161,2435,0.8797656775184866,0.18944993386757955
9162,168807,3,9162,2438,0.8798617113223854,0.18968334241033222
9163,168836,3,9163,2441,0.8799577451262844,0.18991675095308488
9164,168887,3,9164,2444,0.8800537789301834,0.19015015949583755
9165,168912,3,9165,2447,0.8801498127340824,0.19038356803859022
9166,169080,3,9166,2450,0.8802458465379813,0.19061697658134288
9167,169220,3,9167,2453,0.8803418803418803,0.19085038512409555
9168,169386,3,9168,2456,0.8804379141457793,0.19108379366684822
9169,169473,3,9169,2459,0.8805339479496783,0.19131720220960088
9170,169560,3,9170,2462,0.8806299817535772,0.19155061075235352
9171,169785,3,9171,2465,0.8807260155574762,0.1917840192951062
9172,169886,3,9172,2468,0.8808220493613752,0.19201742783785886
9173,169961,3,9173,2471,0.8809180831652742,0.19225083638061152
9174,170027,3,9174,2474,0.8810141169691732,0.1924842449233642
9175,170195,3,9175,2477,0.8811101507730721,0.19271765346611686
9176,170209,3,9176,2480,0.8812061845769711,0.19295106200886952
9177,170343,3,9177,2483,0.8813022183808701,0.1931844705516222
9178,170362,3,9178,2486,0.8813982521847691,0.19341787909437486
9179,170559,3,9179,2489,0.881494285988668,0.19365128763712752
9180,170600,3,9180,2492,0.881590319792567,0.1938846961798802
9181,170611,3,9181,2495,0.881686353596466,0.19411810472263286
9182,170612,3,9182,2498,0.881782387400365,0.19435151326538552
9183,170850,3,9183,2501,0.8818784212042639,0.1945849218081382
9184,170858,3,9184,2504,0.8819744550081628,0.19481833035089086
9185,171023,3,9185,2507,0.8820704888120618,0.1950517388936435
9186,171071,3,9186,2510,0.8821665226159608,0.19528514743639616
9187,171122,3,9187,2513,0.8822625564198598,0.19551855597914883
9188,171134,3,9188,2516,0.8823585902237587,0.1957519645219015
9189,171337,3,9189,2519,0.8824546240276577,0.19598537306465416
9190,171393,3,9190,2522,0.8825506578315567,0.19621878160740683
9191,171436,3,9191,2525,0.8826466916354557,0.1964521901501595
9192,171659,3,9192,2528,0.8827427254393546,0.19668559869291216
9193,171672,3,9193,2531,0.8828387592432536,0.19691900723566483
9194,171724,3,9194,2534,0.8829347930471526,0.1971524157784175
9195,171739,3,9195,2537,0.8830308268510516,0.19738582432117016
9196,171774,3,9196,2540,0.8831268606549505,0.19761923286392283
9197,171798,3,9197,2543,0.8832228944588495,0.1978526414066755
9198,171926,3,9198,2546,0.8833189282627485,0.19808604994942816
9199,172035,3,9199,2549,0.8834149620666475,0.1983194584921808
9200,172088,3,9200,2552,0.8835109958705464,0.19855286703493347
9201,172124,3,9201,2555,0.8836070296744454,0.19878627557768613
9202,172205,3,9202,2558,0.8837030634783444,0.1990196841204388
9203,172284,3,9203,2561,0.8837990972822434,0.19925309266319147
9204,172571,3,9204,2564,0.8838951310861424,0.19948650120594413
9205,172630,3,9205,2567,0.8839911648900413,0.1997199097486968
9206,172864,3,9206,2570,0.8840871986939403,0.19995331829144947
9207,173001,3,9207,2573,0.8841832324978393,0.20018672683420213
9208,173042,3,9208,2576,0.8842792663017383,0.2004201353769548
9209,173089,3,9209,2579,0.8843753001056371,0.20065354391970747
9210,173121,3,9210,2582,0.8844713339095361,0.20088695246246013
9211,173135,3,9211,2585,0.8845673677134351,0.2011203610052128
9212,173144,3,9212,2588,0.8846634015173341,0.20135376954796547
9213,173217,3,9213,2591,0.884759435321233,0.20158717809071813
9214,173269,3,9214,2594,0.884855469125132,0.20182058663347077
9215,173391,3,9215,2597,0.884951502929031,0.20205399517622344
9216,173478,3,9216,2600,0.88504753673293,0.2022874037189761
9217,173528,3,9217,2603,0.885143570536829,0.20252081226172877
9218,173602,3,9218,2606,0.8852396043407279,0.20275422080448144
9219,173614,3,9219,2609,0.8853356381446269,0.2029876293472341
9220,173731,3,9220,2612,0.8854316719485259,0.20322103788998677
9221,173877,3,9221,2615,0.8855277057524249,0.20345444643273944
9222,173907,3,9222,2618,0.8856237395563238,0.2036878549754921
9223,173921,3,9223,2621,0.8857197733602228,0.20392126351824477
9224,173946,3,9224,2624,0.8858158071641218,0.20415467206099744
9225,174064,3,9225,2627,0.8859118409680208,0.2043880806037501
9226,174067,3,9226,2630,0.8860078747719197,0.20462148914650277
9227,174346,3,9227,2633,0.8861039085758187,0.20485489768925544
9228,174372,3,9228,2636,0.8861999423797177,0.2050883062320081
9229,174380,3,9229,2639,0.8862959761836167,0.20532171477476074
9230,174483,3,9230,2642,0.8863920099875156,0.2055551233175134
9231,174568,3,9231,2645,0.8864880437914145,0.20578853186026608
9232,174574,3,9232,2648,0.8865840775953135,0.20602194040301874
9233,174604,3,9233,2651,0.8866801113992125,0.2062553489457714
9234,174806,3,9234,2654,0.8867761452031115,0.20648875748852408
9235,175071,3,9235,2657,0.8868721790070104,0.20672216603127674
9236,175216,3,9236,2660,0.8869682128109094,0.2069555745740294
9237,175429,3,9237,2663,0.8870642466148084,0.20718898311678208
9238,175570,3,9238,2666,0.8871602804187074,0.20742239165953474
9239,175652,3,9239,2669,0.8872563142226063,0.2076558002022874
9240,175654,3,9240,2672,0.8873523480265053,0.20788920874504008
9241,175676,3,9241,2675,0.8874483818304043,0.20812261728779274
9242,175707,3,9242,2678,0.8875444156343033,0.2083560258305454
9243,175823,3,9243,2681,0.8876404494382022,0.20858943437329805
9244,175858,3,9244,2684,0.8877364832421012,0.20882284291605072
9245,175986,3,9245,2687,0.8878325170460002,0.20905625145880338
9246,176087,3,9246,2690,0.8879285508498992,0.20928966000155605
9247,176184,3,9247,2693,0.8880245846537982,0.20952306854430872
9248,176249,3,9248,2696,0.8881206184576971,0.20975647708706138
9249,176600,3,9249,2699,0.8882166522615961,0.20998988562981405
9250,176719,3,9250,2702,0.8883126860654951,0.21022329417256672
9251,176815,3,9251,2705,0.8884087198693941,0.21045670271531938
9252,176839,3,9252,2708,0.888504753673293,0.21069011125807205
9253,176949,3,9253,2711,0.888600787477192,0.21092351980082472
9254,177007,3,9254,2714,0.888696821281091,0.21115692834357738
9255,177060,3,9255,2717,0.88879285508499,0.21139033688633005
9256,177194,3,9256,2720,0.8888888888888888,0.21162374542908272
9257,177237,3,9257,2723,0.8889849226927878,0.21185715397183538
9258,177305,3,9258,2726,0.8890809564966868,0.21209056251458802
9259,177307,3,9259,2729,0.8891769903005858,0.2123239710573407
9260,177412,3,9260,2732,0.8892730241044848,0.21255737960009335
9261,177419,3,9261,2735,0.8893690579083837,0.21279078814284602
9262,177442,3,9262,2738,0.8894650917122827,0.2130241966855987
9263,177484,3,9263,2741,0.8895611255161817,0.21325760522835135
9264,177506,3,9264,2744,0.8896571593200807,0.21349101377110402
9265,177523,3,9265,2747,0.8897531931239796,0.2137244223138567
9266,177525,3,9266,2750,0.8898492269278786,0.21395783085660935
9267,177645,3,9267,2753,0.8899452607317776,0.21419123939936202
9268,177699,3,9268,2756,0.8900412945356766,0.2144246479421147
9269,177719,3,9269,2759,0.8901373283395755,0.21465805648486735
9270,177723,3,9270,2762,0.8902333621434745,0.21489146502762002
9271,177726,3,9271,2765,0.8903293959473735,0.2151248735703727
9272,177763,3,9272,2768,0.8904254297512725,0.21535828211312533
9273,177772,3,9273,2771,0.8905214635551714,0.215591690655878
9274,177796,3,9274,2774,0.8906174973590704,0.21582509919863066
9275,177800,3,9275,2777,0.8907135311629694,0.21605850774138333
9276,177871,3,9276,2780,0.8908095649668684,0.216291916284136
9277,177944,3,9277,2783,0.8909055987707674,0.21652532482688866
9278,177983,3,9278,2786,0.8910016325746662,0.21675873336964133
9279,177985,3,9279,2789,0.8910976663785652,0.216992141912394
9280,178025,3,9280,2792,0.8911937001824642,0.21722555045514666
9281,178068,3,9281,2795,0.8912897339863632,0.21745895899789933
9282,178077,3,9282,2798,0.8913857677902621,0.217692367540652
9283,178094,3,9283,2801,0.8914818015941611,0.21792577608340466
9284,178096,3,9284,2804,0.8915778353980601,0.21815918462615733
9285,178100,3,9285,2807,0.8916738692019591,0.21839259316891
9286,178167,3,9286,2810,0.891769903005858,0.21862600171166266
9287,178222,3,9287,2813,0.891865936809757,0.2188594102544153
9288,178246,3,9288,2816,0.891961970613656,0.21909281879716797
9289,178257,3,9289,2819,0.892058004417555,0.21932622733992063
9290,178320,3,9290,2822,0.892154038221454,0.2195596358826733
9291,178353,3,9291,2825,0.8922500720253529,0.21979304442542597
9292,178415,3,9292,2828,0.8923461058292519,0.22002645296817863
9293,178432,3,9293,2831,0.8924421396331509,0.2202598615109313
9294,178440,3,9294,2834,0.8925381734370499,0.22049327005368397
9295,178458,3,9295,2837,0.8926342072409488,0.22072667859643663
9296,178468,3,9296,2840,0.8927302410448478,0.2209600871391893
9297,178483,3,9297,2843,0.8928262748487468,0.22119349568194197
9298,178547,3,9298,2846,0.8929223086526458,0.22142690422469463
9299,178585,3,9299,2849,0.8930183424565447,0.2216603127674473
9300,178716,3,9300,2852,0.8931143762604437,0.22189372131019997
9301,178772,3,9301,2855,0.8932104100643427,0.22212712985295263
9302,178837,3,9302,2858,0.8933064438682417,0.22236053839570527
9303,178850,3,9303,2861,0.8934024776721405,0.22259394693845794
9304,178857,3,9304,2864,0.8934985114760395,0.2228273554812106
9305,178992,3,9305,2867,0.8935945452799385,0.22306076402396327
9306,179069,3,9306,2870,0.8936905790838375,0.22329417256671594
9307,179127,3,9307,2873,0.8937866128877365,0.2235275811094686
9308,179142,3,9308,2876,0.8938826466916354,0.22376098965222127
9309,179317,3,9309,2879,0.8939786804955344,0.22399439819497394
9310,179383,3,9310,2882,0.8940747142994334,0.2242278067377266
9311,179420,3,9311,2885,0.8941707481033324,0.22446121528047927
9312,179422,3,9312,2888,0.8942667819072313,0.22469462382323194
9313,179454,3,9313,2891,0.8943628157111303,0.2249280323659846
9314,179456,3,9314,2894,0.8944588495150293,0.22516144090873727
9315,179493,3,9315,2897,0.8945548833189283,0.22539484945148994
9316,179553,3,9316,2900,0.8946509171228272,0.22562825799424258
9317,179613,3,9317,2903,0.8947469509267262,0.22586166653699524
9318,179651,3,9318,2906,0.8948429847306252,0.2260950750797479
9319,179662,3,9319,2909,0.8949390185345242,0.22632848362250058
9320,179691,3,9320,2912,0.8950350523384232,0.22656189216525324
9321,179729,3,9321,2915,0.8951310861423221,0.2267953007080059
9322,179766,3,9322,2918,0.8952271199462211,0.22702870925075858
9323,179857,3,9323,2921,0.8953231537501201,0.22726211779351124
9324,179874,3,9324,2924,0.8954191875540191,0.2274955263362639
9325,179883,3,9325,2927,0.895515221357918,0.22772893487901658
9326,179916,3,9326,2930,0.8956112551618169,0.22796234342176924
9327,180030,3,9327,2933,0.8957072889657159,0.2281957519645219
9328,180062,3,9328,2936,0.8958033227696149,0.22842916050727458
9329,180160,3,9329,2939,0.8958993565735138,0.22866256905002724
9330,180200,3,9330,2942,0.8959953903774128,0.2288959775927799
9331,180282,3,9331,2945,0.8960914241813118,0.22912938613553255
9332,180316,3,9332,2948,0.8961874579852108,0.22936279467828521
9333,180327,3,9333,2951,0.8962834917891098,0.22959620322103788
9334,180372,3,9334,2954,0.8963795255930087,0.22982961176379055
9335,180409,3,9335,2957,0.8964755593969077,0.23006302030654321
9336,180429,3,9336,2960,0.8965715932008067,0.23029642884929588
9337,180543,3,9337,2963,0.8966676270047057,0.23052983739204855
9338,180551,3,9338,2966,0.8967636608086046,0.23076324593480121
9339,180590,3,9339,2969,0.8968596946125036,0.23099665447755388
9340,180610,3,9340,2972,0.8969557284164026,0.23123006302030655
9341,180632,3,9341,2975,0.8970517622203016,0.23146347156305921
9342,180639,3,9342,2978,0.8971477960242005,0.23169688010581188
9343,180675,3,9343,2981,0.8972438298280995,0.23193028864856455
9344,180786,3,9344,2984,0.8973398636319985,0.23216369719131721
9345,180821,3,9345,2987,0.8974358974358975,0.23239710573406985
9346,180910,3,9346,2990,0.8975319312397964,0.23263051427682252
9347,181157,3,9347,2993,0.8976279650436954,0.2328639228195752
9348,181197,3,9348,2996,0.8977239988475944,0.23309733136232785
9349,181209,3,9349,2999,0.8978200326514933,0.23333073990508052
9350,181305,3,9350,3002,0.8979160664553923,0.2335641484478332
9351,181488,3,9351,3005,0.8980121002592912,0.23379755699058585
9352,181600,3,9352,3008,0.8981081340631902,0.23403096553333852
9353,181817,3,9353,3011,0.8982041678670892,0.2342643740760912
9354,181821,3,9354,3014,0.8983002016709882,0.23449778261884385
9355,181822,3,9355,3017,0.8983962354748871,0.23473119116159652
9356,181830,3,9356,3020,0.8984922692787861,0.2349645997043492
9357,181842,3,9357,3023,0.8985883030826851,0.23519800824710185
9358,181864,3,9358,3026,0.8986843368865841,0.23543141678985452
9359,181876,3,9359,3029,0.898780370690483,0.2356648253326072
9360,181885,3,9360,3032,0.898876404494382,0.23589823387535983
9361,181892,3,9361,3035,0.898972438298281,0.2361316424181125
9362,181929,3,9362,3038,0.89906847210218,0.23636505096086516
9363,181938,3,9363,3041,0.899164505906079,0.23659845950361783
9364,182043,3,9364,3044,0.8992605397099779,0.2368318680463705
9365,182077,3,9365,3047,0.8993565735138769,0.23706527658912316
9366,182128,3,9366,3050,0.8994526073177759,0.23729868513187583
9367,182241,3,9367,3053,0.8995486411216749,0.2375320936746285
9368,182407,3,9368,3056,0.8996446749255738,0.23776550221738116
9369,182495,3,9369,3059,0.8997407087294728,0.23799891076013382
9370,182518,3,9370,3062,0.8998367425333718,0.2382323193028865
9371,182522,3,9371,3065,0.8999327763372708,0.23846572784563916
9372,182535,3,9372,3068,0.9000288101411696,0.23869913638839182
9373,182575,3,9373,3071,0.9001248439450686,0.2389325449311445
9374,182583,3,9374,3074,0.9002208777489676,0.23916595347389716
9375,182631,3,9375,3077,0.9003169115528666,0.2393993620166498
9376,182784,3,9376,3080,0.9004129453567655,0.23963277055940246
9377,182991,3,9377,3083,0.9005089791606645,0.23986617910215513
9378,161722,4,9378,3087,0.9006050129645635,0.24017739049249204
9379,162017,4,9379,3091,0.9007010467684625,0.24048860188282892
9380,162427,4,9380,3095,0.9007970805723615,0.2407998132731658
9381,162534,4,9381,3099,0.9008931143762604,0.24111102466350268
9382,162555,4,9382,3103,0.9009891481801594,0.24142223605383958
9383,162755,4,9383,3107,0.9010851819840584,0.24173344744417646
9384,162862,4,9384,3111,0.9011812157879574,0.24204465883451334
9385,163063,4,9385,3115,0.9012772495918563,0.24235587022485022
9386,163209,4,9386,3119,0.9013732833957553,0.2426670816151871
9387,163256,4,9387,3123,0.9014693171996543,0.242978293005524
9388,163285,4,9388,3127,0.9015653510035533,0.2432895043958609
9389,163350,4,9389,3131,0.9016613848074522,0.24360071578619777
9390,163584,4,9390,3135,0.9017574186113512,0.24391192717653465
9391,163730,4,9391,3139,0.9018534524152502,0.24422313856687156
9392,164060,4,9392,3143,0.9019494862191492,0.24453434995720844
9393,164073,4,9393,3147,0.9020455200230482,0.24484556134754532
9394,164171,4,9394,3151,0.902141553826947,0.2451567727378822
9395,164174,4,9395,3155,0.902237587630846,0.2454679841282191
9396,164375,4,9396,3159,0.902333621434745,0.24577919551855598
9397,164467,4,9397,3163,0.902429655238644,0.24609040690889286
9398,164539,4,9398,3167,0.9025256890425429,0.24640161829922974
9399,164720,4,9399,3171,0.9026217228464419,0.24671282968956665
9400,164841,4,9400,3175,0.9027177566503409,0.24702404107990353
9401,165124,4,9401,3179,0.9028137904542399,0.2473352524702404
9402,165247,4,9402,3183,0.9029098242581388,0.2476464638605773
9403,165331,4,9403,3187,0.9030058580620378,0.2479576752509142
9404,165577,4,9404,3191,0.9031018918659368,0.24826888664125107
9405,165618,4,9405,3195,0.9031979256698358,0.24858009803158795
9406,165703,4,9406,3199,0.9032939594737348,0.24889130942192483
9407,165743,4,9407,3203,0.9033899932776337,0.24920252081226174
9408,165858,4,9408,3207,0.9034860270815327,0.24951373220259862
9409,165919,4,9409,3211,0.9035820608854317,0.2498249435929355
9410,166129,4,9410,3215,0.9036780946893307,0.2501361549832724
9411,166170,4,9411,3219,0.9037741284932296,0.25044736637360926
9412,166239,4,9412,3223,0.9038701622971286,0.25075857776394617
9413,166266,4,9413,3227,0.9039661961010276,0.2510697891542831
9414,166269,4,9414,3231,0.9040622299049266,0.2513810005446199
9415,166285,4,9415,3235,0.9041582637088255,0.25169221193495683
9416,166321,4,9416,3239,0.9042542975127245,0.2520034233252937
9417,166419,4,9417,3243,0.9043503313166235,0.2523146347156306
9418,166771,4,9418,3247,0.9044463651205225,0.2526258461059675
9419,166821,4,9419,3251,0.9045423989244213,0.25293705749630435
9420,166870,4,9420,3255,0.9046384327283203,0.25324826888664126
9421,166878,4,9421,3259,0.9047344665322193,0.2535594802769781
9422,166891,4,9422,3263,0.9048305003361183,0.253870691667315
9423,166912,4,9423,3267,0.9049265341400173,0.2541819030576519
9424,166954,4,9424,3271,0.9050225679439162,0.2544931144479888
9425,166977,4,9425,3275,0.9051186017478152,0.2548043258383257
9426,167014,4,9426,3279,0.9052146355517142,0.2551155372286626
9427,167015,4,9427,3283,0.9053106693556132,0.25542674861899944
9428,167076,4,9428,3287,0.9054067031595121,0.25573796000933635
9429,167319,4,9429,3291,0.9055027369634111,0.2560491713996732
9430,167365,4,9430,3295,0.9055987707673101,0.2563603827900101
9431,167415,4,9431,3299,0.9056948045712091,0.256671594180347
9432,167445,4,9432,3303,0.905790838375108,0.25698280557068387
9433,167527,4,9433,3307,0.905886872179007,0.2572940169610208
9434,167575,4,9434,3311,0.905982905982906,0.2576052283513577
9435,167638,4,9435,3315,0.906078939786805,0.25791643974169454
9436,167725,4,9436,3319,0.906174973590704,0.25822765113203144
9437,167765,4,9437,3323,0.9062710073946029,0.2585388625223683
9438,167774,4,9438,3327,0.9063670411985019,0.2588500739127052
9439,167792,4,9439,3331,0.9064630750024009,0.2591612853030421
9440,167847,4,9440,3335,0.9065591088062999,0.25947249669337896
9441,167857,4,9441,3339,0.9066551426101987,0.25978370808371587
9442,168060,4,9442,3343,0.9067511764140977,0.2600949194740528
9443,168071,4,9443,3347,0.9068472102179967,0.26040613086438963
9444,168137,4,9444,3351,0.9069432440218957,0.26071734225472654
9445,168141,4,9445,3355,0.9070392778257946,0.2610285536450634
9446,168237,4,9446,3359,0.9071353116296936,0.2613397650354003
9447,168262,4,9447,3363,0.9072313454335926,0.2616509764257372
9448,168359,4,9448,3367,0.9073273792374916,0.26196218781607405
9449,168387,4,9449,3371,0.9074234130413905,0.26227339920641096
9450,168418,4,9450,3375,0.9075194468452895,0.2625846105967478
9451,168521,4,9451,3379,0.9076154806491885,0.2628958219870847
9452,168598,4,9452,3383,0.9077115144530875,0.26320703337742163
9453,168609,4,9453,3387,0.9078075482569865,0.2635182447677585
9454,168701,4,9454,3391,0.9079035820608854,0.2638294561580954
9455,168781,4,9455,3395,0.9079996158647844,0.2641406675484323
9456,168802,4,9456,3399,0.9080956496686834,0.26445187893876915
9457,168805,4,9457,3403,0.9081916834725824,0.26476309032910605
9458,168898,4,9458,3407,0.9082877172764813,0.2650743017194429
9459,169058,4,9459,3411,0.9083837510803803,0.2653855131097798
9460,169320,4,9460,3415,0.9084797848842793,0.2656967245001167
9461,169721,4,9461,3419,0.9085758186881783,0.2660079358904536
9462,169841,4,9462,3423,0.9086718524920772,0.2663191472807905
9463,169987,4,9463,3427,0.9087678862959762,0.2666303586711274
9464,170009,4,9464,3431,0.9088639200998752,0.26694157006146424
9465,170140,4,9465,3435,0.9089599539037742,0.26725278145180115
9466,170273,4,9466,3439,0.9090559877076732,0.267563992842138
9467,170297,4,9467,3443,0.909152021511572,0.2678752042324749
9468,170314,4,9468,3447,0.909248055315471,0.2681864156228118
9469,170341,4,9469,3451,0.90934408911937,0.26849762701314867
9470,170504,4,9470,3455,0.909440122923269,0.2688088384034856
9471,170637,4,9471,3459,0.9095361567271679,0.2691200497938225
9472,170756,4,9472,3463,0.9096321905310669,0.26943126118415933
9473,170937,4,9473,3467,0.9097282243349659,0.26974247257449624
9474,170995,4,9474,3471,0.9098242581388649,0.2700536839648331
9475,171002,4,9475,3475,0.9099202919427638,0.27036489535517
9476,171249,4,9476,3479,0.9100163257466628,0.2706761067455069
9477,171359,4,9477,3483,0.9101123595505618,0.27098731813584376
9478,171546,4,9478,3487,0.9102083933544608,0.27129852952618067
9479,171930,4,9479,3491,0.9103044271583598,0.2716097409165175
9480,171959,4,9480,3495,0.9104004609622587,0.2719209523068544
9481,172288,4,9481,3499,0.9104964947661577,0.27223216369719133
9482,172660,4,9482,3503,0.9105925285700567,0.2725433750875282
9483,172797,4,9483,3507,0.9106885623739557,0.2728545864778651
9484,172846,4,9484,3511,0.9107845961778546,0.273165797868202
9485,172869,4,9485,3515,0.9108806299817536,0.27347700925853885
9486,172978,4,9486,3519,0.9109766637856526,0.27378822064887576
9487,173103,4,9487,3523,0.9110726975895516,0.2740994320392126
9488,173226,4,9488,3527,0.9111687313934504,0.2744106434295495
9489,173349,4,9489,3531,0.9112647651973494,0.2747218548198864
9490,173572,4,9490,3535,0.9113607990012484,0.2750330662102233
9491,173605,4,9491,3539,0.9114568328051474,0.2753442776005602
9492,173769,4,9492,3543,0.9115528666090463,0.2756554889908971
9493,173854,4,9493,3547,0.9116489004129453,0.27596670038123394
9494,174029,4,9494,3551,0.9117449342168443,0.27627791177157085
9495,174042,4,9495,3555,0.9118409680207433,0.2765891231619077
9496,174094,4,9496,3559,0.9119370018246423,0.2769003345522446
9497,174264,4,9497,3563,0.9120330356285412,0.2772115459425815
9498,174513,4,9498,3567,0.9121290694324402,0.27752275733291837
9499,174601,4,9499,3571,0.9122251032363392,0.2778339687232553
9500,174720,4,9500,3575,0.9123211370402382,0.2781451801135922
9501,174788,4,9501,3579,0.9124171708441371,0.27845639150392903
9502,174846,4,9502,3583,0.9125132046480361,0.27876760289426594
9503,174881,4,9503,3587,0.9126092384519351,0.2790788142846028
9504,174966,4,9504,3591,0.9127052722558341,0.2793900256749397
9505,174991,4,9505,3595,0.912801306059733,0.2797012370652766
9506,175014,4,9506,3599,0.912897339863632,0.28001244845561346
9507,175122,4,9507,3603,0.912993373667531,0.28032365984595037
9508,175127,4,9508,3607,0.91308940747143,0.2806348712362873
9509,175376,4,9509,3611,0.913185441275329,0.2809460826266241
9510,175474,4,9510,3615,0.9132814750792279,0.28125729401696103
9511,175480,4,9511,3619,0.9133775088831269,0.2815685054072979
9512,175484,4,9512,3623,0.9134735426870259,0.2818797167976348
9513,175523,4,9513,3627,0.9135695764909249,0.2821909281879717
9514,175554,4,9514,3631,0.9136656102948237,0.28250213957830855
9515,175860,4,9515,3635,0.9137616440987227,0.28281335096864546
9516,175911,4,9516,3639,0.9138576779026217,0.2831245623589823
9517,175953,4,9517,3643,0.9139537117065207,0.2834357737493192
9518,176047,4,9518,3647,0.9140497455104196,0.2837469851396561
9519,176071,4,9519,3651,0.9141457793143186,0.284058196529993
9520,176127,4,9520,3655,0.9142418131182176,0.2843694079203299
9521,176916,4,9521,3659,0.9143378469221166,0.2846806193106668
9522,176927,4,9522,3663,0.9144338807260155,0.28499183070100365
9523,177295,4,9523,3667,0.9145299145299145,0.28530304209134055
9524,177318,4,9524,3671,0.9146259483338135,0.2856142534816774
9525,177327,4,9525,3675,0.9147219821377125,0.2859254648720143
9526,177389,4,9526,3679,0.9148180159416115,0.2862366762623512
9527,177431,4,9527,3683,0.9149140497455104,0.28654788765268807
9528,177465,4,9528,3687,0.9150100835494094,0.286859099043025
9529,177533,4,9529,3691,0.9151061173533084,0.2871703104333619
9530,177629,4,9530,3695,0.9152021511572074,0.28748152182369874
9531,177681,4,9531,3699,0.9152981849611063,0.28779273321403565
9532,177737,4,9532,3703,0.9153942187650053,0.2881039446043725
9533,177850,4,9533,3707,0.9154902525689043,0.2884151559947094
9534,177900,4,9534,3711,0.9155862863728033,0.2887263673850463
9535,177917,4,9535,3715,0.9156823201767021,0.28903757877538316
9536,178005,4,9536,3719,0.9157783539806011,0.28934879016572007
9537,178038,4,9537,3723,0.9158743877845001,0.289660001556057
9538,178178,4,9538,3727,0.9159704215883991,0.28997121294639383
9539,178190,4,9539,3731,0.9160664553922981,0.29028242433673074
9540,178639,4,9540,3735,0.916162489196197,0.2905936357270676
9541,178658,4,9541,3739,0.916258523000096,0.2909048471174045
9542,178666,4,9542,3743,0.916354556803995,0.2912160585077414
9543,178788,4,9543,3747,0.916450590607894,0.29152726989807826
9544,178805,4,9544,3751,0.9165466244117929,0.29183848128841516
9545,178808,4,9545,3755,0.9166426582156919,0.292149692678752
9546,178840,4,9546,3759,0.9167386920195909,0.2924609040690889
9547,178928,4,9547,3763,0.9168347258234899,0.29277211545942583
9548,178960,4,9548,3767,0.9169307596273888,0.2930833268497627
9549,179011,4,9549,3771,0.9170267934312878,0.2933945382400996
9550,179032,4,9550,3775,0.9171228272351868,0.2937057496304365
9551,179152,4,9551,3779,0.9172188610390858,0.29401696102077335
9552,179479,4,9552,3783,0.9173148948429848,0.29432817241111026
9553,179627,4,9553,3787,0.9174109286468837,0.2946393838014471
9554,179695,4,9554,3791,0.9175069624507827,0.294950595191784
9555,179834,4,9555,3795,0.9176029962546817,0.2952618065821209
9556,179939,4,9556,3799,0.9176990300585807,0.2955730179724578
9557,180111,4,9557,3803,0.9177950638624796,0.2958842293627947
9558,180224,4,9558,3807,0.9178910976663786,0.2961954407531316
9559,180320,4,9559,3811,0.9179871314702776,0.29650665214346844
9560,180394,4,9560,3815,0.9180831652741765,0.29681786353380535
9561,180427,4,9561,3819,0.9181791990780754,0.2971290749241422
9562,180494,4,9562,3823,0.9182752328819744,0.2974402863144791
9563,180495,4,9563,3827,0.9183712666858734,0.297751497704816
9564,180692,4,9564,3831,0.9184673004897724,0.29806270909515287
9565,180773,4,9565,3835,0.9185633342936713,0.2983739204854898
9566,180820,4,9566,3839,0.9186593680975703,0.2986851318758267
9567,180856,4,9567,3843,0.9187554019014693,0.29899634326616353
9568,180857,4,9568,3847,0.9188514357053683,0.29930755465650044
9569,181036,4,9569,3851,0.9189474695092673,0.2996187660468373
9570,181070,4,9570,3855,0.9190435033131662,0.2999299774371742
9571,181300,4,9571,3859,0.9191395371170652,0.3002411888275111
9572,181366,4,9572,3863,0.9192355709209642,0.30055240021784796
9573,181390,4,9573,3867,0.9193316047248632,0.30086361160818487
9574,181392,4,9574,3871,0.9194276385287621,0.3011748229985217
9575,181427,4,9575,3875,0.9195236723326611,0.3014860343888586
9576,181547,4,9576,3879,0.9196197061365601,0.30179724577919553
9577,181710,4,9577,3883,0.9197157399404591,0.3021084571695324
9578,181769,4,9578,3887,0.919811773744358,0.3024196685598693
9579,182060,4,9579,3891,0.919907807548257,0.3027308799502062
9580,182074,4,9580,3895,0.920003841352156,0.30304209134054305
9581,182287,4,9581,3899,0.920099875156055,0.30335330273087996
9582,182382,4,9582,3903,0.920195908959954,0.3036645141212168
9583,182674,4,9583,3907,0.9202919427638528,0.3039757255115537
9584,182747,4,9584,3911,0.9203879765677518,0.3042869369018906
9585,183307,4,9585,3915,0.9204840103716508,0.3045981482922275
9586,161698,5,9586,3920,0.9205800441755498,0.3049871625301486
9587,162457,5,9587,3925,0.9206760779794487,0.3053761767680697
9588,162470,5,9588,3930,0.9207721117833477,0.3057651910059908
9589,162783,5,9589,3935,0.9208681455872467,0.3061542052439119
9590,162937,5,9590,3940,0.9209641793911457,0.30654321948183305
9591,162952,5,9591,3945,0.9210602131950446,0.30693223371975414
9592,163241,5,9592,3950,0.9211562469989436,0.30732124795767524
9593,163290,5,9593,3955,0.9212522808028426,0.3077102621955964
9594,163419,5,9594,3960,0.9213483146067416,0.3080992764335175
9595,163604,5,9595,3965,0.9214443484106405,0.30848829067143857
9596,163699,5,9596,3970,0.9215403822145395,0.30887730490935966
9597,164004,5,9597,3975,0.9216364160184385,0.3092663191472808
9598,164190,5,9598,3980,0.9217324498223375,0.3096553333852019
9599,164292,5,9599,3985,0.9218284836262365,0.310044347623123
9600,164505,5,9600,3990,0.9219245174301354,0.3104333618610441
9601,164675,5,9601,3995,0.9220205512340344,0.31082237609896524
9602,164789,5,9602,4000,0.9221165850379334,0.31121139033688633
9603,165085,5,9603,4005,0.9222126188418324,0.3116004045748074
9604,165280,5,9604,4010,0.9223086526457313,0.31198941881272857
9605,165322,5,9605,4015,0.9224046864496303,0.31237843305064966
9606,165570,5,9606,4020,0.9225007202535292,0.31276744728857075
9607,165650,5,9607,4025,0.9225967540574282,0.31315646152649185
9608,165857,5,9608,4030,0.9226927878613271,0.313545475764413
9609,165922,5,9609,4035,0.9227888216652261,0.3139344900023341
9610,165974,5,9610,4040,0.9228848554691251,0.3143235042402552
9611,166013,5,9611,4045,0.9229808892730241,0.31471251847817633
9612,166094,5,9612,4050,0.9230769230769231,0.3151015327160974
9613,166151,5,9613,4055,0.923172956880822,0.3154905469540185
9614,166432,5,9614,4060,0.923268990684721,0.3158795611919396
9615,166522,5,9615,4065,0.92336502448862,0.31626857542986075
9616,166537,5,9616,4070,0.923461058292519,0.31665758966778185
9617,166778,5,9617,4075,0.9235570920964179,0.31704660390570294
9618,166845,5,9618,4080,0.9236531259003169,0.31743561814362403
9619,166930,5,9619,4085,0.9237491597042159,0.3178246323815452
9620,167069,5,9620,4090,0.9238451935081149,0.3182136466194663
9621,167121,5,9621,4095,0.9239412273120138,0.31860266085738737
9622,167196,5,9622,4100,0.9240372611159128,0.3189916750953085
9623,167315,5,9623,4105,0.9241332949198118,0.3193806893332296
9624,167636,5,9624,4110,0.9242293287237108,0.3197697035711507
9625,167665,5,9625,4115,0.9243253625276098,0.3201587178090718
9626,167707,5,9626,4120,0.9244213963315087,0.32054773204699294
9627,167726,5,9627,4125,0.9245174301354077,0.32093674628491403
9628,168197,5,9628,4130,0.9246134639393067,0.3213257605228351
9629,168396,5,9629,4135,0.9247094977432057,0.3217147747607562
9630,168430,5,9630,4140,0.9248055315471045,0.32210378899867737
9631,168431,5,9631,4145,0.9249015653510035,0.32249280323659846
9632,168462,5,9632,4150,0.9249975991549025,0.32288181747451955
9633,168511,5,9633,4155,0.9250936329588015,0.3232708317124407
9634,168617,5,9634,4160,0.9251896667627004,0.3236598459503618
9635,168649,5,9635,4165,0.9252857005665994,0.3240488601882829
9636,168782,5,9636,4170,0.9253817343704984,0.324437874426204
9637,168790,5,9637,4175,0.9254777681743974,0.3248268886641251
9638,168828,5,9638,4180,0.9255738019782963,0.3252159029020462
9639,168891,5,9639,4185,0.9256698357821953,0.3256049171399673
9640,168922,5,9640,4190,0.9257658695860943,0.32599393137788846
9641,169283,5,9641,4195,0.9258619033899933,0.32638294561580955
9642,169286,5,9642,4200,0.9259579371938923,0.32677195985373064
9643,169741,5,9643,4205,0.9260539709977912,0.32716097409165174
9644,170060,5,9644,4210,0.9261500048016902,0.3275499883295729
9645,170253,5,9645,4215,0.9262460386055892,0.327939002567494
9646,170396,5,9646,4220,0.9263420724094882,0.32832801680541507
9647,170533,5,9647,4225,0.9264381062133871,0.32871703104333616
9648,170565,5,9648,4230,0.9265341400172861,0.3291060452812573
9649,170597,5,9649,4235,0.9266301738211851,0.3294950595191784
9650,170765,5,9650,4240,0.9267262076250841,0.3298840737570995
9651,170911,5,9651,4245,0.926822241428983,0.33027308799502064
9652,171108,5,9652,4250,0.926918275232882,0.33066210223294173
9653,171207,5,9653,4255,0.927014309036781,0.3310511164708628
9654,171457,5,9654,4260,0.92711034284068,0.3314401307087839
9655,171482,5,9655,4265,0.927206376644579,0.33182914494670507
9656,171532,5,9656,4270,0.9273024104484778,0.33221815918462616
9657,171838,5,9657,4275,0.9273984442523768,0.33260717342254725
9658,171857,5,9658,4280,0.9274944780562758,0.33299618766046835
9659,171895,5,9659,4285,0.9275905118601748,0.3333852018983895
9660,171990,5,9660,4290,0.9276865456640737,0.3337742161363106
9661,172087,5,9661,4295,0.9277825794679727,0.3341632303742317
9662,172709,5,9662,4300,0.9278786132718717,0.3345522446121528
9663,172833,5,9663,4305,0.9279746470757707,0.3349412588500739
9664,173160,5,9664,4310,0.9280706808796696,0.335330273087995
9665,174051,5,9665,4315,0.9281667146835686,0.3357192873259161
9666,174093,5,9666,4320,0.9282627484874676,0.33610830156383725
9667,174761,5,9667,4325,0.9283587822913666,0.33649731580175835
9668,174856,5,9668,4330,0.9284548160952655,0.33688633003967944
9669,174866,5,9669,4335,0.9285508498991645,0.3372753442776006
9670,175015,5,9670,4340,0.9286468837030635,0.3376643585155217
9671,175169,5,9671,4345,0.9287429175069625,0.33805337275344277
9672,175309,5,9672,4350,0.9288389513108615,0.33844238699136386
9673,175334,5,9673,4355,0.9289349851147604,0.338831401229285
9674,175412,5,9674,4360,0.9290310189186594,0.3392204154672061
9675,175546,5,9675,4365,0.9291270527225584,0.3396094297051272
9676,175836,5,9676,4370,0.9292230865264574,0.3399984439430483
9677,176205,5,9677,4375,0.9293191203303562,0.34038745818096944
9678,176657,5,9678,4380,0.9294151541342552,0.34077647241889053
9679,176867,5,9679,4385,0.9295111879381542,0.3411654866568116
9680,177081,5,9680,4390,0.9296072217420532,0.34155450089473277
9681,177180,5,9681,4395,0.9297032555459521,0.34194351513265386
9682,177254,5,9682,4400,0.9297992893498511,0.34233252937057496
9683,177384,5,9683,4405,0.9298953231537501,0.34272154360849605
9684,177393,5,9684,4410,0.9299913569576491,0.3431105578464172
9685,177453,5,9685,4415,0.9300873907615481,0.3434995720843383
9686,177586,5,9686,4420,0.930183424565447,0.3438885863222594
9687,177708,5,9687,4425,0.930279458369346,0.34427760056018053
9688,177779,5,9688,4430,0.930375492173245,0.3446666147981016
9689,177820,5,9689,4435,0.930471525977144,0.3450556290360227
9690,178039,5,9690,4440,0.9305675597810429,0.3454446432739438
9691,178120,5,9691,4445,0.9306635935849419,0.34583365751186496
9692,178182,5,9692,4450,0.9307596273888409,0.34622267174978605
9693,178311,5,9693,4455,0.9308556611927399,0.34661168598770714
9694,178326,5,9694,4460,0.9309516949966388,0.34700070022562823
9695,178368,5,9695,4465,0.9310477288005378,0.3473897144635494
9696,178649,5,9696,4470,0.9311437626044368,0.3477787287014705
9697,178748,5,9697,4475,0.9312397964083358,0.34816774293939157
9698,178823,5,9698,4480,0.9313358302122348,0.3485567571773127
9699,178878,5,9699,4485,0.9314318640161336,0.3489457714152338
9700,178926,5,9700,4490,0.9315278978200326,0.3493347856531549
9701,178966,5,9701,4495,0.9316239316239316,0.349723799891076
9702,179096,5,9702,4500,0.9317199654278306,0.35011281412899714
9703,179392,5,9703,4505,0.9318159992317295,0.35050182836691823
9704,179673,5,9704,4510,0.9319120330356285,0.3508908426048393
9705,179690,5,9705,4515,0.9320080668395275,0.3512798568427604
9706,179767,5,9706,4520,0.9321041006434265,0.35166887108068157
9707,179986,5,9707,4525,0.9322001344473254,0.35205788531860266
9708,180048,5,9708,4530,0.9322961682512244,0.35244689955652375
9709,180187,5,9709,4535,0.9323922020551234,0.3528359137944449
9710,180214,5,9710,4540,0.9324882358590224,0.353224928032366
9711,180277,5,9711,4545,0.9325842696629213,0.3536139422702871
9712,180290,5,9712,4550,0.9326803034668203,0.3540029565082082
9713,180389,5,9713,4555,0.9327763372707193,0.3543919707461293
9714,180431,5,9714,4560,0.9328723710746183,0.3547809849840504
9715,180613,5,9715,4565,0.9329684048785173,0.3551699992219715
9716,180622,5,9716,4570,0.9330644386824162,0.35555901345989266
9717,180625,5,9717,4575,0.9331604724863152,0.35594802769781375
9718,180629,5,9718,4580,0.9332565062902142,0.35633704193573484
9719,180642,5,9719,4585,0.9333525400941132,0.35672605617365594
9720,180659,5,9720,4590,0.9334485738980121,0.3571150704115771
9721,181012,5,9721,4595,0.9335446077019111,0.3575040846494982
9722,181137,5,9722,4600,0.93364064150581,0.35789309888741927
9723,181192,5,9723,4605,0.933736675309709,0.35828211312534036
9724,181481,5,9724,4610,0.9338327091136079,0.3586711273632615
9725,181624,5,9725,4615,0.9339287429175069,0.3590601416011826
9726,181679,5,9726,4620,0.9340247767214059,0.3594491558391037
9727,181728,5,9727,4625,0.9341208105253049,0.35983817007702484
9728,181753,5,9728,4630,0.9342168443292039,0.36022718431494594
9729,182446,5,9729,4635,0.9343128781331028,0.36061619855286703
9730,182826,5,9730,4640,0.9344089119370018,0.3610052127907881
9731,161913,6,9731,4646,0.9345049457409008,0.36147202987629345
9732,162702,6,9732,4652,0.9346009795447998,0.3619388469617988
9733,162928,6,9733,4658,0.9346970133486987,0.3624056640473041
9734,163014,6,9734,4664,0.9347930471525977,0.36287248113280945
9735,163036,6,9735,4670,0.9348890809564967,0.3633392982183148
9736,163055,6,9736,4676,0.9349851147603957,0.3638061153038201
9737,163534,6,9737,4682,0.9350811485642946,0.36427293238932545
9738,164891,6,9738,4688,0.9351771823681936,0.3647397494748308
9739,165259,6,9739,4694,0.9352732161720926,0.3652065665603361
9740,165390,6,9740,4700,0.9353692499759916,0.36567338364584145
9741,165744,6,9741,4706,0.9354652837798905,0.3661402007313468
9742,165947,6,9742,4712,0.9355613175837895,0.3666070178168521
9743,166187,6,9743,4718,0.9356573513876885,0.3670738349023574
9744,166191,6,9744,4724,0.9357533851915875,0.36754065198786273
9745,166235,6,9745,4730,0.9358494189954865,0.36800746907336807
9746,166236,6,9746,4736,0.9359454527993853,0.3684742861588734
9747,166241,6,9747,4742,0.9360414866032843,0.36894110324437873
9748,166245,6,9748,4748,0.9361375204071833,0.36940792032988407
9749,166363,6,9749,4754,0.9362335542110823,0.3698747374153894
9750,166368,6,9750,4760,0.9363295880149812,0.37034155450089473
9751,166525,6,9751,4766,0.9364256218188802,0.37080837158640007
9752,166991,6,9752,4772,0.9365216556227792,0.3712751886719054
9753,167073,6,9753,4778,0.9366176894266782,0.37174200575741073
9754,167316,6,9754,4784,0.9367137232305771,0.37220882284291607
9755,167374,6,9755,4790,0.9368097570344761,0.3726756399284214
9756,167391,6,9756,4796,0.9369057908383751,0.37314245701392673
9757,167700,6,9757,4802,0.9370018246422741,0.37360927409943206
9758,167778,6,9758,4808,0.9370978584461731,0.37407609118493734
9759,168093,6,9759,4814,0.937193892250072,0.3745429082704427
9760,168270,6,9760,4820,0.937289926053971,0.375009725355948
9761,168350,6,9761,4826,0.93738595985787,0.37547654244145334
9762,168466,6,9762,4832,0.937481993661769,0.3759433595269587
9763,168515,6,9763,4838,0.9375780274656679,0.376410176612464
9764,168591,6,9764,4844,0.9376740612695669,0.37687699369796934
9765,168778,6,9765,4850,0.9377700950734659,0.3773438107834747
9766,168854,6,9766,4856,0.9378661288773649,0.37781062786898
9767,168885,6,9767,4862,0.9379621626812638,0.37827744495448534
9768,169152,6,9768,4868,0.9380581964851628,0.3787442620399907
9769,169253,6,9769,4874,0.9381542302890618,0.379211079125496
9770,169277,6,9770,4880,0.9382502640929608,0.37967789621100134
9771,169572,6,9771,4886,0.9383462978968597,0.3801447132965067
9772,169813,6,9772,4892,0.9384423317007586,0.380611530382012
9773,169907,6,9773,4898,0.9385383655046576,0.3810783474675173
9774,170462,6,9774,4904,0.9386343993085566,0.3815451645530226
9775,170534,6,9775,4910,0.9387304331124556,0.38201198163852795
9776,170567,6,9776,4916,0.9388264669163545,0.3824787987240333
9777,170843,6,9777,4922,0.9389225007202535,0.3829456158095386
9778,170865,6,9778,4928,0.9390185345241525,0.38341243289504395
9779,170890,6,9779,4934,0.9391145683280515,0.3838792499805493
9780,170938,6,9780,4940,0.9392106021319504,0.3843460670660546
9781,171208,6,9781,4946,0.9393066359358494,0.38481288415155995
9782,171267,6,9782,4952,0.9394026697397484,0.3852797012370653
9783,171525,6,9783,4958,0.9394987035436474,0.3857465183225706
9784,171621,6,9784,4964,0.9395947373475463,0.38621333540807595
9785,171780,6,9785,4970,0.9396907711514453,0.3866801524935813
9786,172135,6,9786,4976,0.9397868049553443,0.3871469695790866
9787,172145,6,9787,4982,0.9398828387592433,0.3876137866645919
9788,172247,6,9788,4988,0.9399788725631423,0.38808060375009723
9789,172251,6,9789,4994,0.9400749063670412,0.38854742083560256
9790,172279,6,9790,5000,0.9401709401709402,0.3890142379211079
9791,172518,6,9791,5006,0.9402669739748392,0.38948105500661323
9792,172614,6,9792,5012,0.9403630077787382,0.38994787209211856
9793,172820,6,9793,5018,0.940459041582637,0.3904146891776239
9794,173422,6,9794,5024,0.940555075386536,0.39088150626312923
9795,173914,6,9795,5030,0.940651109190435,0.39134832334863456
9796,174124,6,9796,5036,0.940747142994334,0.3918151404341399
9797,174149,6,9797,5042,0.9408431767982329,0.39228195751964523
9798,174279,6,9798,5048,0.9409392106021319,0.39274877460515056
9799,174581,6,9799,5054,0.9410352444060309,0.3932155916906559
9800,174709,6,9800,5060,0.9411312782099299,0.39368240877616123
9801,174882,6,9801,5066,0.9412273120138289,0.39414922586166656
9802,175041,6,9802,5072,0.9413233458177278,0.39461604294717184
9803,175254,6,9803,5078,0.9414193796216268,0.3950828600326772
9804,175441,6,9804,5084,0.9415154134255258,0.3955496771181825
9805,175637,6,9805,5090,0.9416114472294248,0.39601649420368784
9806,175787,6,9806,5096,0.9417074810333237,0.3964833112891932
9807,176099,6,9807,5102,0.9418035148372227,0.3969501283746985
9808,176453,6,9808,5108,0.9418995486411217,0.39741694546020384
9809,176710,6,9809,5114,0.9419955824450207,0.3978837625457092
9810,176880,6,9810,5120,0.9420916162489196,0.3983505796312145
9811,176899,6,9811,5126,0.9421876500528186,0.39881739671671984
9812,177067,6,9812,5132,0.9422836838567176,0.3992842138022252
9813,177148,6,9813,5138,0.9423797176606166,0.3997510308877305
9814,177247,6,9814,5144,0.9424757514645155,0.40021784797323584
9815,177339,6,9815,5150,0.9425717852684145,0.4006846650587412
9816,177379,6,9816,5156,0.9426678190723135,0.40115148214424645
9817,177902,6,9817,5162,0.9427638528762124,0.4016182992297518
9818,177913,6,9818,5168,0.9428598866801114,0.4020851163152571
9819,177915,6,9819,5174,0.9429559204840103,0.40255193340076245
9820,178026,6,9820,5180,0.9430519542879093,0.4030187504862678
9821,178371,6,9821,5186,0.9431479880918083,0.4034855675717731
9822,178500,6,9822,5192,0.9432440218957073,0.40395238465727845
9823,178611,6,9823,5198,0.9433400556996062,0.4044192017427838
9824,178654,6,9824,5204,0.9434360895035052,0.4048860188282891
9825,179041,6,9825,5210,0.9435321233074042,0.40535283591379445
9826,179194,6,9826,5216,0.9436281571113032,0.4058196529992998
9827,179401,6,9827,5222,0.9437241909152021,0.4062864700848051
9828,179472,6,9828,5228,0.9438202247191011,0.40675328717031045
9829,179543,6,9829,5234,0.9439162585230001,0.4072201042558158
9830,179667,6,9830,5240,0.9440122923268991,0.4076869213413211
9831,179791,6,9831,5246,0.9441083261307981,0.4081537384268264
9832,179815,6,9832,5252,0.944204359934697,0.40862055551233173
9833,179871,6,9833,5258,0.944300393738596,0.40908737259783706
9834,180040,6,9834,5264,0.944396427542495,0.4095541896833424
9835,180068,6,9835,5270,0.944492461346394,0.41002100676884773
9836,180155,6,9836,5276,0.9445884951502929,0.41048782385435306
9837,180286,6,9837,5282,0.9446845289541919,0.4109546409398584
9838,180643,6,9838,5288,0.9447805627580909,0.41142145802536373
9839,180754,6,9839,5294,0.9448765965619899,0.41188827511086906
9840,180943,6,9840,5300,0.9449726303658887,0.4123550921963744
9841,180982,6,9841,5306,0.9450686641697877,0.41282190928187973
9842,181017,6,9842,5312,0.9451646979736867,0.41328872636738506
9843,181193,6,9843,5318,0.9452607317775857,0.4137555434528904
9844,181577,6,9844,5324,0.9453567655814847,0.41422236053839573
9845,182038,6,9845,5330,0.9454527993853836,0.41468917762390106
9846,182113,6,9846,5336,0.9455488331892826,0.41515599470940634
9847,182225,6,9847,5342,0.9456448669931816,0.4156228117949117
9848,182380,6,9848,5348,0.9457409007970806,0.416089628880417
9849,182569,6,9849,5354,0.9458369346009795,0.41655644596592234
9850,182613,6,9850,5360,0.9459329684048785,0.4170232630514277
9851,182642,6,9851,5366,0.9460290022087775,0.417490080136933
9852,182671,6,9852,5372,0.9461250360126765,0.41795689722243834
9853,182831,6,9853,5378,0.9462210698165754,0.4184237143079437
9854,182868,6,9854,5384,0.9463171036204744,0.418890531393449
9855,157920,7,9855,5391,0.9464131374243734,0.4194351513265385
9856,162234,7,9856,5398,0.9465091712282724,0.4199797712596281
9857,162363,7,9857,5405,0.9466052050321713,0.4205243911927177
9858,162407,7,9858,5412,0.9467012388360703,0.4210690111258072
9859,162528,7,9859,5419,0.9467972726399693,0.42161363105889677
9860,162781,7,9860,5426,0.9468933064438683,0.4221582509919863
9861,162941,7,9861,5433,0.9469893402477673,0.42270287092507586
9862,163009,7,9862,5440,0.9470853740516662,0.42324749085816543
9863,163360,7,9863,5447,0.9471814078555651,0.42379211079125495
9864,163362,7,9864,5454,0.9472774416594641,0.4243367307243445
9865,163393,7,9865,5461,0.9473734754633631,0.42488135065743404
9866,163449,7,9866,5468,0.947469509267262,0.4254259705905236
9867,163590,7,9867,5475,0.947565543071161,0.4259705905236132
9868,164065,7,9868,5482,0.94766157687506,0.4265152104567027
9869,164617,7,9869,5489,0.947757610678959,0.4270598303897923
9870,164630,7,9870,5496,0.9478536444828579,0.4276044503228818
9871,164835,7,9871,5503,0.9479496782867569,0.4281490702559714
9872,165035,7,9872,5510,0.9480457120906559,0.4286936901890609
9873,165053,7,9873,5517,0.9481417458945549,0.42923831012215047
9874,165106,7,9874,5524,0.9482377796984539,0.42978293005524004
9875,165297,7,9875,5531,0.9483338135023528,0.43032754998832956
9876,165316,7,9876,5538,0.9484298473062518,0.43087216992141913
9877,165943,7,9877,5545,0.9485258811101508,0.43141678985450865
9878,165990,7,9878,5552,0.9486219149140498,0.4319614097875982
9879,166149,7,9879,5559,0.9487179487179487,0.4325060297206878
9880,166232,7,9880,5566,0.9488139825218477,0.4330506496537773
9881,166328,7,9881,5573,0.9489100163257467,0.4335952695868669
9882,166960,7,9882,5580,0.9490060501296457,0.4341398895199564
9883,167097,7,9883,5587,0.9491020839335446,0.434684509453046
9884,167212,7,9884,5594,0.9491981177374436,0.4352291293861355
9885,167369,7,9885,5601,0.9492941515413426,0.4357737493192251
9886,167599,7,9886,5608,0.9493901853452416,0.43631836925231465
9887,167631,7,9887,5615,0.9494862191491404,0.43686298918540417
9888,167641,7,9888,5622,0.9495822529530394,0.43740760911849375
9889,167671,7,9889,5629,0.9496782867569384,0.43795222905158326
9890,168115,7,9890,5636,0.9497743205608374,0.43849684898467284
9891,168116,7,9891,5643,0.9498703543647364,0.4390414689177624
9892,168299,7,9892,5650,0.9499663881686353,0.43958608885085193
9893,168434,7,9893,5657,0.9500624219725343,0.4401307087839415
9894,168447,7,9894,5664,0.9501584557764333,0.440675328717031
9895,168451,7,9895,5671,0.9502544895803323,0.4412199486501206
9896,168493,7,9896,5678,0.9503505233842312,0.44176456858321017
9897,168608,7,9897,5685,0.9504465571881302,0.4423091885162997
9898,168747,7,9898,5692,0.9505425909920292,0.44285380844938926
9899,168850,7,9899,5699,0.9506386247959282,0.4433984283824788
9900,169728,7,9900,5706,0.9507346585998271,0.44394304831556836
9901,170525,7,9901,5713,0.9508306924037261,0.4444876682486579
9902,170535,7,9902,5720,0.9509267262076251,0.44503228818174745
9903,170671,7,9903,5727,0.9510227600115241,0.445576908114837
9904,170677,7,9904,5734,0.9511187938154231,0.44612152804792654
9905,170775,7,9905,5741,0.951214827619322,0.4466661479810161
9906,171084,7,9906,5748,0.951310861423221,0.44721076791410563
9907,171764,7,9907,5755,0.95140689522712,0.4477553878471952
9908,171826,7,9908,5762,0.951502929031019,0.4483000077802848
9909,171858,7,9909,5769,0.9515989628349178,0.4488446277133743
9910,172180,7,9910,5776,0.9516949966388168,0.4493892476464639
9911,172338,7,9911,5783,0.9517910304427158,0.4499338675795534
9912,172545,7,9912,5790,0.9518870642466148,0.45047848751264297
9913,173815,7,9913,5797,0.9519830980505137,0.45102310744573254
9914,174190,7,9914,5804,0.9520791318544127,0.45156772737882206
9915,174517,7,9915,5811,0.9521751656583117,0.45211234731191163
9916,174539,7,9916,5818,0.9522711994622107,0.45265696724500115
9917,174635,7,9917,5825,0.9523672332661097,0.4532015871780907
9918,174748,7,9918,5832,0.9524632670700086,0.45374620711118024
9919,174926,7,9919,5839,0.9525593008739076,0.4542908270442698
9920,175103,7,9920,5846,0.9526553346778066,0.4548354469773594
9921,175535,7,9921,5853,0.9527513684817056,0.4553800669104489
9922,175864,7,9922,5860,0.9528474022856045,0.4559246868435385
9923,176100,7,9923,5867,0.9529434360895035,0.456469306776628
9924,176108,7,9924,5874,0.9530394698934025,0.4570139267097176
9925,176726,7,9925,5881,0.9531355036973015,0.45755854664280715
9926,176896,7,9926,5888,0.9532315375012004,0.45810316657589667
9927,176938,7,9927,5895,0.9533275713050994,0.45864778650898624
9928,177100,7,9928,5902,0.9534236051089984,0.45919240644207576
9929,177225,7,9929,5909,0.9535196389128974,0.45973702637516534
9930,177345,7,9930,5916,0.9536156727167963,0.46028164630825485
9931,177427,7,9931,5923,0.9537117065206953,0.46082626624134443
9932,177429,7,9932,5930,0.9538077403245943,0.461370886174434
9933,177459,7,9933,5937,0.9539037741284933,0.4619155061075235
9934,177472,7,9934,5944,0.9539998079323923,0.4624601260406131
9935,178661,7,9935,5951,0.9540958417362911,0.4630047459737026
9936,178731,7,9936,5958,0.9541918755401901,0.4635493659067922
9937,178750,7,9937,5965,0.9542879093440891,0.46409398583988176
9938,178914,7,9938,5972,0.9543839431479881,0.4646386057729713
9939,178974,7,9939,5979,0.954479976951887,0.46518322570606085
9940,178997,7,9940,5986,0.954576010755786,0.4657278456391504
9941,179010,7,9941,5993,0.954672044559685,0.46627246557223995
9942,179111,7,9942,6000,0.954768078363584,0.4668170855053295
9943,179541,7,9943,6007,0.9548641121674829,0.46736170543841904
9944,179546,7,9944,6014,0.9549601459713819,0.4679063253715086
9945,179678,7,9945,6021,0.9550561797752809,0.46845094530459813
9946,179768,7,9946,6028,0.9551522135791799,0.4689955652376877
9947,179788,7,9947,6035,0.9552482473830789,0.4695401851707772
9948,179941,7,9948,6042,0.9553442811869778,0.4700848051038668
9949,180143,7,9949,6049,0.9554403149908768,0.4706294250369564
9950,180582,7,9950,6056,0.9555363487947758,0.4711740449700459
9951,180940,7,9951,6063,0.9556323825986748,0.47171866490313547
9952,181207,7,9952,6070,0.9557284164025737,0.472263284836225
9953,181278,7,9953,6077,0.9558244502064727,0.47280790476931456
9954,181288,7,9954,6084,0.9559204840103717,0.47335252470240413
9955,181386,7,9955,6091,0.9560165178142707,0.47389714463549365
9956,181456,7,9956,6098,0.9561125516181695,0.4744417645685832
9957,181483,7,9957,6105,0.9562085854220685,0.47498638450167274
9958,182648,7,9958,6112,0.9563046192259675,0.4755310044347623
9959,182660,7,9959,6119,0.9564006530298665,0.4760756243678519
9960,182682,7,9960,6126,0.9564966868337654,0.4766202443009414
9961,162440,8,9961,6134,0.9565927206376644,0.47724266708161517
9962,162586,8,9962,6142,0.9566887544415634,0.477865089862289
9963,162955,8,9963,6150,0.9567847882454624,0.47848751264296274
9964,163155,8,9964,6158,0.9568808220493614,0.4791099354236365
9965,163202,8,9965,6166,0.9569768558532603,0.47973235820431026
9966,163425,8,9966,6174,0.9570728896571593,0.4803547809849841
9967,163742,8,9967,6182,0.9571689234610583,0.48097720376565783
9968,164283,8,9968,6190,0.9572649572649573,0.4815996265463316
9969,164476,8,9969,6198,0.9573609910688562,0.48222204932700535
9970,164578,8,9970,6206,0.9574570248727552,0.48284447210767917
9971,164699,8,9971,6214,0.9575530586766542,0.4834668948883529
9972,164802,8,9972,6222,0.9576490924805532,0.4840893176690267
9973,165021,8,9973,6230,0.9577451262844521,0.48471174044970045
9974,165388,8,9974,6238,0.9578411600883511,0.4853341632303742
9975,165487,8,9975,6246,0.9579371938922501,0.485956586011048
9976,165712,8,9976,6254,0.9580332276961491,0.4865790087917218
9977,166229,8,9977,6262,0.9581292615000481,0.48720143157239554
9978,166287,8,9978,6270,0.958225295303947,0.4878238543530693
9979,166743,8,9979,6278,0.958321329107846,0.4884462771337431
9980,166793,8,9980,6286,0.958417362911745,0.48906869991441687
9981,167095,8,9981,6294,0.958513396715644,0.48969112269509063
9982,167234,8,9982,6302,0.9586094305195428,0.4903135454757644
9983,167289,8,9983,6310,0.9587054643234418,0.4909359682564382
9984,167322,8,9984,6318,0.9588014981273408,0.49155839103711196
9985,167594,8,9985,6326,0.9588975319312398,0.4921808138177857
9986,167654,8,9986,6334,0.9589935657351387,0.4928032365984595
9987,168035,8,9987,6342,0.9590895995390377,0.4934256593791333
9988,168079,8,9988,6350,0.9591856333429367,0.49404808215980706
9989,168172,8,9989,6358,0.9592816671468357,0.4946705049404808
9990,168212,8,9990,6366,0.9593777009507347,0.4952929277211546
9991,168335,8,9991,6374,0.9594737347546336,0.4959153505018284
9992,168445,8,9992,6382,0.9595697685585326,0.49653777328250215
9993,168476,8,9993,6390,0.9596658023624316,0.4971601960631759
9994,168811,8,9994,6398,0.9597618361663306,0.49778261884384967
9995,169049,8,9995,6406,0.9598578699702295,0.4984050416245235
9996,169489,8,9996,6414,0.9599539037741285,0.49902746440519724
9997,169877,8,9997,6422,0.9600499375780275,0.499649887185871
9998,171703,8,9998,6430,0.9601459713819265,0.5002723099665448
9999,172216,8,9999,6438,0.9602420051858254,0.5008947327472185
10000,172301,8,10000,6446,0.9603380389897244,0.5015171555278923
10001,173489,8,10001,6454,0.9604340727936234,0.5021395783085661
10002,174453,8,10002,6462,0.9605301065975224,0.5027620010892399
10003,174670,8,10003,6470,0.9606261404014212,0.5033844238699137
10004,175068,8,10004,6478,0.9607221742053202,0.5040068466505874
10005,176144,8,10005,6486,0.9608182080092192,0.5046292694312612
10006,176720,8,10006,6494,0.9609142418131182,0.505251692211935
10007,177040,8,10007,6502,0.9610102756170172,0.5058741149926087
10008,177048,8,10008,6510,0.9611063094209161,0.5064965377732825
10009,177217,8,10009,6518,0.9612023432248151,0.5071189605539562
10010,177252,8,10010,6526,0.9612983770287141,0.50774138333463
10011,177378,8,10011,6534,0.9613944108326131,0.5083638061153039
10012,177601,8,10012,6542,0.961490444636512,0.5089862288959776
10013,177611,8,10013,6550,0.961586478440411,0.5096086516766514
10014,177650,8,10014,6558,0.96168251224431,0.5102310744573252
10015,177721,8,10015,6566,0.961778546048209,0.5108534972379989
10016,178032,8,10016,6574,0.9618745798521079,0.5114759200186727
10017,178205,8,10017,6582,0.9619706136560069,0.5120983427993464
10018,178402,8,10018,6590,0.9620666474599059,0.5127207655800202
10019,178622,8,10019,6598,0.9621626812638049,0.513343188360694
10020,179191,8,10020,6606,0.9622587150677039,0.5139656111413677
10021,179232,8,10021,6614,0.9623547488716028,0.5145880339220416
10022,179278,8,10022,6622,0.9624507826755018,0.5152104567027154
10023,179283,8,10023,6630,0.9625468164794008,0.5158328794833891
10024,179348,8,10024,6638,0.9626428502832998,0.5164553022640629
10025,179453,8,10025,6646,0.9627388840871987,0.5170777250447366
10026,179656,8,10026,6654,0.9628349178910977,0.5177001478254104
10027,179958,8,10027,6662,0.9629309516949967,0.5183225706060842
10028,180370,8,10028,6670,0.9630269854988956,0.5189449933867579
10029,180528,8,10029,6678,0.9631230193027945,0.5195674161674317
10030,180700,8,10030,6686,0.9632190531066935,0.5201898389481056
10031,180776,8,10031,6694,0.9633150869105925,0.5208122617287793
10032,181040,8,10032,6702,0.9634111207144915,0.5214346845094531
10033,181444,8,10033,6710,0.9635071545183904,0.5220571072901268
10034,181857,8,10034,6718,0.9636031883222894,0.5226795300708006
10035,182641,8,10035,6726,0.9636992221261884,0.5233019528514744
10036,182673,8,10036,6734,0.9637952559300874,0.5239243756321481
10037,165683,9,10037,6743,0.9638912897339864,0.5246246012604061
10038,165839,9,10038,6752,0.9639873235378853,0.5253248268886641
10039,165872,9,10039,6761,0.9640833573417843,0.5260250525169221
10040,165937,9,10040,6770,0.9641793911456833,0.5267252781451801
10041,166108,9,10041,6779,0.9642754249495823,0.5274255037734381
10042,166289,9,10042,6788,0.9643714587534812,0.5281257294016961
10043,166524,9,10043,6797,0.9644674925573802,0.5288259550299541
10044,166757,9,10044,6806,0.9645635263612792,0.5295261806582121
10045,167061,9,10045,6815,0.9646595601651782,0.5302264062864701
10046,167354,9,10046,6824,0.9647555939690771,0.5309266319147281
10047,167380,9,10047,6833,0.9648516277729761,0.5316268575429861
10048,167455,9,10048,6842,0.9649476615768751,0.5323270831712441
10049,167805,9,10049,6851,0.9650436953807741,0.5330273087995021
10050,168388,9,10050,6860,0.9651397291846731,0.5337275344277601
10051,168516,9,10051,6869,0.9652357629885719,0.534427760056018
10052,169122,9,10052,6878,0.9653317967924709,0.535127985684276
10053,169574,9,10053,6887,0.9654278305963699,0.535828211312534
10054,169575,9,10054,6896,0.9655238644002689,0.536528436940792
10055,170090,9,10055,6905,0.9656198982041678,0.53722866256905
10056,170318,9,10056,6914,0.9657159320080668,0.537928888197308
10057,170909,9,10057,6923,0.9658119658119658,0.538629113825566
10058,171553,9,10058,6932,0.9659079996158648,0.539329339453824
10059,171588,9,10059,6941,0.9660040334197637,0.540029565082082
10060,173724,9,10060,6950,0.9661000672236627,0.54072979071034
10061,174144,9,10061,6959,0.9661961010275617,0.541430016338598
10062,174957,9,10062,6968,0.9662921348314607,0.542130241966856
10063,174970,9,10063,6977,0.9663881686353597,0.542830467595114
10064,175178,9,10064,6986,0.9664842024392586,0.543530693223372
10065,176200,9,10065,6995,0.9665802362431576,0.54423091885163
10066,176891,9,10066,7004,0.9666762700470566,0.544931144479888
10067,177054,9,10067,7013,0.9667723038509556,0.545631370108146
10068,177121,9,10068,7022,0.9668683376548545,0.546331595736404
10069,177346,9,10069,7031,0.9669643714587535,0.547031821364662
10070,177423,9,10070,7040,0.9670604052626525,0.5477320469929199
10071,177711,9,10071,7049,0.9671564390665515,0.5484322726211779
10072,178226,9,10072,7058,0.9672524728704504,0.5491324982494359
10073,178613,9,10073,7067,0.9673485066743494,0.5498327238776939
10074,178973,9,10074,7076,0.9674445404782483,0.5505329495059519
10075,179017,9,10075,7085,0.9675405742821473,0.5512331751342099
10076,179021,9,10076,7094,0.9676366080860462,0.5519334007624679
10077,179421,9,10077,7103,0.9677326418899452,0.5526336263907259
10078,179535,9,10078,7112,0.9678286756938442,0.5533338520189839
10079,179737,9,10079,7121,0.9679247094977432,0.5540340776472419
10080,180154,9,10080,7130,0.9680207433016422,0.5547343032754999
10081,180425,9,10081,7139,0.9681167771055411,0.5554345289037579
10082,180502,9,10082,7148,0.9682128109094401,0.5561347545320159
10083,180808,9,10083,7157,0.9683088447133391,0.5568349801602739
10084,182132,9,10084,7166,0.9684048785172381,0.5575352057885319
10085,182197,9,10085,7175,0.968500912321137,0.5582354314167899
10086,182238,9,10086,7184,0.968596946125036,0.5589356570450479
10087,182461,9,10087,7193,0.968692979928935,0.5596358826733059
10088,182620,9,10088,7202,0.968789013732834,0.5603361083015639
10089,162138,10,10089,7212,0.9688850475367329,0.5611141367774061
10090,162752,10,10090,7222,0.9689810813406319,0.5618921652532483
10091,162831,10,10091,7232,0.9690771151445309,0.5626701937290904
10092,162836,10,10092,7242,0.9691731489484299,0.5634482222049327
10093,163022,10,10093,7252,0.9692691827523289,0.5642262506807749
10094,163267,10,10094,7262,0.9693652165562278,0.5650042791566171
10095,164530,10,10095,7272,0.9694612503601268,0.5657823076324594
10096,164823,10,10096,7282,0.9695572841640258,0.5665603361083016
10097,165114,10,10097,7292,0.9696533179679248,0.5673383645841438
10098,165392,10,10098,7302,0.9697493517718236,0.568116393059986
10099,165771,10,10099,7312,0.9698453855757226,0.5688944215358283
10100,166540,10,10100,7322,0.9699414193796216,0.5696724500116704
10101,166767,10,10101,7332,0.9700374531835206,0.5704504784875126
10102,167132,10,10102,7342,0.9701334869874195,0.5712285069633548
10103,167463,10,10103,7352,0.9702295207913185,0.5720065354391971
10104,167785,10,10104,7362,0.9703255545952175,0.5727845639150393
10105,168065,10,10105,7372,0.9704215883991165,0.5735625923908815
10106,168252,10,10106,7382,0.9705176222030154,0.5743406208667238
10107,168263,10,10107,7392,0.9706136560069144,0.575118649342566
10108,168358,10,10108,7402,0.9707096898108134,0.5758966778184081
10109,168724,10,10109,7412,0.9708057236147124,0.5766747062942503
10110,168797,10,10110,7422,0.9709017574186114,0.5774527347700926
10111,169177,10,10111,7432,0.9709977912225103,0.5782307632459348
10112,170402,10,10112,7442,0.9710938250264093,0.579008791721777
10113,170552,10,10113,7452,0.9711898588303083,0.5797868201976192
10114,171040,10,10114,7462,0.9712858926342073,0.5805648486734615
10115,171748,10,10115,7472,0.9713819264381062,0.5813428771493037
10116,171788,10,10116,7482,0.9714779602420052,0.5821209056251458
10117,172519,10,10117,7492,0.9715739940459042,0.5828989341009881
10118,172783,10,10118,7502,0.9716700278498032,0.5836769625768303
10119,173588,10,10119,7512,0.971766061653702,0.5844549910526725
10120,174031,10,10120,7522,0.971862095457601,0.5852330195285147
10121,174877,10,10121,7532,0.9719581292615,0.586011048004357
10122,175454,10,10122,7542,0.972054163065399,0.5867890764801992
10123,175949,10,10123,7552,0.972150196869298,0.5875671049560414
10124,176865,10,10124,7562,0.9722462306731969,0.5883451334318837
10125,177368,10,10125,7572,0.9723422644770959,0.5891231619077258
10126,177396,10,10126,7582,0.9724382982809949,0.589901190383568
10127,177441,10,10127,7592,0.9725343320848939,0.5906792188594102
10128,177619,10,10128,7602,0.9726303658887928,0.5914572473352525
10129,177801,10,10129,7612,0.9727263996926918,0.5922352758110947
10130,177848,10,10130,7622,0.9728224334965908,0.5930133042869369
10131,177859,10,10131,7632,0.9729184673004898,0.5937913327627791
10132,177910,10,10132,7642,0.9730145011043887,0.5945693612386214
10133,177931,10,10133,7652,0.9731105349082877,0.5953473897144635
10134,178017,10,10134,7662,0.9732065687121867,0.5961254181903057
10135,178322,10,10135,7672,0.9733026025160857,0.596903446666148
10136,178656,10,10136,7682,0.9733986363199847,0.5976814751419902
10137,178713,10,10137,7692,0.9734946701238836,0.5984595036178324
10138,178751,10,10138,7702,0.9735907039277826,0.5992375320936746
10139,178903,10,10139,7712,0.9736867377316816,0.6000155605695169
10140,180503,10,10140,7722,0.9737827715355806,0.6007935890453591
10141,181550,10,10141,7732,0.9738788053394795,0.6015716175212013
10142,182592,10,10142,7742,0.9739748391433785,0.6023496459970434
10143,159685,11,10143,7753,0.9740708729472775,0.6032054773204699
10144,162236,11,10144,7764,0.9741669067511765,0.6040613086438964
10145,162375,11,10145,7775,0.9742629405550753,0.6049171399673228
10146,163244,11,10146,7786,0.9743589743589743,0.6057729712907493
10147,163378,11,10147,7797,0.9744550081628733,0.6066288026141757
10148,163519,11,10148,7808,0.9745510419667723,0.6074846339376021
10149,164356,11,10149,7819,0.9746470757706712,0.6083404652610286
10150,164457,11,10150,7830,0.9747431095745702,0.609196296584455
10151,165047,11,10151,7841,0.9748391433784692,0.6100521279078814
10152,165450,11,10152,7852,0.9749351771823682,0.6109079592313079
10153,166185,11,10153,7863,0.9750312109862672,0.6117637905547343
10154,167019,11,10154,7874,0.9751272447901661,0.6126196218781608
10155,167119,11,10155,7885,0.9752232785940651,0.6134754532015871
10156,167393,11,10156,7896,0.9753193123979641,0.6143312845250136
10157,167488,11,10157,7907,0.9754153462018631,0.6151871158484401
10158,167831,11,10158,7918,0.975511380005762,0.6160429471718665
10159,168077,11,10159,7929,0.975607413809661,0.616898778495293
10160,168513,11,10160,7940,0.97570344761356,0.6177546098187193
10161,169860,11,10161,7951,0.975799481417459,0.6186104411421458
10162,170666,11,10162,7962,0.9758955152213579,0.6194662724655723
10163,171406,11,10163,7973,0.9759915490252569,0.6203221037889987
10164,171696,11,10164,7984,0.9760875828291559,0.6211779351124251
10165,171927,11,10165,7995,0.9761836166330549,0.6220337664358515
10166,172260,11,10166,8006,0.9762796504369539,0.622889597759278
10167,172676,11,10167,8017,0.9763756842408527,0.6237454290827045
10168,172910,11,10168,8028,0.9764717180447517,0.6246012604061308
10169,173384,11,10169,8039,0.9765677518486507,0.6254570917295573
10170,173518,11,10170,8050,0.9766637856525497,0.6263129230529837
10171,173973,11,10171,8061,0.9767598194564486,0.6271687543764102
10172,174751,11,10172,8072,0.9768558532603476,0.6280245856998367
10173,176042,11,10173,8083,0.9769518870642466,0.628880417023263
10174,176933,11,10174,8094,0.9770479208681456,0.6297362483466895
10175,177068,11,10175,8105,0.9771439546720445,0.6305920796701159
10176,177319,11,10176,8116,0.9772399884759435,0.6314479109935424
10177,177485,11,10177,8127,0.9773360222798425,0.6323037423169688
10178,177528,11,10178,8138,0.9774320560837415,0.6331595736403952
10179,178135,11,10179,8149,0.9775280898876404,0.6340154049638217
10180,178179,11,10180,8160,0.9776241236915394,0.6348712362872481
10181,178181,11,10181,8171,0.9777201574954384,0.6357270676106745
10182,178203,11,10182,8182,0.9778161912993374,0.636582898934101
10183,178228,11,10183,8193,0.9779122251032364,0.6374387302575274
10184,178338,11,10184,8204,0.9780082589071353,0.6382945615809539
10185,178393,11,10185,8215,0.9781042927110343,0.6391503929043802
10186,178647,11,10186,8226,0.9782003265149333,0.6400062242278067
10187,179000,11,10187,8237,0.9782963603188323,0.6408620555512332
10188,181048,11,10188,8248,0.9783923941227312,0.6417178868746596
10189,181281,11,10189,8259,0.9784884279266302,0.6425737181980861
10190,182435,11,10190,8270,0.9785844617305292,0.6434295495215124
10191,182654,11,10191,8281,0.9786804955344282,0.6442853808449389
10192,163194,12,10192,8293,0.978776529338327,0.6452190150159496
10193,164517,12,10193,8305,0.978872563142226,0.6461526491869602
10194,166188,12,10194,8317,0.978968596946125,0.6470862833579709
10195,166816,12,10195,8329,0.979064630750024,0.6480199175289816
10196,167239,12,10196,8341,0.979160664553923,0.6489535516999922
10197,167861,12,10197,8353,0.9792566983578219,0.6498871858710029
10198,168158,12,10198,8365,0.9793527321617209,0.6508208200420136
10199,168171,12,10199,8377,0.9794487659656199,0.6517544542130242
10200,170003,12,10200,8389,0.9795447997695189,0.6526880883840348
10201,170551,12,10201,8401,0.9796408335734178,0.6536217225550455
10202,170788,12,10202,8413,0.9797368673773168,0.6545553567260561
10203,173652,12,10203,8425,0.9798329011812158,0.6554889908970668
10204,173749,12,10204,8437,0.9799289349851148,0.6564226250680775
10205,173808,12,10205,8449,0.9800249687890137,0.6573562592390881
10206,174495,12,10206,8461,0.9801210025929127,0.6582898934100988
10207,176895,12,10207,8473,0.9802170363968117,0.6592235275811095
10208,177401,12,10208,8485,0.9803130702007107,0.6601571617521201
10209,177953,12,10209,8497,0.9804091040046097,0.6610907959231308
10210,177974,12,10210,8509,0.9805051378085086,0.6620244300941415
10211,178051,12,10211,8521,0.9806011716124076,0.6629580642651521
10212,178720,12,10212,8533,0.9806972054163066,0.6638916984361628
10213,181389,12,10213,8545,0.9807932392202056,0.6648253326071735
10214,182367,12,10214,8557,0.9808892730241044,0.6657589667781841
10215,162567,13,10215,8570,0.9809853068280034,0.666770403796779
10216,163054,13,10216,8583,0.9810813406319024,0.6677818408153738
10217,164128,13,10217,8596,0.9811773744358014,0.6687932778339687
10218,164579,13,10218,8609,0.9812734082397003,0.6698047148525637
10219,164598,13,10219,8622,0.9813694420435993,0.6708161518711585
10220,165089,13,10220,8635,0.9814654758474983,0.6718275888897534
10221,165878,13,10221,8648,0.9815615096513973,0.6728390259083482
10222,165906,13,10222,8661,0.9816575434552962,0.6738504629269432
10223,166356,13,10223,8674,0.9817535772591952,0.674861899945538
10224,167043,13,10224,8687,0.9818496110630942,0.6758733369641329
10225,167440,13,10225,8700,0.9819456448669932,0.6768847739827277
10226,167605,13,10226,8713,0.9820416786708922,0.6778962110013227
10227,169488,13,10227,8726,0.9821377124747911,0.6789076480199175
10228,169645,13,10228,8739,0.9822337462786901,0.6799190850385124
10229,170727,13,10229,8752,0.9823297800825891,0.6809305220571072
10230,170866,13,10230,8765,0.9824258138864881,0.6819419590757022
10231,173214,13,10231,8778,0.982521847690387,0.6829533960942971
10232,174357,13,10232,8791,0.982617881494286,0.6839648331128919
10233,174886,13,10233,8804,0.982713915298185,0.6849762701314868
10234,175199,13,10234,8817,0.982809949102084,0.6859877071500817
10235,175505,13,10235,8830,0.9829059829059829,0.6869991441686766
10236,175816,13,10236,8843,0.9830020167098819,0.6880105811872714
10237,177052,13,10237,8856,0.9830980505137809,0.6890220182058663
10238,177227,13,10238,8869,0.9831940843176799,0.6900334552244612
10239,177337,13,10239,8882,0.9832901181215788,0.6910448922430561
10240,177410,13,10240,8895,0.9833861519254777,0.692056329261651
10241,177516,13,10241,8908,0.9834821857293767,0.6930677662802459
10242,179438,13,10242,8921,0.9835782195332757,0.6940792032988408
10243,161881,14,10243,8935,0.9836742533371747,0.6951684431650198
10244,162798,14,10244,8949,0.9837702871410736,0.696257683031199
10245,163422,14,10245,8963,0.9838663209449726,0.6973469228973781
10246,164372,14,10246,8977,0.9839623547488716,0.6984361627635571
10247,165599,14,10247,8991,0.9840583885527706,0.6995254026297363
10248,165886,14,10248,9005,0.9841544223566695,0.7006146424959153
10249,166458,14,10249,9019,0.9842504561605685,0.7017038823620945
10250,167574,14,10250,9033,0.9843464899644675,0.7027931222282735
10251,168824,14,10251,9047,0.9844425237683665,0.7038823620944527
10252,169351,14,10252,9061,0.9845385575722654,0.7049716019606318
10253,170642,14,10253,9075,0.9846345913761644,0.7060608418268108
10254,170738,14,10254,9089,0.9847306251800634,0.70715008169299
10255,170764,14,10255,9103,0.9848266589839624,0.708239321559169
10256,174841,14,10256,9117,0.9849226927878614,0.7093285614253482
10257,175435,14,10257,9131,0.9850187265917603,0.7104178012915273
10258,175778,14,10258,9145,0.9851147603956593,0.7115070411577064
10259,175830,14,10259,9159,0.9852107941995583,0.7125962810238855
10260,175912,14,10260,9173,0.9853068280034573,0.7136855208900645
10261,176129,14,10261,9187,0.9854028618073561,0.7147747607562437
10262,176287,14,10262,9201,0.9854988956112551,0.7158640006224228
10263,177130,14,10263,9215,0.9855949294151541,0.7169532404886019
10264,177524,14,10264,9229,0.9856909632190531,0.718042480354781
10265,178000,14,10265,9243,0.985786997022952,0.7191317202209601
10266,178841,14,10266,9257,0.985883030826851,0.7202209600871392
10267,181464,14,10267,9271,0.98597906463075,0.7213101999533182
10268,181720,14,10268,9285,0.986075098434649,0.7223994398194974
10269,163411,15,10269,9300,0.986171132238548,0.7235664825332607
10270,165951,15,10270,9315,0.9862671660424469,0.7247335252470241
10271,166016,15,10271,9330,0.9863631998463459,0.7259005679607874
10272,167257,15,10272,9345,0.9864592336502449,0.7270676106745507
10273,168942,15,10273,9360,0.9865552674541439,0.7282346533883141
10274,169217,15,10274,9375,0.9866513012580428,0.7294016961020774
10275,171272,15,10275,9390,0.9867473350619418,0.7305687388158406
10276,174620,15,10276,9405,0.9868433688658408,0.731735781529604
10277,174946,15,10277,9420,0.9869394026697398,0.7329028242433673
10278,175382,15,10278,9435,0.9870354364736387,0.7340698669571306
10279,175776,15,10279,9450,0.9871314702775377,0.735236909670894
10280,177329,15,10280,9465,0.9872275040814367,0.7364039523846573
10281,177350,15,10281,9480,0.9873235378853357,0.7375709950984206
10282,177354,15,10282,9495,0.9874195716892347,0.738738037812184
10283,177395,15,10283,9510,0.9875156054931336,0.7399050805259473
10284,177413,15,10284,9525,0.9876116392970326,0.7410721232397106
10285,177788,15,10285,9540,0.9877076731009315,0.742239165953474
10286,178386,15,10286,9555,0.9878037069048305,0.7434062086672372
10287,178690,15,10287,9570,0.9878997407087294,0.7445732513810005
10288,179542,15,10288,9585,0.9879957745126284,0.7457402940947638
10289,180905,15,10289,9600,0.9880918083165274,0.7469073368085272
10290,181521,15,10290,9615,0.9881878421204264,0.7480743795222905
10291,182618,15,10291,9630,0.9882838759243253,0.7492414222360538
10292,163929,16,10292,9646,0.9883799097282243,0.7504862677974014
10293,166177,16,10293,9662,0.9884759435321233,0.751731113358749
10294,166304,16,10294,9678,0.9885719773360223,0.7529759589200965
10295,170505,16,10295,9694,0.9886680111399212,0.754220804481444
10296,171156,16,10296,9710,0.9887640449438202,0.7554656500427915
10297,173948,16,10297,9726,0.9888600787477192,0.7567104956041392
10298,177406,16,10298,9742,0.9889561125516182,0.7579553411654867
10299,178187,16,10299,9758,0.9890521463555172,0.7592001867268342
10300,178710,16,10300,9774,0.9891481801594161,0.7604450322881817
10301,163438,17,10301,9791,0.9892442139633151,0.7617676806971135
10302,163760,17,10302,9808,0.9893402477672141,0.7630903291060452
10303,166539,17,10303,9825,0.9894362815711131,0.764412977514977
10304,168397,17,10304,9842,0.989532315375012,0.7657356259239089
10305,169555,17,10305,9859,0.989628349178911,0.7670582743328406
10306,169695,17,10306,9876,0.98972438298281,0.7683809227417724
10307,170900,17,10307,9893,0.989820416786709,0.7697035711507041
10308,172246,17,10308,9910,0.9899164505906078,0.7710262195596359
10309,173952,17,10309,9927,0.9900124843945068,0.7723488679685676
10310,175655,17,10310,9944,0.9901085181984058,0.7736715163774994
10311,178004,17,10311,9961,0.9902045520023048,0.7749941647864312
10312,178313,17,10312,9978,0.9903005858062038,0.7763168131953629
10313,179423,17,10313,9995,0.9903966196101027,0.7776394616042948
10314,181457,17,10314,10012,0.9904926534140017,0.7789621100132265
10315,162820,18,10315,10030,0.9905886872179007,0.7803625612697425
10316,163246,18,10316,10048,0.9906847210217997,0.7817630125262585
10317,165408,18,10317,10066,0.9907807548256986,0.7831634637827745
10318,167430,18,10318,10084,0.9908767886295976,0.7845639150392905
10319,176697,18,10319,10102,0.9909728224334966,0.7859643662958065
10320,177073,18,10320,10120,0.9910688562373956,0.7873648175523225
10321,177286,18,10321,10138,0.9911648900412945,0.7887652688088383
10322,177618,18,10322,10156,0.9912609238451935,0.7901657200653543
10323,179510,18,10323,10174,0.9913569576490925,0.7915661713218703
10324,180573,18,10324,10192,0.9914529914529915,0.7929666225783863
10325,180988,18,10325,10210,0.9915490252568904,0.7943670738349023
10326,166060,19,10326,10229,0.9916450590607894,0.7958453279390025
10327,166150,19,10327,10248,0.9917410928646884,0.7973235820431028
10328,167490,19,10328,10267,0.9918371266685874,0.798801836147203
10329,168436,19,10329,10286,0.9919331604724864,0.8002800902513032
10330,174012,19,10330,10305,0.9920291942763853,0.8017583443554034
10331,180043,19,10331,10324,0.9921252280802842,0.8032365984595036
10332,161635,20,10332,10344,0.9922212618841832,0.804792655411188
10333,177434,20,10333,10364,0.9923172956880822,0.8063487123628725
10334,177444,20,10334,10384,0.9924133294919811,0.8079047693145569
10335,178207,20,10335,10404,0.9925093632958801,0.8094608262662414
10336,178604,20,10336,10424,0.9926053970997791,0.8110168832179258
10337,179154,20,10337,10444,0.9927014309036781,0.8125729401696102
10338,166058,21,10338,10465,0.992797464707577,0.8142067999688789
10339,167122,21,10339,10486,0.992893498511476,0.8158406597681476
10340,168399,21,10340,10507,0.992989532315375,0.8174745195674161
10341,169568,21,10341,10528,0.993085566119274,0.8191083793666848
10342,178230,21,10342,10549,0.993181599923173,0.8207422391659535
10343,178325,21,10343,10570,0.9932776337270719,0.8223760989652221
10344,181188,21,10344,10591,0.9933736675309709,0.8240099587644908
10345,164905,22,10345,10613,0.9934697013348699,0.8257216214113436
10346,167191,22,10346,10635,0.9935657351387689,0.8274332840581965
10347,171565,22,10347,10657,0.9936617689426678,0.8291449467050495
10348,174345,22,10348,10679,0.9937578027465668,0.8308566093519023
10349,176981,22,10349,10701,0.9938538365504658,0.8325682719987552
10350,177004,22,10350,10723,0.9939498703543648,0.834279934645608
10351,165073,23,10351,10746,0.9940459041582637,0.8360694001400452
10352,168446,23,10352,10769,0.9941419379621627,0.8378588656344822
10353,175587,23,10353,10792,0.9942379717660617,0.8396483311289193
10354,178070,23,10354,10815,0.9943340055699607,0.8414377966233564
10355,178324,23,10355,10838,0.9944300393738597,0.8432272621177935
10356,179911,23,10356,10861,0.9945260731777585,0.8450167276122306
10357,168450,24,10357,10885,0.9946221069816575,0.8468839959542519
10358,180196,24,10358,10909,0.9947181407855565,0.8487512642962732
10359,166284,25,10359,10934,0.9948141745894555,0.8506963354858788
10360,167804,25,10360,10959,0.9949102083933544,0.8526414066754843
10361,177392,25,10361,10984,0.9950062421972534,0.8545864778650899
10362,180621,25,10362,11009,0.9951022760011524,0.8565315490546954
10363,162843,26,10363,11035,0.9951983098050514,0.8585544230918851
10364,163265,26,10364,11061,0.9952943436089503,0.8605772971290749
10365,164099,26,10365,11087,0.9953903774128493,0.8626001711662646
10366,169046,26,10366,11113,0.9954864112167483,0.8646230452034545
10367,169923,26,10367,11139,0.9955824450206473,0.8666459192406442
10368,169926,26,10368,11165,0.9956784788245462,0.868668793277834
10369,175308,26,10369,11191,0.9957745126284452,0.8706916673150237
10370,177306,26,10370,11217,0.9958705464323442,0.8727145413522135
10371,178448,26,10371,11243,0.9959665802362432,0.8747374153894033
10372,179413,26,10372,11269,0.9960626140401422,0.876760289426593
10373,166820,27,10373,11296,0.9961586478440411,0.878860966311367
10374,167815,27,10374,11323,0.9962546816479401,0.880961643196141
10375,178306,27,10375,11350,0.9963507154518391,0.883062320080915
10376,165016,28,10376,11378,0.9964467492557381,0.8852407998132732
10377,166234,28,10377,11406,0.996542783059637,0.8874192795456314
10378,171786,28,10378,11434,0.996638816863536,0.8895977592779896
10379,177195,28,10379,11462,0.996734850667435,0.8917762390103477
10380,178905,28,10380,11490,0.996830884471334,0.8939547187427059
10381,180755,28,10381,11518,0.9969269182752328,0.8961331984750642
10382,163292,29,10382,11547,0.9970229520791318,0.8983894810550066
10383,164027,29,10383,11576,0.9971189858830308,0.9006457636349491
10384,177089,29,10384,11605,0.9972150196869298,0.9029020462148915
10385,177648,29,10385,11634,0.9973110534908288,0.9051583287948339
10386,179942,29,10386,11663,0.9974070872947277,0.9074146113747763
10387,177382,30,10387,11693,0.9975031210986267,0.909748696802303
10388,177860,30,10388,11723,0.9975991549025257,0.9120827822298296
10389,178145,30,10389,11753,0.9976951887064247,0.9144168676573563
10390,171462,32,10390,11785,0.9977912225103236,0.9169065587800513
10391,174771,32,10391,11817,0.9978872563142226,0.9193962499027465
10392,174945,32,10392,11849,0.9979832901181216,0.9218859410254415
10393,165515,33,10393,11882,0.9980793239220206,0.9244534349957209
10394,176907,33,10394,11915,0.9981753577259195,0.9270209289660002
10395,179350,33,10395,11948,0.9982713915298185,0.9295884229362794
10396,163164,34,10396,11982,0.9983674253337175,0.932233719754143
10397,181849,34,10397,12016,0.9984634591376165,0.9348790165720066
10398,163553,35,10398,12051,0.9985594929415154,0.9376021162374543
10399,177219,36,10399,12087,0.9986555267454144,0.9404030187504863
10400,178814,36,10400,12123,0.9987515605493134,0.9432039212635183
10401,160273,37,10401,12160,0.9988475943532124,0.9460826266241344
10402,178924,37,10402,12197,0.9989436281571114,0.9489613319847506
10403,170210,39,10403,12236,0.9990396619610102,0.9519956430405353
10404,167218,42,10404,12278,0.9991356957649092,0.9552633626390726
10405,168834,42,10405,12320,0.9992317295688082,0.9585310822376099
10406,177968,43,10406,12363,0.9993277633727072,0.9618766046837314
10407,173017,44,10407,12407,0.9994237971766061,0.9652999299774372
10408,177167,48,10408,12455,0.9995198309805051,0.9690344666614799
10409,140079,49,10409,12504,0.9996158647844041,0.9728468061931067
10410,177664,49,10410,12553,0.9997118985883031,0.9766591457247336
10411,175999,70,10411,12623,0.999807932392202,0.9821053450556291
10412,172458,114,10412,12737,0.999903966196101,0.9909748696802303
10413,178529,116,10413,12853,1.0,1.0
