CLAVEALUMNO,MEAN_IMPKDE_Z,VISITAS,n_student_classroom_observations,n_unique_classroom_units,n_unique_professors,n_unique_subject_variants,n_unique_years,mean_raw_grade_numeric,mean_impmean,mean_impkde,mean_impkde_z
178529,0.1756183691597307,116,4,4,4,3,3,9.666666666666666,8.406818181818181,7.25,0.1756183691597307
172458,0.7135368971482661,114,5,5,5,5,2,9.24,9.24,9.24,0.7135368971482661
175999,0.822596525951683,70,4,4,4,4,3,9.75,9.75,9.75,0.822596525951683
140079,1.0123038461715612,49,3,3,3,3,2,9.666666666666666,9.666666666666666,9.666666666666666,1.0123038461715612
177664,0.8958615790230235,49,4,4,3,4,2,9.925,9.925,9.925,0.8958615790230235
177167,0.31344131628363175,48,4,4,4,4,2,9.125,9.125,9.125,0.31344131628363175
173017,0.02135839687705306,44,3,3,3,3,3,8.3,6.933333333333334,7.033333333333334,0.02135839687705306
177968,0.3429669563671737,43,4,4,4,4,2,8.85,8.85,8.85,0.3429669563671737
167218,0.8304638062959937,42,4,4,2,4,3,9.675,9.675,9.675,0.8304638062959937
168834,0.7019910386531403,42,3,3,2,3,2,9.266666666666666,9.266666666666666,9.266666666666666,0.7019910386531403
170210,0.3869319187724444,39,3,3,3,3,2,9.033333333333333,9.033333333333333,9.033333333333333,0.3869319187724444
160273,0.3936859816851643,37,1,1,1,1,1,8.3,8.3,8.3,0.3936859816851643
178924,0.6415690826975872,37,3,3,2,3,2,9.5,9.5,9.5,0.6415690826975872
177219,0.3877652550624163,36,4,4,4,3,2,9.633333333333333,8.517307692307693,8.4,0.3877652550624163
178814,0.375035141125171,36,4,4,4,4,2,9.75,9.75,9.75,0.375035141125171
163553,-0.5573113733825449,35,6,6,6,3,2,5.55,5.55,5.55,-0.5573113733825449
163164,0.8382544271021497,34,3,3,2,3,1,10.0,10.0,10.0,0.8382544271021497
181849,0.21802493948048096,34,4,4,4,4,2,8.925,8.925,8.925,0.21802493948048096
165515,0.5823568878689506,33,4,4,4,4,2,9.350000000000001,9.350000000000001,9.350000000000001,0.5823568878689506
176907,0.7273314062606234,33,3,3,3,3,2,9.533333333333333,9.533333333333333,9.533333333333333,0.7273314062606234
179350,0.7121377621260162,33,3,3,3,3,2,10.0,10.0,10.0,0.7121377621260162
171462,-0.06038346451817759,32,5,5,4,4,3,9.025,8.67,8.6,-0.06038346451817759
174771,0.739153931401305,32,3,3,3,3,2,10.0,10.0,10.0,0.739153931401305
174945,0.6689602734866913,32,3,3,3,3,2,9.933333333333334,9.933333333333334,9.933333333333334,0.6689602734866913
177382,0.5862985711939529,30,3,3,3,3,2,9.333333333333334,9.333333333333334,9.333333333333334,0.5862985711939529
177860,0.70657740253104,30,3,3,3,3,2,10.0,10.0,10.0,0.70657740253104
178145,1.014738284094895,30,4,4,4,4,2,9.35,9.35,9.35,1.014738284094895
163292,1.012082448089815,29,2,2,2,2,1,9.75,9.75,9.75,1.012082448089815
164027,-0.5179831949019714,29,3,3,3,2,2,8.850000000000001,7.7,7.0,-0.5179831949019714
177089,-0.13454471761858897,29,3,3,3,3,2,9.7,8.18974358974359,6.466666666666666,-0.13454471761858897
177648,0.4029013834478584,29,4,4,3,4,2,9.4,9.4,9.4,0.4029013834478584
179942,-0.5467735641018335,29,4,4,4,4,2,7.325,7.325,7.325,-0.5467735641018335
165016,0.528572293313507,28,5,5,5,5,2,9.58,9.58,9.58,0.528572293313507
166234,0.6032874097471256,28,3,3,3,3,2,9.466666666666667,9.466666666666667,9.466666666666667,0.6032874097471256
171786,-0.01996111956135796,28,4,4,4,4,2,8.5,8.5,8.5,-0.01996111956135796
177195,0.8777247004887266,28,3,3,2,3,2,10.0,10.0,10.0,0.8777247004887266
178905,0.7315816249784586,28,4,4,4,4,2,9.7,9.7,9.7,0.7315816249784586
180755,0.17018318343004912,28,5,5,5,4,3,8.42,8.42,8.42,0.17018318343004912
166820,0.8073027788520992,27,3,3,3,3,2,9.733333333333333,9.733333333333333,9.733333333333333,0.8073027788520992
167815,-0.42374100884610044,27,6,6,6,4,3,8.25,7.865,7.036666666666666,-0.42374100884610044
178306,0.7930441646870717,27,5,5,4,5,2,9.92,9.92,9.92,0.7930441646870717
162843,-1.0277840970328305,26,3,3,3,2,2,8.05,7.585714285714286,6.7,-1.0277840970328305
163265,1.1254299882519534,26,3,3,3,3,2,9.733333333333333,9.733333333333333,9.733333333333333,1.1254299882519534
164099,0.27793368482903263,26,2,2,1,2,1,9.8,9.8,9.8,0.27793368482903263
169046,0.8174314686922081,26,3,3,3,3,2,9.833333333333334,9.833333333333334,9.833333333333334,0.8174314686922081
169923,0.049420942893362206,26,5,5,5,4,2,8.475,7.246666666666667,7.56,0.049420942893362206
169926,0.8214926073873636,26,3,3,3,3,2,10.0,10.0,10.0,0.8214926073873636
175308,0.5610213993838359,26,3,3,3,3,2,8.933333333333332,8.933333333333332,8.933333333333332,0.5610213993838359
177306,-0.12140080034670242,26,6,6,4,4,4,7.6499999999999995,7.6499999999999995,7.6499999999999995,-0.12140080034670242
178448,0.49198063106817597,26,3,3,3,3,2,9.25,7.491666666666667,8.4,0.49198063106817597
179413,0.4171335976728659,26,4,4,3,4,2,9.425,9.425,9.425,0.4171335976728659
166284,0.592701272803289,25,3,3,3,3,2,9.799999999999999,9.799999999999999,9.799999999999999,0.592701272803289
167804,0.19142330465349375,25,4,4,3,4,2,8.675,8.675,8.675,0.19142330465349375
177392,0.9383060945794055,25,3,3,3,3,2,9.866666666666667,9.866666666666667,9.866666666666667,0.9383060945794055
180621,0.3106907237981542,25,2,2,1,2,2,7.85,7.85,7.85,0.3106907237981542
168450,0.7204258926197618,24,2,2,2,2,2,9.15,9.15,9.15,0.7204258926197618
180196,0.951433654164503,24,2,2,2,2,2,9.95,9.95,9.95,0.951433654164503
165073,1.5043057444858596,23,2,2,2,2,1,9.7,9.7,9.7,1.5043057444858596
168446,-0.1774594952550387,23,5,5,5,4,3,8.5,7.618333333333334,7.859999999999999,-0.1774594952550387
175587,0.33416693969714856,23,5,5,5,5,2,9.36,9.36,9.36,0.33416693969714856
178070,0.8790900824963731,23,3,3,2,3,1,9.833333333333334,9.833333333333334,9.833333333333334,0.8790900824963731
178324,0.2737155171274883,23,4,4,4,3,2,9.566666666666666,8.467307692307692,7.175,0.2737155171274883
179911,-0.40212229208492284,23,2,2,2,2,2,7.2,7.2,7.2,-0.40212229208492284
164905,0.112541164679644,22,5,5,4,3,2,7.779999999999999,7.779999999999999,7.779999999999999,0.112541164679644
167191,0.298066329174801,22,4,4,2,4,2,9.725000000000001,9.725000000000001,9.725000000000001,0.298066329174801
171565,0.4816637221400015,22,4,4,4,4,2,9.4,9.4,9.4,0.4816637221400015
174345,0.8253616296707328,22,3,3,2,3,2,9.299999999999999,9.299999999999999,9.299999999999999,0.8253616296707328
176981,0.83056510179697,22,3,3,2,3,2,8.566666666666666,8.566666666666666,8.566666666666666,0.83056510179697
177004,0.6059907543802106,22,4,4,3,4,2,9.375,9.375,9.375,0.6059907543802106
166058,0.42162214317322927,21,3,3,3,3,2,9.0,9.0,9.0,0.42162214317322927
167122,0.27173163412273227,21,3,3,2,3,2,9.733333333333333,9.733333333333333,9.733333333333333,0.27173163412273227
168399,-0.14446916233893442,21,5,5,3,4,3,8.7,7.753333333333333,6.959999999999999,-0.14446916233893442
169568,0.5942645293818366,21,3,3,3,3,2,9.6,9.6,9.6,0.5942645293818366
178230,0.8395482649209468,21,4,4,4,4,2,9.975,9.975,9.975,0.8395482649209468
178325,-0.6065088974751424,21,3,3,3,2,2,9.350000000000001,7.0,6.233333333333334,-0.6065088974751424
181188,-0.1810856035069609,21,4,4,3,4,2,7.45,7.45,7.45,-0.1810856035069609
161635,1.2178537340649518,20,3,3,3,3,1,9.866666666666667,9.866666666666667,9.866666666666667,1.2178537340649518
177434,0.433512581369653,20,2,2,2,2,2,9.65,9.65,9.65,0.433512581369653
177444,0.40960190561981524,20,4,4,2,4,2,9.175,9.175,9.175,0.40960190561981524
178207,0.6316312331158128,20,4,4,3,4,2,9.725,9.725,9.725,0.6316312331158128
178604,0.3234031234362437,20,3,3,3,3,3,8.933333333333334,8.933333333333334,8.933333333333334,0.3234031234362437
179154,0.7576899420126654,20,3,3,3,3,2,10.0,10.0,10.0,0.7576899420126654
166060,1.0031115191457645,19,3,3,3,3,2,10.0,10.0,10.0,1.0031115191457645
166150,0.6281330565991289,19,4,4,4,4,2,9.725,9.725,9.725,0.6281330565991289
167490,-0.8129927030972228,19,4,4,4,4,2,8.566666666666666,6.458333333333333,6.425,-0.8129927030972228
168436,0.826382255251575,19,3,3,3,3,3,9.299999999999999,9.299999999999999,9.299999999999999,0.826382255251575
174012,0.5233605319293101,19,5,5,5,5,2,9.52,9.52,9.52,0.5233605319293101
180043,0.13832201939037875,19,3,3,3,3,2,8.966666666666667,8.966666666666667,8.966666666666667,0.13832201939037875
162820,-0.8321567811624385,18,7,7,7,4,4,5.0,5.029813664596274,5.214285714285714,-0.8321567811624385
163246,0.2639164098121069,18,5,5,4,3,2,8.3,8.3,8.3,0.2639164098121069
165408,0.868346367403957,18,3,3,3,3,2,9.0,9.0,9.0,0.868346367403957
167430,0.42069954487410444,18,5,5,5,5,2,9.24,9.24,9.24,0.42069954487410444
176697,0.8562380765264928,18,2,2,2,2,1,9.65,9.65,9.65,0.8562380765264928
177073,-0.02105776281430699,18,4,4,3,4,2,8.95,8.95,8.95,-0.02105776281430699
177286,0.4724321957579441,18,4,4,3,4,2,9.5,9.5,9.5,0.4724321957579441
177618,0.6376937898542426,18,3,3,2,3,1,8.700000000000001,8.700000000000001,8.700000000000001,0.6376937898542426
179510,-0.20296499343726415,18,3,3,3,3,2,8.433333333333332,8.433333333333332,8.433333333333332,-0.20296499343726415
180573,0.45743529698265467,18,3,3,3,3,2,8.333333333333334,8.333333333333334,8.333333333333334,0.45743529698265467
180988,0.7880988436322389,18,4,4,2,4,2,9.725,9.725,9.725,0.7880988436322389
163438,0.7112151625372338,17,2,2,2,2,1,9.6,9.6,9.6,0.7112151625372338
163760,0.37279997101100365,17,2,2,2,2,1,9.3,9.3,9.3,0.37279997101100365
166539,0.7369384483513651,17,4,4,4,4,2,9.975,9.975,9.975,0.7369384483513651
168397,0.684147684573914,17,5,5,5,5,2,9.780000000000001,9.780000000000001,9.780000000000001,0.684147684573914
169555,1.0163837752692522,17,4,4,4,4,2,9.825,9.825,9.825,1.0163837752692522
169695,0.32786119071913733,17,3,3,3,3,1,9.333333333333334,9.333333333333334,9.333333333333334,0.32786119071913733
170900,0.43139800600886696,17,3,3,3,3,2,9.299999999999999,9.299999999999999,9.299999999999999,0.43139800600886696
172246,0.4827034865484103,17,3,3,2,3,2,9.233333333333333,9.233333333333333,9.233333333333333,0.4827034865484103
173952,0.6277698537548984,17,4,4,3,3,3,9.033333333333333,7.930000000000001,8.075000000000001,0.6277698537548984
175655,0.8179408242121525,17,3,3,3,3,2,9.6,9.6,9.6,0.8179408242121525
178004,0.2628633096018018,17,4,4,4,4,2,8.875,8.875,8.875,0.2628633096018018
178313,0.4200180261403763,17,4,4,4,4,2,9.95,9.95,9.95,0.4200180261403763
179423,-0.032168457754881,17,2,2,2,2,2,7.949999999999999,7.949999999999999,7.949999999999999,-0.032168457754881
181457,0.7196822904909587,17,3,3,3,3,2,8.933333333333334,8.933333333333334,8.933333333333334,0.7196822904909587
163929,0.654880540829961,16,3,3,3,3,1,9.166666666666666,9.166666666666666,9.166666666666666,0.654880540829961
166177,0.49082777353407003,16,1,1,1,1,1,9.1,9.1,9.1,0.49082777353407003
166304,-0.8709948196350752,16,4,4,2,4,2,8.0,8.0,8.0,-0.8709948196350752
170505,0.46526434584344945,16,2,2,2,2,2,8.25,8.25,8.25,0.46526434584344945
171156,0.40208604030764683,16,4,4,4,4,2,9.45,9.45,9.45,0.40208604030764683
173948,0.446248571534807,16,4,4,4,4,2,9.725,9.725,9.725,0.446248571534807
177406,0.7394785911855168,16,2,2,2,2,2,9.85,9.85,9.85,0.7394785911855168
178187,0.5756589808138015,16,4,4,4,4,2,9.175,9.175,9.175,0.5756589808138015
178710,0.3442352876499258,16,2,2,2,2,2,8.6,6.883333333333333,7.3,0.3442352876499258
163411,0.6856600175854428,15,2,2,2,2,2,9.9,9.9,9.9,0.6856600175854428
165951,0.7107711591329384,15,4,4,3,4,2,9.475,9.475,9.475,0.7107711591329384
166016,-0.2873833054400765,15,3,3,3,2,2,8.7,7.158333333333334,6.366666666666667,-0.2873833054400765
167257,0.6480645733761822,15,4,4,4,4,2,9.175,9.175,9.175,0.6480645733761822
168942,0.8570984158192438,15,4,4,4,4,2,9.825,9.825,9.825,0.8570984158192438
169217,0.8901499062232814,15,4,4,3,4,2,9.775,9.775,9.775,0.8901499062232814
171272,0.8370469836423924,15,3,3,3,3,2,9.6,9.6,9.6,0.8370469836423924
174620,-0.04725801207793725,15,4,4,4,4,2,8.0,8.0,8.0,-0.04725801207793725
174946,0.21358743624245802,15,4,4,4,3,3,9.266666666666667,8.725,8.625,0.21358743624245802
175382,0.8099080651803314,15,3,3,3,3,2,9.766666666666667,9.766666666666667,9.766666666666667,0.8099080651803314
175776,-0.4829405116842715,15,4,4,4,4,2,8.6,7.93125,7.375,-0.4829405116842715
177329,-0.8026875561430784,15,2,2,2,1,2,10.0,7.083333333333334,5.0,-0.8026875561430784
177350,0.7909760707229484,15,3,3,3,3,2,9.9,9.9,9.9,0.7909760707229484
177354,0.7098189082138948,15,4,4,4,4,2,9.175,9.175,9.175,0.7098189082138948
177395,0.10013205387378293,15,4,4,4,3,2,8.366666666666665,7.732142857142857,7.699999999999999,0.10013205387378293
177413,0.07040114157429948,15,4,4,3,4,2,8.875,8.875,8.875,0.07040114157429948
177788,0.6695804012020573,15,4,4,2,4,2,9.85,9.85,9.85,0.6695804012020573
178386,0.8299346679453355,15,3,3,3,3,2,9.533333333333333,9.533333333333333,9.533333333333333,0.8299346679453355
178690,0.5406019008502244,15,3,3,3,3,2,8.866666666666667,8.866666666666667,8.866666666666667,0.5406019008502244
179542,0.2946579867538049,15,3,3,3,3,2,9.299999999999999,9.299999999999999,9.299999999999999,0.2946579867538049
180905,0.5231227490306153,15,3,3,3,3,2,9.466666666666667,9.466666666666667,9.466666666666667,0.5231227490306153
181521,0.3707078974352448,15,4,4,4,4,2,8.9,8.9,8.9,0.3707078974352448
182618,1.090609275894478,15,2,2,2,2,2,9.55,9.55,9.55,1.090609275894478
161881,1.020467506584007,14,3,3,3,3,2,9.700000000000001,9.700000000000001,9.700000000000001,1.020467506584007
162798,-0.202048101660483,14,3,3,3,2,1,8.5,7.433333333333334,6.833333333333333,-0.202048101660483
163422,0.46963122010326663,14,3,3,3,3,1,8.633333333333333,8.633333333333333,8.633333333333333,0.46963122010326663
164372,0.6736768873871983,14,2,2,2,2,1,10.0,10.0,10.0,0.6736768873871983
165599,0.4848935936936201,14,3,3,3,3,2,9.233333333333334,9.233333333333334,9.233333333333334,0.4848935936936201
165886,0.471286513289406,14,2,2,2,2,2,9.7,9.7,9.7,0.471286513289406
166458,0.4184401151076516,14,3,3,3,3,2,9.033333333333333,9.033333333333333,9.033333333333333,0.4184401151076516
167574,0.5832353657660357,14,4,4,4,4,2,9.733333333333334,8.88125,9.05,0.5832353657660357
168824,-0.07947395907849927,14,2,2,2,2,2,8.5,8.5,8.5,-0.07947395907849927
169351,0.7800325837802615,14,4,4,2,4,2,9.5,9.5,9.5,0.7800325837802615
170642,0.22934483357505964,14,5,5,5,4,3,9.225,8.634285714285713,8.8,0.22934483357505964
170738,0.6856052021483774,14,4,4,4,4,2,9.85,9.85,9.85,0.6856052021483774
170764,0.6110590658076727,14,3,3,2,3,2,9.700000000000001,9.700000000000001,9.700000000000001,0.6110590658076727
174841,0.7439351500724122,14,2,2,2,2,2,9.75,9.75,9.75,0.7439351500724122
175435,-0.2763177907958888,14,4,4,3,4,3,8.625,8.625,8.625,-0.2763177907958888
175778,0.48896582160554525,14,4,4,2,4,2,9.9,9.9,9.9,0.48896582160554525
175830,-0.03541616999604588,14,3,3,3,3,3,8.3,6.233333333333333,5.633333333333334,-0.03541616999604588
175912,-0.5228474098755556,14,4,4,4,3,4,7.933333333333333,6.475,6.025,-0.5228474098755556
176129,0.4593902045586085,14,3,3,3,3,2,9.066666666666666,9.066666666666666,9.066666666666666,0.4593902045586085
176287,0.305722066194484,14,3,3,3,3,3,9.45,8.194444444444445,8.4,0.305722066194484
177130,0.7821668013450644,14,4,4,4,4,2,9.825,9.825,9.825,0.7821668013450644
177524,0.4433422050331582,14,3,3,3,3,2,8.9,8.9,8.9,0.4433422050331582
178000,-0.5740190424834869,14,3,3,3,3,3,8.6,7.0,5.766666666666667,-0.5740190424834869
178841,0.5571267125192281,14,5,5,5,4,3,8.48,8.48,8.48,0.5571267125192281
181464,0.8304895624419385,14,4,4,4,4,2,9.975,9.975,9.975,0.8304895624419385
181720,0.3421050969652757,14,4,4,3,4,2,9.5,9.5,9.5,0.3421050969652757
162567,0.4630140790515827,13,3,3,3,3,2,8.933333333333334,8.933333333333334,8.933333333333334,0.4630140790515827
163054,0.7744062697432602,13,2,2,2,2,1,10.0,10.0,10.0,0.7744062697432602
164128,-0.06794855365200929,13,3,3,3,3,1,8.0,8.0,8.0,-0.06794855365200929
164579,1.114095016456718,13,2,2,2,2,1,9.649999999999999,9.649999999999999,9.649999999999999,1.114095016456718
164598,0.3801536392362983,13,3,3,3,3,2,8.666666666666666,8.666666666666666,8.666666666666666,0.3801536392362983
165089,0.7394500008179667,13,4,4,4,4,2,9.15,9.15,9.15,0.7394500008179667
165878,0.3860645280430019,13,6,6,5,4,3,9.08,8.098148148148148,8.366666666666667,0.3860645280430019
165906,-0.5685080388148728,13,5,5,5,3,4,8.566666666666666,7.959999999999999,6.805,-0.5685080388148728
166356,0.39022868907224456,13,4,4,4,4,2,8.775,8.775,8.775,0.39022868907224456
167043,0.5810720992010289,13,3,3,3,3,3,9.200000000000001,9.200000000000001,9.200000000000001,0.5810720992010289
167440,0.5649696613316458,13,3,3,2,3,2,9.466666666666667,9.466666666666667,9.466666666666667,0.5649696613316458
167605,0.1890695137265029,13,3,3,3,2,2,9.9,9.013333333333334,8.9,0.1890695137265029
169488,0.7583761125852002,13,4,4,3,4,3,9.175,9.175,9.175,0.7583761125852002
169645,0.8469632227438602,13,4,4,4,4,2,9.95,9.95,9.95,0.8469632227438602
170727,0.7784521719084843,13,4,4,4,4,2,9.1,9.1,9.1,0.7784521719084843
170866,0.7695991139658753,13,3,3,3,3,2,9.766666666666667,9.766666666666667,9.766666666666667,0.7695991139658753
173214,0.7260654500569252,13,4,4,4,4,2,9.05,9.05,9.05,0.7260654500569252
174357,0.6625516512002376,13,3,3,3,3,2,10.0,10.0,10.0,0.6625516512002376
174886,0.30954455063513975,13,4,4,3,4,2,8.925,8.925,8.925,0.30954455063513975
175199,0.6344369150205273,13,4,4,4,3,3,9.275,9.275,9.275,0.6344369150205273
175505,0.8199931853192398,13,3,3,3,3,2,9.666666666666666,9.666666666666666,9.666666666666666,0.8199931853192398
175816,0.7568484412855907,13,1,1,1,1,1,8.4,8.4,8.4,0.7568484412855907
177052,1.1012912348175001,13,3,3,3,3,2,9.866666666666667,9.866666666666667,9.866666666666667,1.1012912348175001
177227,-0.9808933625184352,13,2,2,2,2,2,7.7,6.433333333333334,3.85,-0.9808933625184352
177337,0.48942358327626334,13,4,4,4,4,2,9.675,9.675,9.675,0.48942358327626334
177410,0.6744061763493843,13,4,4,3,4,3,9.85,9.85,9.85,0.6744061763493843
177516,-0.27189078575427894,13,4,4,4,4,2,8.225,8.225,8.225,-0.27189078575427894
179438,0.3313648539347802,13,3,3,3,3,2,9.0,9.0,9.0,0.3313648539347802
163194,-0.6561988983530234,12,3,3,3,2,2,8.25,7.933333333333334,7.933333333333334,-0.6561988983530234
164517,0.8412746872656153,12,3,3,2,3,2,9.9,9.9,9.9,0.8412746872656153
166188,0.12906749814716414,12,5,5,5,4,3,9.1,8.129999999999999,8.32,0.12906749814716414
166816,0.42044583499272553,12,3,3,2,3,2,9.133333333333333,9.133333333333333,9.133333333333333,0.42044583499272553
167239,0.3954580905225538,12,3,3,3,3,2,9.033333333333333,9.033333333333333,9.033333333333333,0.3954580905225538
167861,0.8650154302792685,12,4,4,4,4,2,9.525,9.525,9.525,0.8650154302792685
168158,0.9291102058138095,12,3,3,3,3,2,9.966666666666667,9.966666666666667,9.966666666666667,0.9291102058138095
168171,0.26254238354521564,12,4,4,4,4,3,8.725,8.725,8.725,0.26254238354521564
170003,0.17132721316024227,12,5,5,4,4,3,9.925,9.440000000000001,8.926666666666666,0.17132721316024227
170551,0.37883408289527004,12,4,4,4,4,2,9.375,9.375,9.375,0.37883408289527004
170788,0.6579290387602738,12,4,4,3,4,2,10.0,10.0,10.0,0.6579290387602738
173652,0.44212639893215755,12,4,4,3,4,2,9.175,9.175,9.175,0.44212639893215755
173749,0.7165529088317761,12,4,4,4,4,2,9.975,9.975,9.975,0.7165529088317761
173808,0.7474536282331071,12,4,4,4,4,2,9.675,9.675,9.675,0.7474536282331071
174495,0.3860945847647927,12,4,4,4,4,2,9.175,9.175,9.175,0.3860945847647927
176895,0.32462769186830387,12,4,4,4,4,2,8.325,8.325,8.325,0.32462769186830387
177401,0.42471093115849284,12,3,3,2,3,2,9.433333333333334,9.433333333333334,9.433333333333334,0.42471093115849284
177953,0.6984312623351595,12,3,3,3,3,2,10.0,10.0,10.0,0.6984312623351595
177974,0.5439052593668976,12,4,4,4,4,2,9.475,9.475,9.475,0.5439052593668976
178051,0.41487048117095754,12,3,3,3,3,2,8.833333333333334,8.833333333333334,8.833333333333334,0.41487048117095754
178720,-0.028241675233749264,12,4,4,4,3,2,9.299999999999999,8.549999999999999,8.549999999999999,-0.028241675233749264
181389,0.6938404152777596,12,4,4,4,4,2,10.0,10.0,10.0,0.6938404152777596
182367,-0.18654284911303515,12,2,2,2,2,2,8.65,8.65,8.65,-0.18654284911303515
159685,1.4200921921877356,11,5,5,5,5,2,9.98,9.98,9.98,1.4200921921877356
162236,0.6636426995853406,11,2,2,2,2,1,10.0,10.0,10.0,0.6636426995853406
162375,1.0181687994014936,11,2,2,2,2,1,9.65,9.65,9.65,1.0181687994014936
163244,0.18981093828109122,11,4,4,4,3,2,8.725,8.725,8.725,0.18981093828109122
163378,0.731530252083025,11,4,4,3,4,1,9.7,9.7,9.7,0.731530252083025
163519,0.6761342303854959,11,2,2,2,2,1,8.45,8.45,8.45,0.6761342303854959
164356,0.2896077267924007,11,2,2,2,2,1,8.9,8.9,8.9,0.2896077267924007
164457,0.21848090259023592,11,1,1,1,1,1,8.2,8.2,8.2,0.21848090259023592
165047,0.8746197141064961,11,3,3,2,3,2,9.833333333333334,9.833333333333334,9.833333333333334,0.8746197141064961
165450,-0.41400150359709165,11,4,4,4,3,3,8.833333333333334,8.061111111111112,7.8,-0.41400150359709165
166185,0.5438440138809555,11,1,1,1,1,1,9.2,9.2,9.2,0.5438440138809555
167019,0.45395703798447684,11,3,3,3,3,2,9.333333333333334,9.333333333333334,9.333333333333334,0.45395703798447684
167119,0.38422889490078543,11,4,4,3,4,2,8.975,8.975,8.975,0.38422889490078543
167393,0.07250058874665104,11,3,3,3,3,2,8.866666666666667,8.866666666666667,8.866666666666667,0.07250058874665104
167488,-0.028555831986599174,11,4,4,4,3,2,8.8,8.8,8.8,-0.028555831986599174
167831,0.8228931651653342,11,2,2,2,2,2,9.75,9.75,9.75,0.8228931651653342
168077,0.5823206563772083,11,1,1,1,1,1,8.6,8.6,8.6,0.5823206563772083
168513,0.17349177824850054,11,4,4,3,4,2,8.575,8.575,8.575,0.17349177824850054
169860,0.3434836885592612,11,5,5,4,4,3,8.86,8.86,8.86,0.3434836885592612
170666,0.6276006858749468,11,3,3,2,3,2,9.466666666666667,9.466666666666667,9.466666666666667,0.6276006858749468
171406,0.9891245032523812,11,4,4,4,4,2,9.65,9.65,9.65,0.9891245032523812
171696,0.7728438883581692,11,3,3,2,3,2,9.833333333333334,9.833333333333334,9.833333333333334,0.7728438883581692
171927,0.3124908931984654,11,6,6,5,5,3,9.82,9.391666666666667,9.333333333333334,0.3124908931984654
172260,0.15710739484861302,11,5,5,5,4,3,8.675,7.75,7.5,0.15710739484861302
172676,0.6733876942911534,11,3,3,3,3,2,9.766666666666667,9.766666666666667,9.766666666666667,0.6733876942911534
172910,0.3453652370330831,11,3,3,3,3,2,8.5,8.5,8.5,0.3453652370330831
173384,0.6050039474941846,11,4,4,4,4,3,9.525,9.525,9.525,0.6050039474941846
173518,0.6346671161419537,11,3,3,3,3,3,8.700000000000001,8.700000000000001,8.700000000000001,0.6346671161419537
173973,0.5095492893736959,11,3,3,3,3,2,8.833333333333334,8.833333333333334,8.833333333333334,0.5095492893736959
174751,0.6746075486430652,11,4,4,4,4,2,10.0,10.0,10.0,0.6746075486430652
176042,-0.17204631246976695,11,5,5,4,3,4,7.375,7.193333333333333,6.959999999999999,-0.17204631246976695
176933,1.0920525385033413,11,3,3,2,3,2,9.966666666666667,9.966666666666667,9.966666666666667,1.0920525385033413
177068,0.7968812942923258,11,4,4,4,4,2,10.0,10.0,10.0,0.7968812942923258
177319,0.7965527583450323,11,4,4,3,4,3,9.875,9.875,9.875,0.7965527583450323
177485,0.27107886103920875,11,5,5,5,4,3,8.540000000000001,8.540000000000001,8.540000000000001,0.27107886103920875
177528,0.9188392896652331,11,4,4,4,4,2,9.8,9.8,9.8,0.9188392896652331
178135,0.26302008533714916,11,3,3,3,3,3,8.9,8.9,8.9,0.26302008533714916
178179,0.7257033511728933,11,3,3,3,3,3,9.566666666666666,9.566666666666666,9.566666666666666,0.7257033511728933
178181,0.39508158738919674,11,4,4,4,3,3,9.866666666666667,8.692307692307693,7.4,0.39508158738919674
178203,-0.35413547611342816,11,4,4,3,3,3,7.933333333333334,7.4071428571428575,6.5,-0.35413547611342816
178228,-0.05730592956469327,11,2,2,2,2,2,9.1,9.1,9.1,-0.05730592956469327
178338,0.0713946827738596,11,4,4,4,3,2,9.033333333333333,8.232142857142858,7.5,0.0713946827738596
178393,0.154373689883417,11,5,5,5,5,2,8.620000000000001,8.620000000000001,8.620000000000001,0.154373689883417
178647,-0.11870906979274636,11,5,5,4,3,3,9.75,5.104666666666667,5.720000000000001,-0.11870906979274636
179000,-0.7406026565011334,11,4,4,4,3,3,8.399999999999999,6.445,5.824999999999999,-0.7406026565011334
181048,0.23058175166472084,11,4,4,2,4,2,8.725000000000001,8.725000000000001,8.725000000000001,0.23058175166472084
181281,0.6754808267612922,11,3,3,3,3,2,9.1,9.1,9.1,0.6754808267612922
182435,-1.4852849127708845,11,2,2,2,2,2,7.050000000000001,7.050000000000001,7.050000000000001,-1.4852849127708845
182654,0.4450513098375653,11,4,4,4,4,2,9.125,9.125,9.125,0.4450513098375653
162138,-0.9208154309398845,10,3,3,3,3,2,6.85,6.091666666666666,5.7,-0.9208154309398845
162752,0.7796231124628051,10,3,3,3,3,2,9.333333333333334,9.333333333333334,9.333333333333334,0.7796231124628051
162831,0.5759066538571522,10,2,2,2,2,1,8.65,8.65,8.65,0.5759066538571522
162836,0.5612267568381432,10,3,3,3,3,1,9.4,9.4,9.4,0.5612267568381432
163022,0.7989837240760985,10,2,2,2,2,1,9.5,9.5,9.5,0.7989837240760985
163267,0.16980453970468737,10,5,5,5,4,3,9.525,8.118,7.74,0.16980453970468737
164530,-0.36840230705846233,10,3,3,2,1,2,6.633333333333333,6.633333333333333,6.633333333333333,-0.36840230705846233
164823,0.011780442296614365,10,3,3,3,2,2,7.666666666666667,7.666666666666667,7.666666666666667,0.011780442296614365
165114,0.05818794196372483,10,4,4,4,3,2,9.666666666666666,8.925,8.725,0.05818794196372483
165392,0.7028927349216126,10,1,1,1,1,1,9.5,9.5,9.5,0.7028927349216126
165771,0.3060646193304989,10,4,4,4,3,2,8.766666666666666,8.0625,8.3,0.3060646193304989
166540,0.07321574536446254,10,5,5,4,4,3,8.6,8.6,8.6,0.07321574536446254
166767,0.8457061287443779,10,4,4,3,4,2,9.675,9.675,9.675,0.8457061287443779
167132,0.21115668207585697,10,5,5,4,5,2,8.86,8.86,8.86,0.21115668207585697
167463,0.8392838426917971,10,3,3,2,3,2,9.299999999999999,9.299999999999999,9.299999999999999,0.8392838426917971
167785,0.6789756148811542,10,3,3,3,3,2,9.333333333333334,9.333333333333334,9.333333333333334,0.6789756148811542
168065,0.10392209426076826,10,3,3,3,3,2,8.1,8.1,8.1,0.10392209426076826
168252,0.7021738718055215,10,4,4,3,4,2,9.7,9.7,9.7,0.7021738718055215
168263,0.8322301410163815,10,4,4,4,4,2,9.575,9.575,9.575,0.8322301410163815
168358,0.4990437456190495,10,3,3,3,3,2,8.700000000000001,8.700000000000001,8.700000000000001,0.4990437456190495
168724,0.8023783312756118,10,3,3,3,3,2,9.5,9.5,9.5,0.8023783312756118
168797,-0.7008611436399926,10,4,4,4,3,2,8.1,7.345833333333333,6.075,-0.7008611436399926
169177,-0.2758414731677605,10,3,3,3,2,2,10.0,7.5,6.666666666666667,-0.2758414731677605
170402,-0.7524942177408848,10,3,3,3,2,2,9.2,6.74875,5.333333333333333,-0.7524942177408848
170552,0.6698526524390368,10,3,3,2,3,2,9.700000000000001,9.700000000000001,9.700000000000001,0.6698526524390368
171040,-0.1302094018109336,10,5,5,5,4,3,7.859999999999999,7.859999999999999,7.859999999999999,-0.1302094018109336
171748,-0.35034423736861187,10,3,3,3,3,2,8.5,8.5,8.5,-0.35034423736861187
171788,-0.056638741556627806,10,4,4,4,3,3,9.366666666666667,8.8375,8.8,-0.056638741556627806
172519,0.44620108611516507,10,4,4,4,4,2,9.4,9.4,9.4,0.44620108611516507
172783,-0.17174976250675397,10,2,2,2,2,2,9.0,7.530769230769231,7.6,-0.17174976250675397
173588,0.7970197297543252,10,4,4,4,4,2,9.875,9.875,9.875,0.7970197297543252
174031,0.8161999188422538,10,4,4,3,4,2,10.0,10.0,10.0,0.8161999188422538
174877,0.5344050670188145,10,2,2,2,2,2,10.0,10.0,10.0,0.5344050670188145
175454,0.34074503752352353,10,4,4,4,4,2,9.425,9.425,9.425,0.34074503752352353
175949,0.579585953024961,10,4,4,4,4,2,9.274999999999999,9.274999999999999,9.274999999999999,0.579585953024961
176865,0.7642331569326077,10,3,3,3,3,2,9.133333333333333,9.133333333333333,9.133333333333333,0.7642331569326077
177368,0.5647674253445452,10,3,3,3,3,2,9.033333333333333,9.033333333333333,9.033333333333333,0.5647674253445452
177396,0.7431989319830519,10,4,4,3,4,2,9.925,9.925,9.925,0.7431989319830519
177441,0.6734741018409771,10,5,5,4,5,2,9.74,9.74,9.74,0.6734741018409771
177619,0.6434473372301813,10,1,1,1,1,1,7.9,7.9,7.9,0.6434473372301813
177801,0.5704087232913917,10,4,4,4,4,2,9.3,9.3,9.3,0.5704087232913917
177848,-0.34794649464033434,10,4,4,4,3,2,8.566666666666666,8.3,7.658333333333333,-0.34794649464033434
177859,0.6505539362963227,10,3,3,3,3,2,8.333333333333334,8.333333333333334,8.333333333333334,0.6505539362963227
177910,0.5082131955240108,10,4,4,3,4,2,9.0,9.0,9.0,0.5082131955240108
177931,0.6404245644880651,10,4,4,4,4,2,10.0,10.0,10.0,0.6404245644880651
178017,0.4168453609046246,10,4,4,3,4,2,9.25,9.25,9.25,0.4168453609046246
178322,0.4377619905488006,10,4,4,4,4,2,9.625,9.625,9.625,0.4377619905488006
178656,-0.33348242736442163,10,3,3,3,3,2,8.85,7.623076923076923,5.8999999999999995,-0.33348242736442163
178713,-0.33839604750313007,10,3,3,3,3,2,8.133333333333333,8.133333333333333,8.133333333333333,-0.33839604750313007
178751,0.2299742237596587,10,5,5,4,5,2,9.36,9.36,9.36,0.2299742237596587
178903,0.7720749149668016,10,4,4,4,4,2,9.95,9.95,9.95,0.7720749149668016
180503,0.42439744195928625,10,3,3,3,3,2,9.566666666666666,9.566666666666666,9.566666666666666,0.42439744195928625
181550,0.7234161082959578,10,3,3,3,3,2,9.333333333333334,9.333333333333334,9.333333333333334,0.7234161082959578
182592,0.4174272996571708,10,3,3,3,3,2,9.633333333333333,9.633333333333333,9.633333333333333,0.4174272996571708
165683,0.7028927349216126,9,1,1,1,1,1,9.5,9.5,9.5,0.7028927349216126
165839,0.3240482455352464,9,3,3,2,3,2,9.299999999999999,9.299999999999999,9.299999999999999,0.3240482455352464
165872,0.8456647935349295,9,3,3,3,3,3,9.466666666666667,9.466666666666667,9.466666666666667,0.8456647935349295
165937,0.5647987962378054,9,5,5,5,5,2,9.559999999999999,9.559999999999999,9.559999999999999,0.5647987962378054
166108,0.23772218072125165,9,3,3,3,3,2,8.633333333333333,8.633333333333333,8.633333333333333,0.23772218072125165
166289,0.27119751729823055,9,2,2,2,2,2,8.5,8.5,8.5,0.27119751729823055
166524,1.0099245727054822,9,4,4,3,4,2,10.0,10.0,10.0,1.0099245727054822
166757,0.5484605679755316,9,3,3,2,3,2,9.333333333333334,9.333333333333334,9.333333333333334,0.5484605679755316
167061,0.4270204836575104,9,3,3,3,3,2,9.166666666666666,9.166666666666666,9.166666666666666,0.4270204836575104
167354,0.5776894298035622,9,3,3,3,2,2,8.666666666666666,8.666666666666666,8.666666666666666,0.5776894298035622
167380,0.7461051588676196,9,5,5,4,5,2,9.6,9.6,9.6,0.7461051588676196
167455,0.4734077123713011,9,4,4,4,4,2,8.925,8.925,8.925,0.4734077123713011
167805,-0.019246169623899467,9,4,4,4,4,2,8.85,8.85,8.85,-0.019246169623899467
168388,0.22574657179964197,9,1,1,1,1,1,8.6,8.6,8.6,0.22574657179964197
168516,0.2979393845211977,9,4,4,4,3,3,8.725,8.725,8.725,0.2979393845211977
169122,0.397824836729419,9,4,4,3,4,2,9.65,9.65,9.65,0.397824836729419
169574,0.5512827663678068,9,4,4,3,4,2,9.475,9.475,9.475,0.5512827663678068
169575,0.8277822234852749,9,3,3,3,3,2,9.9,9.9,9.9,0.8277822234852749
170090,0.47868410377404486,9,3,3,3,3,2,9.9,9.9,9.9,0.47868410377404486
170318,0.6286987018836703,9,4,4,3,4,2,9.525,9.525,9.525,0.6286987018836703
170909,0.7822414705831626,9,3,3,3,3,2,9.866666666666667,9.866666666666667,9.866666666666667,0.7822414705831626
171553,0.07275712081799916,9,5,5,5,5,2,9.34,9.34,9.34,0.07275712081799916
171588,0.2522176650540122,9,4,4,3,4,2,9.275,9.275,9.275,0.2522176650540122
173724,0.13141511909348044,9,5,5,5,4,3,8.75,7.459999999999999,7.1,0.13141511909348044
174144,0.36968044192837646,9,4,4,3,4,2,9.1,9.1,9.1,0.36968044192837646
174957,0.32768384191200073,9,4,4,4,4,2,9.375,9.375,9.375,0.32768384191200073
174970,0.2131917055453441,9,1,1,1,1,1,7.9,7.9,7.9,0.2131917055453441
175178,0.6346763477638202,9,4,4,4,4,2,9.95,9.95,9.95,0.6346763477638202
176200,0.6016628486045074,9,3,3,3,3,2,9.533333333333333,9.533333333333333,9.533333333333333,0.6016628486045074
176891,0.7270437123213132,9,2,2,2,2,2,9.3,9.3,9.3,0.7270437123213132
177054,-0.4237058102593568,9,2,2,2,2,2,9.7,6.725,4.85,-0.4237058102593568
177121,-0.05432206507623116,9,4,4,4,3,3,9.433333333333334,8.532142857142858,7.8,-0.05432206507623116
177346,1.0820339817748847,9,3,3,3,3,2,9.833333333333334,9.833333333333334,9.833333333333334,1.0820339817748847
177423,-0.12005384331548231,9,4,4,3,3,2,8.233333333333333,7.466666666666667,6.175,-0.12005384331548231
177711,0.7814077301987328,9,2,2,2,2,2,9.8,9.8,9.8,0.7814077301987328
178226,0.1973097460315285,9,4,4,4,4,2,9.225,9.225,9.225,0.1973097460315285
178613,0.35281074428045783,9,2,2,2,2,2,7.8,7.8,7.8,0.35281074428045783
178973,-0.6710402335183079,9,5,5,4,4,3,9.475,8.505454545454546,7.859999999999999,-0.6710402335183079
179017,0.5687975438901294,9,3,3,3,3,2,9.766666666666667,9.766666666666667,9.766666666666667,0.5687975438901294
179021,0.41054411664750035,9,3,3,3,3,2,9.733333333333334,9.733333333333334,9.733333333333334,0.41054411664750035
179421,0.802246919964321,9,4,4,3,4,2,9.55,9.55,9.55,0.802246919964321
179535,0.21260883537166012,9,3,3,3,3,2,8.666666666666666,8.666666666666666,8.666666666666666,0.21260883537166012
179737,0.5259658617491849,9,2,2,2,1,2,8.45,8.45,8.45,0.5259658617491849
180154,0.8438349407318859,9,3,3,3,3,2,10.0,10.0,10.0,0.8438349407318859
180425,0.12260450057126591,9,2,2,2,2,2,8.350000000000001,8.350000000000001,8.350000000000001,0.12260450057126591
180502,0.36740955779601003,9,4,4,4,3,3,9.466666666666667,8.604166666666666,8.725,0.36740955779601003
180808,0.2758265968894707,9,4,4,3,4,2,9.3,9.3,9.3,0.2758265968894707
182132,0.4939550996781114,9,2,2,2,2,2,10.0,10.0,10.0,0.4939550996781114
182197,-0.010195949316594621,9,3,3,2,2,2,8.35,7.004166666666666,7.133333333333333,-0.010195949316594621
182238,-1.4673083850764246,9,5,5,4,4,3,9.066666666666668,8.675,6.92,-1.4673083850764246
182461,-0.3100687359839252,9,5,5,5,4,2,8.05,7.224000000000001,6.859999999999999,-0.3100687359839252
182620,1.1902448170202558,9,4,4,4,4,2,9.9,9.9,9.9,1.1902448170202558
162440,0.8245387803456987,8,3,3,3,3,1,10.0,10.0,10.0,0.8245387803456987
162586,0.5692806822220672,8,3,3,3,3,1,8.966666666666667,8.966666666666667,8.966666666666667,0.5692806822220672
162955,-0.6894704612533081,8,3,3,3,2,2,8.65,7.916666666666667,7.566666666666667,-0.6894704612533081
163155,0.3202933848016062,8,2,2,2,2,1,9.65,9.65,9.65,0.3202933848016062
163202,0.5342265055604144,8,3,3,3,3,1,9.333333333333334,9.333333333333334,9.333333333333334,0.5342265055604144
163425,-0.26952909833916444,8,6,6,6,3,3,7.699999999999999,6.383333333333333,6.166666666666667,-0.26952909833916444
163742,1.026160474634925,8,3,3,2,3,1,9.799999999999999,9.799999999999999,9.799999999999999,1.026160474634925
164283,0.24928400920835647,8,2,2,2,2,1,8.75,8.75,8.75,0.24928400920835647
164476,-0.4290519660907159,8,2,2,2,1,1,7.6,6.6125,3.8,-0.4290519660907159
164578,0.8348761998136361,8,3,3,2,2,2,8.833333333333334,8.833333333333334,8.833333333333334,0.8348761998136361
164699,-0.12481110632946135,8,4,4,3,3,1,7.85,7.85,7.85,-0.12481110632946135
164802,0.39248309281824606,8,3,3,3,3,1,9.266666666666667,9.266666666666667,9.266666666666667,0.39248309281824606
165021,1.1158378632442276,8,4,4,4,4,3,10.0,10.0,10.0,1.1158378632442276
165388,0.356853457312283,8,2,2,2,2,2,8.75,8.75,8.75,0.356853457312283
165487,0.7295753504581743,8,4,4,4,4,2,9.5,9.5,9.5,0.7295753504581743
165712,0.9084329539538529,8,4,4,2,4,2,9.975,9.975,9.975,0.9084329539538529
166229,0.8311004459838811,8,4,4,3,4,2,9.8,9.8,9.8,0.8311004459838811
166287,0.6723464261828388,8,3,3,3,3,2,9.933333333333334,9.933333333333334,9.933333333333334,0.6723464261828388
166743,0.3561588391565899,8,3,3,3,3,2,9.133333333333333,9.133333333333333,9.133333333333333,0.3561588391565899
166793,0.8700052079888959,8,3,3,2,3,2,10.0,10.0,10.0,0.8700052079888959
167095,0.8861693579677804,8,3,3,3,3,2,10.0,10.0,10.0,0.8861693579677804
167234,-0.3007915191669639,8,4,4,4,3,2,8.175,8.175,8.175,-0.3007915191669639
167289,0.3591433286847036,8,3,3,3,3,2,8.533333333333333,8.533333333333333,8.533333333333333,0.3591433286847036
167322,0.24672793294392062,8,6,6,6,5,3,9.120000000000001,8.308333333333334,8.549999999999999,0.24672793294392062
167594,0.825899147935079,8,3,3,2,3,2,9.966666666666667,9.966666666666667,9.966666666666667,0.825899147935079
167654,0.009551407898670195,8,5,5,4,4,3,8.325,7.6,7.9799999999999995,0.009551407898670195
168035,0.3708603600573906,8,3,3,3,3,2,9.200000000000001,9.200000000000001,9.200000000000001,0.3708603600573906
168079,0.6171441478269328,8,2,2,2,2,2,8.649999999999999,8.649999999999999,8.649999999999999,0.6171441478269328
168172,0.6237300075135602,8,4,4,4,4,2,9.1,9.1,9.1,0.6237300075135602
168212,0.010134800596949026,8,3,3,3,3,3,8.133333333333333,8.133333333333333,8.133333333333333,0.010134800596949026
168335,-0.3970788979641471,8,5,5,5,3,3,8.275,7.492857142857143,6.8,-0.3970788979641471
168445,0.5620258927153858,8,1,1,1,1,1,9.0,9.0,9.0,0.5620258927153858
168476,0.06744936846377614,8,4,4,4,4,2,9.025,9.025,9.025,0.06744936846377614
168811,-0.5058026492276364,8,5,5,5,3,4,6.4,6.363333333333333,6.5200000000000005,-0.5058026492276364
169049,0.4837171486503331,8,4,4,3,4,2,9.375,9.375,9.375,0.4837171486503331
169489,0.7448479529544993,8,3,3,3,3,2,9.700000000000001,9.700000000000001,9.700000000000001,0.7448479529544993
169877,0.6564412149532174,8,2,2,2,2,2,9.55,9.55,9.55,0.6564412149532174
171703,0.3830709458408268,8,4,4,3,4,2,9.75,9.75,9.75,0.3830709458408268
172216,0.6588416870023882,8,4,4,4,4,2,9.275,9.275,9.275,0.6588416870023882
172301,0.6952008571174915,8,4,4,3,4,2,10.0,10.0,10.0,0.6952008571174915
173489,0.29244415512123695,8,3,3,2,3,2,9.166666666666666,9.166666666666666,9.166666666666666,0.29244415512123695
174453,0.678921474841797,8,4,4,4,4,3,10.0,10.0,10.0,0.678921474841797
174670,0.7994447290350106,8,1,1,1,1,1,9.5,9.5,9.5,0.7994447290350106
175068,0.3489360204334476,8,5,5,5,4,3,8.26,8.26,8.26,0.3489360204334476
176144,0.5393364502205381,8,4,4,4,4,2,9.675,9.675,9.675,0.5393364502205381
176720,0.23783905279391282,8,2,2,2,2,1,8.7,6.7333333333333325,7.8,0.23783905279391282
177040,0.4722668823547133,8,3,3,3,3,2,9.633333333333333,9.633333333333333,9.633333333333333,0.4722668823547133
177048,0.3922365121536804,8,3,3,3,3,3,9.233333333333333,9.233333333333333,9.233333333333333,0.3922365121536804
177217,0.699688317649196,8,3,3,3,3,2,9.033333333333333,9.033333333333333,9.033333333333333,0.699688317649196
177252,0.3392291644288804,8,4,4,4,4,3,9.1,9.1,9.1,0.3392291644288804
177378,0.5233378237895676,8,5,5,4,5,2,9.36,9.36,9.36,0.5233378237895676
177601,0.16996024940835391,8,1,1,1,1,1,8.4,8.4,8.4,0.16996024940835391
177611,0.3383487221206264,8,4,4,4,3,3,9.633333333333333,8.1625,7.225,0.3383487221206264
177650,0.36853967081340505,8,4,4,4,4,2,9.7,9.7,9.7,0.36853967081340505
177721,0.31267300098117223,8,4,4,3,4,2,9.25,9.25,9.25,0.31267300098117223
178032,0.9163131603614296,8,4,4,4,4,3,9.725,9.725,9.725,0.9163131603614296
178205,0.9440044756653435,8,3,3,2,3,2,9.966666666666667,9.966666666666667,9.966666666666667,0.9440044756653435
178402,-0.05224809115310847,8,5,5,4,4,3,7.360000000000001,7.360000000000001,7.360000000000001,-0.05224809115310847
178622,0.8207720060004096,8,4,4,4,4,2,9.775,9.775,9.775,0.8207720060004096
179191,0.25612441613511916,8,4,4,3,4,2,9.275,9.275,9.275,0.25612441613511916
179232,0.5675527488547601,8,5,5,5,5,2,9.6,9.6,9.6,0.5675527488547601
179278,0.7535191275633896,8,2,2,2,2,1,9.7,9.7,9.7,0.7535191275633896
179283,0.2745610738566699,8,3,3,2,3,2,8.700000000000001,8.700000000000001,8.700000000000001,0.2745610738566699
179348,0.3300936564380204,8,4,4,4,4,2,9.475,9.475,9.475,0.3300936564380204
179453,0.3972303265196715,8,3,3,2,3,2,9.466666666666667,9.466666666666667,9.466666666666667,0.3972303265196715
179656,0.4706370492311766,8,4,4,4,4,2,8.7,8.7,8.7,0.4706370492311766
179958,-0.35981677123911693,8,2,2,2,2,2,8.7,7.65,8.0,-0.35981677123911693
180370,0.9868163354004943,8,2,2,2,2,2,9.35,9.35,9.35,0.9868163354004943
180528,0.44834265572036996,8,3,3,2,3,2,9.466666666666667,9.466666666666667,9.466666666666667,0.44834265572036996
180700,0.8107488933375847,8,3,3,3,3,2,10.0,10.0,10.0,0.8107488933375847
180776,0.447462177747039,8,4,4,2,4,2,9.075,9.075,9.075,0.447462177747039
181040,0.3247487648383393,8,2,2,2,2,1,8.15,8.15,8.15,0.3247487648383393
181444,0.7595519618874922,8,4,4,4,4,2,9.6,9.6,9.6,0.7595519618874922
181857,-0.11147783986823775,8,2,2,2,1,1,8.0,7.75,6.59,-0.11147783986823775
182641,-0.08346348557999844,8,4,4,4,4,2,9.05,9.05,9.05,-0.08346348557999844
182673,0.5825655246065864,8,3,3,3,3,2,9.799999999999999,9.799999999999999,9.799999999999999,0.5825655246065864
157920,0.39468401606406145,7,2,2,2,2,1,9.3,9.3,9.3,0.39468401606406145
162234,0.583796385950596,7,3,3,3,3,2,8.566666666666668,8.566666666666668,8.566666666666668,0.583796385950596
162363,-0.13097853108607155,7,4,4,4,3,2,8.45,8.45,8.45,-0.13097853108607155
162407,0.4332699266872956,7,1,1,1,1,1,8.4,8.4,8.4,0.4332699266872956
162528,-0.27412912169441267,7,6,6,6,4,2,8.066666666666666,8.066666666666666,8.066666666666666,-0.27412912169441267
162781,-0.572796538916974,7,4,4,3,3,2,8.4,7.550000000000001,6.300000000000001,-0.572796538916974
162941,-0.36391288593264365,7,7,7,5,4,3,8.4,6.694285714285714,6.642857142857143,-0.36391288593264365
163009,1.2183868359285404,7,3,3,3,3,1,9.966666666666667,9.966666666666667,9.966666666666667,1.2183868359285404
163360,-0.4336929429476503,7,3,3,2,2,2,8.4,6.694047619047619,7.266666666666667,-0.4336929429476503
163362,0.48731065755829983,7,2,2,2,2,1,8.45,8.45,8.45,0.48731065755829983
163393,1.036160188867238,7,3,3,3,3,1,9.433333333333334,9.433333333333334,9.433333333333334,1.036160188867238
163449,0.8812165923705909,7,3,3,3,3,1,9.466666666666667,9.466666666666667,9.466666666666667,0.8812165923705909
163590,0.9386388317695873,7,2,2,2,2,1,9.6,9.6,9.6,0.9386388317695873
164065,0.22491721705961004,7,1,1,1,1,1,7.5,7.5,7.5,0.22491721705961004
164617,-0.7927502332302433,7,4,4,4,3,2,8.466666666666667,8.014285714285714,8.075,-0.7927502332302433
164630,0.6267174963461701,7,4,4,4,4,2,8.8,8.8,8.8,0.6267174963461701
164835,0.16595642068023303,7,2,2,2,2,1,8.5,8.5,8.5,0.16595642068023303
165035,0.7089560280154839,7,3,3,2,3,2,9.566666666666668,9.566666666666668,9.566666666666668,0.7089560280154839
165053,0.7972865898477787,7,3,3,3,3,2,9.733333333333333,9.733333333333333,9.733333333333333,0.7972865898477787
165106,0.32441142835943754,7,1,1,1,1,1,7.8,7.8,7.8,0.32441142835943754
165297,0.11449083350734916,7,3,3,2,3,3,8.466666666666667,8.466666666666667,8.466666666666667,0.11449083350734916
165316,0.6591586648691742,7,4,4,3,4,2,9.8,9.8,9.8,0.6591586648691742
165943,0.49586640448623237,7,4,4,4,3,3,8.799999999999999,7.539999999999999,7.8,0.49586640448623237
165990,0.7871876500243681,7,4,4,4,4,2,9.875,9.875,9.875,0.7871876500243681
166149,0.7654177599594832,7,4,4,1,4,2,10.0,10.0,10.0,0.7654177599594832
166232,-0.13214831798294568,7,6,6,6,4,3,8.75,7.508888888888889,7.516666666666667,-0.13214831798294568
166328,0.7692061300779558,7,5,5,5,5,3,9.76,9.76,9.76,0.7692061300779558
166960,0.0527076373217934,7,2,2,2,2,2,9.0,9.0,9.0,0.0527076373217934
167097,0.8309134928851999,7,3,3,3,3,2,9.966666666666667,9.966666666666667,9.966666666666667,0.8309134928851999
167212,0.6884728210516072,7,4,4,3,4,2,9.65,9.65,9.65,0.6884728210516072
167369,-1.8683475847651558,7,1,1,1,1,1,,4.421428571428572,0.0,-1.8683475847651558
167599,0.3670422250839165,7,3,3,3,3,2,8.666666666666666,8.666666666666666,8.666666666666666,0.3670422250839165
167631,0.35007437703367233,7,4,4,4,4,2,8.425,8.425,8.425,0.35007437703367233
167641,0.1423324748631037,7,5,5,5,4,3,8.22,8.22,8.22,0.1423324748631037
167671,1.2069268817494758,7,3,3,2,3,2,9.799999999999999,9.799999999999999,9.799999999999999,1.2069268817494758
168115,1.0942199610851722,7,3,3,1,3,2,10.0,10.0,10.0,1.0942199610851722
168116,0.09145613881225124,7,3,3,3,3,2,8.6,8.6,8.6,0.09145613881225124
168299,0.48031032542296787,7,3,3,3,3,2,9.633333333333333,9.633333333333333,9.633333333333333,0.48031032542296787
168434,0.6128808621848311,7,3,3,3,3,2,9.466666666666667,9.466666666666667,9.466666666666667,0.6128808621848311
168447,0.5489044591486137,7,3,3,3,3,2,8.833333333333334,8.833333333333334,8.833333333333334,0.5489044591486137
168451,0.5856220228103478,7,3,3,2,3,2,9.5,9.5,9.5,0.5856220228103478
168493,-0.0194044057339926,7,4,4,4,4,2,8.25,8.25,8.25,-0.0194044057339926
168608,0.06451774360135643,7,4,4,3,4,2,9.075,9.075,9.075,0.06451774360135643
168747,-2.026772212904308,7,5,5,5,3,3,3.2249999999999996,3.2249999999999996,3.3199999999999994,-2.026772212904308
168850,0.7184866517593527,7,4,4,4,4,2,9.45,9.45,9.45,0.7184866517593527
169728,0.9649825221012649,7,3,3,1,3,2,9.566666666666668,9.566666666666668,9.566666666666668,0.9649825221012649
170525,0.6331496796658517,7,3,3,3,3,2,9.299999999999999,9.299999999999999,9.299999999999999,0.6331496796658517
170535,0.38255343932239283,7,3,3,3,3,2,9.633333333333333,9.633333333333333,9.633333333333333,0.38255343932239283
170671,0.4306627446366902,7,3,3,3,3,2,9.666666666666666,9.666666666666666,9.666666666666666,0.4306627446366902
170677,0.8077443289334828,7,4,4,3,4,2,9.8,9.8,9.8,0.8077443289334828
170775,0.7832989419980054,7,4,4,4,4,2,10.0,10.0,10.0,0.7832989419980054
171084,0.7369249707911991,7,3,3,3,3,2,9.633333333333333,9.633333333333333,9.633333333333333,0.7369249707911991
171764,0.7029187899566848,7,4,4,3,4,2,9.95,9.95,9.95,0.7029187899566848
171826,0.3175888291171594,7,2,2,2,2,2,9.65,9.65,9.65,0.3175888291171594
171858,0.8326123884534137,7,2,2,2,2,1,9.85,9.85,9.85,0.8326123884534137
172180,0.9597245757404896,7,3,3,3,3,2,9.766666666666667,9.766666666666667,9.766666666666667,0.9597245757404896
172338,-0.11539414032453695,7,5,5,5,3,3,7.8,7.443333333333333,6.34,-0.11539414032453695
172545,0.8145219973670027,7,4,4,2,4,2,9.8,9.8,9.8,0.8145219973670027
173815,0.5703347794494681,7,4,4,4,4,2,8.875,8.875,8.875,0.5703347794494681
174190,0.6247553400187594,7,3,3,3,3,2,8.966666666666667,8.966666666666667,8.966666666666667,0.6247553400187594
174517,-0.16670268438113922,7,4,4,4,3,3,8.766666666666666,8.1375,8.15,-0.16670268438113922
174539,0.6983342930050334,7,4,4,4,4,2,10.0,10.0,10.0,0.6983342930050334
174635,0.6916193871343415,7,4,4,3,4,2,9.125,9.125,9.125,0.6916193871343415
174748,0.710251157513916,7,3,3,3,3,2,10.0,10.0,10.0,0.710251157513916
174926,-0.1702808464341259,7,4,4,3,4,2,8.833333333333334,7.2,7.025,-0.1702808464341259
175103,0.6602975370099305,7,4,4,2,4,2,8.85,8.85,8.85,0.6602975370099305
175535,0.8421280824178061,7,3,3,3,3,3,8.700000000000001,8.700000000000001,8.700000000000001,0.8421280824178061
175864,0.3071444120031182,7,4,4,4,3,3,9.1,8.05,8.525,0.3071444120031182
176100,0.1798431777775849,7,4,4,4,4,2,9.0,9.0,9.0,0.1798431777775849
176108,0.30785346961816834,7,3,3,3,3,3,8.766666666666667,8.766666666666667,8.766666666666667,0.30785346961816834
176726,0.3500786438218197,7,4,4,4,4,2,9.35,9.35,9.35,0.3500786438218197
176896,0.28074765560337367,7,6,6,4,4,3,8.299999999999999,8.299999999999999,8.299999999999999,0.28074765560337367
176938,0.149684252255159,7,3,3,3,2,2,9.9,7.8500000000000005,6.6000000000000005,0.149684252255159
177100,-0.10399833832664288,7,4,4,4,4,2,9.433333333333334,8.367307692307692,7.075,-0.10399833832664288
177225,0.8227365098397657,7,1,1,1,1,1,9.7,9.7,9.7,0.8227365098397657
177345,0.45690563965549613,7,4,4,2,4,2,9.55,9.55,9.55,0.45690563965549613
177427,0.8131470838030834,7,4,4,4,4,3,9.875,9.875,9.875,0.8131470838030834
177429,0.6687713112487552,7,3,3,3,3,2,9.933333333333334,9.933333333333334,9.933333333333334,0.6687713112487552
177459,0.4792850856727712,7,5,5,5,4,3,9.625,8.733846153846155,8.48,0.4792850856727712
177472,0.612332299123797,7,4,4,4,4,2,9.475,9.475,9.475,0.612332299123797
178661,0.525742379755783,7,2,2,2,2,2,9.7,9.7,9.7,0.525742379755783
178731,-2.0427267189712177,7,1,1,1,1,1,2.7,2.7,2.7,-2.0427267189712177
178750,0.6107516088695353,7,4,4,4,4,2,9.825,9.825,9.825,0.6107516088695353
178914,0.30333507951127814,7,3,3,3,3,3,8.333333333333334,8.333333333333334,8.333333333333334,0.30333507951127814
178974,0.46568087822557547,7,3,3,3,3,3,9.299999999999999,9.299999999999999,9.299999999999999,0.46568087822557547
178997,-0.6944297296998638,7,4,4,4,4,2,6.15,6.15,6.15,-0.6944297296998638
179010,0.7591432889694119,7,2,2,2,2,2,8.2,8.2,8.2,0.7591432889694119
179111,0.6322122340206979,7,3,3,3,3,2,9.6,9.6,9.6,0.6322122340206979
179541,-0.6880888375913156,7,3,3,3,3,2,9.0,8.12,6.6000000000000005,-0.6880888375913156
179546,0.45396441041360375,7,3,3,3,3,2,8.666666666666666,8.666666666666666,8.666666666666666,0.45396441041360375
179678,0.059424633148612106,7,3,3,3,3,2,8.4,8.4,8.4,0.059424633148612106
179768,0.7332399844670265,7,4,4,3,3,3,9.866666666666667,8.275,8.7,0.7332399844670265
179788,0.9655268607490974,7,4,4,4,4,2,9.775,9.775,9.775,0.9655268607490974
179941,0.13181044560782687,7,4,4,4,4,2,8.525,8.525,8.525,0.13181044560782687
180143,0.499414435149349,7,1,1,1,1,1,8.1,8.1,8.1,0.499414435149349
180582,0.44914962841111,7,3,3,3,3,3,9.166666666666666,9.166666666666666,9.166666666666666,0.44914962841111
180940,0.8646567588518498,7,3,3,3,3,2,9.799999999999999,9.799999999999999,9.799999999999999,0.8646567588518498
181207,-0.10495520530005471,7,3,3,3,2,2,8.899999999999999,7.938888888888889,6.099999999999999,-0.10495520530005471
181278,0.6587470917422481,7,4,4,4,4,2,9.85,9.85,9.85,0.6587470917422481
181288,1.0178485490811597,7,3,3,3,3,2,9.966666666666667,9.966666666666667,9.966666666666667,1.0178485490811597
181386,0.7664541510327374,7,3,3,2,3,2,9.933333333333334,9.933333333333334,9.933333333333334,0.7664541510327374
181456,-0.15744542785898039,7,3,3,3,3,2,9.066666666666666,9.066666666666666,9.066666666666666,-0.15744542785898039
181483,0.48509755749183026,7,2,2,2,2,2,8.55,8.55,8.55,0.48509755749183026
182648,-0.6721907207695944,7,6,6,5,3,3,7.025,5.945833333333333,6.483333333333333,-0.6721907207695944
182660,0.40559972072091005,7,4,4,3,4,2,8.925,8.925,8.925,0.40559972072091005
182682,0.3268402967416906,7,4,4,3,4,2,8.75,8.75,8.75,0.3268402967416906
161913,0.24946553549201575,6,2,2,1,2,2,8.45,8.45,8.45,0.24946553549201575
162702,0.7049382679433022,6,3,3,3,3,1,9.033333333333333,9.033333333333333,9.033333333333333,0.7049382679433022
162928,0.875273883723275,6,3,3,3,3,1,9.966666666666667,9.966666666666667,9.966666666666667,0.875273883723275
163014,0.28445773030895727,6,2,2,2,2,2,8.25,8.25,8.25,0.28445773030895727
163036,-0.7580467561662332,6,2,2,2,2,1,7.65,7.65,7.65,-0.7580467561662332
163055,0.7781904018576142,6,3,3,3,3,2,9.700000000000001,9.700000000000001,9.700000000000001,0.7781904018576142
163534,0.30054441627866707,6,4,4,3,3,2,7.5249999999999995,7.5249999999999995,7.5249999999999995,0.30054441627866707
164891,0.7686525866688698,6,3,3,3,3,2,9.733333333333334,9.733333333333334,9.733333333333334,0.7686525866688698
165259,0.10954134302082073,6,3,3,3,3,2,8.233333333333333,8.233333333333333,8.233333333333333,0.10954134302082073
165390,1.2633074331241185,6,2,2,2,2,1,9.55,9.55,9.55,1.2633074331241185
165744,1.0346018722304147,6,3,3,3,3,2,10.0,10.0,10.0,1.0346018722304147
165947,-0.14135677568350943,6,5,5,4,4,3,9.275,8.27,7.840000000000001,-0.14135677568350943
166187,0.3302084082117094,6,3,3,3,3,2,9.233333333333333,9.233333333333333,9.233333333333333,0.3302084082117094
166191,-1.100004727127247,6,3,3,3,3,2,7.2,7.2,7.2,-1.100004727127247
166235,0.3847952928402992,6,1,1,1,1,1,8.9,8.9,8.9,0.3847952928402992
166236,-0.9053935552328706,6,3,3,3,2,3,8.5,6.916666666666667,5.666666666666667,-0.9053935552328706
166241,0.5748558539369486,6,4,4,3,4,2,9.225,9.225,9.225,0.5748558539369486
166245,0.951802678474786,6,4,4,4,4,2,9.625,9.625,9.625,0.951802678474786
166363,0.6189873750694682,6,3,3,3,3,3,9.299999999999999,9.299999999999999,9.299999999999999,0.6189873750694682
166368,0.29265976159944695,6,2,2,2,2,2,8.65,8.65,8.65,0.29265976159944695
166525,-1.1744454648604616,6,6,6,5,4,3,8.4,7.083333333333333,7.033333333333332,-1.1744454648604616
166991,0.04331196193671971,6,4,4,4,4,2,8.4,8.4,8.4,0.04331196193671971
167073,0.9565746740235852,6,4,4,4,4,2,9.95,9.95,9.95,0.9565746740235852
167316,0.9203797785924017,6,4,4,4,4,2,9.45,9.45,9.45,0.9203797785924017
167374,0.7577780707485742,6,3,3,3,3,2,9.866666666666667,9.866666666666667,9.866666666666667,0.7577780707485742
167391,0.7383975376019066,6,3,3,2,3,2,9.666666666666666,9.666666666666666,9.666666666666666,0.7383975376019066
167700,0.32474414048730293,6,5,5,4,4,3,9.275,8.525,7.42,0.32474414048730293
167778,0.5393417541265323,6,4,4,4,4,2,9.05,9.05,9.05,0.5393417541265323
168093,-0.40846316494239326,6,4,4,4,3,3,8.566666666666666,7.021875,6.425,-0.40846316494239326
168270,0.8073635798428304,6,3,3,2,3,2,9.866666666666667,9.866666666666667,9.866666666666667,0.8073635798428304
168350,0.21395873882884353,6,2,2,1,2,2,8.1,8.1,8.1,0.21395873882884353
168466,-0.9969818081227022,6,5,5,5,3,3,6.725,6.5525,6.26,-0.9969818081227022
168515,0.24504112024555658,6,6,6,6,5,3,8.7,8.170833333333333,8.466666666666667,0.24504112024555658
168591,0.17622215072596112,6,4,4,4,2,3,7.6000000000000005,6.76,7.5,0.17622215072596112
168778,0.2337732199082999,6,4,4,4,3,3,7.85,7.85,7.85,0.2337732199082999
168854,0.006521278128853919,6,2,2,2,2,2,8.75,8.75,8.75,0.006521278128853919
168885,-0.22941695404005863,6,5,5,4,4,4,8.5,7.684285714285714,8.2,-0.22941695404005863
169152,0.9096573493053506,6,3,3,3,3,2,10.0,10.0,10.0,0.9096573493053506
169253,0.9342063762613484,6,3,3,3,3,2,9.4,9.4,9.4,0.9342063762613484
169277,0.6199102634575171,6,3,3,3,3,2,9.433333333333334,9.433333333333334,9.433333333333334,0.6199102634575171
169572,0.6986556403985067,6,2,2,1,2,2,9.45,9.45,9.45,0.6986556403985067
169813,0.6835943790031968,6,3,3,3,3,2,9.9,9.9,9.9,0.6835943790031968
169907,-0.06081275352433768,6,3,3,3,3,2,8.299999999999999,8.299999999999999,8.299999999999999,-0.06081275352433768
170462,-0.330340683374755,6,5,5,5,3,3,8.933333333333334,6.8566666666666665,6.3,-0.330340683374755
170534,0.6452337951079206,6,3,3,3,3,2,9.533333333333333,9.533333333333333,9.533333333333333,0.6452337951079206
170567,0.12050339229097592,6,5,5,4,4,3,9.375,8.213333333333333,7.76,0.12050339229097592
170843,-0.495740206340743,6,2,2,2,2,2,8.2,8.2,8.2,-0.495740206340743
170865,0.636511374767946,6,4,4,4,4,2,9.675,9.675,9.675,0.636511374767946
170890,0.6571967862926058,6,4,4,3,4,2,9.725,9.725,9.725,0.6571967862926058
170938,0.7765135978274653,6,3,3,3,3,2,9.966666666666667,9.966666666666667,9.966666666666667,0.7765135978274653
171208,0.26536443917760427,6,4,4,4,4,2,9.575,9.575,9.575,0.26536443917760427
171267,0.6512927225538092,6,5,5,5,5,3,9.68,9.68,9.68,0.6512927225538092
171525,0.534299959705482,6,4,4,3,4,2,9.825,9.825,9.825,0.534299959705482
171621,0.9968786629529527,6,3,3,3,3,2,10.0,10.0,10.0,0.9968786629529527
171780,0.5341523309408996,6,3,3,3,3,2,9.933333333333334,9.933333333333334,9.933333333333334,0.5341523309408996
172135,0.6424697559771103,6,3,3,3,3,2,9.5,9.5,9.5,0.6424697559771103
172145,-0.020888098850101566,6,3,3,3,3,2,9.066666666666666,9.066666666666666,9.066666666666666,-0.020888098850101566
172247,0.6173084160630151,6,2,2,2,1,2,10.0,7.103125,8.3,0.6173084160630151
172251,-0.08588423969212973,6,3,3,3,3,2,8.833333333333334,8.833333333333334,8.833333333333334,-0.08588423969212973
172279,0.04852939942579427,6,6,6,4,4,3,9.725,8.473333333333334,8.35,0.04852939942579427
172518,0.6411772638166204,6,2,2,2,2,2,9.9,9.9,9.9,0.6411772638166204
172614,0.2861328696554846,6,2,2,2,1,2,8.6,6.403124999999999,7.6,0.2861328696554846
172820,0.2842752058663088,6,4,4,4,4,2,9.175,9.175,9.175,0.2842752058663088
173422,0.747923081429857,6,2,2,2,2,1,9.1,9.1,9.1,0.747923081429857
173914,0.4375251985855218,6,3,3,3,3,2,9.9,9.9,9.9,0.4375251985855218
174124,0.7810792569427244,6,3,3,2,3,2,9.200000000000001,9.200000000000001,9.200000000000001,0.7810792569427244
174149,0.10650644512912806,6,6,6,6,4,3,8.975,7.333333333333333,7.283333333333332,0.10650644512912806
174279,-0.2235174252435022,6,4,4,4,3,3,9.566666666666668,7.175000000000001,7.175000000000001,-0.2235174252435022
174581,0.6147941403903756,6,4,4,4,4,2,9.825,9.825,9.825,0.6147941403903756
174709,0.4645188208599318,6,2,2,2,2,2,9.6,9.6,9.6,0.4645188208599318
174882,0.7666636901561573,6,1,1,1,1,1,10.0,10.0,10.0,0.7666636901561573
175041,0.6254916637872046,6,4,4,4,4,2,9.15,9.15,9.15,0.6254916637872046
175254,0.8975522855565877,6,3,3,2,3,2,9.733333333333333,9.733333333333333,9.733333333333333,0.8975522855565877
175441,-0.29740182692144884,6,5,5,4,4,3,9.925,9.925,8.309999999999999,-0.29740182692144884
175637,0.1452665734072613,6,4,4,4,3,3,8.733333333333333,8.085,8.2,0.1452665734072613
175787,1.06629194446282,6,2,2,1,2,1,8.85,8.85,8.85,1.06629194446282
176099,0.16967372072098338,6,4,4,4,4,2,8.725,8.725,8.725,0.16967372072098338
176453,0.32201161387144356,6,3,3,3,3,3,8.566666666666668,8.566666666666668,8.566666666666668,0.32201161387144356
176710,0.7709608907686617,6,4,4,4,4,2,9.45,9.45,9.45,0.7709608907686617
176880,0.7856941872093172,6,4,4,4,4,2,9.875,9.875,9.875,0.7856941872093172
176899,0.5342095323987109,6,3,3,3,3,2,9.666666666666666,9.666666666666666,9.666666666666666,0.5342095323987109
177067,0.8459465391753955,6,4,4,3,4,2,9.875,9.875,9.875,0.8459465391753955
177148,0.7948968343214811,6,4,4,3,4,2,9.975,9.975,9.975,0.7948968343214811
177247,0.6459840239930955,6,3,3,3,3,2,9.35,7.956410256410256,8.6,0.6459840239930955
177339,0.48560770932271813,6,2,2,1,2,2,8.85,8.85,8.85,0.48560770932271813
177379,0.835036168091934,6,4,4,4,4,2,9.625,9.625,9.625,0.835036168091934
177902,-1.1056793262141327,6,8,8,8,4,4,5.8428571428571425,5.69375,5.1125,-1.1056793262141327
177913,1.0432940103839095,6,3,3,2,3,2,10.0,10.0,10.0,1.0432940103839095
177915,0.9445591761511952,6,3,3,3,3,2,9.766666666666666,9.766666666666666,9.766666666666666,0.9445591761511952
178026,0.4003478037582493,6,5,5,5,4,3,9.325,8.493846153846153,8.24,0.4003478037582493
178371,0.7173793011567657,6,2,2,2,2,2,9.600000000000001,9.600000000000001,9.600000000000001,0.7173793011567657
178500,-0.9404217178309627,6,3,3,3,2,3,7.7,5.672222222222222,4.466666666666667,-0.9404217178309627
178611,0.450135365519622,6,4,4,4,3,2,9.766666666666667,8.751666666666667,9.025,0.450135365519622
178654,0.43777639999121426,6,1,1,1,1,1,9.2,9.2,9.2,0.43777639999121426
179041,0.19132673952893328,6,4,4,4,3,3,8.766666666666666,7.867307692307692,6.574999999999999,0.19132673952893328
179194,0.8774025847594422,6,1,1,1,1,1,10.0,10.0,10.0,0.8774025847594422
179401,-0.06456160386615717,6,4,4,4,3,3,8.966666666666667,8.475,8.3,-0.06456160386615717
179472,0.589614960130746,6,3,3,3,3,2,9.766666666666667,9.766666666666667,9.766666666666667,0.589614960130746
179543,0.7023450079095079,6,4,4,4,4,2,9.600000000000001,9.600000000000001,9.600000000000001,0.7023450079095079
179667,-0.015691763926999766,6,4,4,4,4,2,8.4,8.4,8.4,-0.015691763926999766
179791,0.42824992309870485,6,3,3,3,3,2,8.433333333333334,8.433333333333334,8.433333333333334,0.42824992309870485
179815,-0.3635520859881351,6,5,5,4,4,3,8.9,8.313333333333333,8.2,-0.3635520859881351
179871,-0.07398702122391834,6,2,2,2,2,2,9.2,7.51,8.1,-0.07398702122391834
180040,-0.290173097138512,6,1,1,1,1,1,5.9,5.9,5.9,-0.290173097138512
180068,0.8497032772147485,6,3,3,3,3,2,9.6,9.6,9.6,0.8497032772147485
180155,0.20338044902880884,6,3,3,3,3,2,8.700000000000001,8.700000000000001,8.700000000000001,0.20338044902880884
180286,0.08856303202729951,6,4,4,4,3,3,8.5,7.83,7.7749999999999995,0.08856303202729951
180643,-0.8965069629960458,6,2,2,2,1,2,8.9,6.450000000000001,4.6000000000000005,-0.8965069629960458
180754,0.4089863641891611,6,3,3,3,3,2,8.6,8.6,8.6,0.4089863641891611
180943,0.35399138569385685,6,1,1,1,1,1,9.2,9.2,9.2,0.35399138569385685
180982,0.45968828689883273,6,1,1,1,1,1,8.0,8.0,8.0,0.45968828689883273
181017,0.44706199507689837,6,4,4,3,4,2,8.975,8.975,8.975,0.44706199507689837
181193,0.6418547098167342,6,4,4,4,4,3,9.35,9.35,9.35,0.6418547098167342
181577,-0.5345116167424016,6,3,3,3,3,2,9.233333333333333,9.233333333333333,9.233333333333333,-0.5345116167424016
182038,-0.2890451295029139,6,4,4,3,3,3,8.6,8.2,8.25,-0.2890451295029139
182113,0.06593658728765574,6,3,3,3,3,1,8.166666666666666,8.166666666666666,8.166666666666666,0.06593658728765574
182225,0.366060041520358,6,4,4,3,4,2,9.0,9.0,9.0,0.366060041520358
182380,-0.3695530007280931,6,4,4,4,3,2,8.1,7.570833333333334,6.475,-0.3695530007280931
182569,0.6213972452447243,6,4,4,3,4,2,9.825,9.825,9.825,0.6213972452447243
182613,0.2630257138392426,6,2,2,2,2,2,7.5,4.95,6.7,0.2630257138392426
182642,-0.3859405768649018,6,3,3,3,3,2,8.8,8.366666666666667,7.716666666666666,-0.3859405768649018
182671,-0.5657069766090157,6,5,5,5,4,3,8.0,6.984,7.220000000000001,-0.5657069766090157
182831,0.4329398441005409,6,3,3,3,3,1,9.533333333333333,9.533333333333333,9.533333333333333,0.4329398441005409
182868,0.5234824840184436,6,3,3,3,3,2,8.966666666666667,8.966666666666667,8.966666666666667,0.5234824840184436
161698,-0.06773637105619812,5,4,4,4,3,2,8.933333333333334,7.71875,8.3,-0.06773637105619812
162457,1.0341188914331891,5,3,3,3,3,1,9.9,9.9,9.9,1.0341188914331891
162470,0.0459601557674745,5,4,4,4,4,1,8.4,8.4,8.4,0.0459601557674745
162783,0.08432699319197623,5,3,3,3,3,1,8.866666666666667,8.866666666666667,8.866666666666667,0.08432699319197623
162937,0.5094450276428428,5,3,3,3,2,2,9.25,7.416666666666667,6.166666666666667,0.5094450276428428
162952,0.9866520751483835,5,3,3,3,3,1,9.533333333333333,9.533333333333333,9.533333333333333,0.9866520751483835
163241,0.8012414152044789,5,3,3,3,3,1,9.466666666666667,9.466666666666667,9.466666666666667,0.8012414152044789
163290,0.5055623148084682,5,4,4,4,4,3,9.1,9.1,9.1,0.5055623148084682
163419,0.40947535185507067,5,4,4,3,4,1,9.15,9.15,9.15,0.40947535185507067
163604,0.588290406361105,5,3,3,3,3,1,9.466666666666667,9.466666666666667,9.466666666666667,0.588290406361105
163699,-0.7193821237958369,5,5,5,3,4,2,8.399999999999999,7.719999999999999,6.719999999999999,-0.7193821237958369
164004,0.11946462021623258,5,2,2,2,2,1,8.600000000000001,8.600000000000001,8.600000000000001,0.11946462021623258
164190,0.79407508276686,5,3,3,3,3,1,10.0,10.0,10.0,0.79407508276686
164292,0.3354386429470255,5,3,3,2,3,2,8.966666666666667,8.966666666666667,8.966666666666667,0.3354386429470255
164505,0.4226450862129591,5,3,3,3,3,1,9.0,9.0,9.0,0.4226450862129591
164675,-0.4758600462365344,5,5,5,4,3,2,8.125,7.92,7.76,-0.4758600462365344
164789,-0.016185753899531523,5,4,4,4,3,2,7.666666666666667,7.408333333333333,7.575,-0.016185753899531523
165085,0.49969757278082655,5,4,4,4,3,2,8.55,8.55,8.55,0.49969757278082655
165280,0.31049358498195406,5,3,3,3,3,2,8.966666666666667,8.966666666666667,8.966666666666667,0.31049358498195406
165322,0.8600524791973783,5,3,3,3,3,1,9.299999999999999,9.299999999999999,9.299999999999999,0.8600524791973783
165570,0.42168655565654767,5,3,3,2,3,2,8.866666666666667,8.866666666666667,8.866666666666667,0.42168655565654767
165650,-0.03368754247902506,5,4,4,4,3,3,8.866666666666667,8.46,8.375,-0.03368754247902506
165857,0.1594903111736476,5,3,3,3,3,3,9.0,9.0,9.0,0.1594903111736476
165922,0.35581971851285804,5,4,4,4,4,2,9.05,9.05,9.05,0.35581971851285804
165974,0.24045257285352928,5,4,4,4,3,3,9.799999999999999,8.425,8.4,0.24045257285352928
166013,0.25453821187721426,5,4,4,2,3,2,9.833333333333334,9.18125,8.975,0.25453821187721426
166094,0.9679739366560407,5,1,1,1,1,1,10.0,10.0,10.0,0.9679739366560407
166151,0.11543771765200128,5,4,4,4,3,2,8.833333333333334,7.9375,7.95,0.11543771765200128
166432,0.5687143302125058,5,3,3,3,3,2,9.366666666666667,9.366666666666667,9.366666666666667,0.5687143302125058
166522,-1.351708174008471,5,2,2,2,1,2,6.9,5.233333333333333,3.5,-1.351708174008471
166537,0.7736931247093212,5,3,3,3,3,2,9.433333333333334,9.433333333333334,9.433333333333334,0.7736931247093212
166778,-0.34287777579657724,5,2,2,2,1,2,8.1,7.67,7.449999999999999,-0.34287777579657724
166845,0.3317790524934138,5,1,1,1,1,1,8.8,8.8,8.8,0.3317790524934138
166930,0.00849810898237215,5,5,5,4,5,3,8.739999999999998,8.739999999999998,8.739999999999998,0.00849810898237215
167069,-0.20288531109854255,5,3,3,2,3,2,8.366666666666667,8.366666666666667,8.366666666666667,-0.20288531109854255
167121,0.7489416361602523,5,4,4,3,4,2,9.475,9.475,9.475,0.7489416361602523
167196,0.9613824149793425,5,3,3,2,3,2,9.933333333333334,9.933333333333334,9.933333333333334,0.9613824149793425
167315,0.5662000242078521,5,3,3,3,3,2,8.866666666666667,8.866666666666667,8.866666666666667,0.5662000242078521
167636,-1.1175728457249903,5,7,7,6,5,3,6.916666666666667,6.642857142857143,5.928571428571429,-1.1175728457249903
167665,0.05651245247318881,5,4,4,4,4,2,8.675,8.675,8.675,0.05651245247318881
167707,0.5510826998388917,5,5,5,5,5,2,9.42,9.42,9.42,0.5510826998388917
167726,0.2951821759405227,5,3,3,3,2,2,8.7,6.68,8.233333333333334,0.2951821759405227
168197,0.6975681084848431,5,4,4,4,4,2,9.5,9.5,9.5,0.6975681084848431
168396,0.8286723843616096,5,3,3,3,3,2,9.733333333333334,9.733333333333334,9.733333333333334,0.8286723843616096
168430,0.2042816674035167,5,5,5,5,3,4,8.7,7.4461538461538455,6.959999999999999,0.2042816674035167
168431,0.7030447187448816,5,4,4,4,4,2,9.05,9.05,9.05,0.7030447187448816
168462,-1.1717181823710117,5,10,10,9,5,4,4.433333333333334,4.5255,4.24,-1.1717181823710117
168511,-0.21013771734769932,5,4,4,3,4,2,8.933333333333332,8.165625,8.3,-0.21013771734769932
168617,0.7120709415238476,5,3,3,3,3,2,9.533333333333333,9.533333333333333,9.533333333333333,0.7120709415238476
168649,-0.3133934256774841,5,2,2,2,1,2,6.9,7.07,6.9,-0.3133934256774841
168782,0.4353557913426061,5,4,4,3,4,3,9.05,9.05,9.05,0.4353557913426061
168790,0.30897013084854735,5,5,5,5,4,3,9.733333333333333,8.004999999999999,8.540000000000001,0.30897013084854735
168828,0.8332222092440826,5,4,4,2,4,2,9.975,9.975,9.975,0.8332222092440826
168891,-1.0190744551764062,5,4,4,4,3,2,8.4,7.570833333333334,6.300000000000001,-1.0190744551764062
168922,0.6423899386015495,5,3,3,3,3,2,9.766666666666666,9.766666666666666,9.766666666666666,0.6423899386015495
169283,0.6348020984917184,5,3,3,3,3,2,9.133333333333333,9.133333333333333,9.133333333333333,0.6348020984917184
169286,0.5368247501881107,5,4,4,4,4,2,8.575,8.575,8.575,0.5368247501881107
169741,0.6880793345224238,5,3,3,3,3,2,9.6,9.6,9.6,0.6880793345224238
170060,0.5091881872213692,5,3,3,2,3,2,9.166666666666666,9.166666666666666,9.166666666666666,0.5091881872213692
170253,0.33697140421843547,5,5,5,5,5,2,9.440000000000001,9.440000000000001,9.440000000000001,0.33697140421843547
170396,0.6941653792990811,5,2,2,2,2,2,9.6,9.6,9.6,0.6941653792990811
170533,0.7130935791684024,5,4,4,4,4,2,9.525,9.525,9.525,0.7130935791684024
170565,-0.13027456630376583,5,6,6,6,4,4,9.25,7.503968253968254,7.116666666666667,-0.13027456630376583
170597,0.15058719540032814,5,3,3,3,3,2,9.1,9.1,9.1,0.15058719540032814
170765,-0.24018601091764724,5,2,2,2,1,2,9.0,6.603125,5.25,-0.24018601091764724
170911,0.8416115336028657,5,3,3,3,3,2,9.9,9.9,9.9,0.8416115336028657
171108,0.7513201754730204,5,3,3,3,3,2,9.633333333333333,9.633333333333333,9.633333333333333,0.7513201754730204
171207,0.8046751550221989,5,4,4,3,4,2,9.9,9.9,9.9,0.8046751550221989
171457,0.7154169288220465,5,3,3,2,3,3,10.0,10.0,10.0,0.7154169288220465
171482,0.675220098575323,5,5,5,5,5,2,9.92,9.92,9.92,0.675220098575323
171532,0.7357245931250189,5,1,1,1,1,1,10.0,10.0,10.0,0.7357245931250189
171838,0.45260101169342787,5,3,3,3,3,2,9.6,9.6,9.6,0.45260101169342787
171857,0.32451374502769553,5,3,3,2,3,2,8.733333333333334,8.733333333333334,8.733333333333334,0.32451374502769553
171895,0.4256165924020935,5,2,2,2,2,2,9.100000000000001,9.100000000000001,9.100000000000001,0.4256165924020935
171990,0.7429889330312633,5,3,3,2,3,2,9.866666666666667,9.866666666666667,9.866666666666667,0.7429889330312633
172087,-0.5017265481265144,5,6,6,5,3,5,7.159999999999999,7.05,7.05,-0.5017265481265144
172709,0.9326408070010888,5,3,3,2,3,2,9.566666666666666,9.566666666666666,9.566666666666666,0.9326408070010888
172833,0.5176282005223829,5,2,2,2,2,1,9.0,9.0,9.0,0.5176282005223829
173160,0.8508755541458792,5,1,1,1,1,1,9.5,9.5,9.5,0.8508755541458792
174051,-1.7958816329854976,5,1,1,1,1,1,,6.199999999999999,5.1,-1.7958816329854976
174093,-1.0148159863453035,5,5,5,5,4,3,7.833333333333333,6.645142857142858,5.8,-1.0148159863453035
174761,0.6596457367010835,5,4,4,4,4,2,9.225000000000001,9.225000000000001,9.225000000000001,0.6596457367010835
174856,0.5721020550662756,5,3,3,3,3,2,9.9,9.9,9.9,0.5721020550662756
174866,0.7136297110805664,5,4,4,4,4,2,9.6,9.6,9.6,0.7136297110805664
175015,0.49141413392701716,5,4,4,4,4,2,9.35,9.35,9.35,0.49141413392701716
175169,-1.7106116391653905,5,2,2,2,1,2,,5.05,4.25,-1.7106116391653905
175309,0.8688799401634003,5,4,4,4,4,2,9.875,9.875,9.875,0.8688799401634003
175334,0.20621911725784922,5,5,5,5,4,2,8.620000000000001,8.620000000000001,8.620000000000001,0.20621911725784922
175412,0.44665157501252273,5,2,2,2,2,2,8.8,8.8,8.8,0.44665157501252273
175546,0.3191808431537006,5,3,3,3,3,2,9.366666666666667,9.366666666666667,9.366666666666667,0.3191808431537006
175836,0.7668022020035666,5,3,3,3,3,3,9.333333333333334,9.333333333333334,9.333333333333334,0.7668022020035666
176205,0.49254388002854427,5,3,3,2,3,2,10.0,10.0,10.0,0.49254388002854427
176657,-0.5859993223826715,5,3,3,3,2,2,7.65,7.04,5.6000000000000005,-0.5859993223826715
176867,0.3302892523579558,5,5,5,5,4,3,9.225,8.129999999999999,7.38,0.3302892523579558
177081,0.7266766993194295,5,2,2,2,2,2,9.35,9.35,9.35,0.7266766993194295
177180,0.9454771908571072,5,4,4,4,4,3,9.9,9.9,9.9,0.9454771908571072
177254,0.4458123192911683,5,3,3,3,3,2,9.266666666666667,9.266666666666667,9.266666666666667,0.4458123192911683
177384,0.6376103297042317,5,5,5,4,5,2,9.959999999999999,9.959999999999999,9.959999999999999,0.6376103297042317
177393,0.33313054550716925,5,2,2,2,2,2,9.5,9.5,9.5,0.33313054550716925
177453,0.6372887551185787,5,4,4,4,4,2,9.8,9.8,9.8,0.6372887551185787
177586,0.18610490859126333,5,2,2,2,2,2,8.45,8.45,8.45,0.18610490859126333
177708,-0.0421247899748356,5,3,3,3,3,1,8.933333333333334,8.933333333333334,8.933333333333334,-0.0421247899748356
177779,0.44724015021642227,5,3,3,3,3,2,9.799999999999999,9.799999999999999,9.799999999999999,0.44724015021642227
177820,-0.06875451018672239,5,3,3,3,3,2,8.833333333333334,8.833333333333334,8.833333333333334,-0.06875451018672239
178039,0.20326313248637945,5,4,4,3,4,2,8.85,8.85,8.85,0.20326313248637945
178120,-0.5173469424439708,5,3,3,3,3,2,9.6,7.233333333333333,7.233333333333333,-0.5173469424439708
178182,0.44006098921926406,5,4,4,4,4,2,8.700000000000001,7.8173076923076925,8.3,0.44006098921926406
178311,-0.1854677665752655,5,3,3,3,3,2,6.766666666666667,6.766666666666667,6.766666666666667,-0.1854677665752655
178326,-0.30259369521150015,5,4,4,3,3,2,7.866666666666667,7.004166666666666,6.525,-0.30259369521150015
178368,0.4305711231906918,5,4,4,4,4,2,9.425,9.425,9.425,0.4305711231906918
178649,-0.05767538194953006,5,6,6,5,4,3,7.94,7.563888888888889,7.666666666666667,-0.05767538194953006
178748,0.5163772949599527,5,4,4,4,4,2,8.85,8.85,8.85,0.5163772949599527
178823,0.24317943696656574,5,4,4,4,3,2,9.533333333333333,8.0875,7.15,0.24317943696656574
178878,0.4745516855828104,5,3,3,3,3,2,8.233333333333333,8.233333333333333,8.233333333333333,0.4745516855828104
178926,0.6787681662360558,5,3,3,3,3,2,9.733333333333333,9.733333333333333,9.733333333333333,0.6787681662360558
178966,-0.07027462894813204,5,3,3,3,2,2,8.55,8.55,7.858333333333333,-0.07027462894813204
179096,0.6812395922418512,5,3,3,3,3,2,9.366666666666667,9.366666666666667,9.366666666666667,0.6812395922418512
179392,0.5595895342770894,5,3,3,3,3,2,8.566666666666666,8.566666666666666,8.566666666666666,0.5595895342770894
179673,0.49649289578830097,5,2,2,2,2,2,9.0,9.0,9.0,0.49649289578830097
179690,0.7255936590044068,5,2,2,2,2,2,9.5,9.5,9.5,0.7255936590044068
179767,0.9806652554934948,5,3,3,2,3,2,10.0,10.0,10.0,0.9806652554934948
179986,0.33574367345636996,5,2,2,2,2,2,9.45,9.45,9.45,0.33574367345636996
180048,0.19308621037846707,5,1,1,1,1,1,8.7,8.7,8.7,0.19308621037846707
180187,0.7470280053617258,5,4,4,3,4,2,8.85,8.85,8.85,0.7470280053617258
180214,0.5868999402277048,5,3,3,3,3,2,9.4,9.4,9.4,0.5868999402277048
180277,0.7092261660094095,5,4,4,3,4,2,9.95,9.95,9.95,0.7092261660094095
180290,0.48696089843782553,5,4,4,4,4,2,9.525,9.525,9.525,0.48696089843782553
180389,0.18597137152421292,5,3,3,3,3,2,9.0,9.0,9.0,0.18597137152421292
180431,0.2099803756512911,5,4,4,3,4,2,9.075,9.075,9.075,0.2099803756512911
180613,0.8542052603235436,5,4,4,3,4,2,9.85,9.85,9.85,0.8542052603235436
180622,0.23235885229060063,5,4,4,3,3,2,9.033333333333333,7.766666666666667,8.075,0.23235885229060063
180625,0.8737505038698407,5,4,4,2,4,2,10.0,10.0,10.0,0.8737505038698407
180629,0.17716373416771344,5,3,3,3,3,2,8.566666666666666,8.566666666666666,8.566666666666666,0.17716373416771344
180642,0.6114396661984808,5,1,1,1,1,1,10.0,10.0,10.0,0.6114396661984808
180659,0.701725653043,5,4,4,4,4,2,9.45,9.45,9.45,0.701725653043
181012,0.12309245090020589,5,3,3,3,3,2,9.200000000000001,9.200000000000001,9.200000000000001,0.12309245090020589
181137,0.4434000659453934,5,3,3,3,3,2,9.066666666666666,9.066666666666666,9.066666666666666,0.4434000659453934
181192,0.5782239629007521,5,1,1,1,1,1,9.8,9.8,9.8,0.5782239629007521
181481,0.16724515230149808,5,5,5,5,5,2,9.475,8.744,8.7,0.16724515230149808
181624,0.7067424257032814,5,3,3,3,3,2,9.566666666666666,9.566666666666666,9.566666666666666,0.7067424257032814
181679,-0.22364503128914848,5,5,5,5,4,2,8.95,8.33,8.0,-0.22364503128914848
181728,0.2610575456462506,5,1,1,1,1,1,7.5,7.5,7.5,0.2610575456462506
181753,-1.2861433844106853,5,1,1,1,1,1,,2.733333333333333,0.0,-1.2861433844106853
182446,0.05851698090388683,5,3,3,3,3,2,8.700000000000001,8.700000000000001,8.700000000000001,0.05851698090388683
182826,0.4882438784600923,5,2,2,1,2,1,10.0,10.0,10.0,0.4882438784600923
161722,-0.3712788688501179,4,5,5,5,3,3,9.033333333333333,7.931666666666667,8.1,-0.3712788688501179
162017,0.5033943616406146,4,2,2,2,2,1,9.45,9.45,9.45,0.5033943616406146
162427,-1.1380923432199,4,9,9,8,4,3,8.95,6.68,5.796296296296296,-1.1380923432199
162534,-0.4885694485555522,4,5,5,4,4,3,7.82,7.82,7.82,-0.4885694485555522
162555,-0.9386018019015129,4,3,3,3,3,1,7.466666666666666,7.466666666666666,7.466666666666666,-0.9386018019015129
162755,0.5040157018444652,4,3,3,3,3,1,9.5,9.5,9.5,0.5040157018444652
162862,-0.026284465650987004,4,3,3,3,2,2,9.3,8.41904761904762,8.5,-0.026284465650987004
163063,0.21643769048185768,4,4,4,3,4,1,9.05,9.05,9.05,0.21643769048185768
163209,-0.5253316345439805,4,2,2,2,2,1,8.5,5.6375,6.55,-0.5253316345439805
163256,0.8230291141045964,4,2,2,2,2,1,9.85,9.85,9.85,0.8230291141045964
163285,1.1257428173939792,4,2,2,2,2,1,10.0,10.0,10.0,1.1257428173939792
163350,1.0440791437897345,4,3,3,3,3,1,10.0,10.0,10.0,1.0440791437897345
163584,0.6234434910594511,4,2,2,2,2,1,9.2,9.2,9.2,0.6234434910594511
163730,0.15341151344250795,4,3,3,3,3,1,9.299999999999999,9.299999999999999,9.299999999999999,0.15341151344250795
164060,-1.020479874791147,4,4,4,4,3,2,5.8999999999999995,4.425,4.425,-1.020479874791147
164073,0.28252043569848795,4,4,4,3,4,1,8.775,8.775,8.775,0.28252043569848795
164171,0.5737818918034119,4,2,2,2,2,1,9.25,9.25,9.25,0.5737818918034119
164174,0.6680489280177666,4,4,4,4,4,2,9.05,9.05,9.05,0.6680489280177666
164375,-0.678578471717077,4,2,2,2,2,2,8.45,8.45,8.45,-0.678578471717077
164467,-0.7857382678727068,4,7,7,5,4,3,8.440000000000001,6.979120879120878,6.771428571428571,-0.7857382678727068
164539,-0.24490144237466163,4,1,1,1,1,1,7.9,7.9,7.9,-0.24490144237466163
164720,0.42843345880189204,4,4,4,4,4,1,8.8,8.8,8.8,0.42843345880189204
164841,0.25063116603162905,4,2,2,2,2,1,8.1,8.1,8.1,0.25063116603162905
165124,-0.27475518297607066,4,4,4,3,3,2,8.65,7.6875,7.541666666666667,-0.27475518297607066
165247,1.125008882379654,4,3,3,3,3,2,10.0,10.0,10.0,1.125008882379654
165331,0.9545273656196334,4,3,3,2,3,2,10.0,10.0,10.0,0.9545273656196334
165577,0.22104577521863314,4,4,4,4,4,2,8.7,8.7,8.7,0.22104577521863314
165618,0.09427597539416507,4,4,4,4,4,3,8.625,8.625,8.625,0.09427597539416507
165703,0.413003162157213,4,3,3,3,3,2,9.233333333333333,9.233333333333333,9.233333333333333,0.413003162157213
165743,-0.7786106736368996,4,4,4,4,4,2,7.949999999999999,7.949999999999999,7.949999999999999,-0.7786106736368996
165858,0.7601917764850707,4,3,3,3,3,3,9.533333333333333,9.533333333333333,9.533333333333333,0.7601917764850707
165919,-1.2772839975262733,4,2,2,2,1,2,8.8,7.7,6.3500000000000005,-1.2772839975262733
166129,-0.03326676275838616,4,5,5,5,4,4,8.9,8.01142857142857,7.12,-0.03326676275838616
166170,-0.16475566162135027,4,3,3,3,3,3,8.433333333333334,8.433333333333334,8.433333333333334,-0.16475566162135027
166239,0.16093113425169403,4,3,3,2,3,2,8.966666666666667,8.966666666666667,8.966666666666667,0.16093113425169403
166266,0.6679681709564654,4,3,3,3,3,2,9.533333333333333,9.533333333333333,9.533333333333333,0.6679681709564654
166269,0.7191770128851472,4,4,4,3,4,2,9.5,9.5,9.5,0.7191770128851472
166285,0.7458487865917427,4,4,4,3,4,2,9.75,9.75,9.75,0.7458487865917427
166321,0.15096774495721937,4,3,3,2,3,3,9.466666666666667,9.466666666666667,9.466666666666667,0.15096774495721937
166419,0.7058454390146766,4,3,3,3,3,2,9.466666666666667,9.466666666666667,9.466666666666667,0.7058454390146766
166771,0.7303274599688037,4,4,4,2,4,2,9.95,9.95,9.95,0.7303274599688037
166821,0.047179689245076074,4,3,3,3,3,3,8.5,8.5,8.5,0.047179689245076074
166870,-0.49287013215733266,4,4,4,3,3,3,7.666666666666667,7.5600000000000005,7.45,-0.49287013215733266
166878,0.5232026474508161,4,3,3,2,3,2,9.166666666666666,9.166666666666666,9.166666666666666,0.5232026474508161
166891,0.41285581683708894,4,4,4,4,4,2,9.075,9.075,9.075,0.41285581683708894
166912,0.6666492937463218,4,2,2,2,2,2,9.6,9.6,9.6,0.6666492937463218
166954,0.7101141632086851,4,4,4,2,4,2,9.65,9.65,9.65,0.7101141632086851
166977,0.09768554900881968,4,4,4,4,4,2,9.1,9.1,9.1,0.09768554900881968
167014,0.7754393429761273,4,5,5,3,5,2,9.92,9.92,9.92,0.7754393429761273
167015,0.2916985246855111,4,4,4,4,4,2,8.675,8.675,8.675,0.2916985246855111
167076,0.15114570168788094,4,3,3,2,3,2,8.566666666666666,8.566666666666666,8.566666666666666,0.15114570168788094
167319,0.4299543305586611,4,2,2,2,2,2,9.05,9.05,9.05,0.4299543305586611
167365,0.829910362297434,4,4,4,3,4,2,9.575,9.575,9.575,0.829910362297434
167415,0.6498764945747273,4,1,1,1,1,1,9.4,9.4,9.4,0.6498764945747273
167445,0.08846507625944885,4,4,4,4,4,3,8.45,8.45,8.45,0.08846507625944885
167527,0.05785456904404444,4,5,5,5,4,3,8.033333333333333,6.550256410256411,7.0,0.05785456904404444
167575,0.7080888902980266,4,4,4,4,4,2,9.425,9.425,9.425,0.7080888902980266
167638,0.3237969803582641,4,5,5,4,4,3,9.05,8.290000000000001,8.18,0.3237969803582641
167725,0.6493287341777204,4,3,3,2,3,2,9.4,9.4,9.4,0.6493287341777204
167765,-1.2206219207744693,4,6,6,5,4,4,7.824999999999999,7.76,6.449999999999999,-1.2206219207744693
167774,0.33144786193894454,4,4,4,4,4,2,9.125,9.125,9.125,0.33144786193894454
167792,0.27443086152910484,4,3,3,3,3,2,9.05,8.18611111111111,8.4,0.27443086152910484
167847,0.2892308192412228,4,3,3,3,3,2,8.700000000000001,8.700000000000001,8.700000000000001,0.2892308192412228
167857,0.8169582254338654,4,4,4,3,4,2,9.8,9.8,9.8,0.8169582254338654
168060,0.6352847443978095,4,4,4,3,4,2,9.625,9.625,9.625,0.6352847443978095
168071,0.4585933058701588,4,4,4,3,4,2,9.175,9.175,9.175,0.4585933058701588
168137,-0.13103692042318563,4,3,3,3,2,2,6.233333333333333,6.233333333333333,6.233333333333333,-0.13103692042318563
168141,0.7124905713572779,4,4,4,3,4,2,9.75,9.75,9.75,0.7124905713572779
168237,0.815401899667278,4,3,3,3,3,2,9.299999999999999,9.299999999999999,9.299999999999999,0.815401899667278
168262,0.8727654852769172,4,3,3,3,3,2,9.866666666666667,9.866666666666667,9.866666666666667,0.8727654852769172
168359,0.17318274766314284,4,5,5,5,4,4,9.325,8.51,8.74,0.17318274766314284
168387,1.0970916975070417,4,3,3,2,3,2,9.466666666666667,9.466666666666667,9.466666666666667,1.0970916975070417
168418,0.25659535426894453,4,4,4,4,4,2,8.65,8.65,8.65,0.25659535426894453
168521,-0.16442237984241712,4,4,4,4,3,3,8.166666666666666,6.721875,6.125,-0.16442237984241712
168598,-0.09235087028167153,4,1,1,1,1,1,8.0,8.0,8.0,-0.09235087028167153
168609,-0.042685717224465715,4,4,4,4,4,2,8.025,8.025,8.025,-0.042685717224465715
168701,0.5229861563642592,4,5,5,5,5,3,8.66,8.66,8.66,0.5229861563642592
168781,-1.0462084798902223,4,1,1,1,1,1,,0.13333333333333333,0.3,-1.0462084798902223
168802,0.17752570240167934,4,3,3,3,3,2,8.700000000000001,8.700000000000001,8.700000000000001,0.17752570240167934
168805,-1.0827532918724234,4,6,6,6,3,4,4.783333333333333,4.783333333333333,4.783333333333333,-1.0827532918724234
168898,0.39702975584208317,4,3,3,3,3,3,8.233333333333333,8.233333333333333,8.233333333333333,0.39702975584208317
169058,0.634817415382912,4,1,1,1,1,1,9.9,9.9,9.9,0.634817415382912
169320,-1.12950228726215,4,5,5,5,3,4,8.125,8.125,7.24,-1.12950228726215
169721,0.7736479618405582,4,3,3,3,3,2,10.0,10.0,10.0,0.7736479618405582
169841,0.7322327834524603,4,5,5,5,5,2,9.9,9.9,9.9,0.7322327834524603
169987,-0.5500613199166307,4,4,4,4,2,4,5.55,5.55,5.55,-0.5500613199166307
170009,0.5413045933199478,4,4,4,4,4,2,9.9,9.9,9.9,0.5413045933199478
170140,-0.12584897180798812,4,5,5,5,3,4,6.959999999999999,6.959999999999999,6.959999999999999,-0.12584897180798812
170273,0.062054226208187846,4,4,4,3,3,3,9.966666666666667,8.5125,7.800000000000001,0.062054226208187846
170297,0.26177876238228315,4,3,3,3,3,2,9.95,8.942857142857143,9.1,0.26177876238228315
170314,0.16667636885876533,4,4,4,4,4,2,8.45,8.45,8.45,0.16667636885876533
170341,0.3197093838504857,4,4,4,4,4,2,9.475,9.475,9.475,0.3197093838504857
170504,0.34060372417598217,4,4,4,3,4,2,9.625,9.625,9.625,0.34060372417598217
170637,-0.1910810846245661,4,3,3,2,3,2,8.733333333333333,8.733333333333333,8.733333333333333,-0.1910810846245661
170756,-0.12181455647034678,4,3,3,3,2,2,9.399999999999999,7.983333333333333,7.766666666666666,-0.12181455647034678
170937,0.8311118120323201,4,4,4,3,4,2,9.75,9.75,9.75,0.8311118120323201
170995,0.4550272969143418,4,4,4,4,4,2,9.675,9.675,9.675,0.4550272969143418
171002,0.7960457437874988,4,2,2,2,2,1,9.95,9.95,9.95,0.7960457437874988
171249,-0.6642364957902792,4,5,5,4,3,3,7.099999999999999,6.08952380952381,5.88,-0.6642364957902792
171359,0.07457797541925965,4,4,4,3,3,3,8.766666666666667,8.2,8.2,0.07457797541925965
171546,0.14555907310846897,4,4,4,4,3,3,8.475,8.475,8.475,0.14555907310846897
171930,1.0601585821781854,4,3,3,3,3,3,10.0,10.0,10.0,1.0601585821781854
171959,0.21449515077674142,4,4,4,4,3,3,9.6,8.685714285714287,8.375,0.21449515077674142
172288,-0.018590937288477515,4,5,5,5,4,3,8.85,8.379999999999999,8.4,-0.018590937288477515
172660,-0.13213075828738016,4,4,4,4,3,3,9.233333333333333,8.029545454545454,7.725,-0.13213075828738016
172797,-0.6094035204487902,4,3,3,3,3,2,7.9,6.459259259259259,5.866666666666666,-0.6094035204487902
172846,-0.5900573715472337,4,5,5,5,4,3,8.775,8.52,8.006666666666666,-0.5900573715472337
172869,-0.4233683073989518,4,3,3,2,3,2,9.7,7.433333333333333,6.188888888888889,-0.4233683073989518
172978,-0.12456549306281223,4,4,4,4,3,3,8.799999999999999,7.4944444444444445,7.05,-0.12456549306281223
173103,0.7759731026723548,4,4,4,3,4,2,9.775,9.775,9.775,0.7759731026723548
173226,0.7204818761328979,4,1,1,1,1,1,9.8,9.8,9.8,0.7204818761328979
173349,0.7060050665895713,4,3,3,3,3,2,10.0,10.0,10.0,0.7060050665895713
173572,0.3111414450158126,4,2,2,2,1,1,7.6,6.25,7.0,0.3111414450158126
173605,0.8002807904855468,4,3,3,2,3,2,9.166666666666666,9.166666666666666,9.166666666666666,0.8002807904855468
173769,-0.9776611984008952,4,4,4,4,4,2,6.7,6.7,6.7,-0.9776611984008952
173854,-0.15197479838845815,4,3,3,3,2,2,7.966666666666666,7.966666666666666,7.966666666666666,-0.15197479838845815
174029,0.2146883728212276,4,5,5,5,4,3,9.075,7.306666666666667,7.279999999999999,0.2146883728212276
174042,-0.023020556101271294,4,3,3,3,2,3,9.3,7.833333333333333,8.066666666666666,-0.023020556101271294
174094,-0.1810199963791458,4,6,6,6,3,3,8.025,6.25,6.3999999999999995,-0.1810199963791458
174264,0.443869373462691,4,2,2,2,1,2,7.65,7.65,7.65,0.443869373462691
174513,-0.14350994505668027,4,5,5,5,4,2,9.275,8.105714285714285,7.42,-0.14350994505668027
174601,0.759823136839052,4,4,4,4,4,2,9.6,9.6,9.6,0.759823136839052
174720,0.6609895070616542,4,4,4,4,4,2,10.0,10.0,10.0,0.6609895070616542
174788,0.7671155840952445,4,3,3,3,3,2,10.0,10.0,10.0,0.7671155840952445
174846,-0.215807297618978,4,4,4,4,3,3,9.666666666666666,7.675,7.675,-0.215807297618978
174881,0.7412523643133279,4,3,3,3,3,2,9.866666666666667,9.866666666666667,9.866666666666667,0.7412523643133279
174966,0.6567826593150916,4,2,2,2,2,1,9.95,9.95,9.95,0.6567826593150916
174991,0.5796788038608107,4,4,4,4,4,2,9.65,9.65,9.65,0.5796788038608107
175014,0.5936451759345177,4,3,3,3,3,2,9.200000000000001,9.200000000000001,9.200000000000001,0.5936451759345177
175122,0.2252633535693802,4,4,4,4,3,2,9.133333333333333,7.341666666666667,7.8,0.2252633535693802
175127,0.817465168155946,4,4,4,4,4,2,9.475,9.475,9.475,0.817465168155946
175376,-0.822171494129745,4,7,7,7,4,4,8.175,6.727777777777778,5.542857142857143,-0.822171494129745
175474,0.42438865273424725,4,3,3,3,3,2,9.433333333333334,9.433333333333334,9.433333333333334,0.42438865273424725
175480,0.6532388540276922,4,3,3,3,3,2,9.1,9.1,9.1,0.6532388540276922
175484,0.13065453281274533,4,5,5,5,5,2,8.575,8.36,8.128571428571428,0.13065453281274533
175523,-0.20641641885172804,4,4,4,4,3,3,9.866666666666667,8.4,8.4,-0.20641641885172804
175554,0.7821165359064397,4,2,2,2,2,2,9.75,9.75,9.75,0.7821165359064397
175860,-1.2589836841604338,4,9,9,8,3,4,6.279999999999999,6.3999999999999995,5.761111111111111,-1.2589836841604338
175911,0.5091526096370939,4,3,3,3,3,3,9.0,9.0,9.0,0.5091526096370939
175953,0.28239769237584356,4,2,2,2,2,2,8.55,8.55,8.55,0.28239769237584356
176047,0.2548624363389449,4,3,3,3,3,2,8.799999999999999,8.799999999999999,8.799999999999999,0.2548624363389449
176071,0.42074471675732195,4,3,3,3,3,2,8.266666666666667,8.266666666666667,8.266666666666667,0.42074471675732195
176127,0.32679420539613113,4,5,5,5,4,3,7.975,7.413333333333332,7.58,0.32679420539613113
176916,0.07871307324460708,4,4,4,4,3,2,9.633333333333333,8.682142857142857,7.949999999999999,0.07871307324460708
176927,0.2509084468112638,4,3,3,3,3,2,8.066666666666666,8.066666666666666,8.066666666666666,0.2509084468112638
177295,0.37358419066660364,4,4,4,4,4,2,9.05,9.05,9.05,0.37358419066660364
177318,0.5561467979214351,4,4,4,4,4,2,8.925,8.925,8.925,0.5561467979214351
177327,-0.4523662149824971,4,4,4,4,3,2,8.6,7.907142857142857,7.0,-0.4523662149824971
177389,0.4704004384336608,4,3,3,3,3,2,9.166666666666666,9.166666666666666,9.166666666666666,0.4704004384336608
177431,0.6138858599473216,4,4,4,4,4,2,9.775,9.775,9.775,0.6138858599473216
177465,1.000961686316772,4,4,4,4,4,2,9.975,9.975,9.975,1.000961686316772
177533,-0.47350620932934817,4,4,4,4,4,3,7.85,7.85,7.85,-0.47350620932934817
177629,0.1797036915702729,4,5,5,5,4,3,9.125,8.05,7.3,0.1797036915702729
177681,0.8172437855741925,4,4,4,3,4,2,9.925,9.925,9.925,0.8172437855741925
177737,-0.08461047234323822,4,4,4,4,4,2,8.3,8.3,8.3,-0.08461047234323822
177850,0.6131200077510351,4,3,3,3,3,2,10.0,10.0,10.0,0.6131200077510351
177900,0.21627667300929468,4,4,4,4,4,2,8.55,8.55,8.55,0.21627667300929468
177917,-0.7313054721882324,4,4,4,4,4,3,8.266666666666667,7.1375,6.2,-0.7313054721882324
178005,-0.3996863844381597,4,4,4,4,3,4,8.4,6.3875,6.425,-0.3996863844381597
178038,-0.022848113467624484,4,4,4,4,4,3,9.433333333333332,8.325,7.074999999999999,-0.022848113467624484
178178,0.5750752073913318,4,2,2,2,2,1,9.05,9.05,9.05,0.5750752073913318
178190,0.5604718231612237,4,3,3,3,3,2,9.0,9.0,9.0,0.5604718231612237
178639,-0.13852640448813588,4,5,5,4,4,3,8.775,8.053846153846154,7.0200000000000005,-0.13852640448813588
178658,0.2841288951767783,4,4,4,4,4,2,9.375,9.375,9.375,0.2841288951767783
178666,-0.4097592613361196,4,3,3,3,2,2,5.1000000000000005,5.208333333333333,5.5,-0.4097592613361196
178788,0.27761494045677954,4,1,1,1,1,1,7.6,7.6,7.6,0.27761494045677954
178805,-0.4554941430457537,4,1,1,1,1,1,,4.45,5.3,-0.4554941430457537
178808,-0.2560632404704749,4,1,1,1,1,1,,5.828571428571429,5.7,-0.2560632404704749
178840,0.7567884201758023,4,3,3,3,3,2,9.9,9.9,9.9,0.7567884201758023
178928,-0.3165908047217055,4,5,5,5,3,3,8.75,8.05,7.459999999999999,-0.3165908047217055
178960,0.05026712878253958,4,3,3,3,3,2,8.7,8.7,8.7,0.05026712878253958
179011,0.014784650421897782,4,5,5,4,4,3,8.725,8.013846153846155,7.92,0.014784650421897782
179032,0.2251814907289957,4,3,3,3,3,2,7.8,6.922222222222222,7.2,0.2251814907289957
179152,0.6185176305555764,4,2,2,2,2,1,9.35,9.35,9.35,0.6185176305555764
179479,0.7130717340563575,4,4,4,4,4,2,9.75,9.75,9.75,0.7130717340563575
179627,-0.777055130159256,4,2,2,2,2,2,9.0,6.46,5.55,-0.777055130159256
179695,-0.07187490675784947,4,3,3,3,3,2,8.966666666666667,8.966666666666667,8.966666666666667,-0.07187490675784947
179834,0.4079946703091455,4,3,3,3,3,2,9.266666666666667,9.266666666666667,9.266666666666667,0.4079946703091455
179939,-0.0736317703710884,4,4,4,2,4,2,8.825,8.825,8.825,-0.0736317703710884
180111,-0.8410476502608544,4,2,2,2,1,2,8.1,6.20625,4.05,-0.8410476502608544
180224,0.6689716154298739,4,4,4,4,4,2,9.85,9.85,9.85,0.6689716154298739
180320,0.3207096942094185,4,3,3,3,3,2,8.5,8.5,8.5,0.3207096942094185
180394,-0.1930862103784682,4,1,1,1,1,1,7.5,7.5,7.5,-0.1930862103784682
180427,0.5045100966897772,4,4,4,2,4,2,8.925,8.925,8.925,0.5045100966897772
180494,0.5820764665410197,4,4,4,3,4,2,9.225,9.225,9.225,0.5820764665410197
180495,0.7131817900331179,4,4,4,4,4,2,9.375,9.375,9.375,0.7131817900331179
180692,-0.06988772226288982,4,3,3,3,3,3,8.6,8.6,8.6,-0.06988772226288982
180773,0.4810772905766287,4,3,3,2,3,2,9.0,9.0,9.0,0.4810772905766287
180820,-0.12216519015542501,4,2,2,2,2,2,8.2,7.01,7.6,-0.12216519015542501
180856,0.3857984725507985,4,4,4,3,4,2,9.075,9.075,9.075,0.3857984725507985
180857,0.5149411729097536,4,1,1,1,1,1,8.9,8.9,8.9,0.5149411729097536
181036,0.4388475289589798,4,4,4,4,4,2,9.775,9.775,9.775,0.4388475289589798
181070,0.9208044438272673,4,2,2,2,2,2,10.0,10.0,10.0,0.9208044438272673
181300,0.2441510538329577,4,4,4,4,3,2,9.466666666666667,8.595833333333333,8.175,0.2441510538329577
181366,0.22280050986229197,4,4,4,3,4,2,9.525,9.525,9.525,0.22280050986229197
181390,0.2518334392543167,4,1,1,1,1,1,9.7,9.7,9.7,0.2518334392543167
181392,0.603543959504421,4,3,3,3,3,2,9.299999999999999,9.299999999999999,9.299999999999999,0.603543959504421
181427,0.41979423110986347,4,1,1,1,1,1,10.0,10.0,10.0,0.41979423110986347
181547,0.8764262431371838,4,3,3,3,3,2,9.933333333333334,9.933333333333334,9.933333333333334,0.8764262431371838
181710,0.34526152630532736,4,3,3,3,3,2,8.866666666666667,8.866666666666667,8.866666666666667,0.34526152630532736
181769,-0.9010689817661833,4,1,1,1,1,1,,4.266666666666667,5.3,-0.9010689817661833
182060,0.39092431773201936,4,4,4,3,4,2,9.3,9.3,9.3,0.39092431773201936
182074,-0.06875672013001777,4,2,2,2,2,2,9.0,6.46,6.7,-0.06875672013001777
182287,-1.2484709336130868,4,1,1,1,1,1,,3.4375,0.0,-1.2484709336130868
182382,0.39856382537261015,4,4,4,4,4,2,9.15,9.15,9.15,0.39856382537261015
182674,0.49428590551232465,4,4,4,4,4,2,9.0,9.0,9.0,0.49428590551232465
182747,0.4976442654331696,4,3,3,3,3,2,9.1,9.1,9.1,0.4976442654331696
183307,0.7126506150464911,4,4,4,4,4,2,9.875,9.875,9.875,0.7126506150464911
92988,0.9301294068281812,3,1,1,1,1,1,9.6,9.6,9.6,0.9301294068281812
94286,-0.034071618027792495,3,1,1,1,1,1,7.7,7.7,7.7,-0.034071618027792495
146952,0.6927265148463807,3,3,3,3,2,2,8.066666666666666,8.066666666666666,8.066666666666666,0.6927265148463807
159029,0.12484166640827765,3,3,3,3,2,2,8.033333333333333,8.033333333333333,8.033333333333333,0.12484166640827765
160235,0.15821183340596565,3,4,4,4,3,2,9.066666666666668,8.60625,8.4,0.15821183340596565
160769,0.33620064164398766,3,1,1,1,1,1,8.9,8.9,8.9,0.33620064164398766
162101,-0.19437231148686232,3,2,2,2,1,2,7.6,5.783333333333333,6.0,-0.19437231148686232
162578,0.24418340215513398,3,3,3,3,3,1,8.566666666666666,8.566666666666666,8.566666666666666,0.24418340215513398
162701,1.0208709074582305,3,1,1,1,1,1,9.9,9.9,9.9,1.0208709074582305
162734,-0.4812832918744541,3,2,2,2,1,2,8.8,7.325000000000001,7.3500000000000005,-0.4812832918744541
162756,0.7149336250615602,3,1,1,1,1,1,9.7,9.7,9.7,0.7149336250615602
162780,0.07777439711033268,3,4,4,4,3,2,9.233333333333333,7.94375,7.35,0.07777439711033268
162782,0.8414934877844581,3,2,2,2,2,1,9.4,9.4,9.4,0.8414934877844581
162823,1.2297812223748439,3,2,2,2,2,1,9.75,9.75,9.75,1.2297812223748439
162833,0.19577663523527722,3,1,1,1,1,1,9.0,9.0,9.0,0.19577663523527722
162927,-0.15862669024630874,3,3,3,2,3,1,8.299999999999999,8.299999999999999,8.299999999999999,-0.15862669024630874
162961,-0.41996231942840595,3,3,3,3,2,2,9.2,8.5,8.233333333333333,-0.41996231942840595
162975,0.6234078260869783,3,3,3,3,3,1,9.4,9.4,9.4,0.6234078260869783
163044,1.0584482417547116,3,3,3,3,3,1,9.9,9.9,9.9,1.0584482417547116
163247,1.105409213065151,3,3,3,2,3,1,9.933333333333334,9.933333333333334,9.933333333333334,1.105409213065151
163259,0.25698008412803963,3,3,3,3,3,1,8.866666666666665,8.866666666666665,8.866666666666665,0.25698008412803963
163261,-0.6168329555244533,3,3,3,3,3,1,8.65,8.0,7.733333333333334,-0.6168329555244533
163339,-0.8647118325045322,3,8,8,6,4,5,5.949999999999999,5.619836956521739,4.8625,-0.8647118325045322
163417,0.4084999116312879,3,4,4,4,4,2,9.325,9.325,9.325,0.4084999116312879
163437,0.6460425624914709,3,2,2,2,2,1,8.95,8.95,8.95,0.6460425624914709
163589,-0.8880282436795022,3,2,2,2,1,1,9.0,7.0,4.5,-0.8880282436795022
163599,0.43193578180521025,3,2,2,2,2,1,9.25,9.25,9.25,0.43193578180521025
163620,0.1549255318479974,3,3,3,3,3,1,8.299999999999999,8.299999999999999,8.299999999999999,0.1549255318479974
163639,0.7075581491383593,3,2,2,1,2,1,9.399999999999999,9.399999999999999,9.399999999999999,0.7075581491383593
163687,-0.02713009551949552,3,1,1,1,1,1,8.6,8.6,8.6,-0.02713009551949552
163710,-0.13943569722927981,3,1,1,1,1,1,8.4,8.4,8.4,-0.13943569722927981
163726,-1.3224828474087698,3,3,3,3,2,2,7.533333333333334,7.533333333333334,7.533333333333334,-1.3224828474087698
163728,1.121184870287626,3,3,3,3,3,2,9.866666666666667,9.866666666666667,9.866666666666667,1.121184870287626
163739,0.4539215614239411,3,3,3,2,3,2,9.1,9.1,9.1,0.4539215614239411
163746,-0.4082437348953316,3,3,3,3,3,1,7.866666666666667,7.866666666666667,7.866666666666667,-0.4082437348953316
163749,0.5912428503002116,3,2,2,2,2,1,9.3,9.3,9.3,0.5912428503002116
163872,-0.8796315707487318,3,7,7,5,4,3,7.460000000000001,7.046428571428572,6.242857142857143,-0.8796315707487318
163902,0.9765411710261284,3,2,2,2,2,1,9.75,9.75,9.75,0.9765411710261284
163934,0.45032311169881895,3,3,3,3,3,1,9.5,9.5,9.5,0.45032311169881895
163986,0.3044788258757793,3,4,4,2,3,1,9.866666666666667,9.113235294117647,9.05,0.3044788258757793
164129,0.4426193429160203,3,3,3,3,3,1,9.6,9.6,9.6,0.4426193429160203
164133,0.5258012004738277,3,3,3,3,3,1,9.266666666666666,9.266666666666666,9.266666666666666,0.5258012004738277
164383,-0.43550371458020276,3,5,5,4,3,3,7.225,7.213333333333334,7.2,-0.43550371458020276
164399,0.48144189041370516,3,3,3,3,3,1,8.933333333333334,8.933333333333334,8.933333333333334,0.48144189041370516
164542,-0.484812872352115,3,2,2,2,2,2,8.75,8.75,8.75,-0.484812872352115
164577,0.22491721705961004,3,1,1,1,1,1,7.5,7.5,7.5,0.22491721705961004
164719,0.4059020452544505,3,2,2,2,2,1,9.149999999999999,9.149999999999999,9.149999999999999,0.4059020452544505
164744,-1.0481903749175252,3,3,3,3,1,2,7.050000000000001,7.033333333333334,6.866666666666667,-1.0481903749175252
164822,-0.05462120294415884,3,5,5,5,4,2,7.640000000000001,7.640000000000001,7.640000000000001,-0.05462120294415884
164842,0.6819683318135605,3,2,2,2,2,1,9.9,9.9,9.9,0.6819683318135605
164916,0.6521949807505606,3,3,3,2,3,1,9.266666666666667,9.266666666666667,9.266666666666667,0.6521949807505606
165238,0.9116206524819066,3,1,1,1,1,1,7.8,7.8,7.8,0.9116206524819066
165243,0.2726900956933759,3,4,4,4,4,2,9.025,9.025,9.025,0.2726900956933759
165309,0.2903961080602136,3,4,4,4,4,3,8.833333333333334,8.00625,8.45,0.2903961080602136
165325,0.5170084798525411,3,3,3,3,3,2,9.5,9.5,9.5,0.5170084798525411
165337,0.9906499344274786,3,4,4,4,4,2,10.0,10.0,10.0,0.9906499344274786
165351,0.5436607347549679,3,4,4,4,4,2,9.375,9.375,9.375,0.5436607347549679
165459,-0.4751924944726128,3,4,4,4,4,2,8.799999999999999,8.18125,7.425,-0.4751924944726128
165492,0.49082777353407003,3,1,1,1,1,1,9.1,9.1,9.1,0.49082777353407003
165517,0.5759650356236108,3,3,3,2,3,2,9.0,9.0,9.0,0.5759650356236108
165696,0.3284184427306396,3,4,4,3,4,2,9.45,9.45,9.45,0.3284184427306396
165749,0.023271625124265387,3,4,4,4,3,3,9.4,8.43125,7.050000000000001,0.023271625124265387
165927,0.5176754745310004,3,3,3,3,3,3,9.033333333333333,9.033333333333333,9.033333333333333,0.5176754745310004
165934,0.9877061703582882,3,1,1,1,1,1,9.8,9.8,9.8,0.9877061703582882
166009,-0.012101139394034566,3,4,4,3,4,2,8.85,8.85,8.85,-0.012101139394034566
166012,0.6628115375603415,3,3,3,3,3,2,8.933333333333332,8.933333333333332,8.933333333333332,0.6628115375603415
166026,0.8700256519773722,3,3,3,2,3,2,9.9,9.9,9.9,0.8700256519773722
166052,0.40620609072298575,3,4,4,3,4,2,9.35,9.35,9.35,0.40620609072298575
166120,0.9679739366560407,3,1,1,1,1,1,10.0,10.0,10.0,0.9679739366560407
166148,0.2032379434215349,3,4,4,4,3,3,9.025,9.025,9.025,0.2032379434215349
166156,0.9256440864790325,3,3,3,3,3,2,9.666666666666666,9.666666666666666,9.666666666666666,0.9256440864790325
166182,-0.2870754552448479,3,6,6,6,5,3,8.440000000000001,7.991666666666667,7.783333333333334,-0.2870754552448479
166295,0.7559089752684981,3,1,1,1,1,1,9.6,9.6,9.6,0.7559089752684981
166307,0.5084820839109915,3,2,2,2,2,2,9.399999999999999,9.399999999999999,9.399999999999999,0.5084820839109915
166365,-0.011653940237060373,3,4,4,4,4,2,8.625,8.625,8.625,-0.011653940237060373
166416,-1.506787220133457,3,4,4,3,4,2,8.033333333333333,7.4875,7.575,-1.506787220133457
166445,0.7710764981222171,3,4,4,3,4,2,9.8,9.8,9.8,0.7710764981222171
166516,0.9679739366560407,3,1,1,1,1,1,10.0,10.0,10.0,0.9679739366560407
166526,0.7276878530260925,3,3,3,3,3,2,9.833333333333334,9.833333333333334,9.833333333333334,0.7276878530260925
166548,0.02906866428842264,3,4,4,4,3,2,9.200000000000001,8.2125,8.075,0.02906866428842264
166574,0.7695601153890408,3,4,4,3,4,2,9.775,9.775,9.775,0.7695601153890408
166753,0.5682820380797299,3,4,4,4,4,2,9.75,9.75,9.75,0.5682820380797299
166755,0.024680602792654237,3,2,2,2,2,2,8.5,8.5,8.5,0.024680602792654237
166769,0.05327164097677112,3,4,4,4,4,2,8.925,8.925,8.925,0.05327164097677112
166848,-0.11190332760974221,3,4,4,4,3,3,8.066666666666666,7.355,7.9,-0.11190332760974221
166851,0.27247804110893903,3,4,4,3,4,2,8.65,8.65,8.65,0.27247804110893903
166863,0.4390123932788043,3,5,5,5,4,3,8.62,8.62,8.62,0.4390123932788043
166894,0.035691823834984704,3,4,4,4,3,3,9.133333333333333,7.925,6.85,0.035691823834984704
166921,0.6041097771343215,3,4,4,4,4,2,9.275,9.275,9.275,0.6041097771343215
166950,0.6089996993829901,3,2,2,2,2,2,9.0,9.0,9.0,0.6089996993829901
167013,0.02602171381656837,3,4,4,4,3,2,8.333333333333334,7.8875,7.95,0.02602171381656837
167108,0.5309549004093691,3,3,3,3,3,2,9.533333333333333,9.533333333333333,9.533333333333333,0.5309549004093691
167134,0.34480232273841516,3,4,4,4,4,2,9.0,9.0,9.0,0.34480232273841516
167170,0.5435960296193274,3,4,4,3,4,2,9.55,9.55,9.55,0.5435960296193274
167247,0.7519733775327406,3,3,3,3,3,2,8.799999999999999,8.799999999999999,8.799999999999999,0.7519733775327406
167276,-0.3921169414935089,3,5,5,5,3,3,8.5,7.593333333333334,6.8,-0.3921169414935089
167314,-0.4091483971052798,3,3,3,3,2,3,9.55,7.98030303030303,7.166666666666667,-0.4091483971052798
167343,1.051634072836948,3,4,4,4,4,2,10.0,10.0,10.0,1.051634072836948
167384,0.5028428628487198,3,2,2,2,2,1,8.95,8.95,8.95,0.5028428628487198
167534,0.6372902127467466,3,4,4,4,4,2,9.275,9.275,9.275,0.6372902127467466
167544,0.7146917486462501,3,3,3,3,3,2,8.9,8.9,8.9,0.7146917486462501
167590,0.45226633394440685,3,4,4,4,4,2,8.9,8.9,8.9,0.45226633394440685
167642,0.8635657004032976,3,3,3,3,3,2,9.566666666666666,9.566666666666666,9.566666666666666,0.8635657004032976
167675,-0.19348439063806555,3,2,2,2,1,2,6.35,6.35,6.35,-0.19348439063806555
167729,-1.1842811326765816,3,1,1,1,1,1,3.1,3.1,3.1,-1.1842811326765816
167730,0.0669390733028877,3,5,5,3,4,3,8.3,8.3,8.3,0.0669390733028877
167732,-0.0577489499442196,3,1,1,1,1,1,8.1,8.1,8.1,-0.0577489499442196
167820,-0.10848786640054327,3,1,1,1,1,1,7.8,7.8,7.8,-0.10848786640054327
167855,-1.1723698121649273,3,3,3,3,2,2,9.4,5.376923076923077,4.966666666666667,-1.1723698121649273
168030,0.6074819400923118,3,4,4,3,4,2,9.375,9.375,9.375,0.6074819400923118
168039,0.3700163792425349,3,4,4,4,4,2,9.05,9.05,9.05,0.3700163792425349
168073,0.755427655717121,3,3,3,3,3,2,9.866666666666667,9.866666666666667,9.866666666666667,0.755427655717121
168120,-2.069374007575865,3,2,2,2,1,2,0.0,0.65,0.65,-2.069374007575865
168138,0.4522947486739841,3,3,3,2,3,2,8.866666666666667,8.866666666666667,8.866666666666667,0.4522947486739841
168257,-0.011132520780303135,3,3,3,3,3,2,8.5,8.5,8.5,-0.011132520780303135
168264,0.44138549758980006,3,2,2,2,2,2,7.55,7.55,7.55,0.44138549758980006
168268,-1.4663547861173531,3,7,7,6,3,4,6.116666666666667,5.848571428571428,5.457142857142857,-1.4663547861173531
168367,0.7730742591519991,3,3,3,3,3,2,9.566666666666666,9.566666666666666,9.566666666666666,0.7730742591519991
168441,0.21203289660231156,3,4,4,3,4,2,9.125,9.125,9.125,0.21203289660231156
168470,-0.5380629894291351,3,4,4,4,3,2,8.466666666666667,7.41,7.225,-0.5380629894291351
168483,-1.6971028972137479,3,1,1,1,1,1,2.4,2.4,2.4,-1.6971028972137479
168491,-0.2969361006896594,3,5,5,4,4,3,7.82,7.82,7.82,-0.2969361006896594
168531,0.40555723614756595,3,1,1,1,1,1,8.2,8.2,8.2,0.40555723614756595
168533,0.4881843778275395,3,1,1,1,1,1,8.7,8.7,8.7,0.4881843778275395
168548,0.3700142212707439,3,4,4,4,4,2,9.375,9.375,9.375,0.3700142212707439
168589,0.8267533204505529,3,2,2,2,2,2,9.399999999999999,9.399999999999999,9.399999999999999,0.8267533204505529
168594,0.4217835912577514,3,3,3,2,3,2,9.133333333333333,9.133333333333333,9.133333333333333,0.4217835912577514
168595,0.2830767982680834,3,3,3,3,3,2,8.75,7.986111111111111,8.200000000000001,0.2830767982680834
168648,0.3055425006462503,3,4,4,3,4,2,8.524999999999999,8.524999999999999,8.524999999999999,0.3055425006462503
168663,0.5021159186033098,3,3,3,1,3,2,9.166666666666666,9.166666666666666,9.166666666666666,0.5021159186033098
168686,0.21020558188780616,3,1,1,1,1,1,7.5,7.5,7.5,0.21020558188780616
168769,-0.636034172845014,3,3,3,2,1,3,7.75,6.983333333333333,5.8999999999999995,-0.636034172845014
168771,0.37953501472112056,3,1,1,1,1,1,8.3,8.3,8.3,0.37953501472112056
168773,0.20988540040499526,3,4,4,3,4,2,8.15,8.15,8.15,0.20988540040499526
168807,-0.40805449136404076,3,5,5,4,4,3,7.859999999999999,7.859999999999999,7.859999999999999,-0.40805449136404076
168836,-0.01305345155191947,3,1,1,1,1,1,6.7,6.7,6.7,-0.01305345155191947
168887,0.6459532141750524,3,2,2,2,2,1,9.65,9.65,9.65,0.6459532141750524
168912,0.22574657179964197,3,1,1,1,1,1,8.6,8.6,8.6,0.22574657179964197
169080,0.18874592140712615,3,5,5,5,5,2,9.08,9.08,9.08,0.18874592140712615
169220,0.44255526928250555,3,1,1,1,1,1,10.0,10.0,10.0,0.44255526928250555
169386,0.5700635956423238,3,3,3,3,3,2,9.366666666666667,9.366666666666667,9.366666666666667,0.5700635956423238
169473,0.5071340027274099,3,3,3,3,3,2,9.533333333333333,9.533333333333333,9.533333333333333,0.5071340027274099
169560,0.4910899302996794,3,3,3,3,3,1,9.299999999999999,9.299999999999999,9.299999999999999,0.4910899302996794
169785,0.8456669820552997,3,3,3,3,3,2,9.833333333333334,9.833333333333334,9.833333333333334,0.8456669820552997
169886,0.7046033620628791,3,2,2,2,2,1,8.6,8.6,8.6,0.7046033620628791
169961,0.54449471716156,3,4,4,4,4,2,9.3,9.3,9.3,0.54449471716156
170027,0.6092424947284656,3,3,3,3,3,2,9.1,9.1,9.1,0.6092424947284656
170195,0.636315838664533,3,2,2,2,2,2,8.5,8.5,8.5,0.636315838664533
170209,0.8978861715865706,3,3,3,3,3,2,10.0,10.0,10.0,0.8978861715865706
170343,0.7207328544265383,3,4,4,4,4,2,9.875,9.875,9.875,0.7207328544265383
170362,0.8765896135873779,3,3,3,3,3,2,9.933333333333334,9.933333333333334,9.933333333333334,0.8765896135873779
170559,0.29283165225677865,3,4,4,4,4,2,9.2,9.2,9.2,0.29283165225677865
170600,0.21784370414825124,3,3,3,3,3,2,8.966666666666667,8.966666666666667,8.966666666666667,0.21784370414825124
170611,0.06400819527113065,3,3,3,3,3,2,8.9,8.9,8.9,0.06400819527113065
170612,0.5570075382412523,3,4,4,3,3,3,7.9,7.9,7.9,0.5570075382412523
170850,0.7204277969604284,3,3,3,3,3,2,9.533333333333333,9.533333333333333,9.533333333333333,0.7204277969604284
170858,0.2672886177632295,3,4,4,3,4,2,9.425,9.425,9.425,0.2672886177632295
171023,0.3029514494533295,3,4,4,4,4,2,9.2,9.2,9.2,0.3029514494533295
171071,0.6871698816281384,3,4,4,3,4,2,9.7,9.7,9.7,0.6871698816281384
171122,0.47777206953334406,3,3,3,3,3,2,9.566666666666668,9.566666666666668,9.566666666666668,0.47777206953334406
171134,-0.9845040240562414,3,3,3,3,3,2,9.033333333333333,9.033333333333333,9.033333333333333,-0.9845040240562414
171337,0.5369350888240265,3,3,3,3,3,2,9.366666666666667,9.366666666666667,9.366666666666667,0.5369350888240265
171393,0.5934463601020392,3,4,4,4,4,2,8.75,8.75,8.75,0.5934463601020392
171436,1.2045624622643307,3,3,3,3,3,2,10.0,10.0,10.0,1.2045624622643307
171659,-0.0705100034972619,3,3,3,3,3,2,8.55,7.22962962962963,7.833333333333333,-0.0705100034972619
171672,0.9773152300536704,3,3,3,3,3,2,9.833333333333334,9.833333333333334,9.833333333333334,0.9773152300536704
171724,0.29465155124394293,3,3,3,3,3,2,9.7,8.776190476190477,8.933333333333334,0.29465155124394293
171739,0.5355063627346363,3,3,3,3,3,2,9.633333333333333,9.633333333333333,9.633333333333333,0.5355063627346363
171774,-0.0015919507522275667,3,4,4,4,3,3,9.266666666666667,8.520833333333334,8.45,-0.0015919507522275667
171798,-0.4293418924159429,3,3,3,3,2,3,9.149999999999999,7.183333333333333,6.099999999999999,-0.4293418924159429
171926,-0.3388143220527387,3,4,4,3,4,2,9.175,9.175,9.175,-0.3388143220527387
172035,0.2554727183743924,3,4,4,3,4,2,9.05,9.05,9.05,0.2554727183743924
172088,0.45505038455256214,3,2,2,2,2,2,8.85,8.85,8.85,0.45505038455256214
172124,0.3869134097232232,3,3,3,3,3,2,8.666666666666666,8.666666666666666,8.666666666666666,0.3869134097232232
172205,0.619199145371682,3,3,3,3,3,2,9.200000000000001,9.200000000000001,9.200000000000001,0.619199145371682
172284,0.15563924871929763,3,3,3,3,3,2,9.066666666666666,9.066666666666666,9.066666666666666,0.15563924871929763
172571,0.13331406836816231,3,4,4,3,3,2,9.1,7.8765624999999995,6.824999999999999,0.13331406836816231
172630,0.30653339167078547,3,3,3,3,3,2,8.566666666666668,8.566666666666668,8.566666666666668,0.30653339167078547
172864,-0.5955073022376697,3,4,4,4,1,3,7.0,5.8,5.525,-0.5955073022376697
173001,0.8795349494281561,3,2,2,2,2,2,9.85,9.85,9.85,0.8795349494281561
173042,0.4648179171101659,3,3,3,3,3,2,9.533333333333333,9.533333333333333,9.533333333333333,0.4648179171101659
173089,0.8055437216662363,3,4,4,4,4,2,9.600000000000001,9.600000000000001,9.600000000000001,0.8055437216662363
173121,-2.2054255657084747,3,5,5,5,4,2,2.825,2.3,2.32,-2.2054255657084747
173135,0.5643642667184049,3,1,1,1,1,1,8.8,8.8,8.8,0.5643642667184049
173144,0.7990013174787496,3,3,3,3,3,3,9.833333333333334,9.833333333333334,9.833333333333334,0.7990013174787496
173217,0.15310662926669522,3,2,2,2,2,2,8.25,8.25,8.25,0.15310662926669522
173269,0.3317730239057998,3,4,4,4,4,2,9.525,9.525,9.525,0.3317730239057998
173391,0.8078978983437841,3,1,1,1,1,1,10.0,10.0,10.0,0.8078978983437841
173478,-0.12295409983942569,3,1,1,1,1,1,7.5,7.5,7.5,-0.12295409983942569
173528,0.5080068566497888,3,1,1,1,1,1,10.0,10.0,10.0,0.5080068566497888
173602,-0.21841231453523546,3,5,5,4,4,3,7.95,7.3,6.42,-0.21841231453523546
173614,0.27050437171473585,3,4,4,3,4,2,9.075,9.075,9.075,0.27050437171473585
173731,0.6674008092917436,3,3,3,3,3,2,9.833333333333334,9.833333333333334,9.833333333333334,0.6674008092917436
173877,0.3795918089111331,3,4,4,4,4,2,9.3,9.3,9.3,0.3795918089111331
173907,-0.5703649950517189,3,7,7,7,5,3,7.95,7.1000000000000005,7.385714285714286,-0.5703649950517189
173921,0.4412740969403709,3,2,2,2,2,2,9.55,9.55,9.55,0.4412740969403709
173946,-0.6393569203826083,3,8,8,8,5,2,4.779999999999999,4.576666666666667,4.7,-0.6393569203826083
174064,-1.3193301532393782,3,4,4,4,2,3,8.75,6.275,6.175,-1.3193301532393782
174067,0.45713066867915897,3,3,3,3,3,2,9.200000000000001,9.200000000000001,9.200000000000001,0.45713066867915897
174346,0.7666636901561573,3,1,1,1,1,1,10.0,10.0,10.0,0.7666636901561573
174372,0.17988792957892905,3,5,5,4,4,3,9.575,8.551428571428572,7.779999999999999,0.17988792957892905
174380,0.2680567866035371,3,4,4,4,4,2,8.95,8.95,8.95,0.2680567866035371
174483,0.4777964928928424,3,1,1,1,1,1,8.9,8.9,8.9,0.4777964928928424
174568,0.7770292371087161,3,3,3,3,3,1,9.4,9.4,9.4,0.7770292371087161
174574,0.8753914820205622,3,4,4,4,4,2,9.475,9.475,9.475,0.8753914820205622
174604,0.08925657340695725,3,4,4,4,3,3,9.133333333333333,7.9642857142857135,7.0,0.08925657340695725
174806,0.6151211367116427,3,4,4,3,4,2,9.375,9.375,9.375,0.6151211367116427
175071,0.7098265695778484,3,3,3,3,3,2,9.066666666666668,9.066666666666668,9.066666666666668,0.7098265695778484
175216,-1.050326320120013,3,2,2,2,1,1,8.6,5.175,4.3,-1.050326320120013
175429,0.6269377822905364,3,3,3,3,3,3,9.0,9.0,9.0,0.6269377822905364
175570,0.12232327326166846,3,4,4,4,4,2,8.6,8.6,8.6,0.12232327326166846
175652,0.7873938308557109,3,4,4,4,4,2,9.025,9.025,9.025,0.7873938308557109
175654,-0.07002198528036813,3,4,4,4,3,3,9.666666666666666,8.425,7.425,-0.07002198528036813
175676,0.5514978976846071,3,3,3,3,3,2,9.433333333333334,9.433333333333334,9.433333333333334,0.5514978976846071
175707,-0.054039251959163224,3,3,3,3,2,3,7.5,6.334615384615384,6.593333333333334,-0.054039251959163224
175823,0.06690125871793047,3,3,3,3,3,2,8.799999999999999,8.799999999999999,8.799999999999999,0.06690125871793047
175858,0.6203715622934125,3,4,4,4,4,2,9.775,9.775,9.775,0.6203715622934125
175986,0.5516768834169739,3,1,1,1,1,1,10.0,10.0,10.0,0.5516768834169739
176087,-0.21173509878664767,3,5,5,5,4,4,8.799999999999999,7.270833333333334,6.660000000000001,-0.21173509878664767
176184,0.2778984497435359,3,3,3,3,3,2,9.0,9.0,9.0,0.2778984497435359
176249,0.5833264243816356,3,4,4,4,4,2,9.425,9.425,9.425,0.5833264243816356
176600,0.5794829415215639,3,3,3,3,3,2,10.0,10.0,10.0,0.5794829415215639
176719,0.7298804083977964,3,2,2,2,2,2,10.0,10.0,10.0,0.7298804083977964
176815,0.44406656695806906,3,1,1,1,1,1,10.0,10.0,10.0,0.44406656695806906
176839,0.4251086928183012,3,3,3,3,3,2,8.799999999999999,8.799999999999999,8.799999999999999,0.4251086928183012
176949,0.11602449173752642,3,3,3,3,2,2,8.2,7.0625,7.8,0.11602449173752642
177007,0.44168823337023067,3,1,1,1,1,1,8.3,8.3,8.3,0.44168823337023067
177060,0.124544566596638,3,3,3,2,3,2,9.166666666666666,9.166666666666666,9.166666666666666,0.124544566596638
177194,0.08998573128733088,3,5,5,3,5,2,8.84,8.84,8.84,0.08998573128733088
177237,0.28170992506864895,3,3,3,3,3,2,8.533333333333333,8.533333333333333,8.533333333333333,0.28170992506864895
177305,-0.31676564244554534,3,3,3,3,3,2,8.05,6.804761904761905,5.366666666666667,-0.31676564244554534
177307,0.7130287532475371,3,3,3,3,3,2,10.0,10.0,10.0,0.7130287532475371
177412,-0.6848049349597078,3,5,5,5,4,3,8.4,8.013333333333332,6.9799999999999995,-0.6848049349597078
177419,0.6002047336202498,3,4,4,3,4,2,8.9,8.9,8.9,0.6002047336202498
177442,0.7131211620923747,3,4,4,3,4,2,9.95,9.95,9.95,0.7131211620923747
177484,-1.5145087763060208,3,2,2,2,2,2,9.5,7.904999999999999,4.75,-1.5145087763060208
177506,0.08370665250522664,3,4,4,4,3,3,9.033333333333333,8.232142857142858,8.2,0.08370665250522664
177523,0.6976141168934236,3,4,4,3,4,2,9.8,9.8,9.8,0.6976141168934236
177525,0.4741401526611993,3,4,4,3,4,2,9.125,9.125,9.125,0.4741401526611993
177645,-0.11071847398073309,3,2,2,2,1,2,9.4,5.945,5.0,-0.11071847398073309
177699,0.6549207541710249,3,4,4,3,4,2,9.1,9.1,9.1,0.6549207541710249
177719,0.6114396661984808,3,1,1,1,1,1,10.0,10.0,10.0,0.6114396661984808
177723,0.21869190266712835,3,4,4,4,4,2,8.7,8.7,8.7,0.21869190266712835
177726,0.4048976789420483,3,4,4,4,3,2,8.3,8.3,8.3,0.4048976789420483
177763,0.3422597209141706,3,3,3,3,3,2,9.4,9.4,9.4,0.3422597209141706
177772,-2.5595251891031126,3,1,1,1,1,1,,0.0,0.0,-2.5595251891031126
177796,0.8447004836747372,3,2,2,2,2,2,9.05,9.05,9.05,0.8447004836747372
177800,0.6113825750929848,3,3,3,3,3,2,9.966666666666667,9.966666666666667,9.966666666666667,0.6113825750929848
177871,0.7044337698823933,3,4,4,4,4,2,9.475,9.475,9.475,0.7044337698823933
177944,0.9876315941440688,3,2,2,2,2,2,9.65,9.65,9.65,0.9876315941440688
177983,-0.45049376826681503,3,6,6,6,3,4,8.566666666666666,6.651666666666666,5.466666666666666,-0.45049376826681503
177985,0.6797587480988461,3,3,3,3,3,2,9.799999999999999,9.799999999999999,9.799999999999999,0.6797587480988461
178025,0.5194611000539384,3,4,4,3,4,2,8.775,8.775,8.775,0.5194611000539384
178068,0.31442148004166387,3,4,4,4,3,3,9.9,8.717307692307692,7.425000000000001,0.31442148004166387
178077,0.556807555118649,3,4,4,4,4,2,9.775,9.775,9.775,0.556807555118649
178094,0.883132333395924,3,2,2,2,2,2,10.0,10.0,10.0,0.883132333395924
178096,0.16606680617970454,3,1,1,1,1,1,9.5,9.5,9.5,0.16606680617970454
178100,-0.08890989437748939,3,4,4,4,4,2,9.299999999999999,8.267307692307693,6.975,-0.08890989437748939
178167,-0.09903140016476378,3,4,4,4,3,3,9.9,8.851666666666667,7.425000000000001,-0.09903140016476378
178222,-0.9462460841620309,3,1,1,1,1,1,,2.4899999999999998,1.6,-0.9462460841620309
178246,-0.09198263865242409,3,5,5,5,4,3,8.775,7.945454545454545,7.0200000000000005,-0.09198263865242409
178257,-1.1701375968909753,3,1,1,1,1,1,,5.828571428571429,2.9,-1.1701375968909753
178320,0.39262787216012923,3,3,3,3,3,2,9.366666666666667,9.366666666666667,9.366666666666667,0.39262787216012923
178353,0.4904787476983636,3,3,3,3,3,2,9.166666666666666,9.166666666666666,9.166666666666666,0.4904787476983636
178415,0.7532812038025629,3,4,4,4,4,3,9.9,9.9,9.9,0.7532812038025629
178432,0.7851879747672231,3,4,4,4,4,2,9.35,9.35,9.35,0.7851879747672231
178440,-0.30730616159815516,3,2,2,2,2,2,8.2,5.8625,5.449999999999999,-0.30730616159815516
178458,0.6487231082937385,3,3,3,3,3,2,8.6,8.6,8.6,0.6487231082937385
178468,0.40048114767044274,3,2,2,2,2,1,9.35,9.35,9.35,0.40048114767044274
178483,0.4463719827797497,3,3,3,3,3,2,8.433333333333332,8.433333333333332,8.433333333333332,0.4463719827797497
178547,-0.8779902200730326,3,1,1,1,1,1,,0.2,0.8,-0.8779902200730326
178585,0.4496399332926648,3,3,3,3,3,2,9.266666666666666,9.266666666666666,9.266666666666666,0.4496399332926648
178716,-0.9015445022112342,3,3,3,3,2,2,4.7,4.7,4.7,-0.9015445022112342
178772,-0.01507148582072653,3,3,3,3,2,3,7.566666666666666,7.566666666666666,7.566666666666666,-0.01507148582072653
178837,-1.3986561859961004,3,1,1,1,1,1,,5.828571428571429,2.2,-1.3986561859961004
178850,-0.332408635087581,3,2,2,2,2,2,9.7,6.095,5.6499999999999995,-0.332408635087581
178857,0.21019804299238312,3,1,1,1,1,1,,5.706666666666666,6.9,0.21019804299238312
178992,0.3883106270277884,3,5,5,5,4,3,8.7,8.101333333333333,8.379999999999999,0.3883106270277884
179069,-0.3641829990886709,3,5,5,5,4,3,8.45,7.685454545454545,7.040000000000001,-0.3641829990886709
179127,0.6114396661984808,3,1,1,1,1,1,10.0,10.0,10.0,0.6114396661984808
179142,0.4587452422972707,3,2,2,2,2,1,9.0,9.0,9.0,0.4587452422972707
179317,0.608751799219001,3,4,4,3,3,2,9.966666666666667,8.790909090909091,8.975,0.608751799219001
179383,0.5312817459871984,3,4,4,3,4,3,9.575,9.575,9.575,0.5312817459871984
179420,0.6180758507399715,3,2,2,2,2,2,10.0,10.0,10.0,0.6180758507399715
179422,0.7016738979827016,3,3,3,3,3,2,9.966666666666667,9.966666666666667,9.966666666666667,0.7016738979827016
179454,0.7086899071898966,3,3,3,3,3,2,9.5,9.5,9.5,0.7086899071898966
179456,0.6114396661984808,3,1,1,1,1,1,10.0,10.0,10.0,0.6114396661984808
179493,0.7515374697147843,3,4,4,4,3,2,9.700000000000001,8.353125,9.1,0.7515374697147843
179553,0.7609085631743726,3,3,3,3,3,2,9.866666666666667,9.866666666666667,9.866666666666667,0.7609085631743726
179613,-0.09812740028660494,3,4,4,4,4,2,8.825,8.825,8.825,-0.09812740028660494
179651,0.494553200380675,3,3,3,3,3,2,9.466666666666667,9.466666666666667,9.466666666666667,0.494553200380675
179662,0.8671608356371672,3,4,4,4,4,2,9.7,9.7,9.7,0.8671608356371672
179691,0.40089789822752514,3,4,4,3,4,2,9.0,9.0,9.0,0.40089789822752514
179729,0.4312795388247075,3,3,3,3,3,2,8.966666666666667,8.966666666666667,8.966666666666667,0.4312795388247075
179766,0.6280503989346334,3,4,4,2,4,2,9.85,9.85,9.85,0.6280503989346334
179857,0.5190874212404476,3,1,1,1,1,1,9.6,9.6,9.6,0.5190874212404476
179874,-0.40100369980796197,3,2,2,2,1,1,7.8,6.033333333333333,6.55,-0.40100369980796197
179883,0.23499099119392564,3,4,4,3,3,3,9.266666666666666,7.7875,6.949999999999999,0.23499099119392564
179916,0.04074844011032731,3,3,3,3,3,2,9.0,9.0,9.0,0.04074844011032731
180030,0.09045388195394788,3,3,3,3,2,2,8.133333333333333,8.133333333333333,8.133333333333333,0.09045388195394788
180062,0.2529729837690788,3,1,1,1,1,1,8.7,8.7,8.7,0.2529729837690788
180160,0.4048008442134038,3,5,5,5,4,3,8.875,7.7875,8.5,0.4048008442134038
180200,0.5021917168401303,3,4,4,4,4,2,9.825,9.825,9.825,0.5021917168401303
180282,0.5658972130426559,3,2,2,2,2,2,9.55,9.55,9.55,0.5658972130426559
180316,0.41111168016922633,3,3,3,3,3,2,10.0,10.0,10.0,0.41111168016922633
180327,0.19142991680786933,3,3,3,3,3,2,9.333333333333334,9.333333333333334,9.333333333333334,0.19142991680786933
180372,-0.04322015084359894,3,5,5,5,4,3,8.725,7.526666666666666,6.9799999999999995,-0.04322015084359894
180409,-0.21346556834135813,3,5,5,4,4,3,8.7,7.966666666666666,7.18,-0.21346556834135813
180429,0.644458611910157,3,1,1,1,1,1,9.9,9.9,9.9,0.644458611910157
180543,-1.0729406460416508,3,3,3,3,3,2,6.833333333333333,6.833333333333333,6.833333333333333,-1.0729406460416508
180551,0.670512579143855,3,4,4,3,4,2,9.6,9.6,9.6,0.670512579143855
180590,0.4220568419199383,3,4,4,3,4,2,9.4,9.4,9.4,0.4220568419199383
180610,0.7524075628909429,3,3,3,2,3,2,10.0,10.0,10.0,0.7524075628909429
180632,-0.011800170132526759,3,4,4,2,4,2,9.025,9.025,9.025,-0.011800170132526759
180639,0.39475544138977614,3,1,1,1,1,1,8.6,8.6,8.6,0.39475544138977614
180675,0.26760865420333,3,4,4,4,4,3,8.825,8.825,8.825,0.26760865420333
180786,0.5782239629007521,3,1,1,1,1,1,9.8,9.8,9.8,0.5782239629007521
180821,0.5190874212404476,3,1,1,1,1,1,9.6,9.6,9.6,0.5190874212404476
180910,0.45041471045374726,3,4,4,3,4,2,9.825,9.825,9.825,0.45041471045374726
181157,-0.36007415757255246,3,4,4,3,4,2,8.625,8.625,8.625,-0.36007415757255246
181197,-0.31547578115952385,3,2,2,2,2,2,8.15,8.15,8.15,-0.31547578115952385
181209,-1.0994302099042055,3,2,2,2,1,1,8.0,6.133333333333333,4.0,-1.0994302099042055
181305,0.5478496159259879,3,1,1,1,1,1,10.0,10.0,10.0,0.5478496159259879
181488,0.5476137507693982,3,3,3,3,3,2,9.533333333333333,9.533333333333333,9.533333333333333,0.5476137507693982
181600,0.5782239629007521,3,1,1,1,1,1,9.8,9.8,9.8,0.5782239629007521
181817,-0.355307081594417,3,2,2,2,1,2,5.2,5.1850000000000005,5.6,-0.355307081594417
181821,0.606944391901428,3,2,2,1,2,2,10.0,10.0,10.0,0.606944391901428
181822,0.36493129806818186,3,3,3,3,3,2,8.966666666666667,8.966666666666667,8.966666666666667,0.36493129806818186
181830,-0.9901622793689726,3,2,2,1,2,2,8.1,5.3,4.05,-0.9901622793689726
181842,0.5478457351838468,3,4,4,4,4,3,9.1,9.1,9.1,0.5478457351838468
181864,0.08331356733457974,3,4,4,3,4,2,8.3,8.3,8.3,0.08331356733457974
181876,0.7940227381965093,3,3,3,3,3,2,9.533333333333333,9.533333333333333,9.533333333333333,0.7940227381965093
181885,0.30345736190083467,3,4,4,4,3,3,9.133333333333333,8.354166666666668,8.5,0.30345736190083467
181892,0.5230260598074058,3,4,4,3,4,2,9.775,9.775,9.775,0.5230260598074058
181929,0.471501354578148,3,4,4,4,4,2,9.475,9.475,9.475,0.471501354578148
181938,-0.005015805048175365,3,4,4,2,3,3,9.666666666666666,8.064285714285713,7.7,-0.005015805048175365
182043,-0.6284172042505917,3,2,2,2,2,2,7.8,7.08,4.8,-0.6284172042505917
182077,-0.11999278953979578,3,1,1,1,1,1,8.4,8.4,8.4,-0.11999278953979578
182128,0.797228649847074,3,2,2,2,2,2,9.9,9.9,9.9,0.797228649847074
182241,-0.2843463480861341,3,4,4,4,4,2,9.666666666666666,7.925,8.45,-0.2843463480861341
182407,-0.5332893039140328,3,5,5,4,4,3,8.1,5.511428571428572,5.859999999999999,-0.5332893039140328
182495,0.2574482805046233,3,1,1,1,1,1,8.9,8.9,8.9,0.2574482805046233
182518,0.770324578190196,3,5,5,4,5,2,9.959999999999999,9.959999999999999,9.959999999999999,0.770324578190196
182522,-1.2484709336130868,3,1,1,1,1,1,,3.4375,0.0,-1.2484709336130868
182535,1.0921265500204702,3,1,1,1,1,1,9.5,9.5,9.5,1.0921265500204702
182575,-0.981369978064624,3,3,3,2,3,2,7.95,6.0,6.0,-0.981369978064624
182583,0.22526724544154547,3,1,1,1,1,1,8.8,8.8,8.8,0.22526724544154547
182631,0.6755376761389283,3,4,4,3,4,2,9.8,9.8,9.8,0.6755376761389283
182784,0.43971163227921434,3,4,4,4,4,2,8.825,8.825,8.825,0.43971163227921434
182991,0.7312043522103456,3,4,4,3,4,2,9.925,9.925,9.925,0.7312043522103456
148941,0.19307242041655112,2,1,1,1,1,1,9.7,9.7,9.7,0.19307242041655112
156053,-2.1440267928072863,2,2,2,2,2,1,,2.7333333333333334,0.7000000000000001,-2.1440267928072863
158655,0.20883913362403664,2,2,2,2,2,1,8.649999999999999,8.649999999999999,8.649999999999999,0.20883913362403664
159167,-0.2551984197171972,2,2,2,2,1,2,7.7,6.958333333333333,7.300000000000001,-0.2551984197171972
160271,0.27768186953426893,2,3,3,3,3,1,9.200000000000001,9.200000000000001,9.200000000000001,0.27768186953426893
160322,0.39074090255932264,2,1,1,1,1,1,8.0,8.0,8.0,0.39074090255932264
160473,0.47832353103772746,2,1,1,1,1,1,8.1,8.1,8.1,0.47832353103772746
160672,0.3656204435296755,2,3,3,2,3,1,8.666666666666666,8.666666666666666,8.666666666666666,0.3656204435296755
161454,-0.2894243720153537,2,3,3,3,2,1,7.966666666666666,7.966666666666666,7.966666666666666,-0.2894243720153537
161558,-0.8290137102296153,2,4,4,4,3,3,5.833333333333333,4.575,4.7,-0.8290137102296153
161660,0.37157641823769805,2,2,2,2,2,2,9.45,9.45,9.45,0.37157641823769805
161696,-0.26308416622843844,2,2,2,2,1,1,4.8,4.8,4.8,-0.26308416622843844
161803,0.1956784456371713,2,4,4,4,4,1,9.333333333333334,8.791666666666666,8.775,0.1956784456371713
161981,-0.1053945697626839,2,4,4,4,4,1,8.5,8.5,8.5,-0.1053945697626839
161996,0.4874337663270636,2,2,2,2,2,1,8.899999999999999,8.899999999999999,8.899999999999999,0.4874337663270636
162022,0.21105864896780369,2,3,3,3,3,1,9.133333333333333,9.133333333333333,9.133333333333333,0.21105864896780369
162072,-0.6146042467338292,2,2,2,2,2,1,8.5,6.125,4.25,-0.6146042467338292
162107,0.2644741424042083,2,3,3,3,3,1,8.966666666666667,8.966666666666667,8.966666666666667,0.2644741424042083
162237,0.9516833654406565,2,3,3,3,3,1,10.0,10.0,10.0,0.9516833654406565
162309,0.21633851418573377,2,2,2,2,2,1,8.95,8.95,8.95,0.21633851418573377
162361,0.4489494858457451,2,2,2,2,2,1,9.65,9.65,9.65,0.4489494858457451
162362,0.9764689005500365,2,3,3,2,3,1,9.933333333333334,9.933333333333334,9.933333333333334,0.9764689005500365
162387,0.43973902512695456,2,3,3,3,2,1,8.366666666666667,8.366666666666667,8.366666666666667,0.43973902512695456
162455,0.7976322038170873,2,3,3,3,3,2,9.966666666666667,9.966666666666667,9.966666666666667,0.7976322038170873
162462,0.2731863960670579,2,2,2,2,2,1,9.05,9.05,9.05,0.2731863960670579
162556,0.22747805569886811,2,2,2,2,2,1,8.6,8.6,8.6,0.22747805569886811
162559,0.11419687847407234,2,4,4,4,3,2,9.1,8.63125,8.425,0.11419687847407234
162587,-0.1222256035876078,2,2,2,2,2,1,7.9,7.9,7.9,-0.1222256035876078
162592,-0.05616750083738265,2,2,2,2,2,1,8.100000000000001,8.100000000000001,8.100000000000001,-0.05616750083738265
162644,-0.2736842083671845,2,3,3,3,3,1,8.633333333333333,8.633333333333333,8.633333333333333,-0.2736842083671845
162684,0.6859383322293369,2,2,2,2,2,1,9.5,9.5,9.5,0.6859383322293369
162723,0.7454792161117787,2,2,2,2,2,1,9.95,9.95,9.95,0.7454792161117787
162764,-0.01494100128964036,2,4,4,3,3,2,8.9,8.45,8.25,-0.01494100128964036
162787,0.3294158850146183,2,3,3,3,3,1,7.933333333333334,7.933333333333334,7.933333333333334,0.3294158850146183
162792,-0.3502628420597659,2,2,2,2,2,1,8.7,8.7,8.7,-0.3502628420597659
162822,1.0456988587657292,2,3,3,2,3,1,9.733333333333333,9.733333333333333,9.733333333333333,1.0456988587657292
162847,1.1390985842462231,2,2,2,1,2,1,9.9,9.9,9.9,1.1390985842462231
162891,1.0486824917867852,2,2,2,2,2,1,10.0,10.0,10.0,1.0486824917867852
162924,-0.000593948627682736,2,2,2,2,2,1,8.45,8.45,8.45,-0.000593948627682736
162934,1.002557301499582,2,3,3,3,3,1,9.9,9.9,9.9,1.002557301499582
162951,0.7633489000804944,2,3,3,3,3,1,9.633333333333333,9.633333333333333,9.633333333333333,0.7633489000804944
162969,-1.0268163730404054,2,5,5,4,4,3,9.5,9.5,8.093333333333334,-1.0268163730404054
162972,0.9769985915919183,2,3,3,3,3,1,9.766666666666667,9.766666666666667,9.766666666666667,0.9769985915919183
163031,0.1846324893844085,2,3,3,2,3,1,9.4,9.4,9.4,0.1846324893844085
163075,-0.0809384771777322,2,3,3,3,3,2,8.1,8.1,8.1,-0.0809384771777322
163077,0.24000953999463653,2,2,2,2,2,1,8.3,8.3,8.3,0.24000953999463653
163091,0.6022148079477652,2,3,3,3,3,2,9.466666666666667,9.466666666666667,9.466666666666667,0.6022148079477652
163179,0.36116374968151155,2,1,1,1,1,1,7.7,7.7,7.7,0.36116374968151155
163181,-0.12663001192866916,2,2,2,2,2,1,7.55,7.55,7.55,-0.12663001192866916
163192,0.09919362270361276,2,3,3,3,3,2,8.933333333333334,8.933333333333334,8.933333333333334,0.09919362270361276
163219,-0.05744587827803147,2,3,3,3,3,2,8.366666666666665,8.366666666666665,8.366666666666665,-0.05744587827803147
163221,0.49135167221365905,2,2,2,2,2,1,9.15,9.15,9.15,0.49135167221365905
163251,-0.5734191681633184,2,5,5,5,3,3,7.35,7.313333333333333,7.339999999999999,-0.5734191681633184
163254,0.8904253477081698,2,4,4,4,4,1,9.825,9.825,9.825,0.8904253477081698
163302,0.6751616446877712,2,2,2,2,2,1,9.3,9.3,9.3,0.6751616446877712
163347,0.4618306143107515,2,3,3,3,3,1,8.0,8.0,8.0,0.4618306143107515
163363,0.9769221483997095,2,3,3,2,3,1,9.733333333333334,9.733333333333334,9.733333333333334,0.9769221483997095
163384,0.46528023092650456,2,3,3,3,3,1,8.966666666666667,8.966666666666667,8.966666666666667,0.46528023092650456
163388,0.7553781577099717,2,3,3,3,3,1,9.633333333333333,9.633333333333333,9.633333333333333,0.7553781577099717
163433,1.204345324524004,2,2,2,1,2,1,9.850000000000001,9.850000000000001,9.850000000000001,1.204345324524004
163434,0.34983851326982257,2,3,3,3,3,1,9.166666666666666,9.166666666666666,9.166666666666666,0.34983851326982257
163481,0.8578372469172709,2,3,3,3,3,1,9.566666666666668,9.566666666666668,9.566666666666668,0.8578372469172709
163500,-0.09942471846668294,2,3,3,3,2,2,8.65,7.433333333333334,5.766666666666667,-0.09942471846668294
163640,0.009220404766269868,2,4,4,4,3,2,9.3,8.633333333333333,8.125,0.009220404766269868
163758,1.5071406861016947,2,2,2,2,2,1,9.399999999999999,9.399999999999999,9.399999999999999,1.5071406861016947
163884,-0.3553589908496064,2,2,2,2,1,1,7.6,7.3,7.05,-0.3553589908496064
163905,1.481820484415923,2,2,2,2,2,1,9.8,9.8,9.8,1.481820484415923
163955,-0.20713156968795343,2,3,3,3,2,2,8.35,7.091666666666666,8.0,-0.20713156968795343
164003,-0.3262698899948282,2,4,4,4,3,2,7.7,7.7,7.7,-0.3262698899948282
164087,0.35911069490342085,2,4,4,4,3,3,9.033333333333333,8.1,8.35,0.35911069490342085
164094,-0.5798395526760157,2,3,3,3,3,2,9.35,8.62,8.6,-0.5798395526760157
164175,0.6675945882220975,2,2,2,2,2,1,9.85,9.85,9.85,0.6675945882220975
164204,-0.3743169127611374,2,4,4,3,3,2,8.0,8.0,8.0,-0.3743169127611374
164270,0.8191722887304271,2,3,3,3,3,1,9.366666666666667,9.366666666666667,9.366666666666667,0.8191722887304271
164301,0.9982111204381056,2,3,3,3,3,1,9.700000000000001,9.700000000000001,9.700000000000001,0.9982111204381056
164433,0.15064266980977642,2,4,4,4,4,2,8.075,8.075,8.075,0.15064266980977642
164436,0.13873838139977415,2,5,5,4,3,2,8.3,7.974285714285715,7.94,0.13873838139977415
164444,-0.9236591902291532,2,2,2,2,1,2,10.0,7.977272727272727,5.05,-0.9236591902291532
164460,-0.7621757890398657,2,5,5,3,4,2,8.875,8.573333333333334,8.52,-0.7621757890398657
164466,-0.14065834382466724,2,2,2,2,2,1,8.5,8.5,8.5,-0.14065834382466724
164475,0.5812779174210665,2,2,2,2,2,2,9.600000000000001,9.600000000000001,9.600000000000001,0.5812779174210665
164492,-1.002497393639108,2,2,2,2,1,2,1.3,3.442857142857143,3.3,-1.002497393639108
164509,-0.46995072923179393,2,5,5,5,3,2,8.133333333333333,7.250588235294117,6.34,-0.46995072923179393
164538,-0.7275353440271028,2,2,2,2,1,2,10.0,7.977272727272727,5.55,-0.7275353440271028
164589,0.9496578571617558,2,2,2,2,2,1,8.65,8.65,8.65,0.9496578571617558
165096,0.4666101736211214,2,4,4,3,4,2,9.350000000000001,9.350000000000001,9.350000000000001,0.4666101736211214
165110,0.5872173500309492,2,4,4,4,4,2,9.775,9.775,9.775,0.5872173500309492
165249,0.4548690335108046,2,3,3,3,3,1,7.833333333333333,7.833333333333333,7.833333333333333,0.4548690335108046
165274,0.4036605844019226,2,4,4,4,4,3,8.75,8.75,8.75,0.4036605844019226
165275,0.5580487666008187,2,1,1,1,1,1,,3.188888888888889,6.8,0.5580487666008187
165277,-0.059532762651482184,2,3,3,3,3,2,8.433333333333334,8.433333333333334,8.433333333333334,-0.059532762651482184
165301,0.3819549478778301,2,1,1,1,1,1,10.0,10.0,10.0,0.3819549478778301
165336,-0.16199178929209157,2,2,2,2,1,2,7.5,7.5,7.5,-0.16199178929209157
165364,0.4902351138591504,2,1,1,1,1,1,8.3,8.3,8.3,0.4902351138591504
165371,0.05804972852127557,2,4,4,4,3,2,9.200000000000001,7.507692307692308,7.2,0.05804972852127557
165411,0.43781153318718463,2,1,1,1,1,1,9.0,9.0,9.0,0.43781153318718463
165566,0.4838795010116614,2,3,3,3,3,2,9.466666666666667,9.466666666666667,9.466666666666667,0.4838795010116614
165579,0.9257138839742437,2,3,3,1,3,2,10.0,10.0,10.0,0.9257138839742437
165826,-0.011831333822439357,2,3,3,2,3,2,8.166666666666666,8.166666666666666,8.166666666666666,-0.011831333822439357
165849,-0.0747874791117712,2,3,3,3,2,2,9.1,7.733333333333333,6.066666666666666,-0.0747874791117712
165869,0.3868510843410035,2,5,5,5,5,3,9.5,9.5,9.5,0.3868510843410035
165904,0.6372938736299991,2,2,2,2,2,2,9.1,9.1,9.1,0.6372938736299991
165935,-1.6300882784285795,2,9,9,7,4,4,4.283333333333333,4.833641975308642,4.111111111111111,-1.6300882784285795
165962,-0.5039032229514883,2,3,3,3,3,3,8.333333333333334,8.333333333333334,8.333333333333334,-0.5039032229514883
165967,0.49750548712604514,2,3,3,3,3,2,9.333333333333334,9.333333333333334,9.333333333333334,0.49750548712604514
166066,0.5968602542278418,2,1,1,1,1,1,9.3,9.3,9.3,0.5968602542278418
166172,0.6685642735093507,2,1,1,1,1,1,7.8,7.8,7.8,0.6685642735093507
166181,0.8698685485898083,2,4,4,4,4,2,9.875,9.875,9.875,0.8698685485898083
166208,1.0371705630122332,2,3,3,1,3,2,9.766666666666667,9.766666666666667,9.766666666666667,1.0371705630122332
166259,0.8404002146938107,2,4,4,4,4,2,10.0,10.0,10.0,0.8404002146938107
166286,-0.18226353596189632,2,4,4,4,3,3,9.033333333333333,8.435714285714285,8.0,-0.18226353596189632
166347,-0.5537576884957478,2,3,3,3,2,2,8.95,7.44047619047619,5.966666666666666,-0.5537576884957478
166354,0.056146684735307706,2,3,3,3,3,3,7.8999999999999995,7.8999999999999995,7.8999999999999995,0.056146684735307706
166423,-2.0673736852861686,2,3,3,3,1,2,4.7,4.536666666666666,3.466666666666667,-2.0673736852861686
166478,-0.8518419229345134,2,6,6,5,4,4,7.76,6.5055555555555555,6.483333333333333,-0.8518419229345134
166518,0.8619414559622699,2,1,1,1,1,1,9.8,9.8,9.8,0.8619414559622699
166560,0.4639732300923334,2,3,3,3,3,2,8.566666666666666,8.566666666666666,8.566666666666666,0.4639732300923334
166571,0.602084842039174,2,2,2,2,2,2,9.05,9.05,9.05,0.602084842039174
166578,0.6265543830100047,2,4,4,4,4,2,9.925,9.925,9.925,0.6265543830100047
166584,0.6520286099125737,2,1,1,1,1,1,8.7,8.7,8.7,0.6520286099125737
166589,-0.26239146599507207,2,3,3,3,3,2,8.333333333333334,8.333333333333334,8.333333333333334,-0.26239146599507207
166715,-0.49916529401864396,2,4,4,4,4,2,8.15,8.15,8.15,-0.49916529401864396
166738,0.7467786143750714,2,1,1,1,1,1,8.7,8.7,8.7,0.7467786143750714
166777,0.1739981935631718,2,2,2,2,2,2,8.5,8.5,8.5,0.1739981935631718
166815,0.6680243539548962,2,1,1,1,1,1,10.0,10.0,10.0,0.6680243539548962
166839,0.222342196898777,2,2,2,2,2,2,9.05,9.05,9.05,0.222342196898777
166856,0.6548569907883317,2,4,4,3,4,2,9.55,9.55,9.55,0.6548569907883317
166892,-0.692249761164429,2,3,3,3,3,2,8.9,8.0625,8.333333333333334,-0.692249761164429
166908,0.26984112431844687,2,2,2,2,2,2,8.850000000000001,8.850000000000001,8.850000000000001,0.26984112431844687
166915,0.9120197959456549,2,4,4,4,4,2,9.8,9.8,9.8,0.9120197959456549
166949,0.7888104540237035,2,4,4,3,4,2,9.875,9.875,9.875,0.7888104540237035
167024,-0.5367697251071748,2,6,6,5,4,3,8.95,7.600476190476191,6.6499999999999995,-0.5367697251071748
167042,-0.35524455963299806,2,4,4,4,4,2,8.649999999999999,8.649999999999999,8.649999999999999,-0.35524455963299806
167107,0.5296923617780511,2,3,3,3,3,3,9.733333333333334,9.733333333333334,9.733333333333334,0.5296923617780511
167138,0.6728052509052894,2,4,4,4,4,2,9.475,9.475,9.475,0.6728052509052894
167153,0.8809655598413522,2,3,3,3,3,2,9.933333333333334,9.933333333333334,9.933333333333334,0.8809655598413522
167195,0.3766335224771744,2,1,1,1,1,1,9.5,9.5,9.5,0.3766335224771744
167211,0.21598441584843286,2,3,3,3,3,2,8.166666666666666,8.166666666666666,8.166666666666666,0.21598441584843286
167225,-0.448698219039235,2,3,3,3,3,2,9.05,8.1625,7.933333333333333,-0.448698219039235
167243,0.3945206039198822,2,4,4,4,4,2,9.225,9.225,9.225,0.3945206039198822
167295,0.4575137852347728,2,3,3,3,3,2,9.4,9.4,9.4,0.4575137852347728
167372,0.37137668677765484,2,4,4,3,4,2,9.425,9.425,9.425,0.37137668677765484
167392,0.6458016010142431,2,3,3,3,3,2,9.1,9.1,9.1,0.6458016010142431
167394,0.3768312495028618,2,3,3,3,2,2,9.85,8.316666666666666,8.733333333333333,0.3768312495028618
167395,0.22663002013887976,2,2,2,2,1,2,7.8999999999999995,7.8999999999999995,7.8999999999999995,0.22663002013887976
167437,0.4090374585318721,2,3,3,3,3,2,8.799999999999999,8.799999999999999,8.799999999999999,0.4090374585318721
167507,0.2889370998686984,2,2,2,2,2,2,8.899999999999999,8.899999999999999,8.899999999999999,0.2889370998686984
167510,0.7654177599594832,2,4,4,1,4,2,10.0,10.0,10.0,0.7654177599594832
167511,-0.03996401193113115,2,2,2,2,2,2,8.15,8.15,8.15,-0.03996401193113115
167557,0.30227041534917254,2,4,4,4,4,2,9.025,9.025,9.025,0.30227041534917254
167611,0.6690297561184003,2,5,5,5,5,2,9.74,9.74,9.74,0.6690297561184003
167628,0.018915086217578092,2,4,4,4,3,3,8.933333333333334,6.7,6.7,0.018915086217578092
167629,0.5205308435806338,2,3,3,3,3,2,9.700000000000001,9.700000000000001,9.700000000000001,0.5205308435806338
167670,-0.9817965841351043,2,3,3,3,1,3,6.550000000000001,5.616666666666667,4.366666666666667,-0.9817965841351043
167691,0.880306909474697,2,2,2,2,2,2,8.95,8.95,8.95,0.880306909474697
167783,0.8616271602697808,2,1,1,1,1,1,9.0,9.0,9.0,0.8616271602697808
167819,-0.7388312822962642,2,5,5,5,4,3,8.375,8.2,7.44,-0.7388312822962642
167824,0.6322767238087095,2,3,3,3,3,2,9.866666666666667,9.866666666666667,9.866666666666667,0.6322767238087095
167868,0.21812634848446766,2,3,3,3,3,2,9.0,9.0,9.0,0.21812634848446766
167888,0.3847952928402992,2,1,1,1,1,1,8.9,8.9,8.9,0.3847952928402992
167890,-0.531965786587056,2,2,2,2,1,2,8.1,5.779999999999999,6.05,-0.531965786587056
168027,0.9792506707187135,2,3,3,2,3,2,9.9,9.9,9.9,0.9792506707187135
168123,0.11971409110587111,2,1,1,1,1,1,8.4,8.4,8.4,0.11971409110587111
168167,-0.012828656925441773,2,3,3,3,3,3,9.45,7.110256410256411,6.3,-0.012828656925441773
168177,-0.21899986339867636,2,5,5,4,4,3,9.0,7.2,7.2,-0.21899986339867636
168308,-0.22832592166242494,2,5,5,5,4,3,8.7,7.81,8.0,-0.22832592166242494
168347,0.06924663193819479,2,3,3,3,2,2,9.05,6.843589743589743,7.333333333333333,0.06924663193819479
168377,-0.6259239603384342,2,4,4,4,4,2,7.95,7.95,7.95,-0.6259239603384342
168406,0.733033926237125,2,3,3,3,3,2,9.433333333333334,9.433333333333334,9.433333333333334,0.733033926237125
168419,0.3904827320193536,2,3,3,3,3,2,8.666666666666666,8.666666666666666,8.666666666666666,0.3904827320193536
168448,0.4162118160869952,2,4,4,4,3,3,9.1,7.885,8.575,0.4162118160869952
168453,-2.53672201759161,2,5,5,4,3,2,2.98,2.98,2.98,-2.53672201759161
168457,0.006083027242083108,2,4,4,3,4,3,8.875,8.875,8.875,0.006083027242083108
168467,-2.4463775867775928,2,3,3,3,1,3,1.9,3.85030303030303,2.233333333333333,-2.4463775867775928
168486,-0.524511641819656,2,3,3,3,3,3,7.633333333333333,7.633333333333333,7.633333333333333,-0.524511641819656
168499,0.37289662303002663,2,5,5,4,5,3,8.72,8.72,8.72,0.37289662303002663
168503,0.2642061489678497,2,1,1,1,1,1,8.5,8.5,8.5,0.2642061489678497
168510,0.05709659662342485,2,4,4,4,3,3,8.05,8.05,8.05,0.05709659662342485
168557,0.16385017440606833,2,5,5,4,5,3,8.82,8.82,8.82,0.16385017440606833
168576,0.03880965241034806,2,3,3,3,2,2,9.9,8.35,8.166666666666666,0.03880965241034806
168583,0.8095121012457429,2,2,2,2,2,1,9.05,9.05,9.05,0.8095121012457429
168600,-0.3044158316692142,2,1,1,1,1,1,7.6,7.6,7.6,-0.3044158316692142
168606,-1.0888649587239816,2,2,2,2,1,2,7.9,4.1000000000000005,4.1000000000000005,-1.0888649587239816
168625,-0.11492842776081176,2,5,5,4,4,3,7.82,7.82,7.82,-0.11492842776081176
168713,-0.06543045103441765,2,5,5,4,4,3,9.725,8.620000000000001,8.620000000000001,-0.06543045103441765
168741,0.24452774533618715,2,4,4,4,3,3,8.575,8.575,8.575,0.24452774533618715
168743,-0.4711676889549579,2,7,7,7,3,4,5.825,4.596071428571428,5.5,-0.4711676889549579
168851,0.7307571293793487,2,5,5,4,5,2,9.459999999999999,9.459999999999999,9.459999999999999,0.7307571293793487
168869,1.066879125508626,2,3,3,3,3,2,10.0,10.0,10.0,1.066879125508626
168959,0.3504215184514952,2,3,3,3,3,2,8.766666666666667,8.766666666666667,8.766666666666667,0.3504215184514952
169016,0.149468397726137,2,4,4,3,4,2,8.633333333333333,8.2875,8.25,0.149468397726137
169112,0.5629074834781277,2,2,2,2,2,2,9.149999999999999,9.149999999999999,9.149999999999999,0.5629074834781277
169123,0.15690793038832576,2,1,1,1,1,1,8.0,8.0,8.0,0.15690793038832576
169191,-0.8017371445799889,2,2,2,2,2,2,8.7,6.644444444444444,5.85,-0.8017371445799889
169426,0.6698418245074863,2,1,1,1,1,1,10.0,10.0,10.0,0.6698418245074863
169451,0.5525101896838246,2,4,4,4,4,2,9.55,9.55,9.55,0.5525101896838246
169682,0.7273892897606018,2,3,3,2,3,2,9.333333333333334,9.333333333333334,9.333333333333334,0.7273892897606018
169815,0.6034716325452578,2,4,4,4,4,3,9.975,9.975,9.975,0.6034716325452578
169903,0.3627437659751623,2,4,4,4,4,2,8.8,8.8,8.8,0.3627437659751623
169958,0.30909846444225153,2,4,4,3,4,2,9.225,9.225,9.225,0.30909846444225153
169964,-0.07281276928452937,2,1,1,1,1,1,8.8,8.8,8.8,-0.07281276928452937
169990,0.5566665970552297,2,4,4,3,4,2,8.875,8.875,8.875,0.5566665970552297
169991,0.4413285367688419,2,4,4,4,4,2,9.775,9.775,9.775,0.4413285367688419
169994,0.35138003590623335,2,2,2,2,2,1,9.75,9.75,9.75,0.35138003590623335
170011,0.7439259048425982,2,3,3,2,3,2,10.0,10.0,10.0,0.7439259048425982
170012,0.6922965943615372,2,3,3,3,3,2,9.333333333333334,9.333333333333334,9.333333333333334,0.6922965943615372
170064,0.21591657748923035,2,2,2,2,2,2,9.2,9.2,9.2,0.21591657748923035
170072,0.19988912198781938,2,4,4,4,4,2,9.525,9.525,9.525,0.19988912198781938
170088,0.8110766219584312,2,3,3,3,3,2,9.866666666666667,9.866666666666667,9.866666666666667,0.8110766219584312
170118,0.3559820898497808,2,3,3,3,3,2,8.633333333333333,8.633333333333333,8.633333333333333,0.3559820898497808
170142,0.33161154529662856,2,3,3,3,3,2,9.95,7.158333333333334,7.3,0.33161154529662856
170218,0.7971637999152023,2,4,4,2,4,2,9.925,9.925,9.925,0.7971637999152023
170240,0.8020738757103836,2,2,2,2,2,1,9.8,9.8,9.8,0.8020738757103836
170282,-0.7580415543122289,2,5,5,5,3,3,7.9750000000000005,7.859999999999999,7.82,-0.7580415543122289
170354,0.7169240971902704,2,4,4,3,4,2,9.75,9.75,9.75,0.7169240971902704
170401,0.5047369846862049,2,4,4,4,4,2,9.2,9.2,9.2,0.5047369846862049
170416,0.18331838296995656,2,4,4,4,3,3,9.566666666666666,8.6,8.85,0.18331838296995656
170527,0.8748961080121926,2,3,3,3,3,2,10.0,10.0,10.0,0.8748961080121926
170558,0.2453089691680863,2,1,1,1,1,1,8.4,8.4,8.4,0.2453089691680863
170569,0.5947886070787854,2,1,1,1,1,1,9.0,9.0,9.0,0.5947886070787854
170615,0.47696774183355184,2,4,4,4,4,2,9.475,9.475,9.475,0.47696774183355184
170629,0.18411889526024322,2,4,4,4,4,2,9.025,9.025,9.025,0.18411889526024322
170632,0.5025741747620007,2,4,4,3,4,2,9.975,9.975,9.975,0.5025741747620007
170683,0.5503713771981438,2,4,4,4,4,2,9.85,9.85,9.85,0.5503713771981438
170703,-0.6970683938650589,2,7,7,6,4,4,8.675,6.400892857142857,5.214285714285714,-0.6970683938650589
170718,0.7589855932871185,2,3,3,3,3,3,9.299999999999999,9.299999999999999,9.299999999999999,0.7589855932871185
170748,-0.2558700034926756,2,5,5,4,5,2,8.84,8.84,8.84,-0.2558700034926756
170820,0.5832047861338143,2,2,2,2,2,2,9.8,9.8,9.8,0.5832047861338143
170833,0.03885053129677274,2,4,4,4,3,2,9.299999999999999,8.0265625,6.975,0.03885053129677274
170853,0.630466416750692,2,4,4,3,4,2,9.775,9.775,9.775,0.630466416750692
170867,0.4458808228079543,2,4,4,4,4,2,9.65,9.65,9.65,0.4458808228079543
170892,0.7431453834446943,2,5,5,5,4,3,9.875,8.83,9.379999999999999,0.7431453834446943
170904,0.5849506134750065,2,1,1,1,1,1,10.0,10.0,10.0,0.5849506134750065
170908,0.44982059399987656,2,4,4,3,4,2,9.5,9.5,9.5,0.44982059399987656
170916,0.505229606945247,2,4,4,4,4,3,9.675,9.675,9.675,0.505229606945247
170918,0.2928449238352835,2,5,5,5,4,3,8.925,7.98125,7.58,0.2928449238352835
170950,-1.4472197555642436,2,6,6,5,3,4,6.066666666666666,5.49212962962963,5.5,-1.4472197555642436
170963,0.6020128360476497,2,4,4,2,4,2,9.8,9.8,9.8,0.6020128360476497
170990,0.11326620970861967,2,4,4,3,4,2,8.225,8.225,8.225,0.11326620970861967
171009,-0.0767565501609446,2,5,5,5,4,3,9.125,8.6,8.6,-0.0767565501609446
171123,0.4131628246195548,2,4,4,4,4,2,9.125,9.125,9.125,0.4131628246195548
171129,0.6770811507811679,2,3,3,3,3,2,9.4,9.4,9.4,0.6770811507811679
171138,-1.1031572249433772,2,7,7,7,3,4,8.966666666666667,6.596938775510204,5.4071428571428575,-1.1031572249433772
171262,0.5367673837655619,2,3,3,3,3,2,9.166666666666666,9.166666666666666,9.166666666666666,0.5367673837655619
171319,1.1068296757057425,2,3,3,2,3,2,9.5,9.5,9.5,1.1068296757057425
171367,0.6589161692916512,2,2,2,2,2,2,9.5,9.5,9.5,0.6589161692916512
171370,0.1419199275005178,2,3,3,2,3,2,9.366666666666667,9.366666666666667,9.366666666666667,0.1419199275005178
171371,0.24475830027022288,2,1,1,1,1,1,8.8,8.8,8.8,0.24475830027022288
171373,0.5678282688547247,2,3,3,3,3,2,10.0,10.0,10.0,0.5678282688547247
171408,0.419947080898474,2,4,4,3,4,2,9.625,9.625,9.625,0.419947080898474
171418,0.66684001269404,2,3,3,3,3,2,9.633333333333333,9.633333333333333,9.633333333333333,0.66684001269404
171474,-0.19711478460842757,2,3,3,2,3,2,9.066666666666668,9.066666666666668,9.066666666666668,-0.19711478460842757
171597,0.46952542414203663,2,4,4,4,4,2,8.925,8.925,8.925,0.46952542414203663
171650,0.2493414020505797,2,2,2,2,2,2,9.0,9.0,9.0,0.2493414020505797
171763,-0.48777571552631294,2,5,5,5,4,3,8.725,8.48,7.966666666666666,-0.48777571552631294
171789,0.3679966519088498,2,3,3,2,3,2,9.066666666666666,9.066666666666666,9.066666666666666,0.3679966519088498
171815,0.47556293580647574,2,3,3,3,3,2,9.433333333333332,9.433333333333332,9.433333333333332,0.47556293580647574
171937,-0.3149772694522116,2,4,4,4,3,3,9.066666666666668,8.131250000000001,8.625,-0.3149772694522116
172061,-0.9888111618635531,2,2,2,2,2,2,7.2,7.2,7.2,-0.9888111618635531
172110,-0.27695341547542524,2,5,5,4,4,3,8.85,8.2,8.2,-0.27695341547542524
172141,0.08036983474966668,2,4,4,3,4,2,9.35,9.35,9.35,0.08036983474966668
172151,-3.986208340339716,2,1,1,1,1,1,,7.5,3.7,-3.986208340339716
172176,0.3780620830776439,2,2,2,2,2,2,9.350000000000001,9.350000000000001,9.350000000000001,0.3780620830776439
172213,-0.20531694121034208,2,5,5,5,4,3,8.239999999999998,8.239999999999998,8.239999999999998,-0.20531694121034208
172319,0.46918787845545096,2,4,4,4,4,2,8.95,8.95,8.95,0.46918787845545096
172353,0.2820781233369437,2,4,4,4,3,3,8.375,8.375,8.375,0.2820781233369437
172356,-0.04964372874236772,2,4,4,3,4,2,8.525,8.525,8.525,-0.04964372874236772
172360,-0.7338152497987211,2,4,4,4,4,2,8.2,7.708333333333333,7.225,-0.7338152497987211
172422,0.3644875578775453,2,2,2,2,2,2,8.600000000000001,8.600000000000001,8.600000000000001,0.3644875578775453
172562,0.4836058133550137,2,4,4,3,4,2,9.0,9.0,9.0,0.4836058133550137
172599,0.10552871173079173,2,5,5,4,4,3,8.425,7.986666666666667,8.120000000000001,0.10552871173079173
172740,0.2448063822276031,2,3,3,3,3,2,8.9,8.9,8.9,0.2448063822276031
172757,0.2440050174290613,2,4,4,2,4,2,8.875,8.875,8.875,0.2440050174290613
172835,0.12405683473956236,2,4,4,3,4,2,9.333333333333334,8.292307692307691,7.0,0.12405683473956236
172975,0.7001414697444183,2,3,3,3,3,2,9.266666666666666,9.266666666666666,9.266666666666666,0.7001414697444183
172979,0.29250964963890086,2,3,3,3,3,2,8.766666666666666,8.766666666666666,8.766666666666666,0.29250964963890086
173109,0.4076724507033858,2,3,3,3,3,2,9.633333333333333,9.633333333333333,9.633333333333333,0.4076724507033858
173140,1.5323085876790412,2,3,3,2,3,2,9.733333333333334,9.733333333333334,9.733333333333334,1.5323085876790412
173158,0.2693010253168255,2,3,3,3,3,2,9.566666666666666,9.566666666666666,9.566666666666666,0.2693010253168255
173170,0.6561074002327726,2,4,4,3,4,2,9.325,9.325,9.325,0.6561074002327726
173171,-0.031944965781714796,2,4,4,4,4,2,9.433333333333334,8.189285714285715,7.225,-0.031944965781714796
173192,0.932466887003583,2,1,1,1,1,1,9.1,9.1,9.1,0.932466887003583
173202,0.318827759643496,2,5,5,5,4,3,9.375,8.365,7.859999999999999,0.318827759643496
173243,0.04282520670213049,2,3,3,3,2,2,8.3,7.213333333333334,6.8,0.04282520670213049
173291,0.20993447392051134,2,5,5,5,4,3,9.025,8.405,8.42,0.20993447392051134
173304,0.3059981217428032,2,3,3,3,3,2,7.833333333333333,7.833333333333333,7.833333333333333,0.3059981217428032
173316,0.34325108501378426,2,1,1,1,1,1,9.6,9.6,9.6,0.34325108501378426
173324,0.14597986566367235,2,2,2,2,2,2,8.25,8.25,8.25,0.14597986566367235
173387,0.8436979396332029,2,3,3,3,3,2,9.4,9.4,9.4,0.8436979396332029
173392,0.6204259167739777,2,3,3,3,3,2,9.033333333333333,9.033333333333333,9.033333333333333,0.6204259167739777
173418,0.5060349216501036,2,3,3,3,3,2,9.966666666666667,9.966666666666667,9.966666666666667,0.5060349216501036
173435,0.7422667860096334,2,3,3,3,3,2,9.666666666666666,9.666666666666666,9.666666666666666,0.7422667860096334
173465,-0.28815453545035824,2,6,6,5,4,3,8.68,8.483333333333333,7.541666666666667,-0.28815453545035824
173628,0.29318501566397814,2,3,3,3,3,2,9.266666666666667,9.266666666666667,9.266666666666667,0.29318501566397814
173662,0.42886973428314684,2,1,1,1,1,1,8.9,8.9,8.9,0.42886973428314684
173691,0.14736073587436854,2,4,4,4,4,2,9.466666666666667,8.45357142857143,7.975,0.14736073587436854
173750,-0.3369984668916127,2,5,5,4,5,3,9.299999999999999,7.891666666666667,7.333333333333334,-0.3369984668916127
173825,0.47733126198968473,2,4,4,3,4,2,9.7,9.7,9.7,0.47733126198968473
173880,-0.6141435006313741,2,6,6,4,4,3,9.325,6.916666666666667,6.916666666666667,-0.6141435006313741
173891,0.9488699179220733,2,4,4,4,4,2,9.875,9.875,9.875,0.9488699179220733
173918,0.7158276273984513,2,2,2,2,2,2,8.899999999999999,8.899999999999999,8.899999999999999,0.7158276273984513
173983,0.19223600826954607,2,2,2,2,2,2,8.85,8.85,8.85,0.19223600826954607
174034,0.44406656695806906,2,1,1,1,1,1,10.0,10.0,10.0,0.44406656695806906
174047,-0.7681892680382324,2,3,3,3,3,3,6.2,6.2,6.2,-0.7681892680382324
174053,-0.6902389219231226,2,2,2,2,2,2,9.3,4.65,4.65,-0.6902389219231226
174068,0.06189293952970554,2,5,5,5,4,4,8.575,7.6909090909090905,8.22,0.06189293952970554
174105,0.9038514780228976,2,3,3,3,3,2,9.700000000000001,9.700000000000001,9.700000000000001,0.9038514780228976
174166,0.5516768834169739,2,1,1,1,1,1,10.0,10.0,10.0,0.5516768834169739
174221,-0.24561052747541812,2,5,5,5,4,3,8.9,7.94,7.12,-0.24561052747541812
174271,0.18880250742409782,2,4,4,3,4,2,8.775,8.775,8.775,0.18880250742409782
174289,-0.3422928950183001,2,3,3,2,2,2,8.75,7.2,6.466666666666666,-0.3422928950183001
174291,0.9033423859932076,2,3,3,3,3,2,9.533333333333333,9.533333333333333,9.533333333333333,0.9033423859932076
174308,-0.12295409983942569,2,1,1,1,1,1,7.5,7.5,7.5,-0.12295409983942569
174312,0.30979360045734755,2,4,4,4,4,2,9.366666666666667,8.9,8.346428571428572,0.30979360045734755
174331,0.5881057546536391,2,1,1,1,1,1,9.1,9.1,9.1,0.5881057546536391
174335,0.5429150590975307,2,3,3,3,3,2,9.566666666666666,9.566666666666666,9.566666666666666,0.5429150590975307
174353,0.9880769228059884,2,1,1,1,1,1,10.0,10.0,10.0,0.9880769228059884
174444,0.451951225338534,2,3,3,3,3,2,9.533333333333333,9.533333333333333,9.533333333333333,0.451951225338534
174481,-0.026220131486990168,2,3,3,3,3,3,8.666666666666666,8.666666666666666,8.666666666666666,-0.026220131486990168
174544,0.07855355516477536,2,6,6,3,4,2,9.725,8.1325,8.416666666666666,0.07855355516477536
174694,0.5869258058063731,2,4,4,3,4,3,8.8,8.8,8.8,0.5869258058063731
174701,0.9880769228059884,2,1,1,1,1,1,10.0,10.0,10.0,0.9880769228059884
174738,-1.0338118877420535,2,3,3,3,2,2,9.8,9.8,7.766666666666667,-1.0338118877420535
174792,0.3701501275975673,2,5,5,4,4,3,9.4,8.385,7.62,0.3701501275975673
174844,0.1436933455954735,2,1,1,1,1,1,8.1,8.1,8.1,0.1436933455954735
174887,0.5834500726348283,2,2,2,2,2,2,10.0,10.0,10.0,0.5834500726348283
174920,0.6676239462997132,2,4,4,3,4,2,9.525,9.525,9.525,0.6676239462997132
174954,0.5646941263073953,2,3,3,3,3,2,9.466666666666667,9.466666666666667,9.466666666666667,0.5646941263073953
174994,0.26383739316189875,2,3,3,3,3,2,8.5,8.5,8.5,0.26383739316189875
174998,0.6979860228124233,2,4,4,4,4,2,9.225,9.225,9.225,0.6979860228124233
175087,-0.44416878100020946,2,2,2,2,1,2,9.9,7.0,4.95,-0.44416878100020946
175105,0.6980168058253841,2,3,3,3,3,2,10.0,10.0,10.0,0.6980168058253841
175137,0.34191234797165937,2,4,4,4,4,2,9.2,9.2,9.2,0.34191234797165937
175172,0.5772474614743185,2,4,4,4,4,2,9.075,9.075,9.075,0.5772474614743185
175289,-0.16664669534599735,2,5,5,5,4,3,8.75,7.58,7.140000000000001,-0.16664669534599735
175353,0.48856761184078934,2,3,3,3,3,2,8.866666666666667,8.866666666666667,8.866666666666667,0.48856761184078934
175413,0.7752090934681927,2,4,4,4,4,2,9.6,9.6,9.6,0.7752090934681927
175422,0.1837285595618931,2,1,1,1,1,1,7.7,7.7,7.7,0.1837285595618931
175513,0.3424263247736044,2,4,4,4,4,2,9.425,9.425,9.425,0.3424263247736044
175533,0.011734148525038846,2,5,5,4,4,3,7.540000000000001,7.540000000000001,7.540000000000001,0.011734148525038846
175562,0.5007063633488098,2,3,3,3,3,2,9.333333333333334,9.333333333333334,9.333333333333334,0.5007063633488098
175630,-1.3397313825891106,2,2,2,2,2,2,,2.8928571428571432,1.8,-1.3397313825891106
175636,0.31007669831057966,2,3,3,3,3,2,8.9,8.9,8.9,0.31007669831057966
175767,0.5773995245978597,2,4,4,4,4,2,9.375,9.375,9.375,0.5773995245978597
175783,0.3241810192949751,2,3,3,2,3,2,9.233333333333334,9.233333333333334,9.233333333333334,0.3241810192949751
175802,-0.6185415273031677,2,6,6,6,4,3,9.25,8.248611111111112,8.049999999999999,-0.6185415273031677
175812,0.3676341455161931,2,1,1,1,1,1,8.7,8.7,8.7,0.3676341455161931
175826,0.5882038603399555,2,3,3,3,3,2,9.433333333333334,9.433333333333334,9.433333333333334,0.5882038603399555
175838,0.2890239358108334,2,4,4,3,4,2,9.325,9.325,9.325,0.2890239358108334
175899,0.5951656930849791,2,4,4,4,4,3,9.2,9.2,9.2,0.5951656930849791
175915,0.30973308510539627,2,3,3,3,3,2,9.666666666666666,9.666666666666666,9.666666666666666,0.30973308510539627
175939,0.7465333867652361,2,4,4,4,4,2,9.35,9.35,9.35,0.7465333867652361
175941,-0.04964471652658772,2,5,5,4,4,3,9.024999999999999,7.43,7.279999999999999,-0.04964471652658772
175955,0.7146402122919091,2,4,4,4,4,2,9.2,9.2,9.2,0.7146402122919091
175971,0.14678967444917432,2,3,3,3,3,2,8.299999999999999,8.299999999999999,8.299999999999999,0.14678967444917432
175988,-0.2876886679459744,2,3,3,3,2,2,9.15,7.5,7.6000000000000005,-0.2876886679459744
175992,0.5571497719265813,2,4,4,3,4,2,9.85,9.85,9.85,0.5571497719265813
176010,0.2708573535585717,2,3,3,3,3,3,8.5,8.5,8.5,0.2708573535585717
176015,0.33440409793504156,2,2,2,2,2,2,8.3,5.2,6.95,0.33440409793504156
176016,0.485372405488994,2,4,4,4,4,2,9.375,9.375,9.375,0.485372405488994
176085,0.846340781799516,2,3,3,3,3,2,9.933333333333334,9.933333333333334,9.933333333333334,0.846340781799516
176132,0.2737433846120382,2,3,3,3,3,2,8.700000000000001,8.700000000000001,8.700000000000001,0.2737433846120382
176216,0.14373555921666015,2,4,4,4,3,3,8.566666666666668,7.3375,7.7250000000000005,0.14373555921666015
176243,0.4718137239650325,2,4,4,3,4,2,9.625,9.625,9.625,0.4718137239650325
176316,0.6220256862867474,2,3,3,3,3,2,9.666666666666666,9.666666666666666,9.666666666666666,0.6220256862867474
176343,-0.032647833799930304,2,4,4,4,3,4,7.825,7.825,7.825,-0.032647833799930304
176447,-0.1495934764226432,2,5,5,5,5,3,9.3,9.3,8.55,-0.1495934764226432
176684,-0.4554941430457537,2,1,1,1,1,1,,4.45,5.3,-0.4554941430457537
176692,-1.558487404656072,2,2,2,2,1,1,0.8,2.8833333333333333,0.65,-1.558487404656072
176860,-1.1318587179840063,2,3,3,3,2,2,9.4,7.3428571428571425,6.133333333333333,-1.1318587179840063
176967,0.4481925284965982,2,5,5,5,5,2,9.459999999999999,9.459999999999999,9.459999999999999,0.4481925284965982
176977,0.15952592949674638,2,2,2,2,2,2,7.75,7.75,7.75,0.15952592949674638
177011,-1.3158736946188403,2,6,6,5,5,2,8.85,6.259583333333333,4.366666666666666,-1.3158736946188403
177025,-0.1595001006006368,2,4,4,4,3,2,8.325,8.325,8.325,-0.1595001006006368
177132,0.6652683229462788,2,2,2,2,2,2,9.8,9.8,9.8,0.6652683229462788
177153,-0.718531619985844,2,2,2,2,1,1,3.25,3.25,3.25,-0.718531619985844
177231,0.5714127141715876,2,4,4,4,4,2,9.350000000000001,9.350000000000001,9.350000000000001,0.5714127141715876
177283,-0.2260712110238967,2,3,3,3,2,2,9.25,8.068888888888889,7.166666666666667,-0.2260712110238967
177290,0.4262472664646991,2,4,4,3,4,2,9.725,9.725,9.725,0.4262472664646991
177341,0.6721951620797928,2,4,4,4,4,2,9.925,9.925,9.925,0.6721951620797928
177342,0.7373346968849641,2,4,4,3,4,2,9.9,9.9,9.9,0.7373346968849641
177364,0.4227327513037204,2,3,3,3,3,2,8.5,8.5,8.5,0.4227327513037204
177418,-0.8674834473053916,2,5,5,5,3,3,8.966666666666667,7.257333333333333,5.5,-0.8674834473053916
177439,0.3497803744997577,2,3,3,3,3,2,8.666666666666666,8.666666666666666,8.666666666666666,0.3497803744997577
177505,0.5092447000626844,2,4,4,4,4,2,9.575,9.575,9.575,0.5092447000626844
177555,-0.0008823444641870015,2,5,5,4,4,3,8.325,7.693333333333333,7.859999999999999,-0.0008823444641870015
177624,0.38653190839069623,2,3,3,2,3,2,8.366666666666667,8.366666666666667,8.366666666666667,0.38653190839069623
177625,-1.1017485943188614,2,2,2,2,1,1,7.7,7.475,7.45,-1.1017485943188614
177632,-0.040452449859500514,2,4,4,4,4,2,8.95,8.95,8.95,-0.040452449859500514
177679,0.5051561461950126,2,3,3,3,3,2,9.333333333333334,9.333333333333334,9.333333333333334,0.5051561461950126
177680,-0.1831635535699351,2,5,5,5,4,3,8.9,8.285714285714286,7.56,-0.1831635535699351
177682,0.7055925505740752,2,1,1,1,1,1,10.0,10.0,10.0,0.7055925505740752
177683,0.025742989388873483,2,1,1,1,1,1,9.5,9.5,9.5,0.025742989388873483
177724,-1.4922046234663682,2,3,3,3,1,2,0.0,2.595833333333333,2.2666666666666666,-1.4922046234663682
177730,0.9598724951466323,2,3,3,3,3,2,9.833333333333334,9.833333333333334,9.833333333333334,0.9598724951466323
177782,0.5393377574402186,2,3,3,2,3,1,9.733333333333334,9.733333333333334,9.733333333333334,0.5393377574402186
177838,0.5391255624828238,2,4,4,4,4,3,9.15,9.15,9.15,0.5391255624828238
177841,0.07575425148837188,2,5,5,3,4,3,8.9,8.153333333333332,7.62,0.07575425148837188
177882,0.41314906987624567,2,1,1,1,1,1,8.7,8.7,8.7,0.41314906987624567
177962,0.4413327057556636,2,4,4,4,4,2,9.05,9.05,9.05,0.4413327057556636
177965,0.6728952917157006,2,4,4,4,4,2,8.85,8.85,8.85,0.6728952917157006
178011,0.2034372682312114,2,1,1,1,1,1,8.5,8.5,8.5,0.2034372682312114
178028,0.13666560337165867,2,4,4,4,4,2,8.825,8.825,8.825,0.13666560337165867
178041,0.44406656695806906,2,1,1,1,1,1,10.0,10.0,10.0,0.44406656695806906
178062,0.40378044851107503,2,3,3,2,3,1,9.266666666666667,9.266666666666667,9.266666666666667,0.40378044851107503
178082,0.39184394537180406,2,2,2,2,2,2,8.9,8.9,8.9,0.39184394537180406
178130,0.030776768839610547,2,5,5,4,4,3,8.925,8.173333333333334,7.640000000000001,0.030776768839610547
178171,0.19796967550369626,2,4,4,4,4,2,8.75,8.75,8.75,0.19796967550369626
178192,-0.19571672472192828,2,1,1,1,1,1,7.6,7.6,7.6,-0.19571672472192828
178265,-0.26792820634113185,2,2,2,2,1,2,8.4,7.114285714285715,7.050000000000001,-0.26792820634113185
178272,0.25226252245643616,2,3,3,3,3,2,8.266666666666666,8.266666666666666,8.266666666666666,0.25226252245643616
178339,-1.183545583350336,2,5,5,5,3,3,5.1,5.153333333333333,4.3,-1.183545583350336
178554,-0.21360094191452386,2,3,3,2,2,3,8.333333333333334,8.333333333333334,8.333333333333334,-0.21360094191452386
178677,0.3107530446370282,2,3,3,3,3,3,9.266666666666667,9.266666666666667,9.266666666666667,0.3107530446370282
178703,-0.38582330294373257,2,3,3,2,2,2,8.45,7.105555555555555,6.133333333333333,-0.38582330294373257
178706,-0.7094244286029487,2,5,5,5,4,3,7.5,7.5,7.5,-0.7094244286029487
178735,0.5902770155867508,2,3,3,3,3,1,8.966666666666667,8.966666666666667,8.966666666666667,0.5902770155867508
178758,0.2105130983421974,2,4,4,3,4,3,8.9,8.9,8.9,0.2105130983421974
178775,-0.04099735276743588,2,4,4,4,3,3,9.433333333333334,8.532142857142858,7.8,-0.04099735276743588
178779,-0.331726037926091,2,5,5,5,3,3,5.3,5.502,5.6,-0.331726037926091
178866,-0.5511170669808666,2,1,1,1,1,1,5.0,5.0,5.0,-0.5511170669808666
178998,-0.5059209623293597,2,2,2,2,1,2,9.3,6.858333333333334,5.15,-0.5059209623293597
179014,0.04599508795801444,2,1,1,1,1,1,8.0,8.0,8.0,0.04599508795801444
179186,-0.5958834790826356,2,3,3,3,2,2,9.0,6.0,6.0,-0.5958834790826356
179189,0.5341467688697402,2,3,3,3,3,2,9.466666666666667,9.466666666666667,9.466666666666667,0.5341467688697402
179237,0.36065612038679973,2,3,3,3,3,2,9.4,9.4,9.4,0.36065612038679973
179284,0.33574176138653833,2,4,4,4,4,2,8.8,8.8,8.8,0.33574176138653833
179377,0.13641261672306104,2,1,1,1,1,1,9.6,9.6,9.6,0.13641261672306104
179382,0.7719173728893508,2,1,1,1,1,1,10.0,10.0,10.0,0.7719173728893508
179391,0.19621117120006956,2,4,4,4,3,3,8.6,8.6,8.6,0.19621117120006956
179478,-0.12417369199942169,2,2,2,2,2,2,8.95,8.95,8.95,-0.12417369199942169
179583,0.3307046059405993,2,4,4,3,4,2,9.15,9.15,9.15,0.3307046059405993
179761,0.03530973451114222,2,4,4,4,4,2,9.0,9.0,9.0,0.03530973451114222
179818,0.4663092079742133,2,1,1,1,1,1,9.9,9.9,9.9,0.4663092079742133
179860,0.8139113548265599,2,4,4,3,4,2,10.0,10.0,10.0,0.8139113548265599
179893,0.17905818749105562,2,4,4,4,3,2,8.200000000000001,7.605,7.9,0.17905818749105562
179930,0.8398758882853107,2,1,1,1,1,1,9.8,9.8,9.8,0.8398758882853107
179935,0.6548615404702762,2,2,2,2,2,2,9.25,9.25,9.25,0.6548615404702762
180179,0.2970545589657004,2,4,4,3,4,2,8.95,8.95,8.95,0.2970545589657004
180275,0.41979423110986347,2,1,1,1,1,1,10.0,10.0,10.0,0.41979423110986347
180279,0.43992219410913797,2,1,1,1,1,1,8.5,8.5,8.5,0.43992219410913797
180285,0.6583190281514149,2,1,1,1,1,1,8.5,8.5,8.5,0.6583190281514149
180288,0.8753272398462648,2,5,5,5,5,2,9.92,9.92,9.92,0.8753272398462648
180346,0.44467616192021564,2,4,4,4,3,3,8.925,8.925,8.925,0.44467616192021564
180419,0.5486556920705996,2,1,1,1,1,1,9.7,9.7,9.7,0.5486556920705996
180451,-0.5888893213098516,2,4,4,4,4,2,8.5,8.25,7.3,-0.5888893213098516
180452,0.030317779702119435,2,2,2,1,2,2,8.8,8.8,8.8,0.030317779702119435
180463,-0.2126802460928722,2,4,4,4,2,3,7.6,6.0409375,6.225,-0.2126802460928722
180526,0.6924103340317864,2,4,4,4,4,2,9.925,9.925,9.925,0.6924103340317864
180531,0.5788304975682618,2,3,3,3,3,2,9.233333333333334,9.233333333333334,9.233333333333334,0.5788304975682618
180559,-1.7339347509927532,2,3,3,3,3,2,8.7,7.116666666666667,6.233333333333333,-1.7339347509927532
180661,0.10503516703478732,2,4,4,3,4,2,9.2,9.2,9.2,0.10503516703478732
180676,0.39128465710276317,2,4,4,3,4,2,9.45,9.45,9.45,0.39128465710276317
180763,0.5486556920705996,2,1,1,1,1,1,9.7,9.7,9.7,0.5486556920705996
180782,0.04965172816922634,2,2,2,2,2,1,8.65,8.65,8.65,0.04965172816922634
181019,0.692186810036142,2,4,4,2,4,2,9.7,9.7,9.7,0.692186810036142
181021,0.6630767505273303,2,4,4,3,4,2,9.8,9.8,9.8,0.6630767505273303
181178,-0.8392629065261316,2,2,2,2,1,2,9.0,7.508333333333333,4.75,-0.8392629065261316
181186,0.9149759075182293,2,2,2,2,2,2,10.0,10.0,10.0,0.9149759075182293
181202,0.16453760820800017,2,2,2,2,2,2,9.25,9.25,9.25,0.16453760820800017
181231,0.499414435149349,2,1,1,1,1,1,8.1,8.1,8.1,0.499414435149349
181283,-0.5886917000645693,2,4,4,3,4,2,8.25,8.25,8.25,-0.5886917000645693
181367,0.6146943951293763,2,4,4,4,4,2,9.225000000000001,9.225000000000001,9.225000000000001,0.6146943951293763
181475,1.214485103658645,2,1,1,1,1,1,9.9,9.9,9.9,1.214485103658645
181484,-0.7477640249839405,2,4,4,4,4,2,7.9,7.9,7.9,-0.7477640249839405
181559,0.692545310586568,2,2,2,2,2,1,10.0,10.0,10.0,0.692545310586568
181590,0.5080068566497888,2,1,1,1,1,1,10.0,10.0,10.0,0.5080068566497888
181673,0.5989516598489142,2,2,2,2,2,2,9.1,9.1,9.1,0.5989516598489142
181763,0.5006661738439039,2,4,4,4,4,2,9.625,9.625,9.625,0.5006661738439039
181823,0.604475126934146,2,1,1,1,1,1,9.3,9.3,9.3,0.604475126934146
181831,0.1323575337245556,2,3,3,3,3,2,8.466666666666667,8.466666666666667,8.466666666666667,0.1323575337245556
181937,-1.2407871068387792,2,2,2,2,1,2,,3.71,3.75,-1.2407871068387792
181991,0.6031238403314447,2,2,2,2,2,2,9.8,9.8,9.8,0.6031238403314447
182029,0.028303309185788175,2,1,1,1,1,1,7.6,7.6,7.6,0.028303309185788175
182033,0.6665536606377607,2,2,2,2,2,2,9.3,9.3,9.3,0.6665536606377607
182064,-0.5853874766061609,2,4,4,3,3,2,9.2,7.74375,6.2250000000000005,-0.5853874766061609
182072,0.14879545166589286,2,2,2,2,2,2,8.4,8.4,8.4,0.14879545166589286
182226,0.3186330132399162,2,3,3,3,3,2,8.633333333333333,8.633333333333333,8.633333333333333,0.3186330132399162
182288,0.4468308093826043,2,3,3,3,3,2,9.533333333333333,9.533333333333333,9.533333333333333,0.4468308093826043
182416,0.4226441053666501,2,3,3,3,3,2,9.433333333333334,9.433333333333334,9.433333333333334,0.4226441053666501
182451,0.33374464563303474,2,2,2,2,1,2,7.7,5.56875,7.35,0.33374464563303474
182532,0.9761282141555466,2,1,1,1,1,1,9.3,9.3,9.3,0.9761282141555466
182547,0.48951915041029564,2,1,1,1,1,1,9.5,9.5,9.5,0.48951915041029564
182552,0.5190874212404476,2,1,1,1,1,1,9.6,9.6,9.6,0.5190874212404476
182590,0.6581711007064178,2,4,4,4,4,2,9.6,9.6,9.6,0.6581711007064178
182629,-0.5238490775842423,2,4,4,4,4,2,7.766666666666667,7.35625,6.95,-0.5238490775842423
182661,0.11808824697138383,2,3,3,3,3,2,8.4,8.4,8.4,0.11808824697138383
182684,-1.6408091648012115,2,6,6,5,3,3,3.85,4.46875,4.2,-1.6408091648012115
183089,-1.7198037402084176,2,2,2,2,2,2,8.3,6.283333333333333,4.15,-1.7198037402084176
183241,0.39609017177642336,2,2,2,2,2,1,9.5,9.5,9.5,0.39609017177642336
183431,0.3422640853445269,2,4,4,3,4,2,9.025,9.025,9.025,0.3422640853445269
183485,-0.18557207541166376,2,2,2,2,2,1,7.8,5.796875,5.5,-0.18557207541166376
183549,-0.19793927087055133,2,3,3,2,2,2,6.7,6.7,6.1933333333333325,-0.19793927087055133
183571,-1.1556602902599742,2,1,1,1,1,1,5.2,5.2,5.2,-1.1556602902599742
146943,1.0298706198615115,1,1,1,1,1,1,9.5,9.5,9.5,1.0298706198615115
151115,-1.7559558333815477,1,1,1,1,1,1,0.4,0.4,0.4,-1.7559558333815477
154817,0.012295721547694188,1,1,1,1,1,1,,5.1692307692307695,4.7,0.012295721547694188
156299,-0.7492505311640271,1,2,2,2,1,2,6.2,6.2,6.2,-0.7492505311640271
156677,-1.5091015658849247,1,2,2,2,1,2,7.5,6.727272727272727,3.8,-1.5091015658849247
157755,0.5383096720196259,1,2,2,2,2,2,9.850000000000001,9.850000000000001,9.850000000000001,0.5383096720196259
158085,-0.4558207948764,1,3,3,3,2,2,7.85,6.973333333333334,6.466666666666666,-0.4558207948764
158532,-1.4088969520316255,1,1,1,1,1,1,7.6,7.6,7.6,-1.4088969520316255
159060,-0.5592036946881632,1,5,5,5,3,2,5.0600000000000005,5.0600000000000005,5.0600000000000005,-0.5592036946881632
159385,0.14996573648922115,1,2,2,2,2,2,9.55,9.55,9.55,0.14996573648922115
159491,-0.2227000424498362,1,2,2,2,1,1,8.4,7.7,7.45,-0.2227000424498362
159841,-0.6756132981345381,1,3,3,3,3,2,8.3,6.343589743589743,5.733333333333333,-0.6756132981345381
160411,1.400418993812988,1,1,1,1,1,1,9.8,9.8,9.8,1.400418993812988
160495,0.9294668580229025,1,2,2,2,2,1,9.9,9.9,9.9,0.9294668580229025
160536,-0.04656398652379894,1,3,3,2,1,2,7.800000000000001,7.147619047619048,7.433333333333334,-0.04656398652379894
160790,-0.14061695620370865,1,6,6,5,3,3,6.779999999999999,6.442424242424242,5.816666666666666,-0.14061695620370865
161068,-0.7933962252306972,1,4,4,4,3,1,7.866666666666667,7.775,6.105555555555555,-0.7933962252306972
161387,-0.4214736595212286,1,9,9,8,4,5,6.557142857142857,5.854444444444444,6.311111111111111,-0.4214736595212286
161739,-0.168848747106286,1,1,1,1,1,1,8.9,8.9,8.9,-0.168848747106286
161746,-0.2735423746078038,1,2,2,2,2,1,8.45,8.45,8.45,-0.2735423746078038
161835,0.24369472023541694,1,3,3,2,3,1,8.799999999999999,8.799999999999999,8.799999999999999,0.24369472023541694
161839,0.5105857329986352,1,2,2,2,2,1,9.0,9.0,9.0,0.5105857329986352
161878,0.5485252600331614,1,3,3,3,3,1,9.200000000000001,9.200000000000001,9.200000000000001,0.5485252600331614
161891,0.989510538790185,1,2,2,2,2,1,10.0,10.0,10.0,0.989510538790185
161929,-0.23559754797544044,1,4,4,4,3,1,8.5,7.990909090909092,8.0,-0.23559754797544044
161970,0.537075585721008,1,3,3,3,3,2,9.533333333333333,9.533333333333333,9.533333333333333,0.537075585721008
162014,-0.3767939047865995,1,3,3,2,3,1,7.8999999999999995,7.8999999999999995,7.8999999999999995,-0.3767939047865995
162023,0.39169706814558136,1,2,2,2,2,1,8.4,8.4,8.4,0.39169706814558136
162024,-0.15103259670731461,1,4,4,4,4,2,8.35,8.35,8.35,-0.15103259670731461
162026,-0.3554496119950464,1,3,3,3,3,1,9.0,8.5,6.822222222222223,-0.3554496119950464
162067,1.0168876460453395,1,2,2,2,2,1,10.0,10.0,10.0,1.0168876460453395
162073,-0.3080202562203066,1,5,5,5,4,2,8.175,7.7299999999999995,7.56,-0.3080202562203066
162076,-0.03740300251154147,1,2,2,2,2,1,8.5,8.5,8.5,-0.03740300251154147
162082,0.08052936184591214,1,4,4,3,3,2,8.5,8.2,8.2,0.08052936184591214
162106,0.9012674963898979,1,3,3,3,3,1,9.766666666666667,9.766666666666667,9.766666666666667,0.9012674963898979
162112,0.7184259612046853,1,2,2,2,2,1,9.85,9.85,9.85,0.7184259612046853
162145,0.5450397175428884,1,3,3,3,3,1,8.833333333333334,8.833333333333334,8.833333333333334,0.5450397175428884
162226,-0.2081720152269661,1,2,2,2,1,1,7.6,6.125,6.8,-0.2081720152269661
162291,0.9400206958905694,1,3,3,3,3,1,9.833333333333334,9.833333333333334,9.833333333333334,0.9400206958905694
162328,0.5271517711499194,1,3,3,3,3,1,9.333333333333334,9.333333333333334,9.333333333333334,0.5271517711499194
162360,0.7645603897442165,1,3,3,3,3,1,9.799999999999999,9.799999999999999,9.799999999999999,0.7645603897442165
162424,-0.27375738963245866,1,3,3,3,2,2,8.75,8.241666666666667,7.966666666666666,-0.27375738963245866
162437,0.7530434621222085,1,1,1,1,1,1,10.0,10.0,10.0,0.7530434621222085
162456,-0.3553589908496064,1,2,2,2,1,1,7.6,7.3,7.05,-0.3553589908496064
162479,0.794963508463975,1,1,1,1,1,1,9.8,9.8,9.8,0.794963508463975
162488,0.8257766652674173,1,3,3,2,3,1,9.700000000000001,9.700000000000001,9.700000000000001,0.8257766652674173
162560,0.570589875740249,1,2,2,2,2,1,9.55,9.55,9.55,0.570589875740249
162566,-1.3645310165912496,1,4,4,2,1,2,4.75,5.59375,3.625,-1.3645310165912496
162569,0.5263707987054423,1,3,3,3,3,1,8.9,8.9,8.9,0.5263707987054423
162593,0.7862451178249076,1,3,3,3,3,1,9.866666666666667,9.866666666666667,9.866666666666667,0.7862451178249076
162640,0.7450386990253918,1,2,2,2,2,1,9.7,9.7,9.7,0.7450386990253918
162681,0.433142494304265,1,4,4,4,4,1,9.575,9.575,9.575,0.433142494304265
162692,0.829949317912881,1,3,3,3,3,1,9.9,9.9,9.9,0.829949317912881
162700,0.008773166768691628,1,3,3,3,3,1,8.666666666666666,8.666666666666666,8.666666666666666,0.008773166768691628
162732,0.11895936748302556,1,3,3,3,3,2,9.0,9.0,9.0,0.11895936748302556
162750,-0.30900634186930576,1,3,3,3,3,1,8.366666666666667,8.366666666666667,8.366666666666667,-0.30900634186930576
162774,-0.4678693166792813,1,3,3,3,3,1,8.1,8.1,8.1,-0.4678693166792813
162791,0.2696128795910333,1,2,2,2,2,1,8.899999999999999,8.899999999999999,8.899999999999999,0.2696128795910333
162800,-0.706033790251446,1,2,2,2,2,1,8.2,8.2,8.2,-0.706033790251446
162811,0.177403845756639,1,3,3,3,3,1,9.133333333333333,9.133333333333333,9.133333333333333,0.177403845756639
162917,0.12078956166031521,1,4,4,4,4,1,8.775,8.775,8.775,0.12078956166031521
162922,0.3453814606734544,1,3,3,2,3,1,9.333333333333334,9.333333333333334,9.333333333333334,0.3453814606734544
162963,0.008560526594587023,1,3,3,3,3,1,8.133333333333333,8.133333333333333,8.133333333333333,0.008560526594587023
162981,-0.371533494577896,1,4,4,4,2,2,8.2,7.614999999999999,7.6,-0.371533494577896
162993,0.6188086369017771,1,2,2,2,2,1,8.85,8.85,8.85,0.6188086369017771
162994,0.3238000121372025,1,2,2,2,1,2,8.4,7.177272727272728,7.6,0.3238000121372025
163003,0.43135844101996623,1,2,2,2,2,1,9.1,9.1,9.1,0.43135844101996623
163008,0.8347833359356716,1,2,2,2,2,1,9.8,9.8,9.8,0.8347833359356716
163018,-0.40043668023308276,1,3,3,3,3,1,8.1,8.1,8.1,-0.40043668023308276
163020,0.7049423012373713,1,4,4,4,4,1,9.2,9.2,9.2,0.7049423012373713
163023,0.644070601085694,1,2,2,2,2,1,9.55,9.55,9.55,0.644070601085694
163024,1.3621677296634518,1,1,1,1,1,1,10.0,10.0,10.0,1.3621677296634518
163041,0.18596444950591512,1,5,5,5,3,2,7.825,7.220000000000001,7.62,0.18596444950591512
163042,-1.613728610210335,1,4,4,4,3,2,3.5,4.6953125,3.7,-1.613728610210335
163045,0.8559461567826327,1,1,1,1,1,1,9.9,9.9,9.9,0.8559461567826327
163074,0.9030143807226357,1,3,3,3,3,1,9.933333333333334,9.933333333333334,9.933333333333334,0.9030143807226357
163096,0.5190757140489809,1,3,3,3,3,2,9.766666666666667,9.766666666666667,9.766666666666667,0.5190757140489809
163140,0.3962650005942974,1,2,2,2,2,1,8.85,8.85,8.85,0.3962650005942974
163158,0.5107572412811898,1,2,2,2,2,1,9.5,9.5,9.5,0.5107572412811898
163159,0.15742003902521426,1,3,3,3,3,1,8.6,8.6,8.6,0.15742003902521426
163172,0.20581458339224376,1,3,3,2,3,1,8.433333333333334,8.433333333333334,8.433333333333334,0.20581458339224376
163174,-0.11070229572040095,1,3,3,3,3,1,8.633333333333333,8.633333333333333,8.633333333333333,-0.11070229572040095
163175,0.41489541981936146,1,1,1,1,1,1,8.4,8.4,8.4,0.41489541981936146
163189,-0.24459800264387196,1,3,3,3,2,2,7.566666666666666,7.566666666666666,7.566666666666666,-0.24459800264387196
163203,0.47615566637636275,1,2,2,2,2,1,8.45,8.45,8.45,0.47615566637636275
163211,0.7311871927876878,1,1,1,1,1,1,10.0,10.0,10.0,0.7311871927876878
163227,-0.7498500552547086,1,2,2,2,1,2,5.1,5.1,5.1,-0.7498500552547086
163233,0.4233657248330407,1,3,3,3,3,2,8.700000000000001,8.700000000000001,8.700000000000001,0.4233657248330407
163275,0.10564563603020458,1,2,2,2,2,1,8.850000000000001,8.850000000000001,8.850000000000001,0.10564563603020458
163309,-0.14540120383469365,1,3,3,2,2,2,8.6,7.3999999999999995,5.733333333333333,-0.14540120383469365
163314,-0.3395466602660946,1,2,2,2,2,1,7.85,7.85,7.85,-0.3395466602660946
163318,0.00972098236612571,1,4,4,4,4,1,8.725,8.725,8.725,0.00972098236612571
163338,0.7091707041622342,1,1,1,1,1,1,9.4,9.4,9.4,0.7091707041622342
163355,0.6224545436838993,1,4,4,4,4,2,9.25,9.25,9.25,0.6224545436838993
163368,0.7040333765788491,1,2,2,2,2,2,9.55,9.55,9.55,0.7040333765788491
163379,-0.3821577219280703,1,4,4,4,3,3,9.4,8.766666666666666,8.625,-0.3821577219280703
163390,0.1311934077247949,1,3,3,3,3,1,8.833333333333334,8.833333333333334,8.833333333333334,0.1311934077247949
163414,0.5324187041479037,1,3,3,3,3,1,8.799999999999999,8.799999999999999,8.799999999999999,0.5324187041479037
163424,0.0701426214112253,1,3,3,3,3,1,8.966666666666667,8.966666666666667,8.966666666666667,0.0701426214112253
163429,0.4537465438429447,1,4,4,3,4,1,8.875,8.875,8.875,0.4537465438429447
163435,-0.2322104143193544,1,3,3,2,3,2,8.433333333333334,8.433333333333334,8.433333333333334,-0.2322104143193544
163530,0.22679100284594247,1,6,6,6,4,2,8.64,8.342156862745098,8.333333333333334,0.22679100284594247
163539,0.9726411869976532,1,3,3,3,3,1,9.6,9.6,9.6,0.9726411869976532
163547,0.28685001510274444,1,2,2,2,2,1,9.399999999999999,9.399999999999999,9.399999999999999,0.28685001510274444
163561,0.4807981331088566,1,2,2,2,2,1,8.95,8.95,8.95,0.4807981331088566
163564,0.8290037554835048,1,2,2,2,2,1,9.850000000000001,9.850000000000001,9.850000000000001,0.8290037554835048
163617,-0.3803324226813274,1,6,6,6,4,3,8.3,8.114285714285714,8.083333333333334,-0.3803324226813274
163644,-0.9387564485949371,1,1,1,1,1,1,,5.4799999999999995,5.8,-0.9387564485949371
163714,-0.39022727535139534,1,6,6,6,4,2,8.675,6.726666666666667,5.966666666666666,-0.39022727535139534
163716,0.012375152977187026,1,4,4,4,3,1,8.175,8.175,8.175,0.012375152977187026
163717,-0.2516636198569997,1,2,2,2,2,1,8.05,8.05,8.05,-0.2516636198569997
163729,0.8105765964852295,1,3,3,2,3,1,9.966666666666667,9.966666666666667,9.966666666666667,0.8105765964852295
163732,-1.175805390435244,1,7,7,7,4,2,7.859999999999999,7.21875,6.185714285714285,-1.175805390435244
163782,0.42028302635860537,1,2,2,2,2,1,9.45,9.45,9.45,0.42028302635860537
163785,0.09787143131394845,1,3,3,3,3,2,9.433333333333332,9.433333333333332,9.433333333333332,0.09787143131394845
163837,0.19577663523527722,1,1,1,1,1,1,9.0,9.0,9.0,0.19577663523527722
163870,0.7424570369937156,1,2,2,2,2,1,9.45,9.45,9.45,0.7424570369937156
163877,0.14004995254658428,1,1,1,1,1,1,8.9,8.9,8.9,0.14004995254658428
163882,0.18714146489704994,1,3,3,3,3,2,9.4,7.796296296296297,8.4,0.18714146489704994
163901,0.2268678639321878,1,3,3,3,3,1,9.133333333333333,9.133333333333333,9.133333333333333,0.2268678639321878
163910,0.16969605651651276,1,3,3,2,3,1,8.366666666666667,8.366666666666667,8.366666666666667,0.16969605651651276
163921,-1.0140538556111998,1,6,6,5,3,3,7.68,7.6499999999999995,7.386666666666667,-1.0140538556111998
163922,0.7199088242066599,1,3,3,3,3,1,8.766666666666666,8.766666666666666,8.766666666666666,0.7199088242066599
163983,0.8971466447505209,1,2,2,2,2,1,9.5,9.5,9.5,0.8971466447505209
164002,0.14148682339784854,1,2,2,2,2,1,9.3,9.3,9.3,0.14148682339784854
164016,-0.7854731120536519,1,5,5,5,4,2,8.05,6.6,6.5,-0.7854731120536519
164017,-0.36149019165165414,1,1,1,1,1,1,8.0,8.0,8.0,-0.36149019165165414
164046,1.1254542730506705,1,1,1,1,1,1,9.3,9.3,9.3,1.1254542730506705
164063,0.08689005823505674,1,1,1,1,1,1,8.3,8.3,8.3,0.08689005823505674
164069,0.8518813598762748,1,3,3,2,3,1,9.333333333333334,9.333333333333334,9.333333333333334,0.8518813598762748
164080,0.7265731452066448,1,4,4,4,4,1,9.95,9.95,9.95,0.7265731452066448
164089,0.637662231338498,1,2,2,2,2,1,8.95,8.95,8.95,0.637662231338498
164098,-0.10750211519213457,1,4,4,3,3,2,9.333333333333334,8.825,8.725,-0.10750211519213457
164106,-1.0106979044903748,1,3,3,2,3,1,6.6000000000000005,6.6000000000000005,6.6000000000000005,-1.0106979044903748
164107,0.35473237241593697,1,3,3,3,3,2,9.133333333333333,9.133333333333333,9.133333333333333,0.35473237241593697
164111,0.19506587294113736,1,5,5,4,3,3,9.299999999999999,7.7700000000000005,7.9,0.19506587294113736
164114,0.5412775798291504,1,3,3,3,3,1,8.966666666666667,8.966666666666667,8.966666666666667,0.5412775798291504
164116,-0.1772817859928406,1,3,3,2,3,2,9.850000000000001,9.066666666666668,8.416666666666666,-0.1772817859928406
164131,0.24996085630034148,1,5,5,5,4,2,9.3,8.732727272727272,8.78,0.24996085630034148
164134,-0.2949120572630455,1,1,1,1,1,1,8.3,8.3,8.3,-0.2949120572630455
164139,-0.8568864088861434,1,4,4,4,3,2,8.366666666666667,7.939285714285715,7.775,-0.8568864088861434
164154,0.6783607138085491,1,3,3,3,3,1,9.233333333333334,9.233333333333334,9.233333333333334,0.6783607138085491
164180,-0.3091999250461636,1,3,3,3,3,2,9.25,8.42,7.966666666666666,-0.3091999250461636
164181,0.2620321518721082,1,2,2,2,2,1,8.9,8.9,8.9,0.2620321518721082
164192,0.9545414332583452,1,1,1,1,1,1,9.7,9.7,9.7,0.9545414332583452
164245,0.4996524008734604,1,3,3,3,3,1,9.066666666666668,9.066666666666668,9.066666666666668,0.4996524008734604
164246,-0.36492487268084256,1,4,4,4,3,2,8.733333333333333,7.8625,7.425,-0.36492487268084256
164257,0.8882119590584604,1,1,1,1,1,1,9.5,9.5,9.5,0.8882119590584604
164284,0.22491721705961004,1,1,1,1,1,1,7.5,7.5,7.5,0.22491721705961004
164299,0.17406837606989214,1,3,3,3,3,1,8.733333333333333,8.733333333333333,8.733333333333333,0.17406837606989214
164305,1.0069538854528417,1,3,3,3,3,1,9.366666666666667,9.366666666666667,9.366666666666667,1.0069538854528417
164311,-0.3579821192663685,1,3,3,3,2,2,9.3,8.41904761904762,8.6,-0.3579821192663685
164317,-0.02184383959029486,1,2,2,2,2,1,8.25,8.25,8.25,-0.02184383959029486
164321,0.6496908470021602,1,3,3,2,3,1,9.033333333333333,9.033333333333333,9.033333333333333,0.6496908470021602
164346,-0.25003682627426826,1,1,1,1,1,1,8.2,8.2,8.2,-0.25003682627426826
164360,-0.9060895853108223,1,1,1,1,1,1,,3.516666666666667,3.5,-0.9060895853108223
164374,-0.5573186711812895,1,4,4,4,3,1,8.149999999999999,7.613235294117647,7.449999999999999,-0.5573186711812895
164378,0.30372873437682174,1,3,3,3,2,2,8.533333333333333,8.533333333333333,8.533333333333333,0.30372873437682174
164393,0.9942879288030927,1,1,1,1,1,1,9.8,9.8,9.8,0.9942879288030927
164425,0.694488612284967,1,3,3,3,3,1,9.566666666666666,9.566666666666666,9.566666666666666,0.694488612284967
164426,-0.3345433720900166,1,3,3,3,2,2,7.533333333333334,7.533333333333334,7.533333333333334,-0.3345433720900166
164446,0.29683172916829575,1,3,3,3,3,1,8.966666666666667,8.966666666666667,8.966666666666667,0.29683172916829575
164478,-1.1926235458944174,1,4,4,3,2,3,6.966666666666666,6.391666666666667,5.5,-1.1926235458944174
164498,0.16113375032780183,1,3,3,2,3,2,7.966666666666666,7.966666666666666,7.966666666666666,0.16113375032780183
164504,0.2813176584932758,1,3,3,3,3,1,8.433333333333332,8.433333333333332,8.433333333333332,0.2813176584932758
164518,-1.0608871029511495,1,5,5,5,3,4,5.25,5.126666666666667,5.2,-1.0608871029511495
164524,-0.20645928570281682,1,3,3,3,3,1,8.366666666666667,8.366666666666667,8.366666666666667,-0.20645928570281682
164540,-0.2013901640429741,1,5,5,5,3,2,8.225,7.686249999999999,7.92,-0.2013901640429741
164544,-0.1586533777185116,1,6,6,6,4,2,8.26,7.858333333333333,7.983333333333333,-0.1586533777185116
164581,0.5784226521174186,1,3,3,3,3,1,10.0,8.541666666666666,6.666666666666667,0.5784226521174186
164586,-0.9597376549679207,1,4,4,4,3,2,7.7,7.7,7.7,-0.9597376549679207
164592,-0.28161352926031197,1,3,3,3,2,1,8.0,8.0,8.0,-0.28161352926031197
164594,0.5777196408985332,1,1,1,1,1,1,9.9,9.9,9.9,0.5777196408985332
164611,-0.34132076811318246,1,2,2,2,2,2,8.7,8.7,8.7,-0.34132076811318246
164613,-0.43095973522968095,1,3,3,3,2,2,9.25,7.933333333333334,7.333333333333333,-0.43095973522968095
164622,0.6184557173241241,1,4,4,4,4,3,9.125,9.125,9.125,0.6184557173241241
164625,0.8474613199686227,1,2,2,2,2,2,9.7,9.7,9.7,0.8474613199686227
164639,-0.6051637471818408,1,3,3,2,3,1,8.0,6.858333333333333,5.633333333333333,-0.6051637471818408
164649,-0.9687999358587652,1,1,1,1,1,1,,7.0,6.5,-0.9687999358587652
164698,-0.5263965476093042,1,6,6,5,4,2,9.266666666666666,7.572712418300654,6.683333333333334,-0.5263965476093042
164715,0.362956683301357,1,1,1,1,1,1,9.3,9.3,9.3,0.362956683301357
164792,0.19577663523527722,1,1,1,1,1,1,9.0,9.0,9.0,0.19577663523527722
164827,0.3114452827096484,1,2,2,2,2,1,9.05,9.05,9.05,0.3114452827096484
164833,0.6770321767539075,1,3,3,3,3,1,9.433333333333334,9.433333333333334,9.433333333333334,0.6770321767539075
164850,0.08770625578292118,1,2,2,2,1,2,9.1,6.966666666666667,8.05,0.08770625578292118
164853,0.24595407716001116,1,2,2,2,2,1,8.649999999999999,8.649999999999999,8.649999999999999,0.24595407716001116
164869,0.8032573216400583,1,2,2,2,2,1,9.5,9.5,9.5,0.8032573216400583
164872,0.30622864434636854,1,2,2,2,2,1,8.55,8.55,8.55,0.30622864434636854
164873,0.6147614113984068,1,3,3,3,3,1,9.066666666666668,9.066666666666668,9.066666666666668,0.6147614113984068
164893,0.21621109258223006,1,3,3,3,3,2,8.533333333333333,8.533333333333333,8.533333333333333,0.21621109258223006
164904,-0.07039193541685361,1,3,3,3,2,2,8.4,8.033333333333333,8.033333333333333,-0.07039193541685361
164908,-0.35176698364348236,1,5,5,5,3,2,8.833333333333334,7.772,7.6066666666666665,-0.35176698364348236
164910,-0.10176964766060011,1,3,3,2,3,1,8.6,8.6,8.6,-0.10176964766060011
165067,0.6601926509044005,1,3,3,3,3,2,9.9,9.9,9.9,0.6601926509044005
165072,0.29124669125949515,1,1,1,1,1,1,7.7,7.7,7.7,0.29124669125949515
165115,0.4406737954551795,1,2,2,2,2,2,9.4,9.4,9.4,0.4406737954551795
165116,-0.43054416154298086,1,3,3,3,2,2,8.4,7.461904761904762,7.033333333333334,-0.43054416154298086
165130,0.22491721705961004,1,1,1,1,1,1,7.5,7.5,7.5,0.22491721705961004
165248,0.08333933446368426,1,2,2,2,2,2,8.7,8.7,8.7,0.08333933446368426
165266,-0.1480022598612242,1,3,3,3,2,2,8.25,7.483333333333333,7.466666666666666,-0.1480022598612242
165283,-0.672373470842624,1,1,1,1,1,1,7.7,7.7,7.7,-0.672373470842624
165303,-0.06061873928027559,1,5,5,5,4,3,8.675,7.159999999999999,7.159999999999999,-0.06061873928027559
165341,-0.785719300707101,1,2,2,2,2,2,8.5,6.75,4.25,-0.785719300707101
165344,0.7699305500431312,1,3,3,2,3,2,9.933333333333334,9.933333333333334,9.933333333333334,0.7699305500431312
165350,1.2028806387800748,1,3,3,2,3,2,9.533333333333333,9.533333333333333,9.533333333333333,1.2028806387800748
165377,0.8796164823653587,1,4,4,4,4,2,9.7,9.7,9.7,0.8796164823653587
165420,0.17250224472948625,1,3,3,3,3,3,8.833333333333334,8.833333333333334,8.833333333333334,0.17250224472948625
165426,0.7246269401559929,1,3,3,3,3,2,9.6,9.6,9.6,0.7246269401559929
165437,0.6188297302428601,1,1,1,1,1,1,9.5,9.5,9.5,0.6188297302428601
165438,0.4664768483603933,1,4,4,4,4,2,9.275,9.275,9.275,0.4664768483603933
165442,-0.0944511961605522,1,4,4,3,4,3,9.1,9.1,9.1,-0.0944511961605522
165458,0.7887177477586326,1,1,1,1,1,1,9.2,9.2,9.2,0.7887177477586326
165462,0.19270481183650995,1,1,1,1,1,1,7.5,7.5,7.5,0.19270481183650995
165502,-0.7815619947911844,1,1,1,1,1,1,,5.76,6.7,-0.7815619947911844
165530,0.10664582375820168,1,3,3,2,3,2,8.966666666666667,8.966666666666667,8.966666666666667,0.10664582375820168
165535,-0.4471480546326709,1,1,1,1,1,1,7.7,7.7,7.7,-0.4471480546326709
165547,-0.14786997418272507,1,1,1,1,1,1,8.6,8.6,8.6,-0.14786997418272507
165596,-0.17236742030026606,1,4,4,4,3,2,8.35,8.35,8.35,-0.17236742030026606
165605,-0.15399496242260652,1,3,3,2,3,2,8.466666666666667,8.466666666666667,8.466666666666667,-0.15399496242260652
165639,0.23865640153256695,1,5,5,4,4,3,9.55,8.49,8.440000000000001,0.23865640153256695
165681,0.35757616545938026,1,1,1,1,1,1,7.9,7.9,7.9,0.35757616545938026
165684,0.11741190774087702,1,4,4,4,4,2,8.625,8.625,8.625,0.11741190774087702
165686,0.7032198047011358,1,2,2,2,2,2,9.149999999999999,9.149999999999999,9.149999999999999,0.7032198047011358
165693,0.2823074687971192,1,3,3,3,3,2,9.833333333333334,9.833333333333334,9.833333333333334,0.2823074687971192
165699,-0.07943781910099627,1,3,3,3,3,3,8.833333333333334,8.833333333333334,8.833333333333334,-0.07943781910099627
165723,0.22574657179964197,1,1,1,1,1,1,8.6,8.6,8.6,0.22574657179964197
165726,0.0889805593897075,1,5,5,5,4,2,7.8,7.236666666666666,7.279999999999999,0.0889805593897075
165769,-0.2840951240112523,1,2,2,2,2,2,7.65,7.65,7.65,-0.2840951240112523
165784,0.568478272852771,1,3,3,2,3,2,9.233333333333333,9.233333333333333,9.233333333333333,0.568478272852771
165789,0.9289245441064728,1,1,1,1,1,1,9.2,9.2,9.2,0.9289245441064728
165796,0.4349116887727186,1,1,1,1,1,1,9.6,9.6,9.6,0.4349116887727186
165819,0.6433597546533378,1,1,1,1,1,1,9.6,9.6,9.6,0.6433597546533378
165842,-0.37425905208173627,1,2,2,1,1,1,7.45,7.45,7.45,-0.37425905208173627
165853,-0.5741682818062402,1,3,3,3,2,3,9.0,7.394736842105264,6.0,-0.5741682818062402
165855,0.2880177771649847,1,3,3,2,3,2,9.166666666666666,9.166666666666666,9.166666666666666,0.2880177771649847
165893,-0.17224843715409133,1,4,4,4,4,2,8.475,8.475,8.475,-0.17224843715409133
165899,-0.25991269399635963,1,3,3,3,1,2,8.8,6.068518518518519,6.5,-0.25991269399635963
165900,0.019349805595898065,1,1,1,1,1,1,8.4,8.4,8.4,0.019349805595898065
165902,0.22491721705961004,1,1,1,1,1,1,7.5,7.5,7.5,0.22491721705961004
165928,0.15319559409359637,1,3,3,3,3,2,8.966666666666667,8.966666666666667,8.966666666666667,0.15319559409359637
165936,1.0834611466246067,1,1,1,1,1,1,9.1,9.1,9.1,1.0834611466246067
165939,0.6539999772955102,1,2,2,2,2,2,9.25,9.25,9.25,0.6539999772955102
165942,0.06529305216326049,1,5,5,5,4,3,8.5,7.675,6.8,0.06529305216326049
165954,-0.5504155107642456,1,3,3,3,3,2,9.35,7.8,7.166666666666667,-0.5504155107642456
166014,-0.5884386565095993,1,3,3,3,1,2,3.55,3.8523809523809525,4.133333333333333,-0.5884386565095993
166038,0.29587574777920356,1,1,1,1,1,1,9.2,9.2,9.2,0.29587574777920356
166041,0.4545531033950133,1,2,2,2,2,2,8.350000000000001,8.350000000000001,8.350000000000001,0.4545531033950133
166053,0.21012464657218677,1,4,4,4,4,2,9.175,9.175,9.175,0.21012464657218677
166057,0.0584044655205604,1,5,5,5,5,2,9.32,9.32,9.32,0.0584044655205604
166071,0.7317684309616223,1,3,3,3,3,2,9.733333333333333,9.733333333333333,9.733333333333333,0.7317684309616223
166076,0.30367686329957483,1,2,2,2,2,2,8.9,8.9,8.9,0.30367686329957483
166090,0.5519124840216567,1,2,2,2,2,2,9.4,9.4,9.4,0.5519124840216567
166095,-0.03695708720152196,1,1,1,1,1,1,,5.449999999999999,6.9,-0.03695708720152196
166097,0.7214521214723063,1,4,4,4,4,2,9.95,9.95,9.95,0.7214521214723063
166122,0.7663068016487898,1,3,3,3,3,2,10.0,10.0,10.0,0.7663068016487898
166127,0.1572324515654969,1,3,3,3,3,2,8.666666666666666,8.666666666666666,8.666666666666666,0.1572324515654969
166132,0.5235061311241956,1,3,3,3,3,2,9.1,9.1,9.1,0.5235061311241956
166139,0.5890392894310454,1,1,1,1,1,1,9.1,9.1,9.1,0.5890392894310454
166163,-0.07835585807997801,1,1,1,1,1,1,7.5,7.5,7.5,-0.07835585807997801
166165,-0.12657985290313287,1,5,5,4,4,3,8.975,8.975,7.673333333333334,-0.12657985290313287
166203,0.9223715691864223,1,4,4,4,4,2,9.675,9.675,9.675,0.9223715691864223
166233,0.529903828230309,1,3,3,3,3,2,9.333333333333334,9.333333333333334,9.333333333333334,0.529903828230309
166279,0.086653033219818,1,3,3,3,3,2,8.866666666666667,8.866666666666667,8.866666666666667,0.086653033219818
166280,-0.8862806750775,1,3,3,3,3,2,9.850000000000001,8.719444444444443,6.566666666666667,-0.8862806750775
166282,0.7774261635286316,1,1,1,1,1,1,8.8,8.8,8.8,0.7774261635286316
166288,0.5692324158323738,1,4,4,4,4,2,9.725,9.725,9.725,0.5692324158323738
166294,-0.19838335097544285,1,1,1,1,1,1,7.8,7.8,7.8,-0.19838335097544285
166296,-0.28330581396428944,1,5,5,4,3,3,7.4,5.433666666666666,5.84,-0.28330581396428944
166297,-1.1554299620018584,1,6,6,6,3,4,6.375,5.931481481481481,5.466666666666666,-1.1554299620018584
166303,-0.018171178940135518,1,3,3,3,2,2,7.433333333333334,7.433333333333334,7.433333333333334,-0.018171178940135518
166320,0.7987598649091425,1,3,3,3,3,2,9.666666666666666,9.666666666666666,9.666666666666666,0.7987598649091425
166325,-0.5504540724049041,1,2,2,2,1,1,7.75,7.75,7.75,-0.5504540724049041
166331,0.8049480681713619,1,3,3,2,3,2,9.933333333333334,9.933333333333334,9.933333333333334,0.8049480681713619
166333,0.5078287369756581,1,4,4,4,4,2,9.325,9.325,9.325,0.5078287369756581
166338,0.5817163701304232,1,4,4,4,4,2,9.425,9.425,9.425,0.5817163701304232
166353,0.16514548827755884,1,3,3,3,3,3,8.200000000000001,8.200000000000001,8.200000000000001,0.16514548827755884
166371,0.10470904617622963,1,5,5,4,4,3,8.3,8.3,8.3,0.10470904617622963
166375,0.001929472192792006,1,4,4,4,4,2,8.75,8.75,8.75,0.001929472192792006
166394,0.012812350134249806,1,4,4,4,4,3,9.05,9.05,9.05,0.012812350134249806
166400,-0.13253694326805898,1,4,4,4,4,2,8.625,8.625,8.625,-0.13253694326805898
166401,-0.26392955832770537,1,5,5,4,5,2,9.32,9.32,9.32,-0.26392955832770537
166404,0.27813642663633814,1,4,4,4,4,2,9.2,9.2,9.2,0.27813642663633814
166405,0.11074653252507656,1,1,1,1,1,1,7.6,7.6,7.6,0.11074653252507656
166411,-0.4176588711931696,1,4,4,4,4,2,8.633333333333333,7.5375,7.0,-0.4176588711931696
166420,0.629066921832836,1,4,4,4,4,2,9.325,9.325,9.325,0.629066921832836
166424,-0.5155598317574389,1,4,4,4,3,2,8.733333333333333,7.8,6.55,-0.5155598317574389
166425,1.1338397099614186,1,1,1,1,1,1,9.8,9.8,9.8,1.1338397099614186
166442,0.4169626021818996,1,2,2,2,1,2,9.4,6.294444444444444,8.1,0.4169626021818996
166448,0.7880013509758341,1,4,4,3,4,2,9.75,9.75,9.75,0.7880013509758341
166451,0.773023199666168,1,3,3,2,3,2,9.666666666666666,9.666666666666666,9.666666666666666,0.773023199666168
166452,0.4062239101485528,1,4,4,4,4,2,9.225,9.225,9.225,0.4062239101485528
166502,0.4739450817347086,1,1,1,1,1,1,9.9,9.9,9.9,0.4739450817347086
166545,0.6255019280172835,1,5,5,4,5,2,9.7,9.7,9.7,0.6255019280172835
166565,-0.3267712722606971,1,3,3,3,2,3,7.766666666666667,7.766666666666667,7.766666666666667,-0.3267712722606971
166572,-0.20445306349710987,1,3,3,3,3,3,7.966666666666666,7.966666666666666,7.966666666666666,-0.20445306349710987
166765,0.6550409624748973,1,3,3,2,3,2,9.933333333333334,9.933333333333334,9.933333333333334,0.6550409624748973
166799,0.4739209409900396,1,4,4,3,4,2,9.625,9.625,9.625,0.4739209409900396
166809,0.04617123474878068,1,4,4,3,4,2,8.6,8.6,8.6,0.04617123474878068
166829,-1.1567892598752223,1,2,2,2,1,1,8.5,6.975,4.25,-1.1567892598752223
166830,0.4334569358655411,1,3,3,3,3,2,9.0,9.0,9.0,0.4334569358655411
166840,0.29090454148175177,1,3,3,3,3,2,8.966666666666667,8.966666666666667,8.966666666666667,0.29090454148175177
166842,-0.3227376847601136,1,3,3,3,3,2,8.333333333333334,8.333333333333334,8.333333333333334,-0.3227376847601136
166852,0.41500772055639085,1,2,2,2,2,2,8.45,8.45,8.45,0.41500772055639085
166861,0.9414461998250471,1,1,1,1,1,1,10.0,10.0,10.0,0.9414461998250471
166896,-0.5968552656965478,1,4,4,4,4,2,8.825,8.825,8.825,-0.5968552656965478
166898,0.23398771959846368,1,4,4,4,4,2,9.55,9.55,9.55,0.23398771959846368
166935,0.2770368292693302,1,3,3,3,3,2,8.866666666666667,8.866666666666667,8.866666666666667,0.2770368292693302
166945,0.7948884151812647,1,3,3,2,3,2,9.9,9.9,9.9,0.7948884151812647
166986,0.6192823945580829,1,4,4,4,4,2,9.525,9.525,9.525,0.6192823945580829
166987,0.5438440138809555,1,1,1,1,1,1,9.2,9.2,9.2,0.5438440138809555
166998,-0.6134091763938083,1,6,6,5,4,4,8.5,7.3,6.633333333333333,-0.6134091763938083
167011,0.11971409110587111,1,1,1,1,1,1,8.4,8.4,8.4,0.11971409110587111
167027,-1.7559558333815477,1,1,1,1,1,1,,4.421428571428572,0.4,-1.7559558333815477
167030,0.7718734200455888,1,2,2,2,2,1,10.0,10.0,10.0,0.7718734200455888
167063,0.3285622788496136,1,3,3,3,3,2,9.0,9.0,9.0,0.3285622788496136
167071,0.7702172097634696,1,4,4,4,4,2,9.475,9.475,9.475,0.7702172097634696
167075,0.8089252156153836,1,1,1,1,1,1,9.7,9.7,9.7,0.8089252156153836
167080,0.6520286099125737,1,1,1,1,1,1,8.7,8.7,8.7,0.6520286099125737
167081,0.2309610310019373,1,3,3,2,3,3,8.633333333333333,8.633333333333333,8.633333333333333,0.2309610310019373
167084,-1.1133535232714478,1,4,4,4,2,3,7.45,6.783333333333334,6.608333333333333,-1.1133535232714478
167094,0.43781153318718463,1,1,1,1,1,1,9.0,9.0,9.0,0.43781153318718463
167104,-0.45071886043771636,1,3,3,3,2,3,7.900000000000001,7.900000000000001,7.900000000000001,-0.45071886043771636
167109,0.6136614686856067,1,3,3,2,3,2,9.833333333333334,9.833333333333334,9.833333333333334,0.6136614686856067
167135,0.043002232081986204,1,3,3,3,2,2,9.5,6.766666666666667,6.766666666666667,0.043002232081986204
167140,-0.6110615741882875,1,4,4,4,1,3,5.5,5.171052631578948,5.6499999999999995,-0.6110615741882875
167167,-0.5604001983067817,1,4,4,4,3,3,7.6,6.75,7.35,-0.5604001983067817
167188,-0.6036410941801582,1,5,5,5,3,4,7.225,7.225,6.372,-0.6036410941801582
167193,0.5606216916410639,1,4,4,4,4,2,9.75,9.75,9.75,0.5606216916410639
167210,0.1575197911319546,1,4,4,2,4,2,9.325,9.325,9.325,0.1575197911319546
167226,0.35136189768202397,1,4,4,3,4,2,9.625,9.625,9.625,0.35136189768202397
167231,0.6445697261460377,1,3,3,3,3,2,9.466666666666667,9.466666666666667,9.466666666666667,0.6445697261460377
167256,-0.8090935669371732,1,3,3,3,2,2,9.55,8.116666666666667,6.366666666666667,-0.8090935669371732
167263,0.03070288401262178,1,5,5,5,4,3,9.1,8.129999999999999,8.32,0.03070288401262178
167272,-0.39124067481886493,1,2,2,2,2,2,8.1,6.207142857142857,4.1499999999999995,-0.39124067481886493
167282,-0.1726099670445014,1,5,5,5,4,2,8.3,7.572,7.7,-0.1726099670445014
167290,0.005457489356328699,1,4,4,4,4,2,8.875,8.875,8.875,0.005457489356328699
167296,0.7208101433849325,1,4,4,3,4,2,9.65,9.65,9.65,0.7208101433849325
167335,0.236166518215984,1,3,3,2,3,2,9.200000000000001,9.200000000000001,9.200000000000001,0.236166518215984
167341,0.3847952928402992,1,1,1,1,1,1,8.9,8.9,8.9,0.3847952928402992
167381,0.43217746730479617,1,4,4,4,4,2,9.6,9.6,9.6,0.43217746730479617
167383,-0.46624830765103703,1,2,2,2,2,1,9.0,6.38,7.95,-0.46624830765103703
167390,0.5438440138809555,1,1,1,1,1,1,9.2,9.2,9.2,0.5438440138809555
167413,0.3819771075432634,1,3,3,2,3,2,8.933333333333334,8.933333333333334,8.933333333333334,0.3819771075432634
167424,0.621323639755422,1,4,4,3,4,2,8.875,8.875,8.875,0.621323639755422
167442,0.1792282012209617,1,3,3,3,3,3,7.8999999999999995,7.8999999999999995,7.8999999999999995,0.1792282012209617
167449,0.25059435707572375,1,5,5,5,5,2,9.280000000000001,9.280000000000001,9.280000000000001,0.25059435707572375
167480,0.39851010161200884,1,4,4,3,4,3,9.25,9.25,9.25,0.39851010161200884
167495,0.8017996966214181,1,3,3,2,3,2,9.566666666666668,9.566666666666668,9.566666666666668,0.8017996966214181
167509,0.10763320146615224,1,4,4,4,3,3,8.125,8.125,8.125,0.10763320146615224
167512,0.5163512435545682,1,4,4,4,3,2,9.366666666666667,8.130357142857143,8.675,0.5163512435545682
167536,0.39432471229804716,1,1,1,1,1,1,,2.4307692307692306,5.8,0.39432471229804716
167540,0.8619414559622699,1,1,1,1,1,1,9.8,9.8,9.8,0.8619414559622699
167541,-0.19838335097544285,1,1,1,1,1,1,7.8,7.8,7.8,-0.19838335097544285
167549,0.010343716286775878,1,5,5,4,4,3,8.774999999999999,7.279999999999999,7.279999999999999,0.010343716286775878
167554,0.5968602542278418,1,1,1,1,1,1,9.3,9.3,9.3,0.5968602542278418
167559,0.7209189658432993,1,4,4,3,4,2,9.925,9.925,9.925,0.7209189658432993
167564,0.022645140340821945,1,5,5,5,4,3,7.675,7.2299999999999995,7.6,0.022645140340821945
167591,-0.3449460729773926,1,3,3,3,3,2,8.433333333333334,8.433333333333334,8.433333333333334,-0.3449460729773926
167635,-0.2003409902990294,1,5,5,5,4,3,8.15,7.368,6.82,-0.2003409902990294
167646,0.44309522702150794,1,4,4,4,4,2,9.475,9.475,9.475,0.44309522702150794
167677,-0.7815619947911844,1,1,1,1,1,1,,5.76,6.7,-0.7815619947911844
167693,-0.8710182153286921,1,3,3,2,2,2,8.75,7.022222222222222,7.133333333333333,-0.8710182153286921
167704,0.6854835160679522,1,1,1,1,1,1,8.5,8.5,8.5,0.6854835160679522
167714,0.5968602542278418,1,1,1,1,1,1,9.3,9.3,9.3,0.5968602542278418
167723,0.8069069675867633,1,3,3,3,3,2,10.0,10.0,10.0,0.8069069675867633
167757,0.3847952928402992,1,1,1,1,1,1,8.9,8.9,8.9,0.3847952928402992
167760,-0.35585679808433646,1,4,4,2,4,2,8.1,8.1,7.0,-0.35585679808433646
167761,0.350949261902377,1,4,4,4,4,3,8.45,8.45,8.45,0.350949261902377
167786,0.3989441308309291,1,3,3,3,3,2,9.1,9.1,9.1,0.3989441308309291
167787,0.7922640012258176,1,3,3,3,3,2,9.833333333333334,9.833333333333334,9.833333333333334,0.7922640012258176
167789,-0.4901751691177223,1,5,5,5,4,4,8.425,8.187999999999999,8.120000000000001,-0.4901751691177223
167799,0.2600771898860861,1,1,1,1,1,1,9.3,9.3,9.3,0.2600771898860861
167812,-0.28919635283246836,1,3,3,3,3,2,8.366666666666667,8.366666666666667,8.366666666666667,-0.28919635283246836
167843,0.35539772260492625,1,3,3,3,3,2,9.233333333333334,9.233333333333334,9.233333333333334,0.35539772260492625
167852,0.3682032639047576,1,3,3,3,2,2,9.2,7.883333333333334,8.333333333333334,0.3682032639047576
167900,-0.018401284922340333,1,6,6,6,4,3,8.62,7.96,8.016666666666666,-0.018401284922340333
168006,-0.8435557441039464,1,4,4,3,4,2,8.333333333333334,7.38,6.975,-0.8435557441039464
168007,-0.6175313693206497,1,2,2,2,2,2,6.95,6.95,6.95,-0.6175313693206497
168016,0.7328764409270299,1,4,4,4,4,2,9.525,9.525,9.525,0.7328764409270299
168019,0.15469771609178543,1,1,1,1,1,1,7.3,7.3,7.3,0.15469771609178543
168036,-0.00033600908745065605,1,4,4,4,4,2,9.024999999999999,9.024999999999999,9.024999999999999,-0.00033600908745065605
168045,0.49318985506826274,1,1,1,1,1,1,9.7,9.7,9.7,0.49318985506826274
168126,-0.05067454561179442,1,1,1,1,1,1,7.5,7.5,7.5,-0.05067454561179442
168131,0.17273033145275654,1,1,1,1,1,1,8.5,8.5,8.5,0.17273033145275654
168134,0.419673825990362,1,4,4,3,4,2,8.525,8.525,8.525,0.419673825990362
168135,0.1715210650662512,1,2,2,2,2,2,8.55,8.55,8.55,0.1715210650662512
168140,0.16784781499565113,1,5,5,3,4,3,7.9799999999999995,7.9799999999999995,7.9799999999999995,0.16784781499565113
168165,0.09411302795187028,1,4,4,4,4,2,8.625,8.625,8.625,0.09411302795187028
168178,0.3766335224771744,1,1,1,1,1,1,9.5,9.5,9.5,0.3766335224771744
168182,-0.49039292323208605,1,4,4,4,3,2,9.033333333333333,8.166666666666666,7.4,-0.49039292323208605
168221,0.6471020226055237,1,3,3,3,3,3,9.299999999999999,9.299999999999999,9.299999999999999,0.6471020226055237
168294,0.3392973482706125,1,3,3,2,3,2,9.366666666666667,9.366666666666667,9.366666666666667,0.3392973482706125
168295,-0.29615259995859144,1,2,2,2,1,1,9.8,6.630000000000001,6.050000000000001,-0.29615259995859144
168307,1.085885467384643,1,3,3,3,3,2,9.799999999999999,9.799999999999999,9.799999999999999,1.085885467384643
168319,-0.7815619947911844,1,1,1,1,1,1,,5.76,6.7,-0.7815619947911844
168342,-0.003546031560731855,1,2,2,2,1,2,10.0,6.983333333333333,5.0,-0.003546031560731855
168354,0.42320441197456804,1,1,1,1,1,1,9.6,9.6,9.6,0.42320441197456804
168369,0.14352085729499675,1,1,1,1,1,1,9.1,9.1,9.1,0.14352085729499675
168370,-0.06321456022355024,1,5,5,5,5,2,8.42,8.42,8.42,-0.06321456022355024
168400,-0.7470115755928421,1,4,4,4,4,2,7.725,7.725,7.725,-0.7470115755928421
168424,-1.319327680905442,1,2,2,1,1,2,0.0,2.6250000000000004,3.2,-1.319327680905442
168426,-1.392788169614293,1,3,3,3,2,3,3.1666666666666665,3.1666666666666665,3.1666666666666665,-1.392788169614293
168443,0.28385535753193625,1,4,4,4,4,2,8.875,8.875,8.875,0.28385535753193625
168472,0.10026090671790806,1,3,3,3,2,3,8.6,7.483333333333333,7.866666666666667,0.10026090671790806
168478,0.2718589426216916,1,3,3,3,2,2,9.05,6.829166666666667,7.7,0.2718589426216916
168481,0.09874837038031445,1,2,2,2,1,2,7.7,5.7299999999999995,7.4,0.09874837038031445
168485,0.057392222948555505,1,3,3,2,3,2,9.25,8.42,8.4,0.057392222948555505
168488,0.5438440138809555,1,1,1,1,1,1,9.2,9.2,9.2,0.5438440138809555
168504,0.3495868843188838,1,4,4,3,4,2,9.15,9.15,9.15,0.3495868843188838
168508,-0.29012843127448884,1,4,4,4,4,2,8.425,8.425,8.425,-0.29012843127448884
168514,-0.5939764404687661,1,3,3,3,3,2,7.85,6.486666666666667,5.233333333333333,-0.5939764404687661
168528,0.11971409110587111,1,1,1,1,1,1,8.4,8.4,8.4,0.11971409110587111
168534,-1.3821558787970512,1,2,2,1,1,2,9.1,7.85,6.5,-1.3821558787970512
168547,0.39432471229804716,1,1,1,1,1,1,,2.4307692307692306,5.8,0.39432471229804716
168564,0.34906100859401173,1,3,3,3,2,2,9.6,7.813333333333333,8.700000000000001,0.34906100859401173
168570,0.31371247955027753,1,2,2,2,2,2,9.15,9.15,9.15,0.31371247955027753
168579,0.6680243539548962,1,1,1,1,1,1,10.0,10.0,10.0,0.6680243539548962
168599,-0.41749822529886904,1,2,2,2,1,2,7.6,7.6,7.6,-0.41749822529886904
168601,0.3317790524934138,1,1,1,1,1,1,8.8,8.8,8.8,0.3317790524934138
168622,0.6550815961779409,1,4,4,4,4,2,9.100000000000001,9.100000000000001,9.100000000000001,0.6550815961779409
168626,-0.9972506555062014,1,7,7,6,4,6,5.86,5.4077551020408166,5.214285714285714,-0.9972506555062014
168634,-0.6269433282330572,1,5,5,5,4,3,8.966666666666667,6.32,6.7,-0.6269433282330572
168635,0.6680243539548962,1,1,1,1,1,1,10.0,10.0,10.0,0.6680243539548962
168641,-2.32248022448592,1,3,3,3,3,2,2.6,2.6,2.6,-2.32248022448592
168656,0.3766335224771744,1,1,1,1,1,1,9.5,9.5,9.5,0.3766335224771744
168658,0.6230665809835254,1,4,4,4,4,2,9.45,9.45,9.45,0.6230665809835254
168659,0.697646088720794,1,3,3,3,3,2,9.799999999999999,9.799999999999999,9.799999999999999,0.697646088720794
168661,0.4006601017906409,1,3,3,2,3,2,9.033333333333333,9.033333333333333,9.033333333333333,0.4006601017906409
168669,-0.5069988035250289,1,7,7,6,5,3,6.55,6.283516483516483,6.528571428571429,-0.5069988035250289
168675,-1.1058335142351452,1,1,1,1,1,1,,2.4307692307692306,0.0,-1.1058335142351452
168693,0.802465582218281,1,4,4,4,4,2,9.825,9.825,9.825,0.802465582218281
168727,-0.1654955392654107,1,4,4,4,4,2,7.725,7.725,7.725,-0.1654955392654107
168738,0.8907278884060782,1,1,1,1,1,1,9.7,9.7,9.7,0.8907278884060782
168766,-0.9864436886562631,1,6,6,5,4,3,5.3,5.125,4.766666666666667,-0.9864436886562631
168784,-1.7567205226923206,1,4,4,3,2,3,6.199999999999999,6.199999999999999,5.266666666666667,-1.7567205226923206
168804,0.7630018343791829,1,4,4,4,3,3,9.1,9.1,9.1,0.7630018343791829
168823,0.6646173322656937,1,3,3,3,3,2,9.366666666666667,9.366666666666667,9.366666666666667,0.6646173322656937
168831,0.6680243539548962,1,1,1,1,1,1,10.0,10.0,10.0,0.6680243539548962
168841,-1.2801958895008108,1,2,2,2,2,2,8.0,8.0,8.0,-1.2801958895008108
168852,-1.025890217655232,1,2,2,2,2,2,4.7,4.7,4.7,-1.025890217655232
168865,0.5857784191247345,1,3,3,2,3,3,9.433333333333332,9.433333333333332,9.433333333333332,0.5857784191247345
168880,0.8267991099385871,1,5,5,5,5,2,9.8,9.8,9.8,0.8267991099385871
168889,0.7467786143750714,1,1,1,1,1,1,8.7,8.7,8.7,0.7467786143750714
168905,-0.3811121850771397,1,3,3,3,3,2,8.7,7.306666666666666,7.5,-0.3811121850771397
168907,-0.8875944754849557,1,1,1,1,1,1,6.5,6.5,6.5,-0.8875944754849557
168924,0.0038301449838320976,1,3,3,3,3,2,8.766666666666667,8.766666666666667,8.766666666666667,0.0038301449838320976
168948,0.6377387162412519,1,1,1,1,1,1,9.8,9.8,9.8,0.6377387162412519
168949,0.38538519490177825,1,4,4,4,4,2,9.125,9.125,9.125,0.38538519490177825
169120,0.5559215370008018,1,3,3,3,3,2,9.700000000000001,9.700000000000001,9.700000000000001,0.5559215370008018
169139,0.9476539318154776,1,1,1,1,1,1,9.6,9.6,9.6,0.9476539318154776
169156,0.08644645283703345,1,5,5,4,4,3,8.75,7.7155555555555555,7.9,0.08644645283703345
169180,0.7026562510064527,1,3,3,2,3,2,9.266666666666666,9.266666666666666,9.266666666666666,0.7026562510064527
169254,0.5065774282372563,1,3,3,3,3,3,9.366666666666667,9.366666666666667,9.366666666666667,0.5065774282372563
169263,0.18704788652708296,1,1,1,1,1,1,9.0,9.0,9.0,0.18704788652708296
169265,-1.303683735894463,1,5,5,4,4,2,7.040000000000001,7.040000000000001,7.040000000000001,-1.303683735894463
169278,0.8089837428824487,1,1,1,1,1,1,9.8,9.8,9.8,0.8089837428824487
169290,0.15297659723376478,1,6,6,6,4,3,8.725,7.291666666666667,8.066666666666666,0.15297659723376478
169291,0.47077570651741923,1,3,3,3,3,2,9.766666666666667,9.766666666666667,9.766666666666667,0.47077570651741923
169300,-1.0233448431782277,1,1,1,1,1,1,,0.13333333333333333,0.4,-1.0233448431782277
169304,0.03223049765726721,1,4,4,4,3,2,9.533333333333333,7.183333333333334,7.15,0.03223049765726721
169317,-0.024078310526121083,1,2,2,2,2,2,9.350000000000001,9.350000000000001,9.350000000000001,-0.024078310526121083
169348,0.21389569956509757,1,4,4,4,4,2,9.25,9.25,9.25,0.21389569956509757
169360,0.2654583698563907,1,3,3,3,3,2,9.0,9.0,9.0,0.2654583698563907
169366,1.17618946300709,1,2,2,2,2,2,9.5,9.5,9.5,1.17618946300709
169398,1.1050416877506437,1,4,4,3,4,3,9.95,9.95,9.95,1.1050416877506437
169407,0.833179893338807,1,4,4,4,4,2,9.825,9.825,9.825,0.833179893338807
169408,0.060810014885585434,1,4,4,3,4,2,9.05,9.05,9.05,0.060810014885585434
169519,-0.563758574147704,1,3,3,3,3,3,9.350000000000001,7.78,6.233333333333334,-0.563758574147704
169542,0.4494094870927976,1,1,1,1,1,1,9.0,9.0,9.0,0.4494094870927976
169591,0.01371296988638563,1,4,4,4,4,2,8.825,8.825,8.825,0.01371296988638563
169624,0.628724458148001,1,3,3,3,3,2,9.799999999999999,9.799999999999999,9.799999999999999,0.628724458148001
169686,0.6476135309837278,1,4,4,3,4,2,8.975,8.975,8.975,0.6476135309837278
169724,0.01007938742316486,1,4,4,4,4,2,8.375,8.375,8.375,0.01007938742316486
169729,-2.4116805302756914,1,3,3,3,3,2,9.4,8.45,4.366666666666667,-2.4116805302756914
169742,0.7946208590320049,1,3,3,3,3,3,9.200000000000001,9.200000000000001,9.200000000000001,0.7946208590320049
169758,0.23254408119087147,1,3,3,3,3,2,9.4,9.4,9.4,0.23254408119087147
169764,0.5009840686570001,1,3,3,2,3,2,9.666666666666666,9.666666666666666,9.666666666666666,0.5009840686570001
169779,0.5143145436293538,1,1,1,1,1,1,9.1,9.1,9.1,0.5143145436293538
169849,-0.5588655261488887,1,4,4,4,3,3,7.8,7.8,7.8,-0.5588655261488887
169852,0.2532723388542566,1,2,2,2,2,2,7.75,7.75,7.75,0.2532723388542566
169853,0.760814731424394,1,2,2,2,2,1,9.65,9.65,9.65,0.760814731424394
169906,0.7004133452355694,1,5,5,4,5,2,10.0,10.0,10.0,0.7004133452355694
169936,0.6343400402158372,1,3,3,2,3,2,9.9,9.9,9.9,0.6343400402158372
169939,0.9326340686615594,1,2,2,2,2,2,9.95,9.95,9.95,0.9326340686615594
169943,-0.0811117793105297,1,3,3,3,3,2,8.933333333333334,8.933333333333334,8.933333333333334,-0.0811117793105297
169962,0.8696586926393062,1,4,4,4,4,2,9.85,9.85,9.85,0.8696586926393062
169975,0.6957721030277956,1,4,4,4,4,2,9.95,9.95,9.95,0.6957721030277956
170001,0.9641092504405777,1,4,4,4,4,2,9.925,9.925,9.925,0.9641092504405777
170005,0.6627609544511995,1,4,4,4,4,2,9.8,9.8,9.8,0.6627609544511995
170015,-0.13664575560775355,1,1,1,1,1,1,9.0,9.0,9.0,-0.13664575560775355
170096,0.7904328865480914,1,2,2,2,2,2,10.0,10.0,10.0,0.7904328865480914
170119,-0.32555609486431053,1,4,4,4,4,2,8.7,8.7,8.7,-0.32555609486431053
170185,0.8981373573901401,1,4,4,4,4,2,9.85,9.85,9.85,0.8981373573901401
170193,-0.8960980492924491,1,3,3,3,3,2,9.85,9.85,7.183333333333333,-0.8960980492924491
170334,0.8253252656748546,1,2,2,2,2,2,9.9,9.9,9.9,0.8253252656748546
170371,0.2662537308212617,1,4,4,4,4,3,9.2,9.2,9.2,0.2662537308212617
170420,-0.21673690645625734,1,5,5,5,4,3,8.7,8.41,8.379999999999999,-0.21673690645625734
170431,0.6194058998005896,1,4,4,3,4,2,9.775,9.775,9.775,0.6194058998005896
170446,0.5495741971391415,1,4,4,4,4,2,9.375,9.375,9.375,0.5495741971391415
170469,-0.810792722416895,1,5,5,5,3,3,7.366666666666667,6.757777777777778,6.9,-0.810792722416895
170488,0.4444503995944844,1,3,3,3,3,2,9.533333333333333,9.533333333333333,9.533333333333333,0.4444503995944844
170497,0.8433633709106049,1,3,3,3,3,3,9.633333333333333,9.633333333333333,9.633333333333333,0.8433633709106049
170512,0.42799179274791427,1,3,3,2,3,2,9.566666666666666,9.566666666666666,9.566666666666666,0.42799179274791427
170516,0.7168266410725899,1,3,3,2,3,2,9.700000000000001,9.700000000000001,9.700000000000001,0.7168266410725899
170531,0.649734501845029,1,3,3,3,3,2,9.299999999999999,9.299999999999999,9.299999999999999,0.649734501845029
170538,0.6038484539555172,1,4,4,2,4,2,9.075,9.075,9.075,0.6038484539555172
170570,0.49573995545604205,1,2,2,2,2,2,9.2,9.2,9.2,0.49573995545604205
170589,0.23001482602128334,1,4,4,4,4,2,9.2,9.2,9.2,0.23001482602128334
170599,0.6575945478374066,1,1,1,1,1,1,9.9,9.9,9.9,0.6575945478374066
170603,-0.5813131503161966,1,6,6,5,4,3,8.26,7.508333333333333,6.883333333333333,-0.5813131503161966
170613,0.7118085321979011,1,4,4,4,4,2,9.575,9.575,9.575,0.7118085321979011
170619,0.3638271728159969,1,3,3,3,3,2,9.533333333333333,9.533333333333333,9.533333333333333,0.3638271728159969
170623,-0.3255766188316217,1,4,4,3,4,3,8.775,8.775,8.775,-0.3255766188316217
170669,-0.690848339459133,1,6,6,6,5,3,9.2,6.799206349206348,6.55,-0.690848339459133
170692,0.5083441620996928,1,1,1,1,1,1,9.1,9.1,9.1,0.5083441620996928
170699,-0.3687263885658161,1,4,4,4,3,4,9.266666666666667,9.266666666666667,7.875,-0.3687263885658161
170716,0.10729853427089386,1,2,2,2,2,2,9.35,9.35,9.35,0.10729853427089386
170752,-0.04628373818302062,1,2,2,2,2,2,10.0,8.03076923076923,8.1,-0.04628373818302062
170760,-0.3069553872276604,1,5,5,5,4,3,8.725000000000001,7.525,7.720000000000001,-0.3069553872276604
170783,-0.03007289096964157,1,3,3,2,3,2,9.1,9.1,9.1,-0.03007289096964157
170785,0.40790749180829905,1,3,3,3,3,2,9.299999999999999,9.299999999999999,9.299999999999999,0.40790749180829905
170797,0.22073118891492347,1,1,1,1,1,1,8.2,8.2,8.2,0.22073118891492347
170810,0.35628045381720214,1,2,2,2,2,2,8.9,8.9,8.9,0.35628045381720214
170827,0.35782170390650636,1,5,5,5,4,3,9.1,8.516,8.66,0.35782170390650636
170829,-1.9569888598355978,1,1,1,1,1,1,2.5,2.5,2.5,-1.9569888598355978
170832,0.013598339589208022,1,6,6,6,4,3,8.95,7.158095238095238,7.183333333333334,0.013598339589208022
170840,0.6166331557254087,1,3,3,3,3,2,9.833333333333334,9.833333333333334,9.833333333333334,0.6166331557254087
170852,0.8664018037742767,1,3,3,3,3,3,10.0,10.0,10.0,0.8664018037742767
170859,-1.1708113173617616,1,6,6,5,3,3,4.3,4.3,4.3,-1.1708113173617616
170872,-0.8646140167141984,1,3,3,3,3,2,7.966666666666666,7.966666666666666,7.966666666666666,-0.8646140167141984
170939,0.06903439238390802,1,1,1,1,1,1,8.6,8.6,8.6,0.06903439238390802
170943,0.7938062083587254,1,3,3,3,3,2,9.9,9.9,9.9,0.7938062083587254
170965,0.19667993966152197,1,2,2,2,2,1,9.149999999999999,9.149999999999999,9.149999999999999,0.19667993966152197
170989,0.06903439238390802,1,1,1,1,1,1,8.6,8.6,8.6,0.06903439238390802
170993,0.8736883774471513,1,3,3,3,3,2,9.866666666666667,9.866666666666667,9.866666666666667,0.8736883774471513
171026,0.6697792641091327,1,5,5,5,5,2,9.68,9.68,9.68,0.6697792641091327
171077,-0.8450800794604406,1,3,3,3,3,2,8.799999999999999,8.799999999999999,8.799999999999999,-0.8450800794604406
171109,0.6782453619832833,1,4,4,4,4,2,9.725,9.725,9.725,0.6782453619832833
171146,0.4204822081565362,1,1,1,1,1,1,9.0,9.0,9.0,0.4204822081565362
171164,0.27108744528143,1,3,3,3,3,3,9.433333333333332,9.433333333333332,9.433333333333332,0.27108744528143
171187,0.1354456085872417,1,4,4,4,4,2,9.2,9.2,9.2,0.1354456085872417
171197,-0.3299957107607204,1,3,3,3,3,2,7.3999999999999995,7.3999999999999995,7.3999999999999995,-0.3299957107607204
171204,0.7897518624148248,1,1,1,1,1,1,8.5,8.5,8.5,0.7897518624148248
171222,-0.4859114828125708,1,1,1,1,1,1,8.0,8.0,8.0,-0.4859114828125708
171233,-0.5007568267629742,1,4,4,4,4,2,8.666666666666666,7.925000000000001,8.125,-0.5007568267629742
171242,0.34370355209978154,1,2,2,2,2,2,9.4,9.4,9.4,0.34370355209978154
171246,0.4461678836882848,1,4,4,4,4,2,9.35,9.35,9.35,0.4461678836882848
171252,0.41489098661634016,1,4,4,4,4,2,9.425,9.425,9.425,0.41489098661634016
171263,-1.8586470915272284,1,2,2,2,2,2,9.4,7.01,4.7,-1.8586470915272284
171266,0.5632297399659862,1,4,4,4,4,2,9.6,9.6,9.6,0.5632297399659862
171293,0.6705204743601789,1,3,3,2,3,2,8.6,8.6,8.6,0.6705204743601789
171300,0.5157614533115481,1,3,3,3,2,2,8.700000000000001,8.700000000000001,8.700000000000001,0.5157614533115481
171303,0.654209584740489,1,2,2,2,2,2,9.85,9.85,9.85,0.654209584740489
171309,0.2859928618456575,1,3,3,3,3,2,9.35,7.4259259259259265,8.633333333333333,0.2859928618456575
171326,0.20192410543304082,1,5,5,5,4,3,9.325,8.595,8.48,0.20192410543304082
171380,0.731173872889162,1,3,3,3,3,1,9.666666666666666,9.666666666666666,9.666666666666666,0.731173872889162
171443,0.6787136130253271,1,4,4,3,4,2,9.35,9.35,9.35,0.6787136130253271
171451,0.15158577763438735,1,4,4,4,4,2,9.0,9.0,9.0,0.15158577763438735
171454,0.7192102541269301,1,4,4,3,4,2,9.775,9.775,9.775,0.7192102541269301
171501,1.1233778397017926,1,1,1,1,1,1,9.8,9.8,9.8,1.1233778397017926
171535,0.5517664509870372,1,4,4,4,4,2,9.875,9.875,9.875,0.5517664509870372
171547,-0.4177368191423557,1,7,7,7,4,3,5.2,5.2,5.2,-0.4177368191423557
171626,0.17473312969192856,1,4,4,4,4,2,8.8,8.8,8.8,0.17473312969192856
171674,0.09491281424725045,1,4,4,4,4,2,9.15,9.15,9.15,0.09491281424725045
171785,0.8539837737146835,1,4,4,4,4,2,9.95,9.95,9.95,0.8539837737146835
171793,-0.18072003251451063,1,6,6,6,4,4,7.8,7.4904761904761905,7.633333333333333,-0.18072003251451063
171812,0.2195556753017559,1,2,2,2,1,2,8.9,6.553125,7.75,0.2195556753017559
171822,0.41704906598433694,1,3,3,3,3,2,9.0,9.0,9.0,0.41704906598433694
171836,0.6479046213559028,1,4,4,4,4,2,9.600000000000001,9.600000000000001,9.600000000000001,0.6479046213559028
171855,0.5505645956256477,1,2,2,2,2,2,9.55,9.55,9.55,0.5505645956256477
171860,-0.03926793961087069,1,2,2,2,2,2,9.05,9.05,9.05,-0.03926793961087069
171876,0.4116854482963945,1,3,3,3,3,2,9.566666666666668,9.566666666666668,9.566666666666668,0.4116854482963945
171907,0.6077601507410455,1,4,4,2,4,2,9.8,9.8,9.8,0.6077601507410455
171953,-0.10129788458409646,1,3,3,3,3,3,8.5,8.5,8.5,-0.10129788458409646
171966,-0.7422381753665881,1,2,2,2,2,2,8.55,8.55,8.55,-0.7422381753665881
171972,-0.20332123607666627,1,3,3,3,3,3,8.333333333333334,8.333333333333334,8.333333333333334,-0.20332123607666627
171988,0.5294736891720597,1,3,3,3,3,2,9.866666666666667,9.866666666666667,9.866666666666667,0.5294736891720597
172032,-0.49241321830672885,1,5,5,5,2,4,8.266666666666667,7.136666666666668,6.859999999999999,-0.49241321830672885
172034,-0.060283559907601265,1,3,3,3,3,2,7.6,5.766666666666667,5.066666666666666,-0.060283559907601265
172043,0.26616551412451306,1,1,1,1,1,1,9.6,9.6,9.6,0.26616551412451306
172045,0.3467073995864185,1,3,3,3,3,2,9.6,9.6,9.6,0.3467073995864185
172046,0.43840089831629214,1,3,3,3,3,2,9.433333333333334,9.433333333333334,9.433333333333334,0.43840089831629214
172067,0.38261024206272404,1,3,3,3,3,2,8.799999999999999,8.799999999999999,8.799999999999999,0.38261024206272404
172082,0.5076902722716091,1,3,3,3,3,2,9.700000000000001,9.700000000000001,9.700000000000001,0.5076902722716091
172093,0.5212607482826794,1,3,3,3,3,2,9.4,9.4,9.4,0.5212607482826794
172104,0.15656749919343757,1,4,4,4,3,2,8.733333333333333,7.34,7.875,0.15656749919343757
172113,-0.09838400183354135,1,5,5,5,4,3,8.75,7.845000000000001,8.02,-0.09838400183354135
172158,0.6575945478374066,1,1,1,1,1,1,9.9,9.9,9.9,0.6575945478374066
172160,0.20548768071130744,1,2,2,2,2,2,9.25,9.25,9.25,0.20548768071130744
172193,-0.12028907785680036,1,6,6,6,4,4,8.9,7.795833333333333,7.25,-0.12028907785680036
172209,-0.07733541125134641,1,4,4,4,3,3,8.933333333333334,8.5125,8.475,-0.07733541125134641
172234,0.4579595141500685,1,3,3,3,3,2,9.5,9.5,9.5,0.4579595141500685
172282,-0.24486334829802997,1,4,4,3,4,2,8.475,8.475,8.475,-0.24486334829802997
172317,0.07023474238883629,1,4,4,4,4,2,9.575,9.575,9.575,0.07023474238883629
172321,0.4308937875099755,1,3,3,3,3,2,9.5,9.5,9.5,0.4308937875099755
172325,0.1992210604827351,1,3,3,3,3,2,9.033333333333333,9.033333333333333,9.033333333333333,0.1992210604827351
172329,0.5760658434600414,1,4,4,4,4,2,9.425,9.425,9.425,0.5760658434600414
172343,-0.12501335236156003,1,4,4,4,3,2,9.466666666666667,8.615384615384617,8.25,-0.12501335236156003
172345,1.0860110205059736,1,1,1,1,1,1,10.0,10.0,10.0,1.0860110205059736
172411,-0.9144681507907084,1,2,2,2,2,2,8.6,7.330769230769231,5.65,-0.9144681507907084
172433,0.5438204829462079,1,2,2,2,2,2,8.8,8.8,8.8,0.5438204829462079
172469,0.7815484119440294,1,4,4,3,4,2,9.125,9.125,9.125,0.7815484119440294
172496,0.5057454173412552,1,1,1,1,1,1,10.0,10.0,10.0,0.5057454173412552
172514,0.5057454173412552,1,1,1,1,1,1,10.0,10.0,10.0,0.5057454173412552
172533,0.7719300239291643,1,1,1,1,1,1,9.4,9.4,9.4,0.7719300239291643
172551,0.47786342516856745,1,4,4,3,4,2,9.5,9.5,9.5,0.47786342516856745
172580,0.13498969037990227,1,4,4,4,4,2,9.333333333333334,8.558333333333334,8.725,0.13498969037990227
172610,0.013274691645897865,1,4,4,4,4,3,8.333333333333334,6.9363636363636365,6.75,0.013274691645897865
172628,0.42429226594197017,1,4,4,3,4,2,8.375,8.375,8.375,0.42429226594197017
172647,-1.324822262950321,1,3,3,3,1,2,2.8333333333333335,2.8333333333333335,2.8333333333333335,-1.324822262950321
172648,0.1621139932578841,1,4,4,4,3,3,9.700000000000001,9.0875,9.0,0.1621139932578841
172669,0.4000146680713062,1,1,1,1,1,1,9.7,9.7,9.7,0.4000146680713062
172714,0.2552668661185619,1,5,5,4,5,3,9.059999999999999,9.059999999999999,9.059999999999999,0.2552668661185619
172720,-1.305908641739835,1,9,9,8,3,5,4.057142857142857,4.178703703703704,3.433333333333333,-1.305908641739835
172731,0.3012275421561703,1,2,2,2,2,2,9.35,9.35,9.35,0.3012275421561703
172737,0.38770227856493017,1,1,1,1,1,1,10.0,10.0,10.0,0.38770227856493017
172743,0.18772872719596742,1,3,3,3,3,2,8.933333333333332,8.933333333333332,8.933333333333332,0.18772872719596742
172748,-1.8617663458174882,1,4,4,4,1,3,3.6333333333333333,3.6625,3.125,-1.8617663458174882
172765,-2.4541393762609958,1,1,1,1,1,1,0.0,0.0,0.0,-2.4541393762609958
172830,0.5966537903375929,1,3,3,3,3,2,9.5,9.5,9.5,0.5966537903375929
172885,-1.5877025677879733,1,2,2,1,1,2,4.75,4.75,4.75,-1.5877025677879733
172887,-0.21965813239064572,1,7,7,7,5,3,9.033333333333333,6.412857142857143,6.239285714285714,-0.21965813239064572
172928,-0.9081412157784637,1,3,3,2,1,2,6.1000000000000005,6.1000000000000005,6.1000000000000005,-0.9081412157784637
173105,0.7165601630225429,1,3,3,3,3,2,8.833333333333334,8.833333333333334,8.833333333333334,0.7165601630225429
173115,-0.26384837782581905,1,2,2,2,1,1,10.0,7.58,7.4,-0.26384837782581905
173118,0.5922232194153982,1,4,4,4,4,2,9.825,9.825,9.825,0.5922232194153982
173120,0.42886973428314684,1,1,1,1,1,1,8.9,8.9,8.9,0.42886973428314684
173126,0.35971334712735165,1,1,1,1,1,1,8.3,8.3,8.3,0.35971334712735165
173137,-1.9523618060049164,1,1,1,1,1,1,,3.1076923076923078,0.6,-1.9523618060049164
173157,0.6714130940017504,1,4,4,3,4,2,9.649999999999999,9.649999999999999,9.649999999999999,0.6714130940017504
173167,-1.3004843917461983,1,3,3,3,2,2,9.8,7.330555555555555,6.066666666666667,-1.3004843917461983
173219,0.4412740969403709,1,2,2,2,2,2,9.55,9.55,9.55,0.4412740969403709
173223,0.5555458808396266,1,3,3,3,3,2,9.466666666666667,9.466666666666667,9.466666666666667,0.5555458808396266
173225,-0.45175047092363296,1,4,4,4,3,3,8.6,8.6,7.066666666666666,-0.45175047092363296
173259,0.8142122057649521,1,3,3,3,3,1,10.0,10.0,10.0,0.8142122057649521
173313,0.3720414520874433,1,2,2,2,2,2,9.15,9.15,9.15,0.3720414520874433
173321,0.7065283481907649,1,4,4,4,4,2,9.4,9.4,9.4,0.7065283481907649
173336,0.7565236634462137,1,2,2,2,2,1,9.25,9.25,9.25,0.7565236634462137
173357,0.2653647825249008,1,5,5,5,4,2,9.025,8.32,7.5200000000000005,0.2653647825249008
173375,0.40035751599919106,1,3,3,3,3,2,8.966666666666667,8.966666666666667,8.966666666666667,0.40035751599919106
173396,0.7822792960695037,1,4,4,4,4,2,9.475,9.475,9.475,0.7822792960695037
173414,0.33579936467774624,1,3,3,3,3,2,9.4,9.4,9.4,0.33579936467774624
173417,0.6452615521808469,1,3,3,3,3,2,8.933333333333332,8.933333333333332,8.933333333333332,0.6452615521808469
173481,-0.42805693538474987,1,2,2,2,1,2,8.3,4.15,4.15,-0.42805693538474987
173508,0.9880769228059884,1,1,1,1,1,1,10.0,10.0,10.0,0.9880769228059884
173563,0.5063107851427092,1,4,4,4,4,2,9.2,9.2,9.2,0.5063107851427092
173574,0.9558154931826923,1,3,3,3,3,2,8.466666666666667,8.466666666666667,8.466666666666667,0.9558154931826923
173621,0.4879089828403389,1,4,4,4,4,2,8.9,8.9,8.9,0.4879089828403389
173634,0.6401622645067923,1,5,5,5,5,2,9.48,9.48,9.48,0.6401622645067923
173650,0.5436645137478227,1,1,1,1,1,1,9.0,9.0,9.0,0.5436645137478227
173656,0.5867300739434695,1,3,3,3,3,2,9.266666666666666,9.266666666666666,9.266666666666666,0.5867300739434695
173669,0.4103407910303727,1,1,1,1,1,1,8.7,8.7,8.7,0.4103407910303727
173684,0.5588549843960045,1,2,2,2,2,1,9.35,9.35,9.35,0.5588549843960045
173714,-0.12881611580021854,1,3,3,3,2,3,8.466666666666667,8.466666666666667,8.466666666666667,-0.12881611580021854
173752,0.7483236485584475,1,5,5,4,5,2,9.74,9.74,9.74,0.7483236485584475
173770,0.36747256478274753,1,5,5,5,5,2,9.28,9.28,9.28,0.36747256478274753
173786,0.5612447733664131,1,3,3,3,3,2,9.833333333333334,9.833333333333334,9.833333333333334,0.5612447733664131
173793,0.6648853226234791,1,3,3,3,3,3,9.666666666666666,9.666666666666666,9.666666666666666,0.6648853226234791
173795,0.5791655415026264,1,2,2,2,2,2,9.149999999999999,9.149999999999999,9.149999999999999,0.5791655415026264
173800,0.8194669446026934,1,2,2,2,2,1,8.2,8.2,8.2,0.8194669446026934
173820,-0.3569837057811737,1,2,2,2,2,2,10.0,5.983333333333333,5.25,-0.3569837057811737
173834,-0.15214838786736,1,3,3,3,2,3,8.25,7.223076923076923,5.5,-0.15214838786736
173851,0.004872309846510239,1,9,9,9,4,4,6.942857142857143,6.5888888888888895,6.166666666666667,0.004872309846510239
173874,0.42778442717813703,1,1,1,1,1,1,9.3,9.3,9.3,0.42778442717813703
173875,0.29962033949819894,1,3,3,3,3,2,8.700000000000001,8.700000000000001,8.700000000000001,0.29962033949819894
173882,0.47668462893435604,1,2,2,2,2,2,9.75,9.75,9.75,0.47668462893435604
173888,0.5762946975005867,1,4,4,4,4,3,9.25,9.25,9.25,0.5762946975005867
173893,0.5407374297193738,1,3,3,3,3,2,8.533333333333333,8.533333333333333,8.533333333333333,0.5407374297193738
173900,-2.132059822788312,1,2,2,2,1,1,0.4,1.1833333333333333,0.55,-2.132059822788312
173915,-1.0761562509770102,1,3,3,3,2,2,7.3,5.9523809523809526,5.2,-1.0761562509770102
173994,0.00586133466509681,1,2,2,2,1,2,8.1,6.433333333333334,7.25,0.00586133466509681
173995,0.6919809441756029,1,1,1,1,1,1,8.9,8.9,8.9,0.6919809441756029
174001,0.48363667331566207,1,3,3,3,3,3,9.9,9.9,9.9,0.48363667331566207
174005,0.38631373360843185,1,3,3,3,3,2,8.233333333333333,8.233333333333333,8.233333333333333,0.38631373360843185
174018,-0.05654901632511348,1,6,6,5,4,3,8.875,7.304761904761904,6.933333333333334,-0.05654901632511348
174075,0.6739959334463538,1,1,1,1,1,1,9.7,9.7,9.7,0.6739959334463538
174084,0.16760738770093392,1,4,4,3,4,2,8.8,8.8,8.8,0.16760738770093392
174086,-0.7891781564794499,1,8,8,8,4,3,5.3375,5.3375,5.3375,-0.7891781564794499
174112,0.359844007344364,1,4,4,4,4,2,9.15,9.15,9.15,0.359844007344364
174135,-1.6098041587818739,1,1,1,1,1,1,,4.1,0.0,-1.6098041587818739
174137,0.5670630778872975,1,1,1,1,1,1,9.6,9.6,9.6,0.5670630778872975
174156,-0.20310930379368836,1,1,1,1,1,1,8.6,8.6,8.6,-0.20310930379368836
174177,0.23326967167935664,1,3,3,3,3,2,8.966666666666667,8.966666666666667,8.966666666666667,0.23326967167935664
174179,0.6846615736108074,1,3,3,3,3,2,10.0,10.0,10.0,0.6846615736108074
174195,0.6140611705655941,1,3,3,3,3,2,8.9,8.9,8.9,0.6140611705655941
174222,0.29148367023743776,1,4,4,4,4,2,8.85,8.85,8.85,0.29148367023743776
174225,0.0992521046896571,1,1,1,1,1,1,8.0,8.0,8.0,0.0992521046896571
174227,0.5436645137478227,1,1,1,1,1,1,9.0,9.0,9.0,0.5436645137478227
174235,0.8761883797870891,1,4,4,3,4,2,9.5,9.5,9.5,0.8761883797870891
174238,-0.2659962707173644,1,4,4,4,3,3,8.833333333333334,7.285,6.7250000000000005,-0.2659962707173644
174240,0.6807593721434403,1,3,3,3,3,2,9.799999999999999,9.799999999999999,9.799999999999999,0.6807593721434403
174268,0.5236004597732801,1,4,4,4,4,2,9.425,9.425,9.425,0.5236004597732801
174277,0.9786353991080072,1,1,1,1,1,1,9.6,9.6,9.6,0.9786353991080072
174305,0.6079539732917495,1,4,4,4,4,3,9.05,9.05,9.05,0.6079539732917495
174320,0.3845128597027666,1,2,2,2,2,2,9.45,9.45,9.45,0.3845128597027666
174328,0.6477680596566956,1,3,3,3,3,2,9.533333333333333,9.533333333333333,9.533333333333333,0.6477680596566956
174364,-0.17921433697190478,1,5,5,5,4,3,8.8,7.5680000000000005,7.040000000000001,-0.17921433697190478
174376,0.4806471520358937,1,3,3,3,3,2,10.0,10.0,10.0,0.4806471520358937
174377,0.5064598477978078,1,3,3,3,3,2,8.966666666666667,8.966666666666667,8.966666666666667,0.5064598477978078
174419,0.2106400503537337,1,5,5,5,5,2,9.15,8.09,8.059999999999999,0.2106400503537337
174424,0.323652453522992,1,4,4,3,4,2,9.4,9.4,9.4,0.323652453522992
174443,0.25170197994600946,1,3,3,3,3,2,9.4,9.4,9.4,0.25170197994600946
174454,-0.32591496623442645,1,4,4,4,3,3,9.033333333333333,7.775,7.775,-0.32591496623442645
174476,0.3861757018635762,1,1,1,1,1,1,8.6,8.6,8.6,0.3861757018635762
174487,0.5203239463448709,1,3,3,2,3,2,9.566666666666668,9.566666666666668,9.566666666666668,0.5203239463448709
174492,-0.4649271579738862,1,4,4,3,3,4,8.533333333333333,8.175,8.175,-0.4649271579738862
174504,0.5621263446106596,1,3,3,3,3,2,8.700000000000001,8.700000000000001,8.700000000000001,0.5621263446106596
174572,0.5436645137478227,1,1,1,1,1,1,9.0,9.0,9.0,0.5436645137478227
174615,0.7506489874529493,1,3,3,3,3,2,9.799999999999999,9.799999999999999,9.799999999999999,0.7506489874529493
174630,0.767098654836307,1,2,2,2,2,2,10.0,10.0,10.0,0.767098654836307
174636,1.3897186004204023,1,1,1,1,1,1,9.9,9.9,9.9,1.3897186004204023
174638,0.8200799396070936,1,1,1,1,1,1,8.6,8.6,8.6,0.8200799396070936
174661,0.268284801080246,1,3,3,2,3,2,8.233333333333333,8.233333333333333,8.233333333333333,0.268284801080246
174677,-2.0084955257732506,1,1,1,1,1,1,,5.16,2.9,-2.0084955257732506
174707,0.9473313579388519,1,3,3,2,3,2,9.700000000000001,9.700000000000001,9.700000000000001,0.9473313579388519
174723,0.6026952960478116,1,4,4,4,4,2,9.75,9.75,9.75,0.6026952960478116
174745,0.7643678066007266,1,5,5,5,5,2,9.28,9.28,9.28,0.7643678066007266
174746,0.8050213782951016,1,3,3,3,3,2,9.633333333333333,9.633333333333333,9.633333333333333,0.8050213782951016
174780,0.7681525393385764,1,4,4,4,4,2,9.95,9.95,9.95,0.7681525393385764
174784,0.55145121827429,1,1,1,1,1,1,9.3,9.3,9.3,0.55145121827429
174803,0.29148364952943184,1,3,3,3,3,3,8.566666666666668,8.566666666666668,8.566666666666668,0.29148364952943184
174819,0.2325758274071071,1,1,1,1,1,1,8.3,8.3,8.3,0.2325758274071071
174830,0.5507379972859663,1,1,1,1,1,1,9.2,9.2,9.2,0.5507379972859663
174864,0.6976219143631541,1,4,4,4,4,2,10.0,10.0,10.0,0.6976219143631541
174874,-0.9486677904787123,1,7,7,6,3,5,6.659999999999999,6.733333333333333,5.846428571428571,-0.9486677904787123
174977,0.4816750361809625,1,4,4,3,4,2,9.475,9.475,9.475,0.4816750361809625
174985,0.49520893479258865,1,4,4,3,4,2,8.95,8.95,8.95,0.49520893479258865
174992,0.6066435919877667,1,3,3,3,3,2,9.766666666666667,9.766666666666667,9.766666666666667,0.6066435919877667
175065,0.5436671072122787,1,4,4,4,4,3,8.675,8.675,8.675,0.5436671072122787
175069,0.44981727526520837,1,3,3,3,3,2,9.133333333333333,9.133333333333333,9.133333333333333,0.44981727526520837
175130,0.7046321122393703,1,1,1,1,1,1,9.8,9.8,9.8,0.7046321122393703
175171,0.44981727526520837,1,3,3,3,3,2,9.133333333333333,9.133333333333333,9.133333333333333,0.44981727526520837
175189,0.4464739032621889,1,3,3,3,3,2,9.466666666666667,9.466666666666667,9.466666666666667,0.4464739032621889
175201,-0.11036996618070695,1,4,4,4,4,3,8.525,8.525,8.525,-0.11036996618070695
175219,0.2964317080589127,1,1,1,1,1,1,8.9,8.9,8.9,0.2964317080589127
175228,-0.47296008601430745,1,5,5,4,3,3,7.675,6.970909090909092,6.14,-0.47296008601430745
175257,0.7820264951721483,1,4,4,4,4,2,8.95,8.95,8.95,0.7820264951721483
175263,0.16894527708042686,1,3,3,3,3,2,8.5,8.5,8.5,0.16894527708042686
175354,-0.0826272024244335,1,4,4,3,4,2,8.625,8.625,8.625,-0.0826272024244335
175358,0.3148238598625792,1,4,4,3,4,2,9.325,9.325,9.325,0.3148238598625792
175373,0.14343779775460863,1,3,3,3,3,2,9.333333333333334,9.333333333333334,9.333333333333334,0.14343779775460863
175388,0.24569451214926982,1,3,3,3,3,2,8.4,8.4,8.4,0.24569451214926982
175419,0.7615409596307725,1,2,2,2,2,2,9.9,9.9,9.9,0.7615409596307725
175433,0.49778802701756963,1,4,4,3,4,2,9.475,9.475,9.475,0.49778802701756963
175437,0.8738795078960792,1,1,1,1,1,1,9.1,9.1,9.1,0.8738795078960792
175439,0.5141193942384136,1,3,3,3,3,2,8.933333333333332,8.933333333333332,8.933333333333332,0.5141193942384136
175446,0.38118277416743335,1,3,3,3,2,2,8.466666666666667,8.466666666666667,8.466666666666667,0.38118277416743335
175455,0.11467937467741636,1,3,3,3,3,2,8.933333333333334,8.933333333333334,8.933333333333334,0.11467937467741636
175473,0.6905644277437557,1,2,2,2,2,2,9.850000000000001,9.850000000000001,9.850000000000001,0.6905644277437557
175634,0.8316675553735586,1,1,1,1,1,1,10.0,10.0,10.0,0.8316675553735586
175644,0.5110622752754826,1,1,1,1,1,1,9.0,9.0,9.0,0.5110622752754826
175666,-0.058408403024173806,1,5,5,5,4,3,8.1,8.1,8.1,-0.058408403024173806
175697,0.55145121827429,1,1,1,1,1,1,9.3,9.3,9.3,0.55145121827429
175745,0.19704044637775472,1,1,1,1,1,1,9.7,9.7,9.7,0.19704044637775472
175774,-1.7566550230573659,1,6,6,6,2,4,3.0250000000000004,3.893333333333333,3.4166666666666665,-1.7566550230573659
175832,0.506976551335529,1,4,4,4,4,2,9.075,9.075,9.075,0.506976551335529
175843,0.5138719886289457,1,4,4,4,4,2,9.3,9.3,9.3,0.5138719886289457
175886,0.42985964341983834,1,3,3,3,3,2,9.799999999999999,9.799999999999999,9.799999999999999,0.42985964341983834
175888,0.6548190518608843,1,3,3,3,3,3,8.700000000000001,8.700000000000001,8.700000000000001,0.6548190518608843
175919,-0.2570778019092147,1,6,6,6,4,3,5.516666666666667,5.516666666666667,5.516666666666667,-0.2570778019092147
175947,0.23368792794513063,1,4,4,3,4,2,8.8,8.8,8.8,0.23368792794513063
176012,0.3604749946198251,1,3,3,3,3,2,9.566666666666666,9.566666666666666,9.566666666666666,0.3604749946198251
176013,-0.47150803091385945,1,4,4,4,3,4,8.766666666666667,7.584375,6.575,-0.47150803091385945
176017,0.4725126988974403,1,4,4,4,4,2,9.275,9.275,9.275,0.4725126988974403
176028,0.7266208044055557,1,4,4,4,4,2,9.5,9.5,9.5,0.7266208044055557
176046,0.3230811196042859,1,4,4,4,4,2,9.375,9.375,9.375,0.3230811196042859
176054,0.7101820609282212,1,4,4,4,4,2,9.25,9.25,9.25,0.7101820609282212
176064,0.9545565706216179,1,4,4,4,4,2,9.375,9.375,9.375,0.9545565706216179
176095,0.3119133325003395,1,5,5,5,4,3,8.725,7.0200000000000005,7.0600000000000005,0.3119133325003395
176116,0.7018856510220807,1,4,4,4,4,2,9.425,9.425,9.425,0.7018856510220807
176148,-0.049853375378512164,1,3,3,3,3,2,9.4,7.708333333333333,6.433333333333334,-0.049853375378512164
176202,-0.4011371854061926,1,4,4,4,4,2,8.533333333333333,7.625,6.4,-0.4011371854061926
176231,-0.08360778527142854,1,2,2,2,2,2,8.1,8.1,8.1,-0.08360778527142854
176232,0.5472129169089344,1,4,4,4,4,2,8.725,8.725,8.725,0.5472129169089344
176237,0.20624913390887842,1,4,4,4,3,3,8.333333333333334,7.288636363636364,6.949999999999999,0.20624913390887842
176241,-0.2308730845699864,1,2,2,2,2,2,9.2,5.75,5.0,-0.2308730845699864
176258,0.241966285441751,1,3,3,2,3,2,9.200000000000001,9.200000000000001,9.200000000000001,0.241966285441751
176294,0.3676341455161931,1,1,1,1,1,1,8.7,8.7,8.7,0.3676341455161931
176371,0.39285668754183684,1,4,4,4,4,2,8.8,8.8,8.8,0.39285668754183684
176409,-1.2335010947937108,1,7,7,5,4,4,8.2,6.917142857142857,5.585714285714286,-1.2335010947937108
176461,-0.02050943987713144,1,7,7,6,4,3,7.616666666666667,7.396428571428571,7.528571428571429,-0.02050943987713144
176468,-1.2584343791897123,1,7,6,5,3,4,6.2,5.570714285714286,5.371428571428572,-1.2584343791897123
176578,0.1436933455954735,1,1,1,1,1,1,8.1,8.1,8.1,0.1436933455954735
176607,0.1995762612809383,1,3,3,3,2,2,8.25,6.266666666666667,6.633333333333333,0.1995762612809383
176625,0.2445349725957273,1,4,4,4,3,3,8.35,8.35,8.35,0.2445349725957273
176634,0.22422752786982353,1,2,2,2,2,1,9.45,9.45,9.45,0.22422752786982353
176647,0.520636860984244,1,1,1,1,1,1,9.5,9.5,9.5,0.520636860984244
176648,-0.3601249443944357,1,5,5,5,3,3,7.333333333333333,5.775,6.42,-0.3601249443944357
176659,-1.8623274756242858,1,1,1,1,1,1,0.0,0.0,0.0,-1.8623274756242858
176660,0.16176274109261213,1,4,4,4,4,2,7.366666666666666,6.185,7.35,0.16176274109261213
176665,-1.096636593447401,1,5,5,5,4,2,9.45,6.226041666666667,5.74,-1.096636593447401
176676,-2.091284090146053,1,9,9,9,3,5,3.7999999999999994,3.7999999999999994,3.7999999999999994,-2.091284090146053
176729,0.2767371359303914,1,1,1,1,1,1,9.8,9.8,9.8,0.2767371359303914
176778,0.38537895505392983,1,4,4,4,3,3,8.45,8.45,8.45,0.38537895505392983
176789,0.08458403631924732,1,4,4,4,3,2,8.5,7.408333333333333,8.075,0.08458403631924732
176802,-2.0952225675434986,1,4,4,4,3,3,9.7,7.335555555555556,5.741666666666666,-2.0952225675434986
176820,0.7586060105341111,1,3,3,3,3,2,9.4,9.4,9.4,0.7586060105341111
176837,0.5612449402480014,1,3,3,3,3,2,10.0,10.0,10.0,0.5612449402480014
176881,0.456767958999039,1,5,5,5,4,2,8.65,7.75090909090909,8.120000000000001,0.456767958999039
176902,0.056012478373795964,1,2,2,2,2,2,8.25,8.25,8.25,0.056012478373795964
176988,-0.4668147348532686,1,1,1,1,1,1,3.5,3.5,3.5,-0.4668147348532686
176990,0.5483678730631983,1,4,4,4,4,2,9.05,9.05,9.05,0.5483678730631983
177044,0.7124798887894739,1,2,2,2,2,2,8.6,8.6,8.6,0.7124798887894739
177078,0.5793047743297617,1,3,3,3,3,2,9.366666666666667,9.366666666666667,9.366666666666667,0.5793047743297617
177087,0.21641930069165075,1,3,3,3,3,2,9.033333333333333,9.033333333333333,9.033333333333333,0.21641930069165075
177141,0.4899283073006472,1,4,4,3,4,2,9.4,9.4,9.4,0.4899283073006472
177177,0.224718508823489,1,5,5,4,5,2,9.16,9.16,9.16,0.224718508823489
177178,0.04199748124050503,1,6,6,6,4,3,8.059999999999999,6.7555555555555555,6.8,0.04199748124050503
177208,0.5585954026715941,1,3,3,3,3,2,8.066666666666668,8.066666666666668,8.066666666666668,0.5585954026715941
177221,-0.22047722945205533,1,5,5,4,4,3,8.5,7.494999999999999,6.8,-0.22047722945205533
177223,-0.3347397777972984,1,2,2,2,2,2,8.35,8.35,8.35,-0.3347397777972984
177229,0.1094077049027123,1,1,1,1,1,1,9.6,9.6,9.6,0.1094077049027123
177230,-0.11410383082981754,1,5,5,4,4,3,8.075,7.6257142857142854,7.040000000000001,-0.11410383082981754
177253,0.303112536924117,1,3,3,3,3,2,9.533333333333333,9.533333333333333,9.533333333333333,0.303112536924117
177261,0.36040185144423026,1,1,1,1,1,1,9.9,9.9,9.9,0.36040185144423026
177302,-0.9903502100343067,1,3,3,3,3,2,4.5,4.5,4.5,-0.9903502100343067
177309,0.8317348868227845,1,1,1,1,1,1,9.6,9.6,9.6,0.8317348868227845
177311,0.5611902511948023,1,4,4,3,4,2,9.9,9.9,9.9,0.5611902511948023
177351,0.6131108730313909,1,3,3,3,3,2,9.666666666666666,9.666666666666666,9.666666666666666,0.6131108730313909
177381,-3.7963194968579725,1,1,1,1,1,1,,6.31,0.0,-3.7963194968579725
177391,0.9043554166498302,1,4,4,4,4,2,9.775,9.775,9.775,0.9043554166498302
177436,0.8038011507357815,1,4,4,3,4,2,10.0,10.0,10.0,0.8038011507357815
177438,0.7897959020116523,1,4,4,2,4,2,9.4,9.4,9.4,0.7897959020116523
177475,0.2767371359303914,1,1,1,1,1,1,9.8,9.8,9.8,0.2767371359303914
177504,-0.883947581022944,1,2,2,2,1,2,,5.155,4.65,-0.883947581022944
177515,-0.35792794374981474,1,4,4,3,4,3,8.15,8.15,8.15,-0.35792794374981474
177571,0.5961859555687388,1,2,2,2,2,2,8.95,8.95,8.95,0.5961859555687388
177593,-1.058581004196502,1,4,4,3,4,2,8.5,7.6875,7.3,-1.058581004196502
177613,0.06418489442021784,1,4,4,4,3,3,8.35,8.35,8.35,0.06418489442021784
177677,-1.1201794441657718,1,5,5,4,3,4,8.05,6.465714285714286,5.720000000000001,-1.1201794441657718
177732,0.10220546634518318,1,4,4,4,2,3,8.700000000000001,7.6875,7.9750000000000005,0.10220546634518318
177736,0.36254323506414216,1,3,3,3,3,2,9.166666666666666,9.166666666666666,9.166666666666666,0.36254323506414216
177741,-0.05043534653232665,1,4,4,4,4,2,8.9,8.9,8.9,-0.05043534653232665
177747,0.7467225129406897,1,3,3,3,3,2,10.0,10.0,10.0,0.7467225129406897
177787,-0.7075380418163484,1,1,1,1,1,1,,5.983333333333334,4.3,-0.7075380418163484
177790,-0.142315369070476,1,3,3,3,2,2,9.65,8.376190476190477,7.166666666666667,-0.142315369070476
177823,0.05847904090639921,1,3,3,2,3,2,7.8999999999999995,7.8999999999999995,7.8999999999999995,0.05847904090639921
177844,-1.4707467416703195,1,5,5,4,3,3,5.225,5.0633333333333335,4.38,-1.4707467416703195
177847,-0.08680187234527459,1,5,5,4,4,3,9.075,8.425714285714287,7.7,-0.08680187234527459
177852,0.3894366966563565,1,4,4,3,4,2,9.3,9.3,9.3,0.3894366966563565
177886,0.38351807794127907,1,4,4,3,4,2,8.9,8.9,8.9,0.38351807794127907
177898,0.7998279114345018,1,3,3,3,3,2,9.533333333333333,9.533333333333333,9.533333333333333,0.7998279114345018
177907,-0.553337167547802,1,2,2,2,1,1,9.1,6.625,5.9,-0.553337167547802
177923,0.41156075149856974,1,4,4,4,4,2,9.275,9.275,9.275,0.41156075149856974
177945,0.41535939170811537,1,3,3,3,3,2,9.299999999999999,9.299999999999999,9.299999999999999,0.41535939170811537
177950,-0.27771274705051374,1,4,4,2,4,2,8.2,8.2,8.2,-0.27771274705051374
177987,0.624176341724445,1,3,3,3,3,2,9.566666666666668,9.566666666666668,9.566666666666668,0.624176341724445
178031,0.15976972756877134,1,1,1,1,1,1,7.9,7.9,7.9,0.15976972756877134
178035,0.24121089490688266,1,3,3,3,3,3,8.5,8.5,8.5,0.24121089490688266
178065,0.41326951472447243,1,1,1,1,1,1,8.8,8.8,8.8,0.41326951472447243
178118,0.23191146019810893,1,3,3,2,3,2,8.333333333333334,8.333333333333334,8.333333333333334,0.23191146019810893
178194,-0.15403853783720425,1,5,5,4,3,3,9.25,8.09,7.62,-0.15403853783720425
178219,0.0988712080659596,1,5,5,5,5,2,9.02,9.02,9.02,0.0988712080659596
178235,0.6549052940355496,1,4,4,3,4,2,9.25,9.25,9.25,0.6549052940355496
178260,0.028226158116865446,1,3,3,3,3,2,8.799999999999999,8.799999999999999,8.799999999999999,0.028226158116865446
178261,0.7677585288176181,1,4,4,3,4,2,9.9,9.9,9.9,0.7677585288176181
178308,-1.4499804654877693,1,1,1,1,1,1,,7.25,6.8,-1.4499804654877693
178317,0.3923958415489795,1,3,3,3,3,1,9.333333333333334,9.333333333333334,9.333333333333334,0.3923958415489795
178332,0.3917156288215064,1,3,3,3,2,2,8.75,6.914285714285714,8.1,0.3917156288215064
178334,-1.293752179765044,1,6,6,4,4,3,8.5,6.177666666666667,4.6722222222222225,-1.293752179765044
178340,-2.4891090106546083,1,1,1,1,1,1,,3.4749999999999996,0.0,-2.4891090106546083
178341,-0.4401720948747217,1,1,1,1,1,1,8.3,8.3,8.3,-0.4401720948747217
178343,0.45655804590752097,1,3,3,3,3,2,8.733333333333334,8.733333333333334,8.733333333333334,0.45655804590752097
178350,-0.2184694030768399,1,3,3,3,2,3,8.35,6.396666666666666,5.766666666666666,-0.2184694030768399
178375,0.20644884920647255,1,4,4,4,3,2,9.633333333333333,8.337499999999999,8.475,0.20644884920647255
178379,-1.801523892528219,1,2,2,2,1,2,4.6,4.931818181818182,2.3,-1.801523892528219
178405,0.4000621167431755,1,2,2,2,2,1,9.5,9.5,9.5,0.4000621167431755
178413,0.6300246188994426,1,4,4,4,4,2,9.375,9.375,9.375,0.6300246188994426
178418,0.42491289324425296,1,4,4,4,4,2,9.2,9.2,9.2,0.42491289324425296
178421,-0.5319023818120961,1,1,1,1,1,1,7.7,7.7,7.7,-0.5319023818120961
178433,0.9969701929762429,1,4,4,4,4,2,10.0,10.0,10.0,0.9969701929762429
178463,-0.9502429202652349,1,5,5,3,4,2,7.875,7.593333333333332,6.56,-0.9502429202652349
178481,0.4345416152925477,1,3,3,2,3,1,10.0,10.0,10.0,0.4345416152925477
178485,0.8057428436466801,1,4,4,4,4,2,9.175,9.175,9.175,0.8057428436466801
178492,-0.14254415763715095,1,2,2,2,2,2,8.8,8.8,8.8,-0.14254415763715095
178511,0.5145315337970127,1,4,4,4,4,2,9.45,9.45,9.45,0.5145315337970127
178520,-2.5494501772129903,1,2,2,2,1,2,3.0,3.725,4.0,-2.5494501772129903
178528,-0.3910781391235604,1,1,1,1,1,1,,6.31,6.8,-0.3910781391235604
178563,-1.3499777467378309,1,1,1,1,1,1,,2.4899999999999998,0.0,-1.3499777467378309
178577,0.6469312113464762,1,3,3,3,3,2,9.366666666666667,9.366666666666667,9.366666666666667,0.6469312113464762
178616,0.3656922663410889,1,2,2,2,2,1,9.0,6.121428571428572,7.9,0.3656922663410889
178636,-1.425459887535044,1,2,2,2,1,2,,4.45,5.6,-1.425459887535044
178650,0.19307242041655112,1,1,1,1,1,1,9.7,9.7,9.7,0.19307242041655112
178694,0.6075115561608653,1,4,4,3,4,2,9.45,9.45,9.45,0.6075115561608653
178734,0.5997791447173515,1,4,4,4,4,2,9.325,9.325,9.325,0.5997791447173515
178774,0.7280159993725959,1,3,3,3,3,2,9.266666666666666,9.266666666666666,9.266666666666666,0.7280159993725959
178855,-0.190447815182355,1,3,3,2,3,2,8.866666666666667,8.866666666666667,8.866666666666667,-0.190447815182355
178902,0.2452061848837113,1,3,3,3,3,2,9.200000000000001,9.200000000000001,9.200000000000001,0.2452061848837113
178906,0.4950665578689501,1,1,1,1,1,1,8.9,8.9,8.9,0.4950665578689501
178915,0.6166230740604544,1,4,4,4,4,2,9.7,9.7,9.7,0.6166230740604544
178919,-1.198715508985783,1,6,6,6,3,3,6.775,6.342777777777777,6.050000000000001,-1.198715508985783
178933,0.5478496159259879,1,1,1,1,1,1,10.0,10.0,10.0,0.5478496159259879
178982,0.40515011867487427,1,3,3,3,3,2,9.633333333333333,9.633333333333333,9.633333333333333,0.40515011867487427
178999,-0.9254982668678071,1,6,6,4,4,3,8.175,6.759444444444444,5.883333333333333,-0.9254982668678071
179062,-0.3648849241613257,1,6,6,5,3,4,6.540000000000001,5.864999999999999,5.8999999999999995,-0.3648849241613257
179066,0.5416682654938184,1,3,3,3,3,2,9.466666666666667,9.466666666666667,9.466666666666667,0.5416682654938184
179090,0.31798476871332443,1,3,3,2,3,2,9.166666666666666,9.166666666666666,9.166666666666666,0.31798476871332443
179120,0.30923504353849735,1,3,3,3,3,2,8.733333333333333,8.733333333333333,8.733333333333333,0.30923504353849735
179234,0.814744400999365,1,4,4,2,4,2,9.7,9.7,9.7,0.814744400999365
179253,0.6787080430647454,1,2,2,2,2,2,9.3,9.3,9.3,0.6787080430647454
179320,0.4663092079742133,1,1,1,1,1,1,9.9,9.9,9.9,0.4663092079742133
179331,0.7770851043360538,1,4,4,4,4,2,9.975,9.975,9.975,0.7770851043360538
179332,0.6179035350407537,1,4,4,4,4,2,9.775,9.775,9.775,0.6179035350407537
179351,0.3007836938967669,1,1,1,1,1,1,7.6,7.6,7.6,0.3007836938967669
179397,0.5495662712963931,1,4,4,4,4,2,9.35,9.35,9.35,0.5495662712963931
179410,0.6445713702569174,1,2,2,2,2,2,9.75,9.75,9.75,0.6445713702569174
179425,0.5481802299348094,1,1,1,1,1,1,8.6,8.6,8.6,0.5481802299348094
179595,0.5668612300556134,1,4,4,4,4,2,9.55,9.55,9.55,0.5668612300556134
179604,0.6089227196812188,1,2,2,2,2,2,9.65,9.65,9.65,0.6089227196812188
179622,-0.12153766993088,1,4,4,4,3,3,9.033333333333333,7.83,7.9,-0.12153766993088
179647,0.3712522348936906,1,4,4,4,3,3,9.033333333333333,8.279166666666667,8.425,0.3712522348936906
179668,-1.254343647083091,1,2,2,2,1,2,,6.266666666666667,5.470000000000001,-1.254343647083091
179674,0.6726169589539045,1,4,4,3,4,2,9.975,9.975,9.975,0.6726169589539045
179675,0.4441634485983078,1,5,5,3,5,2,9.08,9.08,9.08,0.4441634485983078
179699,0.9670131869921904,1,1,1,1,1,1,9.1,9.1,9.1,0.9670131869921904
179714,0.633040227875363,1,3,3,3,3,2,10.0,10.0,10.0,0.633040227875363
179732,0.4988946249391998,1,4,4,4,4,2,9.425,9.425,9.425,0.4988946249391998
179738,0.052229044734871076,1,3,3,3,3,3,9.4,7.853333333333334,6.7,0.052229044734871076
179757,0.4169709234225471,1,3,3,3,3,2,8.866666666666667,8.866666666666667,8.866666666666667,0.4169709234225471
179782,0.3802359903977998,1,1,1,1,1,1,7.8,7.8,7.8,0.3802359903977998
179802,0.6143081776406629,1,4,4,4,4,2,9.65,9.65,9.65,0.6143081776406629
179812,0.3951537445770882,1,2,2,2,2,2,9.2,9.2,9.2,0.3951537445770882
179829,0.7596270948463588,1,3,3,3,3,2,9.833333333333334,9.833333333333334,9.833333333333334,0.7596270948463588
179842,0.5513928559641225,1,4,4,4,4,2,9.375,9.375,9.375,0.5513928559641225
179848,0.4824938377929428,1,3,3,3,3,2,9.333333333333334,9.333333333333334,9.333333333333334,0.4824938377929428
179872,0.38602545845736674,1,4,4,2,4,2,9.275,9.275,9.275,0.38602545845736674
179882,0.6256763795682019,1,3,3,3,3,2,9.799999999999999,9.799999999999999,9.799999999999999,0.6256763795682019
179888,-0.9574451429299627,1,4,4,4,3,2,6.675,6.675,6.675,-0.9574451429299627
179890,-1.4092929883010072,1,4,4,4,3,3,7.766666666666667,6.708333333333333,5.825,-1.4092929883010072
179908,0.12913984303349102,1,3,3,3,3,2,9.133333333333333,9.133333333333333,9.133333333333333,0.12913984303349102
179921,0.5444500301209034,1,4,4,4,4,2,9.6,9.6,9.6,0.5444500301209034
179933,-0.5288411157724403,1,5,5,5,4,2,7.56,7.56,7.56,-0.5288411157724403
180003,-2.42443007608866,1,1,1,1,1,1,,7.5,0.7400000000000001,-2.42443007608866
180013,0.3823986551437752,1,1,1,1,1,1,8.2,8.2,8.2,0.3823986551437752
180016,-0.907210389781105,1,1,1,1,1,1,,5.263636363636364,4.5,-0.907210389781105
180018,0.2992542919563208,1,3,3,3,3,2,9.966666666666667,9.966666666666667,9.966666666666667,0.2992542919563208
180031,0.7232945657612646,1,4,4,4,4,2,9.475,9.475,9.475,0.7232945657612646
180044,0.7680819859575356,1,2,2,1,2,2,10.0,10.0,10.0,0.7680819859575356
180047,-0.10609037332360215,1,3,3,2,3,1,9.133333333333333,9.133333333333333,9.133333333333333,-0.10609037332360215
180067,0.8098468372481128,1,1,1,1,1,1,8.7,8.7,8.7,0.8098468372481128
180135,-1.5490911606615325,1,1,1,1,1,1,2.5,2.5,2.5,-1.5490911606615325
180147,0.43698294233265644,1,4,4,4,3,3,9.733333333333333,8.804166666666667,8.925,0.43698294233265644
180148,-0.05271067561539167,1,5,5,5,4,3,8.675,7.7333333333333325,7.44,-0.05271067561539167
180171,-0.8519503669982985,1,3,3,3,2,2,7.6,7.3999999999999995,7.166666666666667,-0.8519503669982985
180183,0.41610401458391255,1,4,4,3,3,3,8.5,7.6675,7.9,0.41610401458391255
180186,1.0921265500204702,1,1,1,1,1,1,9.5,9.5,9.5,1.0921265500204702
180206,0.41979423110986347,1,1,1,1,1,1,10.0,10.0,10.0,0.41979423110986347
180210,0.739153615807143,1,4,4,4,4,2,9.975,9.975,9.975,0.739153615807143
180222,0.802616462099894,1,4,4,3,4,2,9.375,9.375,9.375,0.802616462099894
180236,0.8107488933375847,1,3,3,3,3,2,10.0,10.0,10.0,0.8107488933375847
180247,-0.30179082286348763,1,4,4,3,3,2,8.833333333333334,8.0875,7.675,-0.30179082286348763
180263,-0.35755724815294987,1,3,3,3,3,2,8.5,4.735714285714286,6.066666666666666,-0.35755724815294987
180271,0.7242554794792749,1,3,3,3,3,2,9.766666666666667,9.766666666666667,9.766666666666667,0.7242554794792749
180293,0.6463889619994333,1,4,4,3,4,2,9.45,9.45,9.45,0.6463889619994333
180295,0.8814877481456475,1,3,3,3,3,2,9.533333333333333,9.533333333333333,9.533333333333333,0.8814877481456475
180303,0.30623224505984925,1,4,4,4,4,2,9.4,9.4,9.4,0.30623224505984925
180312,0.2021327963547664,1,4,4,4,4,2,8.9,8.9,8.9,0.2021327963547664
180324,0.8264214726534663,1,2,2,2,2,2,9.7,9.7,9.7,0.8264214726534663
180325,0.5140365135795908,1,4,4,4,4,2,9.75,9.75,9.75,0.5140365135795908
180358,-0.9957481539616682,1,4,4,3,3,3,8.700000000000001,7.6,6.8,-0.9957481539616682
180365,0.5080068566497888,1,1,1,1,1,1,10.0,10.0,10.0,0.5080068566497888
180381,0.3182961056871431,1,1,1,1,1,1,9.9,9.9,9.9,0.3182961056871431
180395,0.540516655897847,1,4,4,3,4,2,9.775,9.775,9.775,0.540516655897847
180414,-0.4319460963607807,1,1,1,1,1,1,7.6,7.6,7.6,-0.4319460963607807
180444,0.32037013999300623,1,4,4,4,4,2,7.225,7.225,7.225,0.32037013999300623
180449,0.2657982862519864,1,3,3,3,3,2,8.966666666666667,8.966666666666667,8.966666666666667,0.2657982862519864
180455,0.28677498689395664,1,4,4,4,2,3,8.3,8.3,8.3,0.28677498689395664
180464,0.502982960952712,1,1,1,1,1,1,9.1,9.1,9.1,0.502982960952712
180581,0.8491080478665846,1,3,3,3,3,2,9.9,9.9,9.9,0.8491080478665846
180631,0.5022074934349593,1,3,3,3,3,2,9.133333333333333,9.133333333333333,9.133333333333333,0.5022074934349593
180646,0.6114396661984808,1,1,1,1,1,1,10.0,10.0,10.0,0.6114396661984808
180655,0.541695544589331,1,3,3,3,3,2,9.299999999999999,9.299999999999999,9.299999999999999,0.541695544589331
180663,0.7086122588295005,1,3,3,3,3,1,9.966666666666667,9.966666666666667,9.966666666666667,0.7086122588295005
180770,-0.00928524136318612,1,4,4,4,3,3,7.525,7.525,7.525,-0.00928524136318612
180828,0.3601101131167349,1,2,2,2,2,2,9.2,9.2,9.2,0.3601101131167349
180831,0.46288000733064405,1,2,2,1,2,2,9.45,9.45,9.45,0.46288000733064405
180894,0.09528906236377321,1,4,4,4,3,3,9.299999999999999,7.966666666666667,8.025,0.09528906236377321
180908,0.48255224818449505,1,2,2,2,2,1,9.15,9.15,9.15,0.48255224818449505
180915,0.7411561156082762,1,4,4,3,4,2,9.825,9.825,9.825,0.7411561156082762
180971,0.018078690688772363,1,3,3,3,3,2,7.666666666666667,7.666666666666667,7.666666666666667,0.018078690688772363
181003,0.5043238369769802,1,2,2,2,2,2,9.85,9.85,9.85,0.5043238369769802
181029,0.1941233323012137,1,3,3,3,3,2,9.066666666666666,9.066666666666666,9.066666666666666,0.1941233323012137
181035,0.6230869248181806,1,1,1,1,1,1,10.0,10.0,10.0,0.6230869248181806
181037,-0.07400352334642571,1,5,5,5,4,3,8.375,7.3875,6.7,-0.07400352334642571
181092,0.442189574930995,1,3,3,3,3,2,9.0,9.0,9.0,0.442189574930995
181098,-1.0511052455665075,1,3,3,3,3,2,8.8,5.4,4.586666666666667,-1.0511052455665075
181146,-0.1428471933585925,1,1,1,1,1,1,,5.17,6.0,-0.1428471933585925
181206,-1.531605530903615,1,3,3,3,3,2,9.5,4.8,4.3999999999999995,-1.531605530903615
181239,0.8720139423035644,1,4,4,4,4,2,9.775,9.775,9.775,0.8720139423035644
181250,-0.429669477240169,1,2,2,2,1,1,10.0,8.75,6.85,-0.429669477240169
181294,0.6853542204743966,1,3,3,2,3,2,9.466666666666667,9.466666666666667,9.466666666666667,0.6853542204743966
181349,0.025899639773869443,1,4,4,4,3,3,8.033333333333333,7.317500000000001,7.15,0.025899639773869443
181397,0.5182575808019831,1,2,2,2,2,2,9.65,9.65,9.65,0.5182575808019831
181421,0.3789239353418368,1,1,1,1,1,1,10.0,10.0,10.0,0.3789239353418368
181424,0.5206713443779848,1,3,3,3,3,2,9.866666666666667,9.866666666666667,9.866666666666667,0.5206713443779848
181425,0.2022419384468551,1,2,2,2,2,2,9.0,9.0,9.0,0.2022419384468551
181447,0.2610575456462506,1,1,1,1,1,1,7.5,7.5,7.5,0.2610575456462506
181473,-0.24853425372122398,1,7,7,6,5,3,8.14,7.383809523809524,6.8,-0.24853425372122398
181538,0.4641697468165924,1,4,4,2,4,2,9.225,9.225,9.225,0.4641697468165924
181540,-0.32969066497933247,1,3,3,3,2,2,9.0,7.723333333333334,6.0,-0.32969066497933247
181551,0.6238590084738975,1,3,3,3,3,2,9.633333333333333,9.633333333333333,9.633333333333333,0.6238590084738975
181565,0.6948724875257436,1,4,4,3,4,2,9.875,9.875,9.875,0.6948724875257436
181626,0.2927841988440522,1,4,4,4,4,2,9.0,9.0,9.0,0.2927841988440522
181638,0.4663092079742133,1,1,1,1,1,1,9.9,9.9,9.9,0.4663092079742133
181650,0.8012767675446366,1,4,4,4,4,2,9.15,9.15,9.15,0.8012767675446366
181702,0.6353379501290634,1,3,3,3,3,2,9.566666666666666,9.566666666666666,9.566666666666666,0.6353379501290634
181724,-0.4182348459079115,1,3,3,3,3,2,7.550000000000001,6.973333333333334,6.8999999999999995,-0.4182348459079115
181768,-0.28653268497484946,1,3,3,3,2,2,9.0,7.933333333333334,6.233333333333333,-0.28653268497484946
181770,0.49536847497037423,1,3,3,1,3,2,8.533333333333333,8.533333333333333,8.533333333333333,0.49536847497037423
181802,0.8311818829405023,1,2,2,2,2,2,9.65,9.65,9.65,0.8311818829405023
181809,-0.1787360784539029,1,2,2,2,1,2,8.4,7.191666666666667,6.35,-0.1787360784539029
181893,0.4501478324973878,1,4,4,3,4,2,9.05,9.05,9.05,0.4501478324973878
181913,0.2783016285813206,1,3,3,2,3,2,8.799999999999999,8.799999999999999,8.799999999999999,0.2783016285813206
181915,-0.19757540267958104,1,4,4,4,3,3,8.433333333333334,7.775,6.5,-0.19757540267958104
181997,0.19356128648969187,1,2,2,1,2,2,9.2,9.2,9.2,0.19356128648969187
182040,0.4158761314685549,1,3,3,3,3,2,9.433333333333334,9.433333333333334,9.433333333333334,0.4158761314685549
182058,0.35917602021874057,1,3,3,3,2,2,8.45,6.779166666666666,7.966666666666666,0.35917602021874057
182087,0.4356840886520939,1,3,3,3,3,2,9.366666666666667,9.366666666666667,9.366666666666667,0.4356840886520939
182117,-1.3640579699364561,1,5,5,3,4,3,7.220000000000001,7.220000000000001,7.220000000000001,-1.3640579699364561
182164,0.7281890045081181,1,2,2,2,2,1,10.0,10.0,10.0,0.7281890045081181
182177,0.6527728800409067,1,4,4,4,4,2,9.475,9.475,9.475,0.6527728800409067
182210,-0.11592575347892625,1,1,1,1,1,1,,3.45,5.8,-0.11592575347892625
182228,0.8373967944992162,1,2,2,2,2,2,9.85,9.85,9.85,0.8373967944992162
182254,0.364091068475497,1,3,3,3,3,2,9.799999999999999,9.799999999999999,9.799999999999999,0.364091068475497
182281,0.1401475761671132,1,1,1,1,1,1,9.5,9.5,9.5,0.1401475761671132
182335,0.8204842163702637,1,1,1,1,1,1,9.0,9.0,9.0,0.8204842163702637
182370,0.05440183798730104,1,4,4,4,4,2,8.45,8.45,8.45,0.05440183798730104
182376,0.19082500675446154,1,4,4,3,4,2,8.5,8.5,8.5,0.19082500675446154
182441,-0.1620464432491001,1,4,4,4,4,2,9.5,8.283333333333333,8.275,-0.1620464432491001
182453,0.5313005103783465,1,2,2,2,2,2,9.649999999999999,9.649999999999999,9.649999999999999,0.5313005103783465
182484,-0.09377779823182551,1,3,3,3,3,2,7.800000000000001,6.274074074074075,7.366666666666667,-0.09377779823182551
182485,1.0021134102147238,1,3,3,3,3,2,9.700000000000001,9.700000000000001,9.700000000000001,1.0021134102147238
182516,0.5835069963711336,1,4,4,4,4,2,9.425,9.425,9.425,0.5835069963711336
182524,-2.870858447994044,1,1,1,1,1,1,,3.75,0.0,-2.870858447994044
182525,0.31626078595581036,1,3,3,3,3,2,8.666666666666666,8.666666666666666,8.666666666666666,0.31626078595581036
182539,0.6250251180250862,1,3,3,1,3,2,9.0,9.0,9.0,0.6250251180250862
182580,0.6948258311749551,1,4,4,4,4,2,9.75,9.75,9.75,0.6948258311749551
182589,0.43544769569274244,1,4,4,3,4,2,9.925,9.925,9.925,0.43544769569274244
182658,-0.412041793107674,1,3,3,3,3,2,5.766666666666667,5.766666666666667,5.766666666666667,-0.412041793107674
182670,0.4928279290493985,1,1,1,1,1,1,9.1,9.1,9.1,0.4928279290493985
182691,-0.33918556627809643,1,6,6,5,3,3,7.44,7.329166666666667,7.166666666666667,-0.33918556627809643
183120,-0.22402218587144762,1,3,3,2,3,1,8.700000000000001,8.700000000000001,8.700000000000001,-0.22402218587144762
183187,-0.6461429480052013,1,3,3,3,2,2,9.05,7.455555555555556,6.033333333333334,-0.6461429480052013
183520,-0.5086583793217008,1,3,3,3,3,2,8.1,8.1,8.1,-0.5086583793217008
183529,0.44648830640459397,1,3,3,3,3,1,9.6,9.6,9.6,0.44648830640459397
88493,-2.3461027234789866,0,1,1,1,1,1,,5.3549999999999995,0.5,-2.3461027234789866
111083,0.18080773245102053,0,1,1,1,1,1,10.0,10.0,10.0,0.18080773245102053
141549,0.26207386076994804,0,1,1,1,1,1,8.7,8.7,8.7,0.26207386076994804
145096,-0.4282734385941373,0,1,1,1,1,1,8.5,8.5,8.5,-0.4282734385941373
146503,-1.2810813976752284,0,1,1,1,1,1,3.4,3.4,3.4,-1.2810813976752284
148182,0.21949065475381513,0,3,3,2,3,2,9.85,8.366666666666667,8.9,0.21949065475381513
149147,-0.7029213868259561,0,2,2,2,2,1,9.8,9.8,5.2700000000000005,-0.7029213868259561
149242,-2.044375569904874,0,1,1,1,1,1,,5.8999999999999995,2.7,-2.044375569904874
149292,0.21957251299796385,0,1,1,1,1,1,8.1,8.1,8.1,0.21957251299796385
149356,-0.811929780702838,0,2,2,2,1,2,8.1,6.5625,4.95,-0.811929780702838
149449,-1.456922114956328,0,1,1,1,1,1,0.0,0.0,0.0,-1.456922114956328
150996,-2.3399112055621845,0,2,2,2,1,2,4.4,4.4,4.4,-2.3399112055621845
151457,-0.14688066771936475,0,4,4,4,3,2,8.666666666666666,8.25,8.25,-0.14688066771936475
151487,0.07387493998827763,0,1,1,1,1,1,7.8,7.8,7.8,0.07387493998827763
151524,-0.47403800701476706,0,1,1,1,1,1,9.1,9.1,9.1,-0.47403800701476706
151533,-0.5096675220852116,0,4,4,3,2,4,3.733333333333334,3.3968750000000005,4.050000000000001,-0.5096675220852116
152062,-1.727368705399359,0,1,1,1,1,1,,7.3,6.9,-1.727368705399359
152249,0.19307242041655112,0,1,1,1,1,1,9.7,9.7,9.7,0.19307242041655112
152934,0.10226298043773395,0,1,1,1,1,1,7.3,7.3,7.3,0.10226298043773395
153142,0.510690638679045,0,1,1,1,1,1,10.0,10.0,10.0,0.510690638679045
153270,1.3743960286833758,0,1,1,1,1,1,7.9,7.9,7.9,1.3743960286833758
153774,0.6369576487464583,0,3,3,3,3,2,9.466666666666667,9.466666666666667,9.466666666666667,0.6369576487464583
153896,-0.9600708840362375,0,3,3,3,1,2,4.8999999999999995,4.752777777777777,5.133333333333333,-0.9600708840362375
154011,0.5200910028215924,0,3,3,3,3,2,9.299999999999999,9.299999999999999,9.299999999999999,0.5200910028215924
154059,0.1663734021000796,0,1,1,1,1,1,7.5,7.5,7.5,0.1663734021000796
154302,0.7452589657194741,0,1,1,1,1,1,9.2,9.2,9.2,0.7452589657194741
154329,0.5280150689739688,0,3,3,3,3,2,8.766666666666666,8.766666666666666,8.766666666666666,0.5280150689739688
154472,-1.546392063489789,0,1,1,1,1,1,,4.588888888888889,3.0,-1.546392063489789
154666,0.7339302060669379,0,1,1,1,1,1,8.9,8.9,8.9,0.7339302060669379
154677,-0.0404404089925298,0,1,1,1,1,1,7.5,7.5,7.5,-0.0404404089925298
154723,-1.8407183854350355,0,1,1,1,1,1,0.0,0.0,0.0,-1.8407183854350355
155122,-1.28293150004215,0,2,2,2,1,2,5.3,5.3,5.3,-1.28293150004215
155221,0.39642996262903923,0,1,1,1,1,1,9.9,9.9,9.9,0.39642996262903923
155623,0.19707765933631316,0,3,3,3,3,2,8.6,8.6,8.6,0.19707765933631316
155634,-1.1598034316908108,0,2,2,2,1,2,5.8,5.442857142857143,5.35,-1.1598034316908108
155700,0.3766335224771744,0,1,1,1,1,1,9.5,9.5,9.5,0.3766335224771744
155843,-0.9837628345388917,0,1,1,1,1,1,8.6,8.6,8.6,-0.9837628345388917
156018,0.6021683105592263,0,1,1,1,1,1,10.0,10.0,10.0,0.6021683105592263
156192,0.142520502939489,0,1,1,1,1,1,9.4,9.4,9.4,0.142520502939489
156400,0.767301944245931,0,1,1,1,1,1,9.5,9.5,9.5,0.767301944245931
156546,-1.1106862498120862,0,4,4,4,2,3,7.15,7.15,7.15,-1.1106862498120862
156695,-1.644890827221559,0,1,1,1,1,1,,4.457142857142857,1.0,-1.644890827221559
156816,-1.4662960166943875,0,2,2,2,1,2,7.5,6.0375,4.2,-1.4662960166943875
156840,-2.517262053087564,0,1,1,1,1,1,,3.75,0.0,-2.517262053087564
156841,0.22174343944016356,0,1,1,1,1,1,9.3,9.3,9.3,0.22174343944016356
156910,0.11198255193820177,0,1,1,1,1,1,9.2,9.2,9.2,0.11198255193820177
157032,-0.26128367613924847,0,1,1,1,1,1,5.7,5.7,5.7,-0.26128367613924847
157150,0.17097694029876817,0,2,2,2,2,1,8.8,8.8,8.8,0.17097694029876817
157265,-0.4481621334189179,0,1,1,1,1,1,,4.833333333333332,6.7,-0.4481621334189179
157293,0.47416565251959225,0,1,1,1,1,1,9.7,9.7,9.7,0.47416565251959225
157496,-0.9297597873242429,0,2,2,2,1,2,7.7,6.216666666666667,5.5,-0.9297597873242429
157794,-1.0144939542279618,0,1,1,1,1,1,7.9,7.9,7.9,-1.0144939542279618
157880,-0.19464327811801665,0,1,1,1,1,1,5.8,5.8,5.8,-0.19464327811801665
157980,-0.9449563168928965,0,2,2,2,1,1,5.1,5.1,5.1,-0.9449563168928965
158100,-1.644890827221559,0,1,1,1,1,1,1.0,1.0,1.0,-1.644890827221559
158188,0.583102377574673,0,1,1,1,1,1,9.3,9.3,9.3,0.583102377574673
158197,-3.262203213641869,0,1,1,1,1,1,1.0,1.0,1.0,-3.262203213641869
158276,-0.9546197579137076,0,2,2,2,1,1,8.3,7.0,6.1000000000000005,-0.9546197579137076
158304,0.4087452380932475,0,2,2,2,2,2,8.6,8.6,8.6,0.4087452380932475
158394,-0.5181304893201892,0,2,2,2,1,1,7.6,7.199999999999999,7.199999999999999,-0.5181304893201892
158396,0.761199949603315,0,1,1,1,1,1,9.0,9.0,9.0,0.761199949603315
158434,0.728085002391247,0,1,1,1,1,1,9.2,9.2,9.2,0.728085002391247
158454,0.2310302719235439,0,1,1,1,1,1,9.3,9.3,9.3,0.2310302719235439
158493,-1.6424004205785385,0,1,1,1,1,1,5.9,5.9,5.9,-1.6424004205785385
158504,0.14198326290036176,0,1,1,1,1,1,7.5,7.5,7.5,0.14198326290036176
158650,-0.022054216396259114,0,1,1,1,1,1,9.1,9.1,9.1,-0.022054216396259114
158716,-1.9544366541577076,0,1,1,1,1,1,3.0,3.0,3.0,-1.9544366541577076
158739,-3.1883774294622844,0,2,2,2,2,2,0.55,0.55,0.55,-3.1883774294622844
158815,-0.6870600806952732,0,6,6,4,4,3,5.816666666666666,5.816666666666666,5.816666666666666,-0.6870600806952732
158840,0.47484397485432006,0,1,1,1,1,1,9.4,9.4,9.4,0.47484397485432006
158874,-1.377385256500219,0,3,3,3,2,2,7.949999999999999,7.8,5.793333333333333,-1.377385256500219
158882,-0.3784107636462599,0,2,2,2,2,1,8.350000000000001,8.350000000000001,8.350000000000001,-0.3784107636462599
158902,-3.713336063281603,0,1,1,1,1,1,,3.75,0.0,-3.713336063281603
158922,0.8151479482461375,0,1,1,1,1,1,10.0,10.0,10.0,0.8151479482461375
158930,0.31793851746395047,0,3,3,3,3,1,8.633333333333333,8.633333333333333,8.633333333333333,0.31793851746395047
158955,0.03664432184601945,0,3,3,3,3,2,8.133333333333333,8.133333333333333,8.133333333333333,0.03664432184601945
158959,0.05894184227431116,0,1,1,1,1,1,9.0,9.0,9.0,0.05894184227431116
158979,0.318755341741056,0,2,2,2,2,1,9.0,9.0,9.0,0.318755341741056
158991,0.25739273132064366,0,1,1,1,1,1,9.5,9.5,9.5,0.25739273132064366
159054,0.4148880192147102,0,2,2,2,2,1,8.850000000000001,8.850000000000001,8.850000000000001,0.4148880192147102
159061,0.3072300006126631,0,1,1,1,1,1,9.2,9.2,9.2,0.3072300006126631
159064,0.47416565251959225,0,1,1,1,1,1,9.7,9.7,9.7,0.47416565251959225
159073,-0.7667898240936711,0,2,2,2,2,1,9.4,7.9,7.9,-0.7667898240936711
159081,0.01702764332369004,0,1,1,1,1,1,8.9,8.9,8.9,0.01702764332369004
159105,0.840530934793372,0,2,2,2,2,2,9.65,9.65,9.65,0.840530934793372
159109,0.05894184227431116,0,1,1,1,1,1,9.0,9.0,9.0,0.05894184227431116
159185,-0.4058909293834108,0,1,1,1,1,1,,4.050000000000001,5.9,-0.4058909293834108
159210,0.8519614218377523,0,1,1,1,1,1,9.7,9.7,9.7,0.8519614218377523
159221,-0.33493465120459837,0,1,1,1,1,1,8.3,8.3,8.3,-0.33493465120459837
159224,-0.8739416729408006,0,3,3,3,2,3,7.266666666666667,7.266666666666667,7.266666666666667,-0.8739416729408006
159233,1.0817639409562725,0,2,2,2,2,1,9.85,9.85,9.85,1.0817639409562725
159262,0.39170161463675873,0,1,1,1,1,1,8.9,8.9,8.9,0.39170161463675873
159272,0.45127297049723264,0,1,1,1,1,1,9.9,9.9,9.9,0.45127297049723264
159350,0.060649095089715874,0,1,1,1,1,1,9.2,9.2,9.2,0.060649095089715874
159387,-0.1645037122800022,0,2,2,2,1,2,9.6,6.975,5.3999999999999995,-0.1645037122800022
159396,0.689869062757489,0,1,1,1,1,1,9.7,9.7,9.7,0.689869062757489
159426,0.5645901772688413,0,1,1,1,1,1,9.4,9.4,9.4,0.5645901772688413
159437,-2.27496955774721,0,3,3,3,2,2,0.03333333333333333,0.03333333333333333,0.03333333333333333,-2.27496955774721
159460,-4.736616438752228,0,1,1,1,1,1,,,1.4800000000000002,-4.736616438752228
159490,0.08982500399289861,0,4,4,4,3,2,7.933333333333334,7.4375,7.625,0.08982500399289861
159518,0.4780838317805239,0,1,1,1,1,1,10.0,10.0,10.0,0.4780838317805239
159522,-0.5274569321533753,0,1,1,1,1,1,6.7,6.7,6.7,-0.5274569321533753
159535,-0.40548474257223016,0,1,1,1,1,1,8.3,8.3,8.3,-0.40548474257223016
159577,0.7050015702073653,0,1,1,1,1,1,8.8,8.8,8.8,0.7050015702073653
159605,-0.34586424839897745,0,1,1,1,1,1,8.7,8.7,8.7,-0.34586424839897745
159641,0.3775720728158727,0,2,2,2,2,1,9.75,9.75,9.75,0.3775720728158727
159723,0.8030260614870526,0,2,2,2,2,1,9.850000000000001,9.850000000000001,9.850000000000001,0.8030260614870526
159749,0.09276548936602767,0,1,1,1,1,1,8.2,8.2,8.2,0.09276548936602767
159803,-0.5478218315315886,0,3,3,3,2,2,8.5,5.666666666666667,5.666666666666667,-0.5478218315315886
159828,0.21390276531578845,0,3,3,3,3,2,8.666666666666666,8.666666666666666,8.666666666666666,0.21390276531578845
159831,-0.02247851790081605,0,2,2,2,1,2,4.65,4.65,4.65,-0.02247851790081605
159838,0.6314020307474566,0,4,4,4,4,2,9.3,9.3,9.3,0.6314020307474566
159868,0.20517292309879925,0,2,2,2,2,1,8.3,8.3,8.3,0.20517292309879925
159900,-1.6930309883774224,0,1,1,1,1,1,1.1,1.1,1.1,-1.6930309883774224
159904,-0.7698192184339512,0,7,7,5,4,3,7.8,6.395238095238095,5.957142857142857,-0.7698192184339512
159925,0.049061990083793756,0,1,1,1,1,1,7.7,7.7,7.7,0.049061990083793756
159940,0.1339576206688193,0,1,1,1,1,1,9.5,9.5,9.5,0.1339576206688193
159956,-0.021525643571926916,0,3,3,2,3,2,8.299999999999999,8.299999999999999,8.299999999999999,-0.021525643571926916
159959,-0.37848266602367225,0,2,2,2,2,1,8.0,6.333333333333334,6.7,-0.37848266602367225
159988,0.7339302060669379,0,1,1,1,1,1,8.9,8.9,8.9,0.7339302060669379
160003,-0.8152185643977748,0,5,5,5,3,3,8.275,8.065000000000001,7.9,-0.8152185643977748
160015,-3.571741992416985,0,1,1,1,1,1,,1.6,1.6,-3.571741992416985
160060,0.6471442984882195,0,1,1,1,1,1,8.6,8.6,8.6,0.6471442984882195
160069,-0.13807473060744277,0,1,1,1,1,1,8.5,8.5,8.5,-0.13807473060744277
160072,0.43616963282990273,0,1,1,1,1,1,9.9,9.9,9.9,0.43616963282990273
160082,-2.239528086751777,0,3,3,2,1,2,1.1666666666666667,1.1666666666666667,1.1666666666666667,-2.239528086751777
160085,0.4780838317805239,0,1,1,1,1,1,10.0,10.0,10.0,0.4780838317805239
160104,-1.3559407417098033,0,4,4,4,3,2,8.266666666666666,7.8583333333333325,6.9,-1.3559407417098033
160110,0.8102493844740949,0,1,1,1,1,1,10.0,10.0,10.0,0.8102493844740949
160182,-0.6201301215151239,0,2,2,2,1,2,6.8,5.574999999999999,4.0,-0.6201301215151239
160190,0.07416015151362584,0,2,2,2,2,1,8.05,8.05,8.05,0.07416015151362584
160192,-2.380232476801934,0,4,4,4,3,2,8.4,7.725,3.6108333333333333,-2.380232476801934
160219,-2.9516201903237826,0,5,5,5,2,3,1.425,2.1450000000000005,2.56,-2.9516201903237826
160260,-0.3241504608390701,0,5,5,5,3,2,7.35,6.93,6.58,-0.3241504608390701
160261,1.082398765068176,0,2,2,2,2,1,9.5,9.5,9.5,1.082398765068176
160298,-1.9544366541577076,0,1,1,1,1,1,,5.8428571428571425,3.0,-1.9544366541577076
160337,0.35689678149458914,0,1,1,1,1,1,7.5,7.5,7.5,0.35689678149458914
160426,0.07619406097067649,0,2,2,2,2,2,8.4,8.4,8.4,0.07619406097067649
160427,0.34599997709241603,0,1,1,1,1,1,8.4,8.4,8.4,0.34599997709241603
160430,0.5565645880590352,0,1,1,1,1,1,8.5,8.5,8.5,0.5565645880590352
160485,-1.1117065127109973,0,1,1,1,1,1,7.5,7.5,7.5,-1.1117065127109973
160490,-0.08015025155601295,0,1,1,1,1,1,,4.24,7.0,-0.08015025155601295
160520,0.27644127344902975,0,2,2,2,2,2,8.8,8.8,8.8,0.27644127344902975
160530,-0.18597231696374114,0,2,2,2,1,2,8.2,6.6,4.1,-0.18597231696374114
160545,-0.014238160618839563,0,2,2,2,2,1,5.6,5.775,6.25,-0.014238160618839563
160549,-1.2462035722672609,0,4,4,4,3,3,7.35,7.35,7.35,-1.2462035722672609
160552,-4.010174149317905,0,1,1,1,1,1,1.1,1.1,1.1,-4.010174149317905
160564,0.43616963282990273,0,1,1,1,1,1,9.9,9.9,9.9,0.43616963282990273
160568,-0.334257799308783,0,3,3,2,3,2,8.5,8.5,8.5,-0.334257799308783
160569,0.3104270359780386,0,1,1,1,1,1,9.6,9.6,9.6,0.3104270359780386
160583,0.5233998509590928,0,1,1,1,1,1,8.4,8.4,8.4,0.5233998509590928
160628,-0.6217784956887881,0,1,1,1,1,1,7.5,7.5,7.5,-0.6217784956887881
160657,0.9846315754013134,0,1,1,1,1,1,10.0,10.0,10.0,0.9846315754013134
160668,0.009766620416942685,0,1,1,1,1,1,,5.25,7.0,0.009766620416942685
160682,0.20892267152649666,0,1,1,1,1,1,9.4,9.4,9.4,0.20892267152649666
160698,0.6469425853068473,0,4,4,4,4,2,8.9,8.9,8.9,0.6469425853068473
160748,-1.9896150546530111,0,2,2,2,1,1,4.55,4.55,4.55,-1.9896150546530111
160786,0.4242690972347005,0,2,2,2,2,2,10.0,10.0,10.0,0.4242690972347005
160799,-1.5679488421579293,0,2,2,2,1,1,7.5,6.49,3.75,-1.5679488421579293
160917,-2.239624441082852,0,1,1,1,1,1,0.0,0.0,0.0,-2.239624441082852
160953,-2.0687408555772513,0,1,1,1,1,1,,4.633333333333334,0.0,-2.0687408555772513
160964,0.25739273132064366,0,1,1,1,1,1,9.5,9.5,9.5,0.25739273132064366
160980,0.25739273132064366,0,1,1,1,1,1,9.5,9.5,9.5,0.25739273132064366
160989,-1.809310747838358,0,1,1,1,1,1,3.7,3.7,3.7,-1.809310747838358
160996,-1.2311493762615555,0,5,5,5,2,3,3.9,3.9,3.9,-1.2311493762615555
160998,-0.7120394401969723,0,9,9,8,3,4,5.242857142857143,5.197875816993464,5.51111111111111,-0.7120394401969723
161008,0.3058627911147907,0,1,1,1,1,1,9.6,9.6,9.6,0.3058627911147907
161021,-1.387332800500439,0,8,8,8,3,4,4.266666666666667,3.857954545454545,3.1999999999999997,-1.387332800500439
161044,-0.0441685792541476,0,3,3,3,2,2,9.6,8.883333333333333,8.866666666666667,-0.0441685792541476
161050,-2.8737962192134288,0,1,1,1,1,1,0.7,0.7,0.7,-2.8737962192134288
161072,-0.21184741673778948,0,3,3,3,3,1,8.033333333333333,8.033333333333333,8.033333333333333,-0.21184741673778948
161078,0.11977711035360399,0,1,1,1,1,1,8.1,8.1,8.1,0.11977711035360399
161079,0.2265986380767964,0,1,1,1,1,1,9.4,9.4,9.4,0.2265986380767964
161097,-3.3608149013754685,0,1,1,1,1,1,0.0,0.0,0.0,-3.3608149013754685
161104,-1.8976259573367114,0,1,1,1,1,1,1.1,1.1,1.1,-1.8976259573367114
161129,0.6516395652453847,0,3,3,3,3,2,9.333333333333334,9.333333333333334,9.333333333333334,0.6516395652453847
161140,-0.9127044875559703,0,7,7,6,3,4,5.6000000000000005,5.767857142857143,5.628571428571428,-0.9127044875559703
161166,0.5151408945785547,0,2,2,2,2,1,8.55,8.55,8.55,0.5151408945785547
161194,-1.5868814531600295,0,4,4,4,3,2,3.825,3.825,3.825,-1.5868814531600295
161202,0.47416565251959225,0,1,1,1,1,1,9.7,9.7,9.7,0.47416565251959225
161234,-0.4364459171264546,0,1,1,1,1,1,5.3,5.3,5.3,-0.4364459171264546
161236,0.4810709202764087,0,1,1,1,1,1,9.2,9.2,9.2,0.4810709202764087
161247,-0.09873105558349742,0,3,3,3,2,2,9.7,8.816666666666668,8.766666666666667,-0.09873105558349742
161264,-0.7139283423936836,0,1,1,1,1,1,,4.375,4.5,-0.7139283423936836
161303,0.2685128370274175,0,1,1,1,1,1,9.5,9.5,9.5,0.2685128370274175
161389,0.005777201284646762,0,1,1,1,1,1,7.6,7.6,7.6,0.005777201284646762
161393,-0.26963980383768976,0,1,1,1,1,1,7.9,7.9,7.9,-0.26963980383768976
161395,-0.3086759864685295,0,1,1,1,1,1,5.3,5.3,5.3,-0.3086759864685295
161416,-0.6329543968717516,0,5,5,5,3,3,5.82,5.82,5.82,-0.6329543968717516
161421,-0.44332743509598976,0,3,3,3,2,2,7.533333333333334,7.533333333333334,7.533333333333334,-0.44332743509598976
161436,0.04817908306457558,0,2,2,2,1,1,8.0,6.921428571428571,7.35,0.04817908306457558
161450,0.6480614740161762,0,1,1,1,1,1,10.0,10.0,10.0,0.6480614740161762
161509,0.0014596853415602777,0,1,1,1,1,1,,5.5058823529411764,6.3,0.0014596853415602777
161514,0.3861795563428102,0,2,2,2,2,1,8.95,8.95,8.95,0.3861795563428102
161532,0.5177210790683311,0,1,1,1,1,1,10.0,10.0,10.0,0.5177210790683311
161550,0.5576929065312772,0,3,3,2,3,2,8.966666666666667,8.966666666666667,8.966666666666667,0.5576929065312772
161564,-0.29344328326834807,0,1,1,1,1,1,6.0,6.0,6.0,-0.29344328326834807
161573,0.6667527266122559,0,1,1,1,1,1,9.2,9.2,9.2,0.6667527266122559
161577,-2.3380853307145903,0,1,1,1,1,1,,5.8428571428571425,2.1,-2.3380853307145903
161581,-0.6642901926294318,0,1,1,1,1,1,5.2,5.2,5.2,-0.6642901926294318
161637,0.4997430302913797,0,1,1,1,1,1,10.0,10.0,10.0,0.4997430302913797
161640,0.36650863613154183,0,1,1,1,1,1,9.1,9.1,9.1,0.36650863613154183
161645,-0.8224583276306723,0,1,1,1,1,1,,6.6571428571428575,7.2,-0.8224583276306723
161648,0.7222755869775187,0,1,1,1,1,1,10.0,10.0,10.0,0.7222755869775187
161664,-2.24832494750511,0,1,1,1,1,1,3.5,3.5,3.5,-2.24832494750511
161671,0.6610487744733393,0,2,2,2,2,1,9.9,9.9,9.9,0.6610487744733393
161672,-0.25637298271433434,0,4,4,4,3,3,9.1,8.614999999999998,8.425,-0.25637298271433434
161673,0.4525499960906599,0,3,3,3,3,1,8.866666666666667,8.866666666666667,8.866666666666667,0.4525499960906599
161678,0.4735724833307832,0,1,1,1,1,1,8.0,8.0,8.0,0.4735724833307832
161679,0.14414432578851222,0,2,2,2,2,1,8.4,8.4,8.4,0.14414432578851222
161680,-0.5697711419850079,0,1,1,1,1,1,7.5,7.5,7.5,-0.5697711419850079
161681,0.818948553404979,0,3,3,3,3,1,9.366666666666667,9.366666666666667,9.366666666666667,0.818948553404979
161683,0.5765388160307839,0,2,2,2,2,1,9.6,9.6,9.6,0.5765388160307839
161692,-2.0687408555772513,0,1,1,1,1,1,0.0,0.0,0.0,-2.0687408555772513
161700,-0.27090603340380814,0,3,3,3,3,2,9.0,7.233333333333333,8.466666666666667,-0.27090603340380814
161703,-0.3412716257964757,0,1,1,1,1,1,6.6,6.6,6.6,-0.3412716257964757
161707,1.037999931277248,0,1,1,1,1,1,9.4,9.4,9.4,1.037999931277248
161715,0.5361995494878748,0,2,2,2,2,2,9.75,9.75,9.75,0.5361995494878748
161730,-0.5856520333000403,0,5,5,5,3,2,8.9,7.3566666666666665,6.880000000000001,-0.5856520333000403
161734,-0.9125722534319173,0,2,2,2,2,1,3.9,4.366666666666666,5.45,-0.9125722534319173
161738,0.5160409451880081,0,3,3,3,3,2,9.0,9.0,9.0,0.5160409451880081
161747,0.01702764332369004,0,1,1,1,1,1,8.9,8.9,8.9,0.01702764332369004
161798,-0.3379602926466446,0,5,5,5,3,3,8.1,7.7333333333333325,7.9,-0.3379602926466446
161799,0.5191675180990755,0,2,2,2,2,1,8.75,8.75,8.75,0.5191675180990755
161806,0.35175264237897685,0,2,2,2,2,2,9.100000000000001,9.100000000000001,9.100000000000001,0.35175264237897685
161810,0.3474554051835919,0,1,1,1,1,1,8.4,8.4,8.4,0.3474554051835919
161816,-0.13860884140446356,0,3,3,3,3,1,7.8,7.8,7.8,-0.13860884140446356
161819,0.09546217264540022,0,2,2,2,2,1,9.100000000000001,9.100000000000001,9.100000000000001,0.09546217264540022
161821,0.8369915455994561,0,3,3,3,3,1,9.866666666666667,9.866666666666667,9.866666666666667,0.8369915455994561
161823,-1.0058131270068884,0,2,2,2,2,1,8.8,6.816666666666666,4.4,-1.0058131270068884
161824,0.028596587169197416,0,1,1,1,1,1,8.7,8.7,8.7,0.028596587169197416
161825,0.19577663523527722,0,1,1,1,1,1,9.0,9.0,9.0,0.19577663523527722
161826,0.6937169583600489,0,3,3,3,3,1,9.733333333333333,9.733333333333333,9.733333333333333,0.6937169583600489
161829,-0.5334629154876606,0,3,3,3,3,1,7.766666666666666,7.766666666666666,7.766666666666666,-0.5334629154876606
161830,0.03316849620061065,0,3,3,3,3,1,8.766666666666667,8.766666666666667,8.766666666666667,0.03316849620061065
161831,0.9079150456614989,0,4,4,4,4,2,9.725,9.725,9.725,0.9079150456614989
161834,0.4521413203657292,0,2,2,2,2,1,9.7,9.7,9.7,0.4521413203657292
161836,1.029497496840273,0,1,1,1,1,1,10.0,10.0,10.0,1.029497496840273
161840,0.41770753077484274,0,1,1,1,1,1,7.9,7.9,7.9,0.41770753077484274
161842,0.46885105690304324,0,5,5,5,5,2,8.72,8.72,8.72,0.46885105690304324
161845,0.05750562677029899,0,3,3,3,3,2,8.333333333333334,8.333333333333334,8.333333333333334,0.05750562677029899
161846,-0.3057635089629612,0,1,1,1,1,1,8.1,8.1,8.1,-0.3057635089629612
161851,-0.6401236050951198,0,1,1,1,1,1,7.5,7.5,7.5,-0.6401236050951198
161852,-0.4493149043906293,0,4,4,3,3,2,7.075,7.075,7.075,-0.4493149043906293
161857,0.25437777497210695,0,3,3,2,3,1,9.5,9.5,9.5,0.25437777497210695
161860,0.6761643426995593,0,1,1,1,1,1,9.9,9.9,9.9,0.6761643426995593
161867,0.2260557180616673,0,1,1,1,1,1,9.4,9.4,9.4,0.2260557180616673
161869,-0.865835446403134,0,6,6,6,3,3,4.566666666666666,4.566666666666666,4.566666666666666,-0.865835446403134
161874,0.3362140392947271,0,2,2,2,2,2,9.6,9.6,9.6,0.3362140392947271
161875,0.3808606153480816,0,2,2,2,2,1,8.600000000000001,8.600000000000001,8.600000000000001,0.3808606153480816
161876,-0.6382175788756224,0,1,1,1,1,1,9.0,9.0,9.0,-0.6382175788756224
161882,0.8151479482461375,0,1,1,1,1,1,10.0,10.0,10.0,0.8151479482461375
161883,-1.134209424388051,0,2,2,1,2,1,6.25,6.25,6.25,-1.134209424388051
161884,-0.6691421018362356,0,5,5,5,3,2,8.725,8.48,7.308888888888889,-0.6691421018362356
161896,1.1649597082142935,0,2,2,2,2,1,9.4,9.4,9.4,1.1649597082142935
161898,0.30183331820656306,0,2,2,2,2,1,9.05,9.05,9.05,0.30183331820656306
161902,0.855047221958518,0,1,1,1,1,1,9.4,9.4,9.4,0.855047221958518
161914,0.31197900939765355,0,2,2,2,2,2,9.55,9.55,9.55,0.31197900939765355
161920,0.0803495883906663,0,3,3,3,3,1,8.9,8.9,8.9,0.0803495883906663
161921,0.7324069790917852,0,3,3,2,3,1,9.533333333333333,9.533333333333333,9.533333333333333,0.7324069790917852
161924,-0.15440368232097196,0,1,1,1,1,1,9.0,9.0,9.0,-0.15440368232097196
161926,-0.09209820428180165,0,2,2,2,2,1,8.399999999999999,8.399999999999999,8.399999999999999,-0.09209820428180165
161927,0.5319014817390955,0,2,2,2,2,1,9.5,9.5,9.5,0.5319014817390955
161934,-0.6402671680696718,0,1,1,1,1,1,,2.4307692307692306,1.8,-0.6402671680696718
161936,0.7055236752399716,0,1,1,1,1,1,7.6,7.6,7.6,0.7055236752399716
161940,-0.48529960219541596,0,3,3,2,3,1,7.966666666666666,7.966666666666666,7.966666666666666,-0.48529960219541596
161944,0.7034823430487487,0,3,3,3,3,1,9.633333333333333,9.633333333333333,9.633333333333333,0.7034823430487487
161950,0.362956683301357,0,1,1,1,1,1,9.3,9.3,9.3,0.362956683301357
161951,-0.41721687434034704,0,1,1,1,1,1,7.9,7.9,7.9,-0.41721687434034704
161954,-0.6620745528675052,0,5,5,5,3,3,6.34,6.34,6.34,-0.6620745528675052
161955,-0.6311102842494377,0,3,3,3,2,2,8.6,7.206666666666666,6.866666666666667,-0.6311102842494377
161956,0.028596587169197416,0,1,1,1,1,1,8.7,8.7,8.7,0.028596587169197416
161957,0.3072300006126631,0,1,1,1,1,1,9.2,9.2,9.2,0.3072300006126631
161961,0.35234123492865976,0,1,1,1,1,1,9.7,9.7,9.7,0.35234123492865976
161963,-1.6515352133388983,0,2,2,2,2,1,8.3,6.550000000000001,4.15,-1.6515352133388983
161964,1.1345954180446816,0,2,2,2,2,1,10.0,10.0,10.0,1.1345954180446816
161967,0.2265986380767964,0,1,1,1,1,1,9.4,9.4,9.4,0.2265986380767964
161971,0.4780838317805239,0,1,1,1,1,1,10.0,10.0,10.0,0.4780838317805239
161972,0.28451115484574696,0,2,2,2,2,1,8.55,8.55,8.55,0.28451115484574696
161973,0.9687999358587652,0,1,1,1,1,1,9.3,9.3,9.3,0.9687999358587652
161978,0.7268318005229545,0,2,2,2,2,2,9.8,9.8,9.8,0.7268318005229545
161979,-0.6198389665384045,0,2,2,2,2,2,6.1,6.1,6.1,-0.6198389665384045
161982,0.06948636944249328,0,2,2,2,2,1,7.8,7.8,7.8,0.06948636944249328
161989,0.35564572799872424,0,3,3,3,3,1,9.333333333333334,9.333333333333334,9.333333333333334,0.35564572799872424
161990,-0.48306928654921344,0,3,3,3,3,2,5.6000000000000005,5.6000000000000005,5.6000000000000005,-0.48306928654921344
161992,0.17437253683290968,0,2,2,2,2,1,8.85,8.85,8.85,0.17437253683290968
161993,0.8593992723719567,0,2,2,2,2,1,9.95,9.95,9.95,0.8593992723719567
161997,0.27081348566180513,0,3,3,3,3,3,8.733333333333333,8.733333333333333,8.733333333333333,0.27081348566180513
161999,0.7055236752399716,0,1,1,1,1,1,7.6,7.6,7.6,0.7055236752399716
162000,-1.7036158605484113,0,1,1,1,1,1,,4.65,3.3,-1.7036158605484113
162004,0.47453223414925966,0,1,1,1,1,1,9.5,9.5,9.5,0.47453223414925966
162007,1.4531999037881471,0,1,1,1,1,1,10.0,10.0,10.0,1.4531999037881471
162009,0.4355014916597395,0,3,3,2,3,1,9.133333333333333,9.133333333333333,9.133333333333333,0.4355014916597395
162010,0.17555275884621957,0,3,3,3,3,1,8.966666666666667,8.966666666666667,8.966666666666667,0.17555275884621957
162016,0.38770227856493017,0,1,1,1,1,1,10.0,10.0,10.0,0.38770227856493017
162020,0.2874657607983727,0,2,2,2,2,1,8.5,8.5,8.5,0.2874657607983727
162021,-0.6145952743744552,0,2,2,2,1,1,7.9,5.825,3.95,-0.6145952743744552
162025,0.1879505215279128,0,2,2,2,2,1,8.45,8.45,8.45,0.1879505215279128
162030,0.8400824613538528,0,2,2,2,2,1,9.5,9.5,9.5,0.8400824613538528
162064,0.8596402969011877,0,3,3,3,3,1,9.933333333333334,9.933333333333334,9.933333333333334,0.8596402969011877
162066,-1.495835492995654,0,2,2,2,1,2,8.1,6.975,5.8,-1.495835492995654
162078,0.09915226425733059,0,2,2,2,2,1,8.85,8.85,8.85,0.09915226425733059
162090,0.4780838317805239,0,1,1,1,1,1,10.0,10.0,10.0,0.4780838317805239
162092,0.25739273132064366,0,1,1,1,1,1,9.5,9.5,9.5,0.25739273132064366
162094,-0.3831174568104593,0,2,2,1,2,1,8.35,8.35,8.35,-0.3831174568104593
162098,-2.2653825036078796,0,2,2,2,2,2,7.6,6.41,3.8,-2.2653825036078796
162100,0.7766090836621139,0,2,2,2,2,1,9.9,9.9,9.9,0.7766090836621139
162104,-0.08057266276743157,0,3,3,2,3,1,8.266666666666666,8.266666666666666,8.266666666666666,-0.08057266276743157
162105,0.8543853019008576,0,1,1,1,1,1,9.9,9.9,9.9,0.8543853019008576
162118,0.3104270359780386,0,1,1,1,1,1,9.6,9.6,9.6,0.3104270359780386
162119,0.2265986380767964,0,1,1,1,1,1,9.4,9.4,9.4,0.2265986380767964
162120,-2.161304557975326,0,3,3,3,2,2,7.0,5.844444444444444,3.6333333333333333,-2.161304557975326
162128,-0.1497401388398068,0,3,3,2,3,1,8.733333333333333,8.733333333333333,8.733333333333333,-0.1497401388398068
162129,-0.032528518770927536,0,1,1,1,1,1,8.5,8.5,8.5,-0.032528518770927536
162130,-1.4224475200805768,0,3,3,2,3,1,7.3999999999999995,7.3999999999999995,7.3999999999999995,-1.4224475200805768
162131,0.39425543387928164,0,1,1,1,1,1,9.8,9.8,9.8,0.39425543387928164
162136,0.5078091294302056,0,2,2,2,2,1,9.8,9.8,9.8,0.5078091294302056
162137,0.5733434907435823,0,2,2,2,2,1,9.15,9.15,9.15,0.5733434907435823
162140,0.42390563965926503,0,1,1,1,1,1,8.1,8.1,8.1,0.42390563965926503
162142,0.6529956165683553,0,1,1,1,1,1,8.8,8.8,8.8,0.6529956165683553
162143,0.21143537201103474,0,1,1,1,1,1,8.8,8.8,8.8,0.21143537201103474
162146,-0.4997038859179622,0,2,2,2,1,2,7.55,7.55,7.55,-0.4997038859179622
162148,-1.4145321903871977,0,1,1,1,1,1,3.5,3.5,3.5,-1.4145321903871977
162150,0.23051314929911249,0,1,1,1,1,1,8.6,8.6,8.6,0.23051314929911249
162152,-1.4772482331210581,0,4,4,4,3,2,7.15,7.15,7.15,-1.4772482331210581
162153,-1.2146645314527502,0,1,1,1,1,1,2.3,2.3,2.3,-1.2146645314527502
162156,-1.6303893982553692,0,1,1,1,1,1,0.9,0.9,0.9,-1.6303893982553692
162158,0.0744961432417474,0,3,3,3,3,1,8.799999999999999,8.799999999999999,8.799999999999999,0.0744961432417474
162159,0.9652927987270269,0,3,3,3,3,1,9.966666666666667,9.966666666666667,9.966666666666667,0.9652927987270269
162160,0.13650046091437684,0,2,2,2,2,1,8.75,8.75,8.75,0.13650046091437684
162162,-0.42759419388781117,0,1,1,1,1,1,7.7,7.7,7.7,-0.42759419388781117
162163,-1.046534937171352,0,4,4,4,1,3,3.733333333333333,3.7333333333333334,4.0,-1.046534937171352
162164,-0.03079007589435473,0,4,4,4,3,2,8.533333333333333,7.5472222222222225,7.325,-0.03079007589435473
162167,0.5295291246806618,0,1,1,1,1,1,8.7,8.7,8.7,0.5295291246806618
162168,-0.871117818160938,0,2,2,2,2,1,8.0,6.765625,5.75,-0.871117818160938
162170,-0.5557370593925162,0,4,4,4,3,4,6.233333333333333,5.822222222222222,6.125,-0.5557370593925162
162173,-0.052222326040731556,0,2,2,2,2,1,8.35,8.35,8.35,-0.052222326040731556
162176,-0.03591263711773642,0,3,3,2,3,1,9.299999999999999,9.299999999999999,9.299999999999999,-0.03591263711773642
162180,-0.3850245451887059,0,4,4,4,2,2,8.233333333333334,7.85,7.65,-0.3850245451887059
162181,-2.0210556879981776,0,1,1,1,1,1,,4.766666666666667,0.0,-2.0210556879981776
162190,1.315176492745605,0,1,1,1,1,1,9.3,9.3,9.3,1.315176492745605
162193,0.23473346541544013,0,3,3,3,3,1,8.799999999999999,8.799999999999999,8.799999999999999,0.23473346541544013
162194,-0.36312904265699836,0,3,3,3,3,1,8.25,7.711111111111111,7.666666666666667,-0.36312904265699836
162196,-0.5986261251151478,0,3,3,3,2,2,8.45,8.0,7.733333333333333,-0.5986261251151478
162199,0.5167812811210966,0,2,2,2,2,1,9.600000000000001,9.600000000000001,9.600000000000001,0.5167812811210966
162202,0.5823069073502773,0,1,1,1,1,1,8.3,8.3,8.3,0.5823069073502773
162203,-0.3415020138844042,0,6,6,5,4,3,7.55,6.648611111111111,6.016666666666667,-0.3415020138844042
162205,0.48379820460571155,0,1,1,1,1,1,10.0,10.0,10.0,0.48379820460571155
162207,0.6761643426995593,0,1,1,1,1,1,9.9,9.9,9.9,0.6761643426995593
162208,0.4393112917801928,0,1,1,1,1,1,9.1,9.1,9.1,0.4393112917801928
162213,0.5786626035792379,0,1,1,1,1,1,9.9,9.9,9.9,0.5786626035792379
162225,0.8376941862738281,0,1,1,1,1,1,9.4,9.4,9.4,0.8376941862738281
162228,0.6888857591238993,0,3,3,2,3,1,9.433333333333332,9.433333333333332,9.433333333333332,0.6888857591238993
162229,0.5874692055135267,0,2,2,2,2,1,8.95,8.95,8.95,0.5874692055135267
162230,0.6021683105592263,0,1,1,1,1,1,10.0,10.0,10.0,0.6021683105592263
162232,0.27856491651161874,0,3,3,3,3,2,8.266666666666667,8.266666666666667,8.266666666666667,0.27856491651161874
162239,0.483801887247667,0,2,2,2,2,2,9.5,9.5,9.5,0.483801887247667
162241,-1.0962168932492036,0,1,1,1,1,1,,5.625,0.0,-1.0962168932492036
162242,0.3860358177404677,0,3,3,2,3,1,9.833333333333334,9.833333333333334,9.833333333333334,0.3860358177404677
162246,0.33229273844798185,0,2,2,2,2,1,8.55,8.55,8.55,0.33229273844798185
162251,-0.2798651246220252,0,2,2,2,2,1,6.8500000000000005,6.8500000000000005,6.8500000000000005,-0.2798651246220252
162257,0.6032211895548473,0,1,1,1,1,1,9.0,9.0,9.0,0.6032211895548473
162261,0.18468443912617527,0,1,1,1,1,1,9.3,9.3,9.3,0.18468443912617527
162262,0.16045261173234965,0,1,1,1,1,1,9.3,9.3,9.3,0.16045261173234965
162263,0.9032175631151984,0,4,4,3,4,2,10.0,10.0,10.0,0.9032175631151984
162264,-0.17329873323282816,0,2,2,2,1,1,7.6,6.539999999999999,7.1,-0.17329873323282816
162278,-0.25469132780307135,0,3,3,3,3,2,8.833333333333334,8.833333333333334,8.833333333333334,-0.25469132780307135
162280,-0.4330403220476464,0,1,1,1,1,1,7.3,7.3,7.3,-0.4330403220476464
162289,0.6862902836628264,0,1,1,1,1,1,8.5,8.5,8.5,0.6862902836628264
162290,0.5301367313674358,0,1,1,1,1,1,9.6,9.6,9.6,0.5301367313674358
162299,-0.7571373140746432,0,6,6,6,4,2,6.7,5.458333333333333,5.45,-0.7571373140746432
162302,-0.2198494942365497,0,5,5,4,4,3,8.2,7.409999999999999,6.9799999999999995,-0.2198494942365497
162304,-0.5310014929754803,0,3,3,3,1,2,7.800000000000001,6.966666666666666,7.233333333333333,-0.5310014929754803
162305,1.1085445918757084,0,1,1,1,1,1,9.3,9.3,9.3,1.1085445918757084
162306,0.14226503168675686,0,4,4,3,3,2,8.1,8.1,8.1,0.14226503168675686
162308,0.6598983356077243,0,2,2,2,2,1,8.8,8.8,8.8,0.6598983356077243
162311,0.13411703460729113,0,4,4,4,3,3,9.033333333333333,7.99,6.975,0.13411703460729113
162313,-0.013869344973608977,0,3,3,3,3,1,8.333333333333334,8.333333333333334,8.333333333333334,-0.013869344973608977
162314,0.2302279491669894,0,4,4,4,4,2,8.55,8.55,8.55,0.2302279491669894
162329,0.6642746096118878,0,2,2,2,2,2,9.25,9.25,9.25,0.6642746096118878
162330,1.4531999037881471,0,1,1,1,1,1,10.0,10.0,10.0,1.4531999037881471
162333,0.9107542703377773,0,2,2,2,2,1,10.0,10.0,10.0,0.9107542703377773
162334,0.2671463064462528,0,1,1,1,1,1,9.8,9.8,9.8,0.2671463064462528
162337,-0.4872446206178325,0,5,5,5,4,2,8.575,8.36,7.6,-0.4872446206178325
162344,-0.3269793871623799,0,2,2,2,1,2,9.1,7.3625,4.55,-0.3269793871623799
162346,-0.3057635089629612,0,1,1,1,1,1,8.1,8.1,8.1,-0.3057635089629612
162347,0.362956683301357,0,1,1,1,1,1,9.3,9.3,9.3,0.362956683301357
162349,0.5301367313674358,0,1,1,1,1,1,9.6,9.6,9.6,0.5301367313674358
162350,0.48620505103008754,0,2,2,2,2,1,9.4,9.4,9.4,0.48620505103008754
162352,0.3072300006126631,0,1,1,1,1,1,9.2,9.2,9.2,0.3072300006126631
162356,-0.6569677601878234,0,2,2,2,1,2,10.0,6.3875,5.0,-0.6569677601878234
162367,-0.03619327137329148,0,1,1,1,1,1,7.5,7.5,7.5,-0.03619327137329148
162371,0.6021683105592263,0,1,1,1,1,1,10.0,10.0,10.0,0.6021683105592263
162374,0.3578579398924922,0,1,1,1,1,1,7.6,7.6,7.6,0.3578579398924922
162376,0.26449076098454327,0,2,2,2,2,1,8.850000000000001,8.850000000000001,8.850000000000001,0.26449076098454327
162382,0.39146234103361727,0,1,1,1,1,1,9.6,9.6,9.6,0.39146234103361727
162384,0.5786626035792379,0,1,1,1,1,1,9.9,9.9,9.9,0.5786626035792379
162389,0.8691967621806537,0,3,3,2,3,1,9.299999999999999,9.299999999999999,9.299999999999999,0.8691967621806537
162390,0.450549007135997,0,2,2,2,2,1,9.55,9.55,9.55,0.450549007135997
162391,-0.9462342044342913,0,2,2,2,2,1,8.8,7.783333333333333,7.75,-0.9462342044342913
162392,0.49583778958120284,0,2,2,2,2,2,9.45,9.45,9.45,0.49583778958120284
162395,0.008702307794658323,0,3,3,3,3,1,8.533333333333333,8.533333333333333,8.533333333333333,0.008702307794658323
162396,-2.0744890194183414,0,1,1,1,1,1,,2.35,4.7,-2.0744890194183414
162402,0.5605935588263048,0,1,1,1,1,1,8.9,8.9,8.9,0.5605935588263048
162404,0.871001539352328,0,2,2,2,2,1,9.8,9.8,9.8,0.871001539352328
162405,0.6097461876593521,0,1,1,1,1,1,9.9,9.9,9.9,0.6097461876593521
162406,0.4592464515569266,0,3,3,3,3,1,9.266666666666667,9.266666666666667,9.266666666666667,0.4592464515569266
162408,0.20288333516662208,0,3,3,3,3,1,8.733333333333333,8.733333333333333,8.733333333333333,0.20288333516662208
162413,-0.04607082018169306,0,3,3,3,2,2,7.85,6.783333333333334,7.233333333333333,-0.04607082018169306
162416,0.6111246256742028,0,4,4,4,4,1,9.325,9.325,9.325,0.6111246256742028
162420,-0.06180425017439964,0,1,1,1,1,1,7.9,7.9,7.9,-0.06180425017439964
162421,0.7741803187098306,0,2,2,2,2,1,10.0,10.0,10.0,0.7741803187098306
162425,0.19671129078193297,0,3,3,3,3,1,8.633333333333333,8.633333333333333,8.633333333333333,0.19671129078193297
162430,0.14004995254658428,0,1,1,1,1,1,8.9,8.9,8.9,0.14004995254658428
162432,0.6021683105592263,0,1,1,1,1,1,10.0,10.0,10.0,0.6021683105592263
162433,0.5385859338801483,0,1,1,1,1,1,9.8,9.8,9.8,0.5385859338801483
162434,-1.0962168932492036,0,1,1,1,1,1,,5.625,0.0,-1.0962168932492036
162435,-0.5843969224064268,0,1,1,1,1,1,7.6,7.6,7.6,-0.5843969224064268
162438,0.18241607386480072,0,1,1,1,1,1,8.6,8.6,8.6,0.18241607386480072
162441,0.6418160151584409,0,2,2,2,2,1,9.95,9.95,9.95,0.6418160151584409
162442,0.1231845020292649,0,3,3,2,3,1,8.933333333333332,8.933333333333332,8.933333333333332,0.1231845020292649
162444,0.5354228612445605,0,1,1,1,1,1,9.3,9.3,9.3,0.5354228612445605
162447,-1.1559146855383033,0,3,3,2,3,1,7.6,7.229166666666667,6.333333333333333,-1.1559146855383033
162450,-0.9297361168859398,0,1,1,1,1,1,,5.208695652173914,4.3,-0.9297361168859398
162451,-0.08673877775318942,0,5,5,4,3,2,8.666666666666666,7.743392857142856,7.76,-0.08673877775318942
162453,0.04753642791412442,0,2,2,2,2,1,8.9,8.9,8.9,0.04753642791412442
162454,0.834543248061089,0,2,2,2,2,1,9.25,9.25,9.25,0.834543248061089
162459,0.23051314929911249,0,1,1,1,1,1,8.6,8.6,8.6,0.23051314929911249
162461,0.8199228912184003,0,2,2,2,2,1,9.5,9.5,9.5,0.8199228912184003
162466,0.7845233367968415,0,1,1,1,1,1,9.6,9.6,9.6,0.7845233367968415
162474,0.3293004732248843,0,1,1,1,1,1,8.3,8.3,8.3,0.3293004732248843
162480,0.9036814435799075,0,3,3,3,3,1,9.9,9.9,9.9,0.9036814435799075
162482,0.362956683301357,0,1,1,1,1,1,9.3,9.3,9.3,0.362956683301357
162485,0.10586145831995601,0,2,2,2,2,1,8.65,8.65,8.65,0.10586145831995601
162487,0.10128299616491121,0,3,3,3,2,1,9.5,8.766666666666667,8.766666666666667,0.10128299616491121
162490,-2.017724925816352,0,2,2,2,2,1,9.7,4.85,4.85,-2.017724925816352
162493,0.7815380607747239,0,1,1,1,1,1,9.1,9.1,9.1,0.7815380607747239
162495,0.4046490626634527,0,3,3,3,3,1,9.366666666666667,9.366666666666667,9.366666666666667,0.4046490626634527
162496,0.0219813806076453,0,3,3,2,3,1,8.0,8.0,8.0,0.0219813806076453
162500,0.4469389570722382,0,3,3,3,3,1,9.033333333333333,9.033333333333333,9.033333333333333,0.4469389570722382
162501,-1.3041119977342057,0,4,4,3,4,3,6.233333333333333,4.675,4.675,-1.3041119977342057
162503,-2.3380853307145903,0,1,1,1,1,1,,5.8428571428571425,2.1,-2.3380853307145903
162506,0.8311586134183166,0,1,1,1,1,1,10.0,10.0,10.0,0.8311586134183166
162508,0.3955747275627738,0,1,1,1,1,1,7.2,7.2,7.2,0.3955747275627738
162509,0.5642879351336226,0,2,2,2,2,1,9.2,9.2,9.2,0.5642879351336226
162511,0.8151479482461375,0,1,1,1,1,1,10.0,10.0,10.0,0.8151479482461375
162513,0.4506158834050587,0,1,1,1,1,1,9.5,9.5,9.5,0.4506158834050587
162514,0.49008614067963036,0,3,3,3,3,1,9.6,9.6,9.6,0.49008614067963036
162517,0.8969743784841006,0,3,3,2,3,1,9.466666666666667,9.466666666666667,9.466666666666667,0.8969743784841006
162523,0.8498676679382378,0,3,3,3,3,1,9.966666666666667,9.966666666666667,9.966666666666667,0.8498676679382378
162524,0.5657559499776167,0,2,2,2,2,1,9.1,9.1,9.1,0.5657559499776167
162538,-0.6843543178270384,0,4,4,4,2,4,6.433333333333334,5.885,4.825,-0.6843543178270384
162541,0.9718653909613195,0,2,2,1,2,1,9.65,9.65,9.65,0.9718653909613195
162546,0.9625992499229259,0,3,3,3,3,1,9.700000000000001,9.700000000000001,9.700000000000001,0.9625992499229259
162552,0.27049005734401693,0,3,3,2,3,1,8.533333333333333,8.533333333333333,8.533333333333333,0.27049005734401693
162553,0.21957251299796385,0,1,1,1,1,1,8.1,8.1,8.1,0.21957251299796385
162557,-0.6635444345073515,0,2,2,2,2,1,8.1,8.1,8.1,-0.6635444345073515
162570,0.20345728663454332,0,1,1,1,1,1,8.0,8.0,8.0,0.20345728663454332
162571,0.5941700494332227,0,1,1,1,1,1,9.2,9.2,9.2,0.5941700494332227
162572,-0.020044621678183727,0,1,1,1,1,1,8.0,8.0,8.0,-0.020044621678183727
162574,-1.1085320469844138,0,4,4,4,3,1,6.85,5.745,5.675,-1.1085320469844138
162575,-1.3101937436387614,0,3,3,3,1,2,1.7666666666666666,1.7666666666666666,1.7666666666666666,-1.3101937436387614
162577,0.6458488202833896,0,1,1,1,1,1,9.1,9.1,9.1,0.6458488202833896
162584,-0.12178616002328195,0,3,3,3,3,1,8.299999999999999,8.299999999999999,8.299999999999999,-0.12178616002328195
162591,0.9631596758305621,0,2,2,2,2,1,9.95,9.95,9.95,0.9631596758305621
162596,-1.9156307539939499,0,1,1,1,1,1,,6.4,6.4,-1.9156307539939499
162601,-0.8852540752238113,0,3,3,3,2,2,6.933333333333334,6.933333333333334,6.933333333333334,-0.8852540752238113
162632,0.7768658446958799,0,3,3,3,3,1,9.466666666666667,9.466666666666667,9.466666666666667,0.7768658446958799
162637,-0.23051091066602522,0,2,2,2,2,1,8.3,8.3,8.3,-0.23051091066602522
162638,0.1849958215155969,0,4,4,4,3,2,9.1,8.127173913043478,8.3,0.1849958215155969
162639,0.7420906177710351,0,2,2,2,2,1,9.75,9.75,9.75,0.7420906177710351
162641,0.6021683105592263,0,1,1,1,1,1,10.0,10.0,10.0,0.6021683105592263
162642,0.21142670658215093,0,2,2,2,2,1,9.3,9.3,9.3,0.21142670658215093
162645,-0.9417359245898156,0,10,10,8,4,4,5.529999999999999,5.529999999999999,5.529999999999999,-0.9417359245898156
162646,0.17782151452755696,0,1,1,1,1,1,8.6,8.6,8.6,0.17782151452755696
162649,0.45246817549792745,0,3,3,3,3,2,9.700000000000001,9.700000000000001,9.700000000000001,0.45246817549792745
162654,0.9360881199662935,0,1,1,1,1,1,9.4,9.4,9.4,0.9360881199662935
162655,0.8294264231156372,0,1,1,1,1,1,9.0,9.0,9.0,0.8294264231156372
162657,0.4652188104792424,0,2,2,2,2,1,8.55,8.55,8.55,0.4652188104792424
162658,0.7085753264120989,0,3,3,2,3,1,9.1,9.1,9.1,0.7085753264120989
162659,-0.20889873804192446,0,3,3,3,3,1,8.033333333333333,8.033333333333333,8.033333333333333,-0.20889873804192446
162661,0.39146234103361727,0,1,1,1,1,1,9.6,9.6,9.6,0.39146234103361727
162663,0.22161616426306427,0,3,3,3,3,2,8.333333333333334,8.333333333333334,8.333333333333334,0.22161616426306427
162667,-0.18994548397279007,0,3,3,3,3,1,8.333333333333334,8.333333333333334,8.333333333333334,-0.18994548397279007
162672,0.8163593431975601,0,1,1,1,1,1,9.5,9.5,9.5,0.8163593431975601
162673,-0.6911610876239305,0,4,4,3,3,2,7.775,7.775,7.775,-0.6911610876239305
162674,0.15383890064852015,0,3,3,2,3,2,8.799999999999999,8.799999999999999,8.799999999999999,0.15383890064852015
162675,-0.9322292169703564,0,4,4,4,3,2,8.566666666666666,8.3,6.795,-0.9322292169703564
162676,-2.376143562788545,0,1,1,1,1,1,,2.1999999999999997,0.0,-2.376143562788545
162678,-0.5182740853121105,0,1,1,1,1,1,8.5,8.5,8.5,-0.5182740853121105
162682,-1.0962168932492036,0,1,1,1,1,1,,5.625,0.0,-1.0962168932492036
162683,0.5228305487726254,0,1,1,1,1,1,9.3,9.3,9.3,0.5228305487726254
162690,-0.12144853283037671,0,1,1,1,1,1,,5.8428571428571425,7.3,-0.12144853283037671
162699,0.5605935588263048,0,1,1,1,1,1,8.9,8.9,8.9,0.5605935588263048
162705,-0.924539680506764,0,3,3,2,3,1,7.666666666666667,7.666666666666667,7.666666666666667,-0.924539680506764
162706,-0.24929183612354514,0,2,2,2,2,1,8.5,8.5,8.5,-0.24929183612354514
162708,1.0100859960949349,0,3,3,3,3,1,9.933333333333334,9.933333333333334,9.933333333333334,1.0100859960949349
162709,0.8690640287182105,0,1,1,1,1,1,9.8,9.8,9.8,0.8690640287182105
162710,-0.3649283520737478,0,1,1,1,1,1,8.0,8.0,8.0,-0.3649283520737478
162714,-0.36834398517636413,0,2,2,2,2,1,7.8,7.8,7.8,-0.36834398517636413
162718,-0.5926255036408171,0,2,2,2,2,1,8.6,6.175,4.3,-0.5926255036408171
162719,-0.17806665153938742,0,2,2,2,2,1,7.8,6.316666666666666,7.4,-0.17806665153938742
162721,0.10377870094937244,0,2,2,1,1,1,7.1,7.1,7.1,0.10377870094937244
162724,-2.1167931189028053,0,1,1,1,1,1,,2.775,0.4,-2.1167931189028053
162726,-0.35156869497243787,0,5,5,5,3,2,8.566666666666668,7.8100000000000005,6.977777777777779,-0.35156869497243787
162740,-0.9387564485949371,0,1,1,1,1,1,,5.4799999999999995,5.8,-0.9387564485949371
162741,0.8151479482461375,0,1,1,1,1,1,10.0,10.0,10.0,0.8151479482461375
162745,0.5413944015453257,0,2,2,2,2,2,8.3,8.3,8.3,0.5413944015453257
162747,0.9942879288030927,0,1,1,1,1,1,9.8,9.8,9.8,0.9942879288030927
162754,0.9762505616963454,0,2,2,2,2,1,9.55,9.55,9.55,0.9762505616963454
162762,0.10649645083363829,0,4,4,4,3,2,9.233333333333333,8.7,8.5,0.10649645083363829
162767,0.9041446499988199,0,2,2,2,2,1,9.4,9.4,9.4,0.9041446499988199
162776,-0.04363086921696237,0,2,2,2,2,1,8.8,8.8,8.8,-0.04363086921696237
162777,0.6784406975170489,0,1,1,1,1,1,9.8,9.8,9.8,0.6784406975170489
162778,1.132251704618987,0,1,1,1,1,1,9.4,9.4,9.4,1.132251704618987
162784,0.36111729665711495,0,3,3,3,3,1,9.333333333333334,9.333333333333334,9.333333333333334,0.36111729665711495
162785,0.4422612868812792,0,2,2,2,2,1,7.7,7.7,7.7,0.4422612868812792
162786,1.2305941725347773,0,1,1,1,1,1,10.0,10.0,10.0,1.2305941725347773
162788,1.3589670529924065,0,1,1,1,1,1,9.4,9.4,9.4,1.3589670529924065
162789,0.1988209026997244,0,4,4,4,4,1,9.125,9.125,9.125,0.1988209026997244
162790,0.415199972510899,0,1,1,1,1,1,8.5,8.5,8.5,0.415199972510899
162793,0.5568689640055687,0,1,1,1,1,1,9.8,9.8,9.8,0.5568689640055687
162795,1.234961347699443,0,2,2,2,2,1,10.0,10.0,10.0,1.234961347699443
162796,1.3944008358139872,0,1,1,1,1,1,10.0,10.0,10.0,1.3944008358139872
162797,0.06870313694484477,0,4,4,4,4,2,9.299999999999999,8.75,8.55,0.06870313694484477
162799,0.03919348639259015,0,3,3,3,3,1,8.366666666666667,8.366666666666667,8.366666666666667,0.03919348639259015
162803,0.010521138246895744,0,1,1,1,1,1,9.0,9.0,9.0,0.010521138246895744
162807,0.524037064407215,0,3,3,3,3,2,9.4,9.4,9.4,0.524037064407215
162817,-1.2859266842286625,0,2,2,2,2,1,,5.9264705882352935,3.65,-1.2859266842286625
162819,-0.4016440356440847,0,2,2,2,1,2,9.6,8.4125,8.0,-0.4016440356440847
162824,0.31810080423235515,0,3,3,3,3,1,8.966666666666667,8.966666666666667,8.966666666666667,0.31810080423235515
162826,0.5599341820295666,0,2,2,2,2,1,9.0,9.0,9.0,0.5599341820295666
162832,0.41868336599004996,0,1,1,1,1,1,9.4,9.4,9.4,0.41868336599004996
162834,0.19577663523527722,0,1,1,1,1,1,9.0,9.0,9.0,0.19577663523527722
162837,-0.7612776037138126,0,3,3,3,1,2,0.0,2.7116666666666664,1.9666666666666668,-0.7612776037138126
162838,0.6021683105592263,0,1,1,1,1,1,10.0,10.0,10.0,0.6021683105592263
162839,0.8151479482461375,0,1,1,1,1,1,10.0,10.0,10.0,0.8151479482461375
162840,0.35757616545938026,0,1,1,1,1,1,7.9,7.9,7.9,0.35757616545938026
162845,-0.007028528908801707,0,2,2,2,2,1,8.45,8.45,8.45,-0.007028528908801707
162846,-0.37797838346387164,0,3,3,3,3,1,8.1,8.1,8.1,-0.37797838346387164
162849,0.6574361717146201,0,3,3,3,3,3,8.9,8.9,8.9,0.6574361717146201
162850,0.48870141108029896,0,2,2,2,2,1,8.6,8.6,8.6,0.48870141108029896
162851,0.14152203639291822,0,2,2,2,2,1,8.6,8.6,8.6,0.14152203639291822
162854,0.6032211895548473,0,1,1,1,1,1,9.0,9.0,9.0,0.6032211895548473
162856,-0.04533487007775361,0,2,2,2,1,2,9.6,7.777272727272727,7.3,-0.04533487007775361
162857,-0.7695101205068481,0,5,5,5,3,3,6.18,6.18,6.18,-0.7695101205068481
162858,0.31403240629154505,0,1,1,1,1,1,8.8,8.8,8.8,0.31403240629154505
162861,0.06548918327238067,0,3,3,3,3,1,8.566666666666668,8.566666666666668,8.566666666666668,0.06548918327238067
162863,0.3561578272203753,0,1,1,1,1,1,9.8,9.8,9.8,0.3561578272203753
162865,0.6021683105592263,0,1,1,1,1,1,10.0,10.0,10.0,0.6021683105592263
162867,-0.33482359313877386,0,4,4,3,3,1,7.75,7.75,7.75,-0.33482359313877386
162869,-0.23297665691516656,0,3,3,3,3,1,8.533333333333333,8.533333333333333,8.533333333333333,-0.23297665691516656
162871,0.3899949125433919,0,1,1,1,1,1,9.3,9.3,9.3,0.3899949125433919
162872,0.9442422353831882,0,1,1,1,1,1,9.8,9.8,9.8,0.9442422353831882
162875,-0.755440697615119,0,2,2,1,2,1,,5.98,7.0,-0.755440697615119
162880,1.245599917532697,0,1,1,1,1,1,9.7,9.7,9.7,1.245599917532697
162885,-0.6836807082840605,0,1,1,1,1,1,8.3,8.3,8.3,-0.6836807082840605
162886,0.36424778357165616,0,2,2,2,2,1,9.149999999999999,9.149999999999999,9.149999999999999,0.36424778357165616
162887,0.07039297386811467,0,3,3,3,3,1,8.433333333333334,8.433333333333334,8.433333333333334,0.07039297386811467
162889,0.7879826931600069,0,2,2,2,2,1,9.55,9.55,9.55,0.7879826931600069
162893,-0.1874608393682091,0,1,1,1,1,1,8.9,8.9,8.9,-0.1874608393682091
162894,0.7737317124690177,0,1,1,1,1,1,9.4,9.4,9.4,0.7737317124690177
162895,-0.5217352049173409,0,3,3,3,2,2,7.8,7.414285714285715,6.566666666666666,-0.5217352049173409
162899,-1.3473338529751395,0,6,6,5,5,2,9.033333333333333,8.03125,6.0,-1.3473338529751395
162901,0.7638597276011047,0,3,3,3,3,1,9.799999999999999,9.799999999999999,9.799999999999999,0.7638597276011047
162902,0.9857870131387608,0,2,2,2,2,1,9.55,9.55,9.55,0.9857870131387608
162903,-0.06476158529422316,0,3,3,3,3,1,8.299999999999999,8.299999999999999,8.299999999999999,-0.06476158529422316
162904,0.7574918686661674,0,3,3,3,3,1,9.5,9.5,9.5,0.7574918686661674
162907,0.7316286912537057,0,1,1,1,1,1,9.8,9.8,9.8,0.7316286912537057
162908,0.41387667671846873,0,4,4,4,4,2,8.675,8.675,8.675,0.41387667671846873
162909,0.7056563626888845,0,2,2,2,2,2,9.6,9.6,9.6,0.7056563626888845
162910,0.3293739416817245,0,1,1,1,1,1,9.1,9.1,9.1,0.3293739416817245
162914,-0.7979423788830476,0,3,3,3,1,2,7.9,7.251515151515151,5.633333333333333,-0.7979423788830476
162918,0.3357512941165002,0,3,3,3,3,2,9.133333333333333,9.133333333333333,9.133333333333333,0.3357512941165002
162921,-0.15888114726417837,0,2,2,2,2,2,8.65,8.65,8.65,-0.15888114726417837
162925,-1.0877304372400547,0,2,2,2,1,2,9.3,8.033333333333333,7.7,-1.0877304372400547
162930,0.7222755869775187,0,1,1,1,1,1,10.0,10.0,10.0,0.7222755869775187
162932,0.7832966173055923,0,2,2,2,2,1,10.0,10.0,10.0,0.7832966173055923
162933,-0.535073615074154,0,1,1,1,1,1,,5.3,6.3,-0.535073615074154
162939,-0.37424839943524674,0,4,4,4,3,2,7.9,7.9,7.9,-0.37424839943524674
162940,0.4891311457825872,0,2,2,2,2,1,9.8,9.8,9.8,0.4891311457825872
162942,0.3971602555425798,0,2,2,2,2,1,9.45,9.45,9.45,0.3971602555425798
162946,0.5301367313674358,0,1,1,1,1,1,9.6,9.6,9.6,0.5301367313674358
162947,-0.6970391316241029,0,2,2,2,1,1,8.3,7.071428571428571,5.65,-0.6970391316241029
162950,-0.0068023936504884586,0,3,3,2,3,1,9.433333333333332,9.433333333333332,9.433333333333332,-0.0068023936504884586
162960,0.34016054390259176,0,4,4,4,4,1,8.825,8.825,8.825,0.34016054390259176
162964,-1.0313716869701193,0,4,4,4,3,2,7.766666666666667,7.516666666666667,7.35,-1.0313716869701193
162966,0.3495917002265135,0,3,3,3,3,1,9.066666666666666,9.066666666666666,9.066666666666666,0.3495917002265135
162967,0.6168533479169183,0,1,1,1,1,1,10.0,10.0,10.0,0.6168533479169183
162971,0.14699389230668067,0,1,1,1,1,1,8.4,8.4,8.4,0.14699389230668067
162976,0.4741101357791822,0,4,4,3,4,2,9.3,9.3,9.3,0.4741101357791822
162977,0.6680243539548962,0,1,1,1,1,1,10.0,10.0,10.0,0.6680243539548962
162978,0.2113622533298299,0,4,4,4,3,2,9.5,8.14375,7.3,0.2113622533298299
162986,0.6021683105592263,0,1,1,1,1,1,10.0,10.0,10.0,0.6021683105592263
162995,-0.21598262063191484,0,3,3,3,3,1,9.0,8.366666666666667,8.1,-0.21598262063191484
162997,0.830399945021798,0,1,1,1,1,1,9.1,9.1,9.1,0.830399945021798
162998,0.4682960157367744,0,2,2,2,2,1,9.35,9.35,9.35,0.4682960157367744
163006,-0.37721431720163207,0,1,1,1,1,1,,5.8428571428571425,6.7,-0.37721431720163207
163007,1.0765678961657625,0,1,1,1,1,1,10.0,10.0,10.0,1.0765678961657625
163013,-0.06180425017439964,0,1,1,1,1,1,7.9,7.9,7.9,-0.06180425017439964
163016,-1.0321122501670135,0,4,4,4,3,2,8.299999999999999,8.1,6.965,-1.0321122501670135
163026,-0.5088502372593559,0,3,3,3,3,1,7.8,7.8,7.8,-0.5088502372593559
163028,0.8618015685663798,0,4,4,3,4,2,9.9,9.9,9.9,0.8618015685663798
163030,-0.48659838732349414,0,5,5,4,3,3,8.4,7.709999999999999,6.82,-0.48659838732349414
163032,-1.3458296527902813,0,4,4,4,1,2,6.45,6.284848484848485,5.85,-1.3458296527902813
163033,-0.1555938252116116,0,1,1,1,1,1,7.5,7.5,7.5,-0.1555938252116116
163035,1.0293034976934818,0,1,1,1,1,1,8.3,8.3,8.3,1.0293034976934818
163037,-0.3039940728526236,0,1,1,1,1,1,9.6,9.6,9.6,-0.3039940728526236
163040,-1.0995501996434158,0,4,4,4,3,2,8.2,7.1625000000000005,7.675000000000001,-1.0995501996434158
163043,0.17680167249279424,0,3,3,3,3,1,8.633333333333333,8.633333333333333,8.633333333333333,0.17680167249279424
163049,-0.7374172701783435,0,3,3,3,2,2,7.95,6.55,5.3,-0.7374172701783435
163052,-4.0531455449575855,0,2,2,2,2,1,4.95,4.95,4.95,-4.0531455449575855
163053,-0.0002433385063745445,0,3,3,2,3,1,8.766666666666666,8.766666666666666,8.766666666666666,-0.0002433385063745445
163061,0.49769636057448086,0,3,3,2,3,2,9.9,9.9,9.9,0.49769636057448086
163062,-0.9387564485949371,0,1,1,1,1,1,,5.4799999999999995,5.8,-0.9387564485949371
163064,0.5568689640055687,0,1,1,1,1,1,9.8,9.8,9.8,0.5568689640055687
163068,0.1367429508360754,0,2,2,2,2,1,8.399999999999999,8.399999999999999,8.399999999999999,0.1367429508360754
163069,0.384242404012924,0,3,3,3,3,1,9.566666666666668,9.566666666666668,9.566666666666668,0.384242404012924
163071,0.4393112917801928,0,1,1,1,1,1,9.1,9.1,9.1,0.4393112917801928
163079,0.5241908545845908,0,1,1,1,1,1,9.7,9.7,9.7,0.5241908545845908
163080,-0.99547206546343,0,6,6,5,3,3,3.9166666666666665,3.9166666666666665,3.9166666666666665,-0.99547206546343
163081,-0.3664467778371392,0,1,1,1,1,1,,2.775,6.1,-0.3664467778371392
163084,0.5553210003655216,0,3,3,3,3,3,9.133333333333333,9.133333333333333,9.133333333333333,0.5553210003655216
163087,0.3102157653513708,0,1,1,1,1,1,8.0,8.0,8.0,0.3102157653513708
163094,-0.8093933746605372,0,1,1,1,1,1,7.8,7.8,7.8,-0.8093933746605372
163095,0.7809177838746656,0,3,3,3,3,1,9.666666666666666,9.666666666666666,9.666666666666666,0.7809177838746656
163129,0.33532063431503184,0,1,1,1,1,1,7.8,7.8,7.8,0.33532063431503184
163134,0.34983498504811145,0,3,3,3,2,2,9.3,7.811111111111111,8.533333333333333,0.34983498504811145
163136,0.055441771271575714,0,3,3,3,3,1,8.75,7.816666666666666,7.8,0.055441771271575714
163139,1.029497496840273,0,1,1,1,1,1,10.0,10.0,10.0,1.029497496840273
163150,0.08432326985789135,0,1,1,1,1,1,8.8,8.8,8.8,0.08432326985789135
163152,0.07162279848464646,0,3,3,3,3,1,8.700000000000001,8.700000000000001,8.700000000000001,0.07162279848464646
163153,-0.457830153265688,0,4,4,4,3,2,6.433333333333334,6.45,6.5,-0.457830153265688
163156,-0.5718462670654411,0,6,6,5,2,3,6.4,5.836666666666666,6.183333333333334,-0.5718462670654411
163160,0.36192397945015403,0,2,2,2,2,1,7.65,7.65,7.65,0.36192397945015403
163162,0.7998337315369138,0,2,2,2,2,1,9.7,9.7,9.7,0.7998337315369138
163163,-0.9687999358587652,0,1,1,1,1,1,,7.0,6.5,-0.9687999358587652
163165,0.18539957465371681,0,2,2,2,1,2,8.7,7.327272727272726,6.85,0.18539957465371681
163167,0.5926845319666036,0,2,2,2,2,1,9.25,9.25,9.25,0.5926845319666036
163169,1.1166573041998842,0,1,1,1,1,1,10.0,10.0,10.0,1.1166573041998842
163170,-0.14520276084957126,0,2,2,2,2,1,8.25,8.25,8.25,-0.14520276084957126
163171,-0.6401236050951198,0,1,1,1,1,1,7.5,7.5,7.5,-0.6401236050951198
163173,-1.3030391041973317,0,5,5,5,3,2,7.766666666666667,7.530588235294118,6.708,-1.3030391041973317
163177,-0.7372050612156941,0,4,4,4,3,2,7.475,7.475,7.475,-0.7372050612156941
163182,0.7125384071271892,0,1,1,1,1,1,9.3,9.3,9.3,0.7125384071271892
163183,0.5605935588263048,0,1,1,1,1,1,8.9,8.9,8.9,0.5605935588263048
163185,0.3975516632839769,0,1,1,1,1,1,9.0,9.0,9.0,0.3975516632839769
163193,-0.7033022430085426,0,5,5,3,3,2,8.3,7.512857142857143,6.82,-0.7033022430085426
163198,0.27535623389809083,0,1,1,1,1,1,8.6,8.6,8.6,0.27535623389809083
163199,0.23051314929911249,0,1,1,1,1,1,8.6,8.6,8.6,0.23051314929911249
163205,-0.05886182916793562,0,3,3,3,3,1,8.0,8.0,8.0,-0.05886182916793562
163206,0.5191789705491835,0,3,3,3,3,1,9.433333333333332,9.433333333333332,9.433333333333332,0.5191789705491835
163208,0.042151832740187856,0,2,2,2,2,1,8.7,8.7,8.7,0.042151832740187856
163210,-1.5503893796402088,0,6,6,6,2,3,5.8999999999999995,6.264166666666667,6.033333333333334,-1.5503893796402088
163218,-0.2561507562340195,0,3,3,3,2,2,8.8,8.275,8.0,-0.2561507562340195
163226,0.050726146554566275,0,3,3,3,3,1,8.299999999999999,8.299999999999999,8.299999999999999,0.050726146554566275
163231,0.007496272723373183,0,3,3,3,3,1,9.200000000000001,9.200000000000001,9.200000000000001,0.007496272723373183
163234,0.7272076848633261,0,3,3,2,3,1,9.733333333333334,9.733333333333334,9.733333333333334,0.7272076848633261
163235,0.7252574623162267,0,1,1,1,1,1,9.1,9.1,9.1,0.7252574623162267
163236,-0.05534931645698413,0,3,3,3,3,1,7.766666666666667,7.766666666666667,7.766666666666667,-0.05534931645698413
163237,0.7456047575477498,0,2,2,2,2,1,9.45,9.45,9.45,0.7456047575477498
163253,-0.35286746234016053,0,1,1,1,1,1,8.7,8.7,8.7,-0.35286746234016053
163255,0.9024484402435826,0,2,2,2,2,1,9.85,9.85,9.85,0.9024484402435826
163258,-0.7054716211677283,0,2,2,2,1,2,7.3,7.3,7.3,-0.7054716211677283
163260,0.8044048372789412,0,1,1,1,1,1,10.0,10.0,10.0,0.8044048372789412
163263,1.4531999037881471,0,1,1,1,1,1,10.0,10.0,10.0,1.4531999037881471
163264,-0.4497876596429533,0,3,3,3,2,2,8.3,7.058333333333333,7.766666666666666,-0.4497876596429533
163266,0.8218824848585756,0,1,1,1,1,1,9.3,9.3,9.3,0.8218824848585756
163269,-0.0971064308766193,0,1,1,1,1,1,,2.4307692307692306,3.9,-0.0971064308766193
163270,-1.6411165740496836,0,2,2,2,1,1,1.75,1.75,1.75,-1.6411165740496836
163272,0.827067806525687,0,3,3,3,3,1,9.366666666666667,9.366666666666667,9.366666666666667,0.827067806525687
163276,-0.38333551576336916,0,1,1,1,1,1,7.5,7.5,7.5,-0.38333551576336916
163279,-1.2973165238651856,0,1,1,1,1,1,,5.250000000000001,4.7,-1.2973165238651856
163281,-0.35152377144072194,0,3,3,3,2,1,7.699999999999999,6.383333333333333,5.133333333333334,-0.35152377144072194
163284,0.8324460916441331,0,3,3,3,3,1,9.833333333333334,9.833333333333334,9.833333333333334,0.8324460916441331
163289,-1.9403188526315263,0,1,1,1,1,1,,5.208695652173914,1.6,-1.9403188526315263
163293,0.9570855496991996,0,3,3,3,3,1,10.0,10.0,10.0,0.9570855496991996
163294,-0.22884276415926402,0,1,1,1,1,1,7.5,7.5,7.5,-0.22884276415926402
163297,-0.39312253207698805,0,1,1,1,1,1,7.5,7.5,7.5,-0.39312253207698805
163299,0.6395722754915437,0,1,1,1,1,1,9.9,9.9,9.9,0.6395722754915437
163300,-1.78598317813931,0,3,3,3,2,1,7.3999999999999995,7.3999999999999995,7.3999999999999995,-1.78598317813931
163304,0.5763578539883907,0,3,3,1,3,1,9.933333333333334,9.933333333333334,9.933333333333334,0.5763578539883907
163305,0.5473925281106213,0,1,1,1,1,1,9.8,9.8,9.8,0.5473925281106213
163307,0.028596587169197416,0,1,1,1,1,1,8.7,8.7,8.7,0.028596587169197416
163308,0.29720932439798453,0,2,2,2,2,2,9.4,9.4,9.4,0.29720932439798453
163310,-0.34247817868753283,0,3,3,3,2,2,9.25,8.066666666666666,7.466666666666666,-0.34247817868753283
163312,-1.7036158605484113,0,1,1,1,1,1,,4.65,3.3,-1.7036158605484113
163313,-0.7489331248396022,0,3,3,2,3,1,8.0,8.0,8.0,-0.7489331248396022
163315,0.5685317658113952,0,2,2,2,2,2,9.25,9.25,9.25,0.5685317658113952
163319,0.0322157299143373,0,3,3,2,3,1,8.799999999999999,8.799999999999999,8.799999999999999,0.0322157299143373
163329,-0.39468146716927516,0,2,2,2,2,1,8.65,8.65,8.65,-0.39468146716927516
163335,-0.7698576676667024,0,1,1,1,1,1,7.5,7.5,7.5,-0.7698576676667024
163337,1.029497496840273,0,1,1,1,1,1,10.0,10.0,10.0,1.029497496840273
163341,0.6990413554422976,0,1,1,1,1,1,9.1,9.1,9.1,0.6990413554422976
163342,0.5526706439182966,0,3,3,2,3,1,9.6,9.6,9.6,0.5526706439182966
163345,-0.21136258199051436,0,5,5,5,4,2,7.82,7.82,7.82,-0.21136258199051436
163359,0.2722727777953284,0,1,1,1,1,1,8.7,8.7,8.7,0.2722727777953284
163361,0.1596234196249523,0,2,2,2,2,1,8.5,8.5,8.5,0.1596234196249523
163365,-1.4534059964590091,0,2,2,2,2,2,4.4,4.4,4.4,-1.4534059964590091
163369,0.21284112074116054,0,3,3,3,3,1,9.85,8.79047619047619,8.566666666666666,0.21284112074116054
163370,-0.1182853295002053,0,1,1,1,1,1,7.5,7.5,7.5,-0.1182853295002053
163371,-1.0962168932492036,0,1,1,1,1,1,,5.625,0.0,-1.0962168932492036
163372,0.23725847079223245,0,1,1,1,1,1,7.7,7.7,7.7,0.23725847079223245
163373,-1.2125525040763128,0,4,4,3,2,2,6.1,4.683333333333334,5.074999999999999,-1.2125525040763128
163374,0.3808476791952695,0,3,3,3,3,1,8.733333333333333,8.733333333333333,8.733333333333333,0.3808476791952695
163380,1.027747653388336,0,3,3,3,3,1,9.033333333333333,9.033333333333333,9.033333333333333,1.027747653388336
163382,0.3074165321673113,0,3,3,3,3,1,8.200000000000001,8.200000000000001,8.200000000000001,0.3074165321673113
163383,0.4393112917801928,0,1,1,1,1,1,9.1,9.1,9.1,0.4393112917801928
163385,0.42555414496562005,0,2,2,2,2,1,9.2,9.2,9.2,0.42555414496562005
163389,0.1644256737080957,0,3,3,3,3,1,8.766666666666667,8.766666666666667,8.766666666666667,0.1644256737080957
163391,0.8555376207630876,0,3,3,3,3,1,9.733333333333333,9.733333333333333,9.733333333333333,0.8555376207630876
163394,0.5112368542667255,0,1,1,1,1,1,9.7,9.7,9.7,0.5112368542667255
163395,-1.7102140874365097,0,2,2,2,2,1,9.4,8.0,8.0,-1.7102140874365097
163397,-0.12528333978077819,0,1,1,1,1,1,7.6,7.6,7.6,-0.12528333978077819
163398,0.6884764510119321,0,1,1,1,1,1,9.2,9.2,9.2,0.6884764510119321
163399,-0.3345866864730896,0,1,1,1,1,1,,5.8428571428571425,6.8,-0.3345866864730896
163400,0.29906345625089115,0,1,1,1,1,1,9.0,9.0,9.0,0.29906345625089115
163401,-0.03131364159163571,0,1,1,1,1,1,8.8,8.8,8.8,-0.03131364159163571
163406,-0.9618383022670188,0,2,2,2,1,2,8.8,6.61,5.4,-0.9618383022670188
163407,-0.3064031077160536,0,3,3,3,3,2,8.333333333333334,8.333333333333334,8.333333333333334,-0.3064031077160536
163408,1.052974197969584,0,3,3,3,3,1,10.0,10.0,10.0,1.052974197969584
163410,0.7530434621222085,0,1,1,1,1,1,10.0,10.0,10.0,0.7530434621222085
163412,0.48379820460571155,0,1,1,1,1,1,10.0,10.0,10.0,0.48379820460571155
163413,-3.802339362427932,0,1,1,1,1,1,,,2.9600000000000004,-3.802339362427932
163415,0.08747505665578426,0,2,2,2,2,1,8.45,8.45,8.45,0.08747505665578426
163416,0.7733883197499216,0,1,1,1,1,1,9.9,9.9,9.9,0.7733883197499216
163420,-0.20422077247463177,0,2,2,1,1,1,8.3,7.65,7.4,-0.20422077247463177
163427,0.6395722754915437,0,1,1,1,1,1,9.9,9.9,9.9,0.6395722754915437
163428,0.8944672090019412,0,2,2,2,2,1,10.0,10.0,10.0,0.8944672090019412
163430,0.3784446745705642,0,2,2,2,2,2,8.8,8.8,8.8,0.3784446745705642
163436,-1.1023581063903338,0,3,3,3,1,2,2.433333333333333,2.433333333333333,2.433333333333333,-1.1023581063903338
163442,0.5663271699920011,0,4,4,4,3,2,9.333333333333334,8.4875,8.675,0.5663271699920011
163443,0.689869062757489,0,1,1,1,1,1,9.7,9.7,9.7,0.689869062757489
163444,0.899599940440281,0,1,1,1,1,1,9.2,9.2,9.2,0.899599940440281
163445,0.6063498057650571,0,1,1,1,1,1,9.5,9.5,9.5,0.6063498057650571
163448,0.19548660687520342,0,2,2,2,2,1,8.75,8.75,8.75,0.19548660687520342
163450,0.5847364374307834,0,4,4,4,4,2,9.125,9.125,9.125,0.5847364374307834
163451,-1.366989378143736,0,2,2,2,2,1,5.4,5.4,5.4,-1.366989378143736
163452,0.6790870360133799,0,4,4,4,4,1,9.45,9.45,9.45,0.6790870360133799
163453,0.5269464083031782,0,1,1,1,1,1,7.5,7.5,7.5,0.5269464083031782
163454,-0.21947716588788607,0,4,4,4,3,2,8.933333333333332,8.575,7.727777777777778,-0.21947716588788607
163456,-0.487991941060865,0,1,1,1,1,1,7.7,7.7,7.7,-0.487991941060865
163457,-0.9065163282941532,0,1,1,1,1,1,,7.3,7.3,-0.9065163282941532
163461,0.41868336599004996,0,1,1,1,1,1,9.4,9.4,9.4,0.41868336599004996
163463,-0.2283877776037568,0,2,2,2,2,1,7.9,7.542857142857143,7.45,-0.2283877776037568
163465,0.43271066664067676,0,1,1,1,1,1,8.6,8.6,8.6,0.43271066664067676
163466,1.0247084941295197,0,3,3,3,3,1,9.866666666666667,9.866666666666667,9.866666666666667,1.0247084941295197
163471,0.8882119590584604,0,1,1,1,1,1,9.5,9.5,9.5,0.8882119590584604
163473,-1.5763903320505144,0,3,3,2,1,2,3.6333333333333333,3.6333333333333333,3.6333333333333333,-1.5763903320505144
163478,-4.3272823391175965,0,2,2,2,2,1,,,4.07,-4.3272823391175965
163480,0.6458488202833896,0,1,1,1,1,1,9.1,9.1,9.1,0.6458488202833896
163483,-0.39246749076703646,0,4,4,4,3,2,9.033333333333333,7.79375,6.949999999999999,-0.39246749076703646
163484,-0.8490873312560119,0,1,1,1,1,1,8.1,8.1,8.1,-0.8490873312560119
163487,-2.2263717447847005,0,1,1,1,1,1,,6.6000000000000005,4.9,-2.2263717447847005
163488,0.6096063694374175,0,3,3,3,3,1,8.933333333333332,8.933333333333332,8.933333333333332,0.6096063694374175
163489,-0.7546424182400417,0,1,1,1,1,1,7.6,7.6,7.6,-0.7546424182400417
163491,0.5728461505800791,0,3,3,3,2,2,9.2,8.116666666666667,8.366666666666667,0.5728461505800791
163494,-0.14879258306001775,0,2,2,2,2,1,7.85,7.85,7.85,-0.14879258306001775
163495,0.22746543613087516,0,2,2,2,1,2,9.7,7.475,8.35,0.22746543613087516
163498,-1.977747842844326,0,1,1,1,1,1,1.5,1.5,1.5,-1.977747842844326
163499,0.17211038206025916,0,3,3,2,3,1,8.700000000000001,8.700000000000001,8.700000000000001,0.17211038206025916
163507,0.712064497768556,0,3,3,3,3,1,9.4,9.4,9.4,0.712064497768556
163509,-0.7939960990841832,0,4,4,4,3,1,8.033333333333333,7.738235294117647,7.475,-0.7939960990841832
163510,0.7617839972993554,0,3,3,2,3,1,9.9,9.9,9.9,0.7617839972993554
163512,-1.426533828963433,0,3,3,3,3,1,6.266666666666667,6.266666666666667,6.266666666666667,-1.426533828963433
163514,-0.7826517776828364,0,2,2,2,1,2,10.0,7.5,5.0,-0.7826517776828364
163516,-0.21635090867434267,0,2,2,2,2,2,7.9,7.9,7.9,-0.21635090867434267
163518,-0.9331543026193312,0,4,4,4,2,1,3.533333333333333,4.525,3.8833333333333333,-0.9331543026193312
163525,0.641789433060609,0,1,1,1,1,1,10.0,10.0,10.0,0.641789433060609
163529,0.7316286912537057,0,1,1,1,1,1,9.8,9.8,9.8,0.7316286912537057
163532,-0.0013000878803958542,0,3,3,3,3,3,8.299999999999999,8.299999999999999,8.299999999999999,-0.0013000878803958542
163533,-0.9065163282941532,0,1,1,1,1,1,,7.3,7.3,-0.9065163282941532
163535,1.052145200522238,0,1,1,1,1,1,10.0,10.0,10.0,1.052145200522238
163537,0.1251918541447054,0,2,2,2,2,1,8.7,8.7,8.7,0.1251918541447054
163540,-2.913510688723299,0,3,3,3,2,2,,6.4,2.7133333333333334,-2.913510688723299
163542,-0.0924199852738022,0,1,1,1,1,1,8.0,8.0,8.0,-0.0924199852738022
163543,-0.6800822811007169,0,4,4,4,3,2,7.674999999999999,7.674999999999999,7.674999999999999,-0.6800822811007169
163544,-2.1648927939083236,0,1,1,1,1,1,,5.208695652173914,1.0,-2.1648927939083236
163548,0.7222755869775187,0,1,1,1,1,1,10.0,10.0,10.0,0.7222755869775187
163549,0.49561143735363866,0,2,2,2,2,2,9.55,9.55,9.55,0.49561143735363866
163550,-0.05260569123447536,0,1,1,1,1,1,8.9,8.9,8.9,-0.05260569123447536
163551,0.5444423106099208,0,2,2,2,2,1,9.55,9.55,9.55,0.5444423106099208
163552,-0.2417875116410886,0,3,3,3,3,1,5.966666666666668,5.966666666666668,5.966666666666668,-0.2417875116410886
163556,-0.4868044962310643,0,5,5,5,3,3,8.433333333333334,6.161176470588235,5.9799999999999995,-0.4868044962310643
163560,0.641789433060609,0,1,1,1,1,1,10.0,10.0,10.0,0.641789433060609
163562,-3.927997883728015,0,1,1,1,1,1,,5.533333333333334,1.6,-3.927997883728015
163572,-0.16078082693153262,0,4,4,4,4,2,8.366666666666667,7.49,6.725,-0.16078082693153262
163573,-1.0392897362184739,0,3,3,3,2,2,9.05,8.533333333333333,6.855555555555557,-1.0392897362184739
163576,-0.03619327137329148,0,1,1,1,1,1,7.5,7.5,7.5,-0.03619327137329148
163577,-1.0875994027841576,0,2,2,2,2,1,,6.115625,5.45,-1.0875994027841576
163578,0.09893806854752452,0,3,3,3,3,2,8.4,8.4,8.4,0.09893806854752452
163579,0.9745487842956528,0,3,3,3,3,1,9.866666666666667,9.866666666666667,9.866666666666667,0.9745487842956528
163581,0.15960583650902438,0,4,4,3,3,2,9.466666666666667,8.425,8.675,0.15960583650902438
163582,0.995775467785339,0,1,1,1,1,1,9.6,9.6,9.6,0.995775467785339
163583,-0.7889298034337129,0,1,1,1,1,1,7.5,7.5,7.5,-0.7889298034337129
163586,-0.6991902033106402,0,5,5,5,3,2,7.375,7.32,7.159999999999999,-0.6991902033106402
163592,-0.9505787172112752,0,4,4,4,3,2,7.6000000000000005,7.4750000000000005,7.275,-0.9505787172112752
163593,-0.9116323246458133,0,2,2,2,2,2,6.550000000000001,6.550000000000001,6.550000000000001,-0.9116323246458133
163596,0.010398337631255637,0,1,1,1,1,1,7.2,7.2,7.2,0.010398337631255637
163598,0.34382222966308335,0,3,3,3,3,1,8.633333333333333,8.633333333333333,8.633333333333333,0.34382222966308335
163600,-0.9890644522654691,0,1,1,1,1,1,5.9,5.9,5.9,-0.9890644522654691
163603,-0.35286746234016053,0,1,1,1,1,1,8.7,8.7,8.7,-0.35286746234016053
163606,-1.0748751980324343,0,2,2,2,1,2,8.4,6.41,5.2,-1.0748751980324343
163607,1.0259201425157316,0,3,3,3,3,1,9.966666666666667,9.966666666666667,9.966666666666667,1.0259201425157316
163608,-2.4690740226282952,0,2,2,2,2,1,,5.53125,3.7333333333333334,-2.4690740226282952
163609,0.038874594855834055,0,2,2,2,2,1,9.5,9.5,9.5,0.038874594855834055
163610,0.3474554051835919,0,1,1,1,1,1,8.4,8.4,8.4,0.3474554051835919
163613,-0.8286385000226594,0,2,2,2,1,2,8.9,7.7857142857142865,6.95,-0.8286385000226594
163614,-1.1240866518529882,0,2,2,2,1,2,8.3,6.332142857142857,4.15,-1.1240866518529882
163615,0.4986594401837731,0,2,2,2,2,1,9.25,9.25,9.25,0.4986594401837731
163621,-0.8691183688529199,0,4,4,4,2,3,8.166666666666666,7.5875,7.425,-0.8691183688529199
163622,0.22424818791565593,0,3,3,3,3,1,8.9,8.9,8.9,0.22424818791565593
163628,0.2515033179239702,0,1,1,1,1,1,9.1,9.1,9.1,0.2515033179239702
163632,-0.38970376184181144,0,2,2,2,1,1,9.2,7.225,6.35,-0.38970376184181144
163637,0.5858634140561287,0,1,1,1,1,1,9.7,9.7,9.7,0.5858634140561287
163643,1.2691228596118116,0,1,1,1,1,1,9.3,9.3,9.3,1.2691228596118116
163645,-0.16091344156006432,0,2,2,2,1,2,7.05,7.05,7.05,-0.16091344156006432
163646,-0.472820636137315,0,3,3,2,1,2,7.35,5.75,4.8999999999999995,-0.472820636137315
163647,0.3739972119836758,0,4,4,4,4,2,8.7,8.7,8.7,0.3739972119836758
163648,-0.21290690160619966,0,2,2,2,2,2,8.9,8.9,8.9,-0.21290690160619966
163685,-0.3425898062722029,0,2,2,2,2,1,7.0,7.0,7.0,-0.3425898062722029
163686,0.8589869739261026,0,1,1,1,1,1,9.6,9.6,9.6,0.8589869739261026
163688,-2.33567581177428,0,1,1,1,1,1,,,4.933333333333334,-2.33567581177428
163689,-0.7875749439666071,0,2,2,2,2,2,8.7,5.565384615384615,4.35,-0.7875749439666071
163693,-1.0841276026554845,0,3,3,2,3,1,7.3,6.466666666666666,5.966666666666666,-1.0841276026554845
163695,0.4421515904849647,0,3,3,3,3,1,9.033333333333333,9.033333333333333,9.033333333333333,0.4421515904849647
163696,0.7316286912537057,0,1,1,1,1,1,9.8,9.8,9.8,0.7316286912537057
163698,-3.927997883728015,0,1,1,1,1,1,1.6,1.6,1.6,-3.927997883728015
163701,-0.47452464214036577,0,8,8,8,3,3,7.1571428571428575,7.1421874999999995,7.1499999999999995,-0.47452464214036577
163703,0.49744096565053325,0,3,3,2,3,1,9.233333333333333,9.233333333333333,9.233333333333333,0.49744096565053325
163707,-0.20023462837027087,0,5,5,5,3,4,9.566666666666668,7.748809523809524,7.359999999999999,-0.20023462837027087
163708,0.6415900967448227,0,1,1,1,1,1,9.8,9.8,9.8,0.6415900967448227
163709,-0.43451670367556217,0,3,3,3,3,1,8.0,8.0,8.0,-0.43451670367556217
163713,0.6934544536226686,0,2,2,2,2,1,9.95,9.95,9.95,0.6934544536226686
163715,0.13677479720963795,0,1,1,1,1,1,9.2,9.2,9.2,0.13677479720963795
163720,0.3899949125433919,0,1,1,1,1,1,9.3,9.3,9.3,0.3899949125433919
163722,-1.0962168932492036,0,1,1,1,1,1,,5.625,0.0,-1.0962168932492036
163725,-0.0021263029644639584,0,1,1,1,1,1,7.7,7.7,7.7,-0.0021263029644639584
163731,0.27171904518514123,0,3,3,3,3,1,8.666666666666666,8.666666666666666,8.666666666666666,0.27171904518514123
163735,-0.4529797752737656,0,2,2,2,1,2,8.6,6.633333333333333,7.0,-0.4529797752737656
163745,0.47173017374134363,0,2,2,2,2,1,8.95,8.95,8.95,0.47173017374134363
163751,0.6415900967448227,0,1,1,1,1,1,9.8,9.8,9.8,0.6415900967448227
163753,-1.320131950901102,0,3,3,2,3,2,6.166666666666667,6.166666666666667,6.166666666666667,-1.320131950901102
163754,-0.5616875979995236,0,1,1,1,1,1,9.3,9.3,9.3,-0.5616875979995236
163755,-0.32170530495402894,0,1,1,1,1,1,7.9,7.9,7.9,-0.32170530495402894
163759,0.6884764510119321,0,1,1,1,1,1,9.2,9.2,9.2,0.6884764510119321
163765,1.3717108909302693,0,2,2,2,2,1,10.0,10.0,10.0,1.3717108909302693
163771,0.47441004867874287,0,1,1,1,1,1,9.5,9.5,9.5,0.47441004867874287
163772,-0.005078138579063178,0,3,3,3,3,2,9.0,8.200000000000001,8.466666666666667,-0.005078138579063178
163777,-0.6335025469266855,0,3,3,2,3,1,7.5,6.358333333333333,5.233333333333333,-0.6335025469266855
163783,-0.5286702397177334,0,1,1,1,1,1,7.7,7.7,7.7,-0.5286702397177334
163784,0.6344459291882031,0,3,3,2,3,1,9.466666666666667,9.466666666666667,9.466666666666667,0.6344459291882031
163786,0.3887349804841986,0,1,1,1,1,1,9.6,9.6,9.6,0.3887349804841986
163790,0.22172469649325513,0,3,3,3,3,1,8.733333333333333,8.733333333333333,8.733333333333333,0.22172469649325513
163791,1.2874725493830705,0,1,1,1,1,1,9.9,9.9,9.9,1.2874725493830705
163796,0.2868936089959966,0,2,2,2,2,1,8.75,8.75,8.75,0.2868936089959966
163797,-0.020042662903569375,0,3,3,3,3,2,8.533333333333333,8.533333333333333,8.533333333333333,-0.020042662903569375
163799,0.7902736599753754,0,1,1,1,1,1,8.7,8.7,8.7,0.7902736599753754
163800,-0.48859141147044677,0,3,3,3,3,1,8.033333333333333,8.033333333333333,8.033333333333333,-0.48859141147044677
163801,0.028596587169197416,0,1,1,1,1,1,8.7,8.7,8.7,0.028596587169197416
163802,0.7520060346231816,0,1,1,1,1,1,8.7,8.7,8.7,0.7520060346231816
163804,0.3072300006126631,0,1,1,1,1,1,9.2,9.2,9.2,0.3072300006126631
163809,-0.07530451960313012,0,4,4,4,2,3,6.033333333333334,5.901470588235294,6.325,-0.07530451960313012
163811,-0.7486593672733916,0,4,4,4,3,1,7.466666666666666,7.313235294117646,7.3,-0.7486593672733916
163813,0.3087590295476423,0,1,1,1,1,1,9.5,9.5,9.5,0.3087590295476423
163815,0.39146234103361727,0,1,1,1,1,1,9.6,9.6,9.6,0.39146234103361727
163816,-0.9779898854658485,0,8,8,7,4,3,6.016666666666667,5.38,5.5249999999999995,-0.9779898854658485
163817,0.08432326985789135,0,1,1,1,1,1,8.8,8.8,8.8,0.08432326985789135
163818,-0.39456073769394606,0,5,5,5,4,4,6.24,6.24,6.24,-0.39456073769394606
163827,0.7456595913984099,0,2,2,2,2,1,9.6,9.6,9.6,0.7456595913984099
163836,0.8265586328165243,0,3,3,3,3,1,9.666666666666666,9.666666666666666,9.666666666666666,0.8265586328165243
163838,-0.23115928461300342,0,3,3,3,2,2,8.2,6.991666666666667,7.7,-0.23115928461300342
163842,1.388222403846448,0,1,1,1,1,1,9.9,9.9,9.9,1.388222403846448
163848,-0.8246637066070628,0,1,1,1,1,1,,6.671428571428572,6.7,-0.8246637066070628
163852,-0.9687999358587652,0,1,1,1,1,1,,7.0,6.5,-0.9687999358587652
163853,0.3072300006126631,0,1,1,1,1,1,9.2,9.2,9.2,0.3072300006126631
163854,-2.1388130464096786,0,1,1,1,1,1,,5.0,0.0,-2.1388130464096786
163855,0.46351267095699966,0,1,1,1,1,1,8.2,8.2,8.2,0.46351267095699966
163856,-2.428880232524125,0,1,1,1,1,1,,5.0,0.0,-2.428880232524125
163858,-1.1306273445682102,0,1,1,1,1,1,5.5,5.5,5.5,-1.1306273445682102
163859,-1.7122596418714897,0,4,4,4,1,3,2.85,2.85,2.85,-1.7122596418714897
163861,0.5179659280977623,0,1,1,1,1,1,8.8,8.8,8.8,0.5179659280977623
163869,0.32553531548679693,0,2,2,2,2,2,8.95,8.95,8.95,0.32553531548679693
163874,0.14004995254658428,0,1,1,1,1,1,8.9,8.9,8.9,0.14004995254658428
163876,0.3693142605556154,0,4,4,4,4,2,8.825,8.825,8.825,0.3693142605556154
163888,0.21957251299796385,0,1,1,1,1,1,8.1,8.1,8.1,0.21957251299796385
163889,0.3789790964610102,0,2,2,2,2,1,9.5,9.5,9.5,0.3789790964610102
163892,-1.0622744785810352,0,3,3,3,2,2,7.85,6.788888888888889,5.6000000000000005,-1.0622744785810352
163898,0.08432326985789135,0,1,1,1,1,1,8.8,8.8,8.8,0.08432326985789135
163899,0.9877061703582882,0,1,1,1,1,1,9.8,9.8,9.8,0.9877061703582882
163900,0.71311858594974,0,2,2,2,2,1,9.8,9.8,9.8,0.71311858594974
163904,0.8146684119180996,0,2,2,2,2,1,9.6,9.6,9.6,0.8146684119180996
163909,-0.2085108083198609,0,4,4,3,3,2,8.133333333333333,6.9875,7.625,-0.2085108083198609
163911,-0.6744495362236952,0,3,3,3,2,2,8.95,7.216666666666666,5.966666666666666,-0.6744495362236952
163913,-1.4973606189007103,0,1,1,1,1,1,4.3,4.3,4.3,-1.4973606189007103
163915,-0.47944586324727645,0,3,3,2,2,2,6.166666666666667,6.166666666666667,6.166666666666667,-0.47944586324727645
163916,0.5301367313674358,0,1,1,1,1,1,9.6,9.6,9.6,0.5301367313674358
163920,0.6688420188426923,0,1,1,1,1,1,8.7,8.7,8.7,0.6688420188426923
163924,0.41770753077484274,0,1,1,1,1,1,7.9,7.9,7.9,0.41770753077484274
163926,0.7530434621222085,0,1,1,1,1,1,10.0,10.0,10.0,0.7530434621222085
163927,-0.02713009551949552,0,1,1,1,1,1,8.6,8.6,8.6,-0.02713009551949552
163930,0.7184176670284522,0,3,3,2,3,1,9.4,9.4,9.4,0.7184176670284522
163931,0.20753351985552584,0,4,4,4,3,3,8.700000000000001,7.90625,8.35,0.20753351985552584
163932,-1.172081739023171,0,3,3,3,3,2,7.5,4.116666666666666,2.8666666666666667,-1.172081739023171
163936,-0.7410088388026763,0,5,5,4,4,2,9.166666666666666,8.42,7.13,-0.7410088388026763
163938,0.5415473396975594,0,1,1,1,1,1,9.8,9.8,9.8,0.5415473396975594
163939,0.024381767610287985,0,4,4,4,3,2,8.733333333333333,8.3125,8.35,0.024381767610287985
163945,0.5638053191326696,0,3,3,2,3,1,9.0,9.0,9.0,0.5638053191326696
163946,-0.5190501053857365,0,3,3,3,2,2,8.95,7.716666666666668,8.1,-0.5190501053857365
163947,0.4809263688358921,0,1,1,1,1,1,9.6,9.6,9.6,0.4809263688358921
163951,0.8429925747502812,0,1,1,1,1,1,9.0,9.0,9.0,0.8429925747502812
163956,-0.11977465044396016,0,2,2,2,2,1,8.5,8.5,8.5,-0.11977465044396016
163959,0.3955747275627738,0,1,1,1,1,1,,5.5058823529411764,7.2,0.3955747275627738
163962,0.2286931354417574,0,3,3,2,3,1,9.200000000000001,9.200000000000001,9.200000000000001,0.2286931354417574
163964,0.02476391697439669,0,3,3,3,3,3,8.466666666666667,8.466666666666667,8.466666666666667,0.02476391697439669
163969,-0.10356387867061592,0,1,1,1,1,1,7.8,7.8,7.8,-0.10356387867061592
163971,-0.41721687434034704,0,1,1,1,1,1,7.9,7.9,7.9,-0.41721687434034704
163973,0.41719824285452645,0,2,2,2,2,1,9.3,9.3,9.3,0.41719824285452645
163974,0.14004995254658428,0,1,1,1,1,1,8.9,8.9,8.9,0.14004995254658428
163975,0.43271066664067676,0,1,1,1,1,1,8.6,8.6,8.6,0.43271066664067676
163976,0.31042766290647983,0,2,2,2,2,1,9.25,9.25,9.25,0.31042766290647983
163977,-1.3648668515834217,0,3,3,3,2,3,8.8,5.188888888888889,5.166666666666667,-1.3648668515834217
163981,-0.6294034321854376,0,1,1,1,1,1,,7.0375,7.1,-0.6294034321854376
163982,0.8243855421768468,0,1,1,1,1,1,9.2,9.2,9.2,0.8243855421768468
163994,-0.4685401031535107,0,4,4,4,3,2,9.200000000000001,8.613235294117647,8.725,-0.4685401031535107
163995,0.6383299742898589,0,2,2,2,2,1,9.95,9.95,9.95,0.6383299742898589
163997,-0.5737230729040517,0,3,3,3,3,3,9.5,7.083333333333333,6.333333333333333,-0.5737230729040517
164000,-0.05673061516956057,0,2,2,2,1,2,9.9,6.68,6.1,-0.05673061516956057
164001,0.9016146046546449,0,1,1,1,1,1,9.7,9.7,9.7,0.9016146046546449
164005,0.5025011191903559,0,1,1,1,1,1,8.1,8.1,8.1,0.5025011191903559
164006,-0.006547129619508429,0,2,2,2,2,1,8.8,8.8,8.8,-0.006547129619508429
164009,-2.10736475128005,0,2,2,2,1,2,4.15,4.15,4.15,-2.10736475128005
164019,-0.09497285434994451,0,1,1,1,1,1,7.7,7.7,7.7,-0.09497285434994451
164021,0.6021683105592263,0,1,1,1,1,1,10.0,10.0,10.0,0.6021683105592263
164024,0.1640107654678735,0,4,4,4,3,2,8.433333333333332,7.9833333333333325,8.025,0.1640107654678735
164025,-0.0404404089925298,0,1,1,1,1,1,7.5,7.5,7.5,-0.0404404089925298
164028,0.4810709202764087,0,1,1,1,1,1,9.2,9.2,9.2,0.4810709202764087
164031,-0.008240131100216513,0,2,2,2,2,1,8.7,8.7,8.7,-0.008240131100216513
164034,1.4531999037881471,0,1,1,1,1,1,10.0,10.0,10.0,1.4531999037881471
164043,0.07677642768697024,0,3,3,3,3,1,8.333333333333334,8.333333333333334,8.333333333333334,0.07677642768697024
164050,0.7516508443646149,0,3,3,3,3,1,9.700000000000001,9.700000000000001,9.700000000000001,0.7516508443646149
164052,0.10349095385853292,0,1,1,1,1,1,7.8,7.8,7.8,0.10349095385853292
164056,0.7737317124690177,0,1,1,1,1,1,9.4,9.4,9.4,0.7737317124690177
164057,0.5179659280977623,0,1,1,1,1,1,8.8,8.8,8.8,0.5179659280977623
164064,0.004586637991691206,0,2,2,2,2,1,7.6,7.6,7.6,0.004586637991691206
164067,-1.255572889407057,0,6,6,5,3,2,4.75,5.506442577030811,5.1,-1.255572889407057
164068,0.5824766866552218,0,1,1,1,1,1,8.9,8.9,8.9,0.5824766866552218
164070,-0.4300588619382171,0,3,3,3,3,2,8.7,8.15,8.1,-0.4300588619382171
164074,-1.3885319865591301,0,3,3,3,2,2,8.0,6.944444444444444,5.333333333333333,-1.3885319865591301
164081,0.06239002578753013,0,1,1,1,1,1,,5.585714285714286,7.3,0.06239002578753013
164083,0.8951805771862007,0,1,1,1,1,1,8.4,8.4,8.4,0.8951805771862007
164085,-0.8471855441432155,0,1,1,1,1,1,1.0,1.0,1.0,-0.8471855441432155
164086,-1.4462748314503713,0,1,1,1,1,1,9.2,9.2,9.2,-1.4462748314503713
164092,1.185380715335192,0,2,2,2,2,1,9.45,9.45,9.45,1.185380715335192
164095,0.5438819199559831,0,2,2,2,2,1,9.0,9.0,9.0,0.5438819199559831
164101,-0.8325883279750294,0,1,1,1,1,1,,5.0,0.0,-0.8325883279750294
164103,0.34996353266915736,0,2,2,2,2,1,8.8,8.8,8.8,0.34996353266915736
164105,-1.0869346236090764,0,3,3,3,2,3,7.6,7.6,5.4190476190476184,-1.0869346236090764
164109,0.6575548311462281,0,3,3,3,3,3,9.1,9.1,9.1,0.6575548311462281
164110,0.4885328951696694,0,3,3,3,3,1,9.766666666666667,9.766666666666667,9.766666666666667,0.4885328951696694
164112,0.781599399733134,0,3,3,3,3,1,9.799999999999999,9.799999999999999,9.799999999999999,0.781599399733134
164113,-0.3703636985258476,0,4,4,4,3,3,9.4,8.766666666666666,8.75,-0.3703636985258476
164115,0.0,0,1,1,1,1,1,7.9,7.9,7.9,0.0
164117,-1.9319909084015436,0,2,2,2,2,1,,6.284375,3.85,-1.9319909084015436
164118,1.0074056329170569,0,2,2,1,2,1,9.600000000000001,9.600000000000001,9.600000000000001,1.0074056329170569
164119,0.8361995327846322,0,3,3,3,3,2,9.766666666666666,9.766666666666666,9.766666666666666,0.8361995327846322
164120,0.7273461302475002,0,2,2,2,2,2,9.6,9.6,9.6,0.7273461302475002
164122,-1.157563270721516,0,7,7,6,3,3,7.26,7.328571428571428,6.536507936507937,-1.157563270721516
164123,0.9442422353831882,0,1,1,1,1,1,9.8,9.8,9.8,0.9442422353831882
164124,0.8675568286476018,0,1,1,1,1,1,9.7,9.7,9.7,0.8675568286476018
164125,-0.08678267621217339,0,3,3,2,3,1,8.799999999999999,8.799999999999999,8.799999999999999,-0.08678267621217339
164126,0.6168533479169183,0,1,1,1,1,1,10.0,10.0,10.0,0.6168533479169183
164127,0.6128772041378203,0,2,2,2,2,1,9.75,9.75,9.75,0.6128772041378203
164130,0.07364796772826684,0,1,1,1,1,1,9.1,9.1,9.1,0.07364796772826684
164141,0.10562867191217354,0,2,2,2,2,1,8.6,8.6,8.6,0.10562867191217354
164142,0.3087590295476423,0,1,1,1,1,1,9.5,9.5,9.5,0.3087590295476423
164143,-0.4729435570290405,0,1,1,1,1,1,7.8,7.8,7.8,-0.4729435570290405
164145,0.0010772568631482748,0,3,3,2,3,1,9.4,9.4,9.4,0.0010772568631482748
164146,-0.627697649357705,0,2,2,2,1,1,9.1,7.4714285714285715,6.05,-0.627697649357705
164147,0.415199972510899,0,1,1,1,1,1,8.5,8.5,8.5,0.415199972510899
164152,-0.21583064118366554,0,3,3,3,2,2,9.45,8.799999999999999,8.15,-0.21583064118366554
164155,0.17694488226942143,0,1,1,1,1,1,8.0,8.0,8.0,0.17694488226942143
164157,0.6021683105592263,0,1,1,1,1,1,10.0,10.0,10.0,0.6021683105592263
164160,-0.38727978304120564,0,4,4,3,3,2,8.175,8.175,8.175,-0.38727978304120564
164162,0.49090139114920295,0,2,2,2,2,1,9.6,9.6,9.6,0.49090139114920295
164165,0.30536267059035227,0,3,3,3,3,1,8.033333333333333,8.033333333333333,8.033333333333333,0.30536267059035227
164167,-0.023357111465027936,0,5,5,5,4,2,9.175,8.8,8.8,-0.023357111465027936
164169,-1.9396418546438081,0,1,1,1,1,1,,5.3,3.5,-1.9396418546438081
164173,-0.06309758940696501,0,3,3,3,2,2,8.75,8.266666666666667,8.266666666666667,-0.06309758940696501
164177,-2.376143562788545,0,1,1,1,1,1,,2.1999999999999997,0.0,-2.376143562788545
164178,-0.7697798737848154,0,3,3,3,2,3,7.7,7.366666666666667,7.1000000000000005,-0.7697798737848154
164182,0.4361907095247578,0,2,2,2,2,1,9.2,9.2,9.2,0.4361907095247578
164185,-1.2583798292219357,0,5,5,5,3,3,3.88,3.88,3.88,-1.2583798292219357
164187,0.16193373319345852,0,3,3,3,3,3,8.333333333333334,8.333333333333334,8.333333333333334,0.16193373319345852
164191,-1.6251776553982098,0,1,1,1,1,1,,6.6571428571428575,6.0,-1.6251776553982098
164193,-0.2767999816739331,0,1,1,1,1,1,7.5,7.5,7.5,-0.2767999816739331
164194,0.09647896303878922,0,3,3,3,3,1,9.266666666666667,9.266666666666667,9.266666666666667,0.09647896303878922
164197,-0.832532759941024,0,3,3,3,3,1,7.5,7.366666666666667,7.1000000000000005,-0.832532759941024
164198,-2.5553786084328842,0,1,1,1,1,1,,4.24,0.0,-2.5553786084328842
164199,0.6133469465541475,0,2,2,2,2,1,9.850000000000001,9.850000000000001,9.850000000000001,0.6133469465541475
164201,0.2671463064462528,0,1,1,1,1,1,9.8,9.8,9.8,0.2671463064462528
164206,0.7829574034249047,0,1,1,1,1,1,8.9,8.9,8.9,0.7829574034249047
164207,0.6973167794335157,0,1,1,1,1,1,9.9,9.9,9.9,0.6973167794335157
164242,-1.7803807598023926,0,2,2,2,2,2,7.5,7.078571428571429,5.75,-1.7803807598023926
164249,-1.696079302293963,0,2,2,1,2,1,,7.2666666666666675,5.516666666666667,-1.696079302293963
164251,-0.3784466874721688,0,3,3,3,3,1,8.533333333333333,8.533333333333333,8.533333333333333,-0.3784466874721688
164254,-0.2787738398714851,0,2,2,2,2,2,9.8,7.4,4.9,-0.2787738398714851
164258,0.17173752142421717,0,3,3,3,3,1,8.4,8.4,8.4,0.17173752142421717
164259,0.5238475280733315,0,2,2,2,2,1,9.05,9.05,9.05,0.5238475280733315
164260,-0.2575103005354807,0,4,4,4,3,2,7.766666666666667,6.84375,6.25,-0.2575103005354807
164261,0.6611948596989036,0,3,3,3,3,1,9.6,9.6,9.6,0.6611948596989036
164262,-1.0485711145868444,0,2,2,2,1,2,4.9,4.9,4.9,-1.0485711145868444
164265,-0.565614793759537,0,4,4,4,3,2,7.625,7.625,7.625,-0.565614793759537
164268,-0.3373323288643212,0,2,2,2,2,2,7.5,7.5,7.5,-0.3373323288643212
164269,0.3662338406500687,0,3,3,2,3,2,8.666666666666666,8.666666666666666,8.666666666666666,0.3662338406500687
164273,-0.9297361168859398,0,1,1,1,1,1,,5.208695652173914,4.3,-0.9297361168859398
164274,-0.474539010516094,0,3,3,3,2,2,6.05,4.883333333333333,4.933333333333334,-0.474539010516094
164275,-0.020044621678183727,0,1,1,1,1,1,8.0,8.0,8.0,-0.020044621678183727
164276,-0.5213433063102456,0,4,4,4,2,3,7.566666666666666,6.89,7.5,-0.5213433063102456
164278,0.53470326160242,0,1,1,1,1,1,9.3,9.3,9.3,0.53470326160242
164282,-0.2716538846195439,0,2,2,2,2,2,8.5,8.5,8.5,-0.2716538846195439
164285,-0.5060601544001808,0,2,2,2,2,2,9.25,9.25,9.25,-0.5060601544001808
164287,0.401248985788153,0,1,1,1,1,1,8.6,8.6,8.6,0.401248985788153
164291,0.3072300006126631,0,1,1,1,1,1,9.2,9.2,9.2,0.3072300006126631
164293,-0.5723355685264709,0,6,6,5,4,3,7.840000000000001,7.840000000000001,6.885714285714286,-0.5723355685264709
164294,-0.032212297088654085,0,4,4,3,3,2,8.45,8.45,8.45,-0.032212297088654085
164298,0.41868336599004996,0,1,1,1,1,1,9.4,9.4,9.4,0.41868336599004996
164300,-0.6046794206252087,0,1,1,1,1,1,,5.4799999999999995,6.6,-0.6046794206252087
164302,-0.600725689422994,0,5,5,5,4,3,6.325,6.386666666666667,6.42,-0.600725689422994
164303,-0.7862252891999959,0,4,4,4,3,2,8.299999999999999,7.6,7.225,-0.7862252891999959
164304,-1.794078889936896,0,1,1,1,1,1,3.7,3.7,3.7,-1.794078889936896
164306,-0.2676812263351652,0,5,5,5,3,3,7.75,7.132,7.140000000000001,-0.2676812263351652
164310,-0.07380452193300066,0,2,2,2,1,1,7.3999999999999995,7.3999999999999995,7.3999999999999995,-0.07380452193300066
164312,0.30881420452463815,0,1,1,1,1,1,8.1,8.1,8.1,0.30881420452463815
164313,-0.9687542742446057,0,7,7,6,3,2,7.25,6.214285714285714,6.214285714285714,-0.9687542742446057
164316,-0.7573349951789098,0,6,6,6,4,3,7.62,7.62,6.596666666666667,-0.7573349951789098
164318,0.8294264231156372,0,1,1,1,1,1,9.0,9.0,9.0,0.8294264231156372
164319,0.7075674483598775,0,2,2,2,2,1,9.9,9.9,9.9,0.7075674483598775
164322,0.22601236967069324,0,2,2,2,1,2,9.1,7.175,8.05,0.22601236967069324
164325,1.1844281148027693,0,1,1,1,1,1,9.5,9.5,9.5,1.1844281148027693
164326,-1.5179382593995867,0,4,4,3,4,1,7.733333333333334,7.675000000000001,6.416666666666667,-1.5179382593995867
164327,0.0008826647657838305,0,2,2,2,2,2,8.0,8.0,8.0,0.0008826647657838305
164328,0.0039812639662559594,0,2,2,2,2,1,7.95,7.95,7.95,0.0039812639662559594
164329,-1.1128607638434147,0,2,2,2,1,2,5.35,5.35,5.35,-1.1128607638434147
164334,1.101641175969057,0,3,3,3,3,1,9.333333333333334,9.333333333333334,9.333333333333334,1.101641175969057
164335,-0.6440039457439473,0,3,3,2,2,2,8.9,8.316666666666666,8.200000000000001,-0.6440039457439473
164336,0.20579409695951836,0,3,3,2,3,1,8.533333333333333,8.533333333333333,8.533333333333333,0.20579409695951836
164338,-0.6068472748723925,0,5,5,5,3,2,7.949999999999999,7.7333333333333325,7.720000000000001,-0.6068472748723925
164340,0.7187438397377649,0,1,1,1,1,1,9.6,9.6,9.6,0.7187438397377649
164341,0.2337481783896762,0,3,3,3,3,1,8.466666666666667,8.466666666666667,8.466666666666667,0.2337481783896762
164342,-0.7568762307861902,0,3,3,3,2,2,8.9,7.458333333333333,6.233333333333334,-0.7568762307861902
164344,1.0766418917330038,0,1,1,1,1,1,9.6,9.6,9.6,1.0766418917330038
164349,-0.020044621678183727,0,1,1,1,1,1,8.0,8.0,8.0,-0.020044621678183727
164351,0.48927937368746327,0,1,1,1,1,1,8.5,8.5,8.5,0.48927937368746327
164353,-0.03833355157633682,0,1,1,1,1,1,8.1,8.1,8.1,-0.03833355157633682
164354,0.23512192939619744,0,4,4,4,3,3,8.575,8.575,8.575,0.23512192939619744
164359,0.6884764510119321,0,1,1,1,1,1,9.2,9.2,9.2,0.6884764510119321
164362,0.5677227517573331,0,2,2,2,2,2,9.4,9.4,9.4,0.5677227517573331
164363,-0.26312233328812984,0,2,2,2,1,2,10.0,8.5,8.25,-0.26312233328812984
164367,-0.2640831565218817,0,3,3,3,2,2,7.6,6.12962962962963,6.633333333333333,-0.2640831565218817
164370,0.7307351514593637,0,3,3,3,3,1,9.166666666666666,9.166666666666666,9.166666666666666,0.7307351514593637
164373,0.1812375309372944,0,2,2,2,2,1,8.8,8.8,8.8,0.1812375309372944
164376,0.18704788652708296,0,1,1,1,1,1,9.0,9.0,9.0,0.18704788652708296
164377,0.5467466736027985,0,2,2,2,2,1,8.95,8.95,8.95,0.5467466736027985
164380,-0.010659582181919466,0,4,4,4,3,2,8.333333333333334,8.05625,7.85,-0.010659582181919466
164382,-1.2009756175018,0,2,2,2,1,2,5.3,4.675000000000001,3.25,-1.2009756175018
164384,-0.8343250702908852,0,2,2,2,2,1,,5.75,6.4,-0.8343250702908852
164387,-0.9317906427419869,0,1,1,1,1,1,8.0,8.0,8.0,-0.9317906427419869
164388,-0.4802364773732559,0,1,1,1,1,1,,5.5058823529411764,5.2,-0.4802364773732559
164402,-0.06652530736754352,0,3,3,3,3,1,8.200000000000001,8.200000000000001,8.200000000000001,-0.06652530736754352
164403,0.6955722176456467,0,2,2,2,2,1,8.35,8.35,8.35,0.6955722176456467
164404,-0.20691551872626826,0,5,5,5,3,3,8.649999999999999,8.037142857142857,8.36,-0.20691551872626826
164405,0.3358234010666589,0,2,2,2,2,1,8.649999999999999,8.649999999999999,8.649999999999999,0.3358234010666589
164406,-1.9556384646059846,0,1,1,1,1,1,0.0,0.0,0.0,-1.9556384646059846
164409,0.23051314929911249,0,1,1,1,1,1,8.6,8.6,8.6,0.23051314929911249
164410,0.940825844083885,0,2,2,2,2,2,9.600000000000001,9.600000000000001,9.600000000000001,0.940825844083885
164411,0.35968442711255794,0,1,1,1,1,1,9.2,9.2,9.2,0.35968442711255794
164415,0.21959499708499383,0,1,1,1,1,1,,4.457142857142857,7.0,0.21959499708499383
164416,-0.2577876770254532,0,4,4,3,3,2,8.966666666666667,8.5,8.3,-0.2577876770254532
164417,-0.38633264632561365,0,2,2,2,2,2,7.95,7.95,7.95,-0.38633264632561365
164418,-0.19756841499384326,0,1,1,1,1,1,,5.585714285714286,6.8,-0.19756841499384326
164419,0.47140326369013813,0,2,2,2,2,1,8.55,8.55,8.55,0.47140326369013813
164422,-0.49312452477572016,0,2,2,2,2,2,8.2,8.2,8.2,-0.49312452477572016
164424,0.4267444145374054,0,2,2,2,2,1,8.75,8.75,8.75,0.4267444145374054
164427,0.1974346049645842,0,2,2,1,1,2,8.2,6.892857142857142,7.5,0.1974346049645842
164428,0.5179659280977623,0,1,1,1,1,1,8.8,8.8,8.8,0.5179659280977623
164437,-0.5593543457592767,0,4,4,4,3,2,6.8,6.8,6.8,-0.5593543457592767
164442,-1.1508456242737979,0,2,2,2,2,2,9.2,7.949999999999999,7.55,-1.1508456242737979
164449,-0.04627650264346235,0,5,5,4,4,2,8.9,8.092,7.459999999999999,-0.04627650264346235
164454,0.01850048387688206,0,3,3,3,3,1,8.333333333333334,8.333333333333334,8.333333333333334,0.01850048387688206
164455,0.5301367313674358,0,1,1,1,1,1,9.6,9.6,9.6,0.5301367313674358
164461,-2.1661392916343245,0,3,3,3,1,2,1.2,2.272727272727273,1.0333333333333332,-2.1661392916343245
164464,-0.11261397709604515,0,3,3,2,3,1,8.866666666666667,8.866666666666667,8.866666666666667,-0.11261397709604515
164465,0.4810709202764087,0,1,1,1,1,1,9.2,9.2,9.2,0.4810709202764087
164470,0.47057077112303397,0,2,2,2,2,1,8.55,8.55,8.55,0.47057077112303397
164471,-1.5599909647400272,0,3,3,3,2,2,8.0,6.7625,6.333333333333333,-1.5599909647400272
164472,-0.30544795404905023,0,1,1,1,1,1,7.5,7.5,7.5,-0.30544795404905023
164473,-0.9687999358587652,0,1,1,1,1,1,,7.0,6.5,-0.9687999358587652
164474,0.047160897792378184,0,2,2,2,2,1,8.5,8.5,8.5,0.047160897792378184
164477,0.30482777445504944,0,1,1,1,1,1,8.3,8.3,8.3,0.30482777445504944
164481,-0.06180425017439964,0,1,1,1,1,1,7.9,7.9,7.9,-0.06180425017439964
164483,0.34284955034924364,0,1,1,1,1,1,7.7,7.7,7.7,0.34284955034924364
164484,0.19064764239335383,0,1,1,1,1,1,8.0,8.0,8.0,0.19064764239335383
164485,-0.4709148749387029,0,2,2,2,2,1,8.2,8.2,8.2,-0.4709148749387029
164486,1.107199926695731,0,1,1,1,1,1,9.5,9.5,9.5,1.107199926695731
164487,-0.2230989042253878,0,2,2,2,2,1,9.6,8.45,8.45,-0.2230989042253878
164491,0.16339513690724825,0,3,3,3,3,2,7.866666666666667,7.866666666666667,7.866666666666667,0.16339513690724825
164495,-0.8548781364603407,0,1,1,1,1,1,,5.208695652173914,4.5,-0.8548781364603407
164499,0.20813199995839038,0,1,1,1,1,1,8.7,8.7,8.7,0.20813199995839038
164500,0.4269516947479443,0,3,3,3,3,2,8.266666666666667,8.266666666666667,8.266666666666667,0.4269516947479443
164501,-0.6822833448776747,0,4,4,4,2,2,7.866666666666667,7.15625,7.35,-0.6822833448776747
164507,-0.4782741830541163,0,2,2,2,2,1,9.05,9.05,9.05,-0.4782741830541163
164513,0.5557446750190547,0,4,4,4,4,3,9.425,9.425,9.425,0.5557446750190547
164515,-1.85844394136099,0,1,1,1,1,1,,5.7,3.9,-1.85844394136099
164516,-0.8580828345353229,0,11,11,11,5,3,3.9111111111111105,4.17034632034632,4.1000000000000005,-0.8580828345353229
164519,0.4147165496329823,0,4,4,4,3,2,9.933333333333334,9.163235294117648,9.125,0.4147165496329823
164531,-0.2930621260266794,0,2,2,2,1,2,10.0,8.5,8.25,-0.2930621260266794
164533,-0.9439672275046972,0,9,9,7,3,4,6.428571428571429,5.697222222222222,5.933333333333334,-0.9439672275046972
164534,0.1320464725979039,0,3,3,2,3,1,8.633333333333333,8.633333333333333,8.633333333333333,0.1320464725979039
164541,-0.6762022691160979,0,2,2,2,1,1,8.3,6.4750000000000005,5.800000000000001,-0.6762022691160979
164545,0.9316287456071699,0,2,2,2,2,1,9.7,9.7,9.7,0.9316287456071699
164548,-0.9439306737882808,0,1,1,1,1,1,,2.55,3.1,-0.9439306737882808
164550,0.060649095089715874,0,1,1,1,1,1,9.2,9.2,9.2,0.060649095089715874
164551,-1.2436983065902398,0,3,3,3,1,2,6.5,6.083333333333333,4.333333333333333,-1.2436983065902398
164563,-0.12144853283037671,0,1,1,1,1,1,7.3,7.3,7.3,-0.12144853283037671
164564,-0.3715676650307514,0,8,8,6,3,4,6.766666666666667,6.662239583333333,6.8625,-0.3715676650307514
164566,0.5303152191940019,0,1,1,1,1,1,8.2,8.2,8.2,0.5303152191940019
164571,-0.580098857062855,0,3,3,3,1,2,7.4,6.477777777777778,5.866666666666667,-0.580098857062855
164573,0.4518639918434261,0,3,3,2,3,1,8.733333333333333,8.733333333333333,8.733333333333333,0.4518639918434261
164574,1.320962987214318,0,1,1,1,1,1,10.0,10.0,10.0,1.320962987214318
164576,0.14004995254658428,0,1,1,1,1,1,8.9,8.9,8.9,0.14004995254658428
164583,-0.3057635089629612,0,1,1,1,1,1,8.1,8.1,8.1,-0.3057635089629612
164588,-0.2873121091189808,0,1,1,1,1,1,8.0,8.0,8.0,-0.2873121091189808
164593,-0.1555938252116116,0,1,1,1,1,1,7.5,7.5,7.5,-0.1555938252116116
164595,-1.1676119762040247,0,2,2,1,1,2,8.4,7.177272727272728,4.25,-1.1676119762040247
164596,-0.7955889225949406,0,2,2,2,2,1,7.5,6.0375,5.45,-0.7955889225949406
164601,-0.814216179438081,0,7,7,7,4,3,9.133333333333333,6.948511904761905,6.128571428571428,-0.814216179438081
164604,-1.6500451469158013,0,2,2,2,2,1,0.4,2.5333333333333337,2.9000000000000004,-1.6500451469158013
164606,0.35689678149458914,0,1,1,1,1,1,7.5,7.5,7.5,0.35689678149458914
164607,-2.580481820413094,0,1,1,1,1,1,0.0,0.0,0.0,-2.580481820413094
164610,0.20748180932949206,0,2,2,2,2,2,8.899999999999999,8.899999999999999,8.899999999999999,0.20748180932949206
164615,-0.3563671344702986,0,2,2,2,1,2,6.15,6.15,6.15,-0.3563671344702986
164623,-1.7462953069844835,0,4,4,4,3,2,4.35,4.766145833333333,5.199999999999999,-1.7462953069844835
164624,-0.1371272594856957,0,4,4,4,2,3,7.6000000000000005,6.847222222222222,7.3,-0.1371272594856957
164626,-0.7575563391984473,0,5,5,3,4,3,8.2,7.661176470588235,7.68,-0.7575563391984473
164628,0.6481094342612731,0,1,1,1,1,1,9.6,9.6,9.6,0.6481094342612731
164631,-0.825899539430058,0,3,3,3,3,2,8.05,6.922222222222222,5.733333333333333,-0.825899539430058
164633,0.5621880888182388,0,3,3,3,3,1,9.133333333333333,9.133333333333333,9.133333333333333,0.5621880888182388
164635,-1.2221660622388404,0,2,2,2,2,2,4.8,4.279999999999999,2.4,-1.2221660622388404
164643,0.6529956165683553,0,1,1,1,1,1,8.8,8.8,8.8,0.6529956165683553
164645,-0.753168640558815,0,4,4,4,3,2,7.8,7.2328125,7.15,-0.753168640558815
164646,-1.2739077735751454,0,1,1,1,1,1,5.9,5.9,5.9,-1.2739077735751454
164652,-0.0404404089925298,0,1,1,1,1,1,7.5,7.5,7.5,-0.0404404089925298
164657,1.0245902543053806,0,2,2,2,2,2,9.9,9.9,9.9,1.0245902543053806
164658,-2.4668673307258233,0,2,2,2,2,1,0.05,0.05,0.05,-2.4668673307258233
164664,-1.1840879652387508,0,8,8,7,3,5,4.7,4.659375,4.5,-1.1840879652387508
164665,-0.4337999870599678,0,4,4,3,3,2,8.6,7.8464285714285715,7.2,-0.4337999870599678
164668,0.134317251540879,0,1,1,1,1,1,7.9,7.9,7.9,0.134317251540879
164674,0.6415900967448227,0,1,1,1,1,1,9.8,9.8,9.8,0.6415900967448227
164676,-0.5467338626910897,0,1,1,1,1,1,,4.65,6.0,-0.5467338626910897
164678,-1.8828478566096223,0,1,1,1,1,1,0.0,0.0,0.0,-1.8828478566096223
164681,0.23708700454144044,0,1,1,1,1,1,7.7,7.7,7.7,0.23708700454144044
164682,0.07104744993964272,0,1,1,1,1,1,7.5,7.5,7.5,0.07104744993964272
164683,0.8294264231156372,0,1,1,1,1,1,9.0,9.0,9.0,0.8294264231156372
164684,-0.9687999358587652,0,1,1,1,1,1,,7.0,6.5,-0.9687999358587652
164686,-2.428880232524125,0,1,1,1,1,1,,5.0,0.0,-2.428880232524125
164687,0.8716095311764995,0,2,2,2,2,1,9.9,9.9,9.9,0.8716095311764995
164691,-0.8915034423523706,0,3,3,3,2,1,5.4,4.325,5.666666666666667,-0.8915034423523706
164693,-0.9687999358587652,0,1,1,1,1,1,,7.0,6.5,-0.9687999358587652
164695,-1.832687724294302,0,1,1,1,1,1,,7.185714285714285,5.8,-1.832687724294302
164707,-0.9297131578452902,0,5,5,5,3,2,6.025,6.1905882352941175,5.9799999999999995,-0.9297131578452902
164709,-0.9633303641362467,0,5,5,5,3,2,6.825,6.4319999999999995,5.62,-0.9633303641362467
164711,-3.927997883728015,0,1,1,1,1,1,,5.533333333333334,1.6,-3.927997883728015
164713,-0.37187552921451256,0,4,4,4,3,2,8.066666666666666,7.19375,6.9,-0.37187552921451256
164714,-3.927997883728015,0,1,1,1,1,1,,5.533333333333334,1.6,-3.927997883728015
164721,-0.3469266254586061,0,4,4,4,3,2,8.533333333333333,8.275,8.044444444444444,-0.3469266254586061
164723,0.7530434621222085,0,1,1,1,1,1,10.0,10.0,10.0,0.7530434621222085
164724,0.5301367313674358,0,1,1,1,1,1,9.6,9.6,9.6,0.5301367313674358
164726,0.3229472788054918,0,1,1,1,1,1,9.8,9.8,9.8,0.3229472788054918
164727,0.5858634140561287,0,1,1,1,1,1,9.7,9.7,9.7,0.5858634140561287
164728,0.6415900967448227,0,1,1,1,1,1,9.8,9.8,9.8,0.6415900967448227
164729,0.41868336599004996,0,1,1,1,1,1,9.4,9.4,9.4,0.41868336599004996
164732,-0.6705978897256282,0,8,8,7,3,5,6.44,6.3125,6.2375,-0.6705978897256282
164733,0.3072300006126631,0,1,1,1,1,1,9.2,9.2,9.2,0.3072300006126631
164735,0.3634143320307115,0,4,4,4,3,3,8.4,7.68125,8.125,0.3634143320307115
164736,0.47441004867874287,0,1,1,1,1,1,9.5,9.5,9.5,0.47441004867874287
164738,0.6415900967448227,0,1,1,1,1,1,9.8,9.8,9.8,0.6415900967448227
164741,0.362956683301357,0,1,1,1,1,1,9.3,9.3,9.3,0.362956683301357
164743,-0.25003682627426826,0,1,1,1,1,1,8.2,8.2,8.2,-0.25003682627426826
164788,0.3980493735231474,0,3,3,3,3,3,8.9,8.9,8.9,0.3980493735231474
164790,0.6415900967448227,0,1,1,1,1,1,9.8,9.8,9.8,0.6415900967448227
164791,0.5301367313674358,0,1,1,1,1,1,9.6,9.6,9.6,0.5301367313674358
164799,0.05123289172612707,0,3,3,3,3,2,9.1,9.1,9.1,0.05123289172612707
164800,0.8087713510106067,0,4,4,4,3,2,9.166666666666666,7.89375,8.475,0.8087713510106067
164803,0.2148184188265365,0,3,3,3,2,2,8.65,7.377777777777777,8.1,0.2148184188265365
164804,-0.14538313597039218,0,3,3,3,3,1,8.1,7.788888888888889,7.766666666666667,-0.14538313597039218
164805,-1.577632826855052,0,2,2,2,1,1,1.8,4.283333333333333,4.25,-1.577632826855052
164807,-1.4695730077999911,0,1,1,1,1,1,,6.852941176470588,5.8,-1.4695730077999911
164816,-0.33676187015192705,0,3,3,3,3,2,8.366666666666667,8.366666666666667,8.366666666666667,-0.33676187015192705
164817,-1.2231356496781434,0,3,3,3,3,1,8.75,7.433333333333334,5.833333333333333,-1.2231356496781434
164818,-0.6899076166849873,0,3,3,2,2,3,4.6000000000000005,4.6000000000000005,4.6000000000000005,-0.6899076166849873
164819,-0.8578922714971637,0,5,5,4,3,3,8.65,7.179166666666667,7.144,-0.8578922714971637
164825,0.8288477453270078,0,2,2,2,2,1,9.9,9.9,9.9,0.8288477453270078
164828,-3.45868546541897,0,1,1,1,1,1,2.3,2.3,2.3,-3.45868546541897
164832,0.48379820460571155,0,1,1,1,1,1,10.0,10.0,10.0,0.48379820460571155
164836,-2.963043201677439,0,1,1,1,1,1,4.0,4.0,4.0,-2.963043201677439
164838,0.7503441869555753,0,4,4,4,4,2,9.5,9.5,9.5,0.7503441869555753
164839,0.2600771898860861,0,1,1,1,1,1,9.3,9.3,9.3,0.2600771898860861
164845,-0.7812837116993789,0,8,8,7,4,5,4.3999999999999995,4.222348484848485,3.8249999999999997,-0.7812837116993789
164846,-1.1005142117749367,0,5,5,5,2,3,5.866666666666667,5.3583333333333325,3.5200000000000005,-1.1005142117749367
164848,-1.0765522100425902,0,3,3,3,1,2,3.033333333333333,3.033333333333333,3.033333333333333,-1.0765522100425902
164854,0.1309843409174723,0,2,2,2,2,2,9.55,9.55,9.55,0.1309843409174723
164855,-0.6484514240236876,0,7,7,6,4,3,7.371428571428572,7.371428571428572,7.371428571428572,-0.6484514240236876
164858,-0.6774808151522533,0,7,7,6,3,3,7.4,6.433163265306122,5.557142857142857,-0.6774808151522533
164859,-0.39680368809399214,0,4,4,4,3,3,8.566666666666666,7.583333333333333,7.675,-0.39680368809399214
164860,0.35757616545938026,0,1,1,1,1,1,7.9,7.9,7.9,0.35757616545938026
164861,-0.30544795404905023,0,1,1,1,1,1,7.5,7.5,7.5,-0.30544795404905023
164864,0.4485186327049128,0,3,3,3,3,1,9.066666666666666,9.066666666666666,9.066666666666666,0.4485186327049128
164865,0.5568689640055687,0,1,1,1,1,1,9.8,9.8,9.8,0.5568689640055687
164867,-0.010720707639483715,0,1,1,1,1,1,8.1,8.1,8.1,-0.010720707639483715
164871,-1.8413203594697072,0,2,2,1,1,1,2.5,2.5,2.5,-1.8413203594697072
164880,-0.43857637247184095,0,4,4,4,3,2,8.233333333333334,7.966666666666667,7.95,-0.43857637247184095
164883,0.24358070514149252,0,3,3,3,3,2,8.833333333333334,8.833333333333334,8.833333333333334,0.24358070514149252
164884,0.17877775194795642,0,2,2,2,2,1,8.85,8.85,8.85,0.17877775194795642
164886,-0.1193041012630525,0,5,5,4,4,2,7.7,7.7,7.7,-0.1193041012630525
164889,0.15037158167031375,0,3,3,3,3,2,9.133333333333333,9.133333333333333,9.133333333333333,0.15037158167031375
164890,0.7526800380348074,0,2,2,2,2,1,9.3,9.3,9.3,0.7526800380348074
164894,-0.3780696273123936,0,3,3,3,3,1,8.4,8.4,8.4,-0.3780696273123936
164896,-0.09456035629400253,0,2,2,2,2,1,7.9,7.9,7.9,-0.09456035629400253
164911,-1.2404557876747915,0,6,6,6,4,3,6.9,6.625,6.333333333333333,-1.2404557876747915
164917,0.39384238285934625,0,3,3,3,3,2,9.5,9.5,9.5,0.39384238285934625
164918,-0.6242092744416523,0,5,5,5,2,4,7.433333333333334,6.281428571428572,5.4,-0.6242092744416523
164920,-2.3380853307145903,0,1,1,1,1,1,,5.8428571428571425,2.1,-2.3380853307145903
164921,0.8151479482461375,0,1,1,1,1,1,10.0,10.0,10.0,0.8151479482461375
164922,-1.1360013464970646,0,4,4,3,3,2,2.6333333333333333,3.0300000000000002,3.125,-1.1360013464970646
164924,-0.1782523567886564,0,3,3,2,2,1,8.2,6.1000000000000005,7.033333333333332,-0.1782523567886564
164931,-2.024972531959269,0,1,1,1,1,1,1.5,1.5,1.5,-2.024972531959269
164933,-3.3608149013754685,0,1,1,1,1,1,,5.4799999999999995,0.0,-3.3608149013754685
164977,-1.3865919612416957,0,2,2,2,1,1,,6.671428571428571,4.575,-1.3865919612416957
164978,-0.08285677820818846,0,1,1,1,1,1,8.5,8.5,8.5,-0.08285677820818846
164980,-1.0144104831620633,0,5,5,4,4,2,6.959999999999999,6.959999999999999,6.959999999999999,-1.0144104831620633
164988,-0.03144035177875145,0,1,1,1,1,1,,5.208695652173914,6.7,-0.03144035177875145
164989,0.6680243539548962,0,1,1,1,1,1,10.0,10.0,10.0,0.6680243539548962
164992,0.4902351138591504,0,1,1,1,1,1,8.3,8.3,8.3,0.4902351138591504
164995,0.42591094651905653,0,3,3,3,3,2,8.799999999999999,8.799999999999999,8.799999999999999,0.42591094651905653
164997,0.8799826822069834,0,1,1,1,1,1,9.9,9.9,9.9,0.8799826822069834
165000,0.7138805573371481,0,3,3,3,3,2,9.566666666666668,9.566666666666668,9.566666666666668,0.7138805573371481
165022,0.9363832624049672,0,4,4,4,4,2,9.575,9.575,9.575,0.9363832624049672
165024,0.5174925798083553,0,1,1,1,1,1,8.0,8.0,8.0,0.5174925798083553
165025,0.6611004780651442,0,3,3,2,3,2,9.633333333333333,9.633333333333333,9.633333333333333,0.6611004780651442
165028,0.408742236509711,0,4,4,3,4,2,9.350000000000001,9.350000000000001,9.350000000000001,0.408742236509711
165031,0.8816905089506063,0,1,1,1,1,1,9.3,9.3,9.3,0.8816905089506063
165033,-0.14661252447310089,0,3,3,3,3,1,8.9,8.9,8.9,-0.14661252447310089
165043,0.6462246345548259,0,1,1,1,1,1,9.0,9.0,9.0,0.6462246345548259
165045,0.8882119590584604,0,1,1,1,1,1,9.5,9.5,9.5,0.8882119590584604
165048,-1.4291973755276683,0,1,1,1,1,1,,3.46,1.6,-1.4291973755276683
165054,-0.001334600003688624,0,4,4,4,3,3,9.033333333333333,7.866071428571429,7.875,-0.001334600003688624
165055,-2.623867354242325,0,1,1,1,1,1,,6.8999999999999995,5.7,-2.623867354242325
165058,0.5900307105247302,0,1,1,1,1,1,9.9,9.9,9.9,0.5900307105247302
165060,0.9998538627805452,0,3,3,3,3,2,9.666666666666666,9.666666666666666,9.666666666666666,0.9998538627805452
165061,0.5023612857550475,0,3,3,2,3,2,9.466666666666667,9.466666666666667,9.466666666666667,0.5023612857550475
165065,0.8401511287295431,0,1,1,1,1,1,8.7,8.7,8.7,0.8401511287295431
165066,0.7352306794816754,0,3,3,2,3,2,9.4,9.4,9.4,0.7352306794816754
165094,-0.8325883279750294,0,1,1,1,1,1,,5.0,0.0,-0.8325883279750294
165097,-0.35540101274925506,0,4,4,4,4,2,8.833333333333334,8.00625,6.625,-0.35540101274925506
165105,-0.9297361168859398,0,1,1,1,1,1,,5.208695652173914,4.3,-0.9297361168859398
165108,0.2600771898860861,0,1,1,1,1,1,9.3,9.3,9.3,0.2600771898860861
165109,-1.8828478566096223,0,1,1,1,1,1,,3.516666666666667,0.0,-1.8828478566096223
165117,-2.5144834138865493,0,2,2,2,1,2,0.0,3.75,1.85,-2.5144834138865493
165120,0.15399714150439517,0,4,4,4,3,2,8.675,8.675,8.675,0.15399714150439517
165232,0.882489940497869,0,2,2,2,2,1,8.75,8.75,8.75,0.882489940497869
165237,0.5171867528674289,0,1,1,1,1,1,8.6,8.6,8.6,0.5171867528674289
165241,0.8268262892705665,0,4,4,4,4,2,9.375,9.375,9.375,0.8268262892705665
165244,1.0136509122981743,0,4,4,4,4,2,9.725,9.725,9.725,1.0136509122981743
165245,0.505831581036062,0,4,4,4,3,2,9.033333333333333,7.99,8.6,0.505831581036062
165252,0.5629920927489511,0,3,3,3,2,2,8.466666666666667,8.466666666666667,8.466666666666667,0.5629920927489511
165254,0.023565645871175378,0,4,4,4,3,2,9.433333333333334,8.95,8.555,0.023565645871175378
165255,0.5314297550499285,0,1,1,1,1,1,8.2,8.2,8.2,0.5314297550499285
165258,0.007233505073833806,0,3,3,3,3,2,8.633333333333333,8.633333333333333,8.633333333333333,0.007233505073833806
165261,0.6547112536736536,0,1,1,1,1,1,10.0,10.0,10.0,0.6547112536736536
165262,-1.7584074274561594,0,3,3,3,2,2,4.15,4.433333333333334,2.766666666666667,-1.7584074274561594
165268,0.2666421715548341,0,3,3,3,3,2,9.166666666666666,9.166666666666666,9.166666666666666,0.2666421715548341
165272,0.6520286099125737,0,1,1,1,1,1,8.7,8.7,8.7,0.6520286099125737
165276,0.22491721705961004,0,1,1,1,1,1,7.5,7.5,7.5,0.22491721705961004
165286,-1.8885495056285122,0,1,1,1,1,1,,4.050000000000001,1.2,-1.8885495056285122
165289,1.0993155848167016,0,1,1,1,1,1,10.0,10.0,10.0,1.0993155848167016
165294,-1.7036158605484113,0,1,1,1,1,1,,4.65,3.3,-1.7036158605484113
165295,0.6548359669143926,0,1,1,1,1,1,8.4,8.4,8.4,0.6548359669143926
165308,-1.1058335142351452,0,1,1,1,1,1,,2.4307692307692306,0.0,-1.1058335142351452
165313,0.8089252156153836,0,1,1,1,1,1,9.7,9.7,9.7,0.8089252156153836
165318,0.6680243539548962,0,1,1,1,1,1,10.0,10.0,10.0,0.6680243539548962
165320,0.04250653311414882,0,4,4,4,3,2,8.666666666666666,7.64375,8.325,0.04250653311414882
165326,0.009766620416942685,0,1,1,1,1,1,,5.25,7.0,0.009766620416942685
165335,0.406345917513868,0,1,1,1,1,1,8.8,8.8,8.8,0.406345917513868
165338,0.511218733943814,0,3,3,3,3,2,9.666666666666666,9.666666666666666,9.666666666666666,0.511218733943814
165340,0.45548625143896554,0,3,3,2,3,2,9.1,9.1,9.1,0.45548625143896554
165348,-2.258196758750567,0,1,1,1,1,1,,0.15,0.0,-2.258196758750567
165349,0.8692780497694065,0,3,3,3,3,2,9.233333333333334,9.233333333333334,9.233333333333334,0.8692780497694065
165352,-0.7879712558980613,0,2,2,2,1,1,6.35,6.35,6.35,-0.7879712558980613
165354,0.3361983701783231,0,3,3,2,3,2,9.066666666666666,9.066666666666666,9.066666666666666,0.3361983701783231
165355,0.380278540562043,0,1,1,1,1,1,7.8,7.8,7.8,0.380278540562043
165356,0.49318985506826274,0,1,1,1,1,1,9.7,9.7,9.7,0.49318985506826274
165361,-0.5928752049707441,0,1,1,1,1,1,,5.208695652173914,5.2,-0.5928752049707441
165366,0.24443778597710805,0,1,1,1,1,1,8.3,8.3,8.3,0.24443778597710805
165369,0.5674234916260409,0,1,1,1,1,1,8.3,8.3,8.3,0.5674234916260409
165372,-0.8126010223233799,0,3,3,3,2,2,9.6,5.8,4.733333333333333,-0.8126010223233799
165375,0.8089252156153836,0,1,1,1,1,1,9.7,9.7,9.7,0.8089252156153836
165376,0.03769944341732588,0,1,1,1,1,1,,4.983333333333333,7.0,0.03769944341732588
165378,-0.23597421288011322,0,5,5,5,4,3,8.08,8.08,8.08,-0.23597421288011322
165386,-0.3001812601927724,0,6,6,6,5,2,8.22,8.1,7.672222222222222,-0.3001812601927724
165391,0.6179760008962594,0,4,4,2,4,2,9.725,9.725,9.725,0.6179760008962594
165393,-2.9063985159319605,0,1,1,1,1,1,,0.2,0.2,-2.9063985159319605
165395,0.8089252156153836,0,1,1,1,1,1,9.7,9.7,9.7,0.8089252156153836
165396,-0.03075722646136425,0,4,4,3,4,2,8.799999999999999,7.9125,7.475,-0.03075722646136425
165402,0.32441142835943754,0,1,1,1,1,1,7.8,7.8,7.8,0.32441142835943754
165414,0.6927665773726406,0,4,4,4,4,2,9.7,9.7,9.7,0.6927665773726406
165421,0.48271341132498335,0,1,1,1,1,1,9.5,9.5,9.5,0.48271341132498335
165422,0.07822002527496234,0,1,1,1,1,1,8.8,8.8,8.8,0.07822002527496234
165423,-2.8869437900733095,0,1,1,1,1,1,,6.6,3.9,-2.8869437900733095
165427,-2.16917077377227,0,1,1,1,1,1,,0.15,0.3,-2.16917077377227
165431,-0.2329327231531802,0,5,5,3,4,2,8.620000000000001,8.620000000000001,8.620000000000001,-0.2329327231531802
165432,0.29124669125949515,0,1,1,1,1,1,7.7,7.7,7.7,0.29124669125949515
165440,0.6068437884300548,0,1,1,1,1,1,9.1,9.1,9.1,0.6068437884300548
165451,-1.8921954455320638,0,2,2,2,1,2,5.7,5.7,5.7,-1.8921954455320638
165453,-0.4368994558839796,0,2,2,2,1,2,7.9,6.45,3.95,-0.4368994558839796
165454,1.2770871693292982,0,1,1,1,1,1,9.7,9.7,9.7,1.2770871693292982
165457,0.7084831952933474,0,3,3,3,3,2,9.4,9.4,9.4,0.7084831952933474
165463,0.3390007664209153,0,2,2,2,2,1,8.149999999999999,8.149999999999999,8.149999999999999,0.3390007664209153
165464,-1.0596452172265718,0,1,1,1,1,1,2.7,2.7,2.7,-1.0596452172265718
165466,0.6145015567301023,0,1,1,1,1,1,9.7,9.7,9.7,0.6145015567301023
165468,0.17201982880382174,0,3,3,3,3,2,9.0,9.0,9.0,0.17201982880382174
165469,-1.0077854479024084,0,2,2,2,1,2,7.7,6.0375,3.85,-1.0077854479024084
165472,-0.8325883279750294,0,1,1,1,1,1,,5.0,0.0,-0.8325883279750294
165474,0.5769718840352237,0,1,1,1,1,1,9.8,9.8,9.8,0.5769718840352237
165475,0.8785733853648017,0,1,1,1,1,1,9.4,9.4,9.4,0.8785733853648017
165477,-2.2292733283361366,0,1,1,1,1,1,,5.954545454545454,0.1,-2.2292733283361366
165479,-0.37414893788250303,0,4,4,4,3,3,7.65,7.65,7.65,-0.37414893788250303
165480,-1.809310747838358,0,1,1,1,1,1,,5.585714285714286,3.7,-1.809310747838358
165483,-1.2581837505280449,0,1,1,1,1,1,,3.188888888888889,0.5,-1.2581837505280449
165486,-0.2624324344452268,0,4,4,4,4,2,9.35,9.35,9.35,-0.2624324344452268
165488,-0.07390607390161197,0,4,4,4,4,2,8.95,8.95,8.95,-0.07390607390161197
165489,0.4217356937792374,0,1,1,1,1,1,8.5,8.5,8.5,0.4217356937792374
165490,-0.015921182938817207,0,3,3,3,3,2,8.700000000000001,8.700000000000001,8.700000000000001,-0.015921182938817207
165493,0.7559089752684981,0,1,1,1,1,1,9.6,9.6,9.6,0.7559089752684981
165499,-1.2942720806782886,0,2,2,2,1,1,,4.710714285714285,0.2,-1.2942720806782886
165500,0.1520913646117098,0,3,3,2,3,2,9.466666666666667,9.466666666666667,9.466666666666667,0.1520913646117098
165503,-2.601756480926625,0,3,3,3,1,2,0.0,2.977272727272727,0.9833333333333334,-2.601756480926625
165505,-0.1245392637015903,0,3,3,3,1,3,8.45,7.3,5.633333333333333,-0.1245392637015903
165509,-1.3652904609359329,0,1,1,1,1,1,,5.0,0.0,-1.3652904609359329
165516,-0.0005804653941611967,0,3,3,3,3,2,8.566666666666666,8.566666666666666,8.566666666666666,-0.0005804653941611967
165520,0.05080013721445337,0,4,4,4,3,3,9.0,7.8125,7.75,0.05080013721445337
165526,0.7109055883686083,0,4,4,3,4,2,9.775,9.775,9.775,0.7109055883686083
165528,0.9253760335769671,0,4,4,4,4,2,9.9,9.9,9.9,0.9253760335769671
165537,0.8196264008706372,0,1,1,1,1,1,10.0,10.0,10.0,0.8196264008706372
165545,0.9339676002210846,0,4,4,3,4,2,9.825,9.825,9.825,0.9339676002210846
165548,0.6714142568040029,0,1,1,1,1,1,10.0,10.0,10.0,0.6714142568040029
165553,0.6680243539548962,0,1,1,1,1,1,10.0,10.0,10.0,0.6680243539548962
165555,0.29889950122290704,0,3,3,2,3,2,9.233333333333333,9.233333333333333,9.233333333333333,0.29889950122290704
165568,0.1761214475611103,0,4,4,4,4,2,8.7,8.7,8.7,0.1761214475611103
165574,-0.08042201038693156,0,3,3,3,3,3,8.433333333333334,8.433333333333334,8.433333333333334,-0.08042201038693156
165585,0.5083441620996928,0,1,1,1,1,1,9.1,9.1,9.1,0.5083441620996928
165589,-1.2151486456509728,0,4,4,4,1,3,3.3,4.27590909090909,3.15,-1.2151486456509728
165597,0.8377113306563069,0,3,3,3,3,2,9.666666666666666,9.666666666666666,9.666666666666666,0.8377113306563069
165609,0.4346194841577395,0,5,5,5,4,4,8.85,8.345,8.48,0.4346194841577395
165612,0.8199991258822537,0,4,4,3,4,2,9.75,9.75,9.75,0.8199991258822537
165617,-1.221620460563148,0,3,3,3,3,2,7.6,6.223333333333333,5.8999999999999995,-1.221620460563148
165619,0.58798133987924,0,4,4,4,4,2,9.575,9.575,9.575,0.58798133987924
165631,-1.3080611986723851,0,1,1,1,1,1,,2.3875,0.0,-1.3080611986723851
165634,0.08615417901125569,0,1,1,1,1,1,7.9,7.9,7.9,0.08615417901125569
165654,-3.5098967711474534,0,1,1,1,1,1,,3.65,0.0,-3.5098967711474534
165656,0.45600312815779237,0,3,3,3,3,2,9.566666666666668,9.566666666666668,9.566666666666668,0.45600312815779237
165659,1.1064698809312579,0,1,1,1,1,1,9.9,9.9,9.9,1.1064698809312579
165661,0.0209093418412373,0,1,1,1,1,1,8.6,8.6,8.6,0.0209093418412373
165667,-1.802576138950736,0,2,2,2,2,2,1.6,2.6799999999999997,0.8,-1.802576138950736
165668,0.29124669125949515,0,1,1,1,1,1,7.7,7.7,7.7,0.29124669125949515
165670,0.7129117950101224,0,5,5,5,4,3,8.879999999999999,8.879999999999999,8.879999999999999,0.7129117950101224
165672,0.3190234655047132,0,3,3,3,3,1,8.366666666666667,8.366666666666667,8.366666666666667,0.3190234655047132
165676,-0.5829391360669771,0,5,5,4,3,4,6.8,5.4399999999999995,5.4399999999999995,-0.5829391360669771
165679,-0.5813638931222949,0,5,5,5,3,3,7.425,6.981739130434782,5.9399999999999995,-0.5813638931222949
165680,0.941713393754036,0,1,1,1,1,1,9.3,9.3,9.3,0.941713393754036
165682,-0.1438546015369775,0,2,2,2,2,2,9.3,7.08,8.3,-0.1438546015369775
165685,-0.07072239639598366,0,1,1,1,1,1,8.2,8.2,8.2,-0.07072239639598366
165687,0.5144268046661612,0,1,1,1,1,1,8.8,8.8,8.8,0.5144268046661612
165694,0.13717965050561642,0,3,3,2,3,2,9.299999999999999,9.299999999999999,9.299999999999999,0.13717965050561642
165695,0.00608251165041547,0,4,4,4,4,2,7.9,7.9,7.9,0.00608251165041547
165700,-0.27797940518358033,0,2,2,2,1,1,6.95,6.95,6.95,-0.27797940518358033
165706,-2.0687408555772513,0,1,1,1,1,1,,4.633333333333334,0.0,-2.0687408555772513
165707,-0.4097486142302841,0,2,2,2,1,2,6.1000000000000005,6.1000000000000005,6.1000000000000005,-0.4097486142302841
165708,0.5752823239173915,0,3,3,3,3,3,9.366666666666667,9.366666666666667,9.366666666666667,0.5752823239173915
165709,0.6547112536736536,0,1,1,1,1,1,10.0,10.0,10.0,0.6547112536736536
165710,0.24037270129673788,0,2,2,2,2,2,8.75,8.75,8.75,0.24037270129673788
165719,-0.8325883279750294,0,1,1,1,1,1,,5.0,0.0,-0.8325883279750294
165724,0.2741420957271807,0,3,3,3,3,2,8.1,8.1,8.1,0.2741420957271807
165725,-2.225776596874427,0,1,1,1,1,1,,4.375,0.0,-2.225776596874427
165729,-1.3208956027018164,0,5,5,5,3,3,4.433333333333334,4.786923076923077,4.0,-1.3208956027018164
165738,-0.1820468666626687,0,4,4,3,2,3,9.05,6.245833333333334,7.325,-0.1820468666626687
165742,-1.7819337815140872,0,2,2,2,1,1,5.3,6.275,5.15,-1.7819337815140872
165770,-1.951790548308702,0,1,1,1,1,1,6.3,6.3,6.3,-1.951790548308702
165772,-0.04737194881910614,0,4,4,4,4,2,9.25,9.25,9.25,-0.04737194881910614
165776,-0.33087227348114745,0,1,1,1,1,1,,5.208695652173914,5.9,-0.33087227348114745
165778,-0.0793541295808428,0,4,4,4,3,3,8.633333333333333,8.135714285714286,7.699999999999999,-0.0793541295808428
165779,-2.1648927939083236,0,1,1,1,1,1,1.0,1.0,1.0,-2.1648927939083236
165782,-1.0872474745511624,0,2,2,2,2,1,1.7,3.454347826086957,3.8000000000000003,-1.0872474745511624
165785,-0.6857998948082855,0,3,3,3,2,2,8.75,8.222222222222223,8.266666666666667,-0.6857998948082855
165786,0.6773388058941193,0,3,3,3,3,3,9.433333333333334,9.433333333333334,9.433333333333334,0.6773388058941193
165787,0.6550409624748973,0,3,3,2,3,2,9.933333333333334,9.933333333333334,9.933333333333334,0.6550409624748973
165795,-0.8950197359048283,0,6,6,4,4,3,5.340000000000001,5.158333333333334,5.3999999999999995,-0.8950197359048283
165800,1.05503119156595,0,4,4,3,4,2,10.0,10.0,10.0,1.05503119156595
165804,0.6959723716663062,0,4,4,3,4,2,9.85,9.85,9.85,0.6959723716663062
165817,0.009766620416942685,0,1,1,1,1,1,,5.25,7.0,0.009766620416942685
165830,0.5135314702834457,0,1,1,1,1,1,9.6,9.6,9.6,0.5135314702834457
165841,0.6532473163037499,0,3,3,2,3,2,9.966666666666667,9.966666666666667,9.966666666666667,0.6532473163037499
165845,0.47190313300752784,0,3,3,3,3,2,9.466666666666667,9.466666666666667,9.466666666666667,0.47190313300752784
165846,0.26799156992364453,0,1,1,1,1,1,7.5,7.5,7.5,0.26799156992364453
165851,-0.34445525919735553,0,2,2,2,2,2,8.95,8.95,8.95,-0.34445525919735553
165852,-1.078152430277028,0,4,4,4,2,3,4.1,4.572727272727272,5.55,-1.078152430277028
165854,0.4717623171645349,0,4,4,3,4,2,9.25,9.25,9.25,0.4717623171645349
165856,-0.16043612739313237,0,4,4,4,3,3,7.375,7.375,7.375,-0.16043612739313237
165859,-1.9490847656092656,0,1,1,1,1,1,3.7,3.7,3.7,-1.9490847656092656
165864,1.145196753371348,0,1,1,1,1,1,10.0,10.0,10.0,1.145196753371348
165866,-1.1058335142351452,0,1,1,1,1,1,0.0,0.0,0.0,-1.1058335142351452
165876,0.594002004639521,0,2,2,2,2,2,8.95,8.95,8.95,0.594002004639521
165879,0.49318985506826274,0,1,1,1,1,1,9.7,9.7,9.7,0.49318985506826274
165880,0.846241568948244,0,4,4,2,4,2,10.0,10.0,10.0,0.846241568948244
165883,0.5135314702834457,0,1,1,1,1,1,9.6,9.6,9.6,0.5135314702834457
165894,0.4161556692530429,0,4,4,3,4,2,9.625,9.625,9.625,0.4161556692530429
165898,-2.319466578454152,0,1,1,1,1,1,,0.0,0.0,-2.319466578454152
165901,-2.4332110057136545,0,1,1,1,1,1,2.5,2.5,2.5,-2.4332110057136545
165903,1.052145200522238,0,1,1,1,1,1,10.0,10.0,10.0,1.052145200522238
165908,-1.2638526556200946,0,8,8,6,4,4,4.8,3.975,4.0625,-1.2638526556200946
165909,-1.3652904609359329,0,1,1,1,1,1,0.0,0.0,0.0,-1.3652904609359329
165911,-2.2263717447847005,0,1,1,1,1,1,,6.6000000000000005,4.9,-2.2263717447847005
165912,-1.2704307034584386,0,6,6,6,3,4,6.0,5.733333333333333,4.633333333333334,-1.2704307034584386
165913,-2.1507742465241133,0,2,2,2,1,1,0.8,0.8,0.8,-2.1507742465241133
165916,0.6591616957413494,0,3,3,3,3,2,9.733333333333333,9.733333333333333,9.733333333333333,0.6591616957413494
165917,0.6680243539548962,0,1,1,1,1,1,10.0,10.0,10.0,0.6680243539548962
165918,0.4371281933851735,0,4,4,3,4,2,8.875,8.875,8.875,0.4371281933851735
165930,0.6723084550104368,0,2,2,2,2,2,9.45,9.45,9.45,0.6723084550104368
165931,0.8124293382930637,0,4,4,4,4,2,9.049999999999999,9.049999999999999,9.049999999999999,0.8124293382930637
165944,-0.7139283423936836,0,1,1,1,1,1,,4.375,4.5,-0.7139283423936836
165945,-0.5929792068616914,0,3,3,3,1,2,5.45,5.083333333333333,4.033333333333333,-0.5929792068616914
165946,0.2692587781825207,0,1,1,1,1,1,7.7,7.7,7.7,0.2692587781825207
165950,-1.1058335142351452,0,1,1,1,1,1,0.0,0.0,0.0,-1.1058335142351452
165952,0.7774261635286316,0,1,1,1,1,1,8.8,8.8,8.8,0.7774261635286316
165970,0.8826725285938891,0,3,3,2,3,2,10.0,10.0,10.0,0.8826725285938891
165972,0.6805422720329822,0,3,3,3,3,2,9.433333333333332,9.433333333333332,9.433333333333332,0.6805422720329822
165973,-0.9743363295381325,0,1,1,1,1,1,,1.3,1.3,-0.9743363295381325
165976,0.48878477693090394,0,2,2,2,2,2,9.4,9.4,9.4,0.48878477693090394
165978,0.21538105825788983,0,4,4,4,4,2,9.225,9.225,9.225,0.21538105825788983
165981,-0.3171069489143976,0,2,2,2,2,2,7.6,7.6,7.6,-0.3171069489143976
165982,0.5594152452465008,0,3,3,3,3,2,9.233333333333333,9.233333333333333,9.233333333333333,0.5594152452465008
165984,-0.9499241646932622,0,2,2,2,1,2,5.6,5.3,2.8,-0.9499241646932622
165986,1.0540356445581731,0,1,1,1,1,1,10.0,10.0,10.0,1.0540356445581731
165992,-1.633707237823107,0,6,6,6,4,3,6.5,6.666666666666667,5.827777777777778,-1.633707237823107
165993,-0.6739013685764561,0,7,7,6,3,5,5.779999999999999,5.522222222222222,5.195918367346939,-0.6739013685764561
165994,-0.5077212382487855,0,4,4,3,3,2,8.2,8.2,8.2,-0.5077212382487855
165995,-2.5391826960363186,0,1,1,1,1,1,0.0,0.0,0.0,-2.5391826960363186
165998,0.645243455708131,0,3,3,3,3,2,9.9,9.9,9.9,0.645243455708131
165999,-0.48148721270198075,0,3,3,3,3,2,8.633333333333333,8.633333333333333,8.633333333333333,-0.48148721270198075
166000,0.5528387707606458,0,1,1,1,1,1,9.5,9.5,9.5,0.5528387707606458
166001,-1.644890827221559,0,1,1,1,1,1,,4.457142857142857,1.0,-1.644890827221559
166003,-0.5002383768389802,0,2,2,2,1,2,6.3,5.378571428571428,6.65,-0.5002383768389802
166004,0.6179435953652256,0,3,3,2,3,2,9.799999999999999,9.799999999999999,9.799999999999999,0.6179435953652256
166005,0.1885800830148767,0,3,3,3,3,2,9.333333333333334,9.333333333333334,9.333333333333334,0.1885800830148767
166006,0.026964524703908442,0,1,1,1,1,1,8.9,8.9,8.9,0.026964524703908442
166008,-1.6822536972880329,0,3,3,3,2,2,7.75,7.75,6.3999999999999995,-1.6822536972880329
166010,0.17829461301934824,0,3,3,3,3,3,8.9,8.9,8.9,0.17829461301934824
166011,1.00511881457694,0,4,4,4,4,2,9.8,9.8,9.8,1.00511881457694
166015,0.13283136608196466,0,1,1,1,1,1,6.6,6.6,6.6,0.13283136608196466
166020,-0.7926541530291016,0,5,5,4,4,3,8.125,8.125,7.24,-0.7926541530291016
166021,-1.12364566291264,0,1,1,1,1,1,3.1,3.1,3.1,-1.12364566291264
166022,-1.8028083635514143,0,1,1,1,1,1,0.3,0.3,0.3,-1.8028083635514143
166031,0.20179902359054092,0,1,1,1,1,1,9.2,9.2,9.2,0.20179902359054092
166033,1.0395781176122987,0,2,2,2,2,1,10.0,10.0,10.0,1.0395781176122987
166036,0.5968602542278418,0,1,1,1,1,1,9.3,9.3,9.3,0.5968602542278418
166039,-1.8683475847651558,0,1,1,1,1,1,,4.421428571428572,0.0,-1.8683475847651558
166042,0.7573651657759037,0,3,3,1,3,2,9.799999999999999,9.799999999999999,9.799999999999999,0.7573651657759037
166045,0.5619968352090161,0,4,4,3,4,2,8.925,8.925,8.925,0.5619968352090161
166048,0.13659354253302936,0,4,4,4,4,2,8.45,8.45,8.45,0.13659354253302936
166054,0.7963781151094771,0,4,4,2,4,2,9.925,9.925,9.925,0.7963781151094771
166055,0.1031263148547735,0,4,4,4,4,2,8.425,8.425,8.425,0.1031263148547735
166059,0.7196854471954552,0,4,4,4,4,2,9.825,9.825,9.825,0.7196854471954552
166062,-0.9743363295381325,0,1,1,1,1,1,,1.3,1.3,-0.9743363295381325
166068,-0.5224916122794535,0,5,5,5,3,3,9.266666666666667,7.763333333333334,5.930000000000001,-0.5224916122794535
166072,-0.10609019179456228,0,5,5,4,4,3,8.525,8.172,8.16,-0.10609019179456228
166073,0.3519932024442752,0,2,2,2,2,2,8.8,8.8,8.8,0.3519932024442752
166077,-0.962458778599816,0,2,2,2,1,2,2.05,2.05,2.05,-0.962458778599816
166078,-0.3044158316692142,0,1,1,1,1,1,7.6,7.6,7.6,-0.3044158316692142
166079,0.7559089752684981,0,1,1,1,1,1,9.6,9.6,9.6,0.7559089752684981
166089,0.3893668022008228,0,1,1,1,1,1,7.5,7.5,7.5,0.3893668022008228
166092,0.353232133946147,0,1,1,1,1,1,8.8,8.8,8.8,0.353232133946147
166096,-0.8930061435698945,0,2,2,2,2,2,8.1,6.55,4.05,-0.8930061435698945
166098,0.46455185296116347,0,4,4,3,4,2,9.4,9.4,9.4,0.46455185296116347
166099,0.19493858339052178,0,5,5,4,4,3,9.0,8.305000000000001,8.66,0.19493858339052178
166103,0.7028927349216126,0,1,1,1,1,1,9.5,9.5,9.5,0.7028927349216126
166104,-4.33365009803252,0,1,1,1,1,1,,5.76,0.0,-4.33365009803252
166105,0.19515385718488001,0,1,1,1,1,1,9.1,9.1,9.1,0.19515385718488001
166107,0.17273033145275654,0,1,1,1,1,1,8.5,8.5,8.5,0.17273033145275654
166110,-0.1765568666319152,0,2,2,2,2,2,7.95,7.95,7.95,-0.1765568666319152
166116,0.7489636359971962,0,1,1,1,1,1,9.6,9.6,9.6,0.7489636359971962
166117,0.357318087454826,0,1,1,1,1,1,9.9,9.9,9.9,0.357318087454826
166119,-0.02321016532778064,0,2,2,2,1,2,9.1,6.144444444444444,8.05,-0.02321016532778064
166126,1.1026752255946919,0,2,2,2,2,2,9.75,9.75,9.75,1.1026752255946919
166133,0.2787628121465274,0,1,1,1,1,1,8.7,8.7,8.7,0.2787628121465274
166135,0.17273033145275654,0,1,1,1,1,1,8.5,8.5,8.5,0.17273033145275654
166136,0.711732786248441,0,4,4,4,4,2,9.625,9.625,9.625,0.711732786248441
166144,1.0417910569937316,0,1,1,1,1,1,9.8,9.8,9.8,1.0417910569937316
166147,0.6280496290720169,0,3,3,2,3,2,9.6,9.6,9.6,0.6280496290720169
166155,0.7339302060669379,0,1,1,1,1,1,8.9,8.9,8.9,0.7339302060669379
166158,-0.35528620282505874,0,2,2,2,1,1,9.3,7.84375,7.9,-0.35528620282505874
166159,-2.580481820413094,0,1,1,1,1,1,0.0,0.0,0.0,-2.580481820413094
166161,0.872296770183414,0,4,4,4,4,2,9.35,9.35,9.35,0.872296770183414
166164,-1.3080611986723851,0,1,1,1,1,1,,2.3875,0.0,-1.3080611986723851
166166,0.443758390103002,0,4,4,4,4,2,9.225,9.225,9.225,0.443758390103002
166167,-0.01388368693562203,0,1,1,1,1,1,,4.421428571428572,6.6,-0.01388368693562203
166169,0.06669785075898568,0,1,1,1,1,1,8.3,8.3,8.3,0.06669785075898568
166171,0.19311330677483712,0,5,5,5,5,3,8.540000000000001,8.540000000000001,8.540000000000001,0.19311330677483712
166175,-1.9493913683641526,0,3,3,3,1,3,4.7,3.475,3.1333333333333333,-1.9493913683641526
166176,-0.9406107158318412,0,1,1,1,1,1,,5.76,6.4,-0.9406107158318412
166178,0.5281720458747138,0,4,4,4,4,2,9.375,9.375,9.375,0.5281720458747138
166186,-0.7436245828194177,0,4,4,4,3,3,8.1,7.180357142857142,6.375,-0.7436245828194177
166190,0.7311871927876878,0,1,1,1,1,1,10.0,10.0,10.0,0.7311871927876878
166194,0.3203503242478327,0,4,4,3,4,2,9.1,9.1,9.1,0.3203503242478327
166201,-1.0059931328878902,0,1,1,1,1,1,,5.250000000000001,5.3,-1.0059931328878902
166210,-0.5724560169065506,0,4,4,2,4,2,9.9,8.963888888888889,7.425,-0.5724560169065506
166217,0.6120002673761562,0,4,4,4,4,2,9.775,9.775,9.775,0.6120002673761562
166220,-0.5385870946464238,0,4,4,4,3,3,8.075,8.075,8.075,-0.5385870946464238
166221,0.4916620005290092,0,5,5,5,5,2,9.540000000000001,9.540000000000001,9.540000000000001,0.4916620005290092
166227,0.6680243539548962,0,1,1,1,1,1,10.0,10.0,10.0,0.6680243539548962
166230,0.5514680213638079,0,1,1,1,1,1,9.8,9.8,9.8,0.5514680213638079
166237,-0.262248487935116,0,4,4,4,3,3,7.699999999999999,7.699999999999999,7.699999999999999,-0.262248487935116
166243,-1.5311723306143314,0,1,1,1,1,1,,4.421428571428572,1.2,-1.5311723306143314
166246,-2.034090703822904,0,2,2,2,1,2,0.6,0.6,0.6,-2.034090703822904
166247,-0.20042181234907808,0,1,1,1,1,1,7.8,7.8,7.8,-0.20042181234907808
166256,0.6752069554886302,0,2,2,2,2,2,8.15,8.15,8.15,0.6752069554886302
166272,0.764992858417306,0,4,4,4,4,2,9.875,9.875,9.875,0.764992858417306
166283,-1.5321380026313556,0,2,2,2,1,2,0.7,2.841666666666667,3.4,-1.5321380026313556
166290,0.3393153158977045,0,4,4,3,4,2,9.45,9.45,9.45,0.3393153158977045
166298,-0.08901528016883586,0,4,4,4,4,2,8.6,8.6,8.6,-0.08901528016883586
166299,-0.4677225521336499,0,3,3,2,1,2,7.25,6.618333333333333,6.6000000000000005,-0.4677225521336499
166300,0.2533331739161576,0,2,2,2,2,2,9.15,9.15,9.15,0.2533331739161576
166301,0.6666838919797826,0,2,2,2,2,2,8.35,8.35,8.35,0.6666838919797826
166302,0.01297666825295185,0,4,4,4,4,2,8.825,8.825,8.825,0.01297666825295185
166306,-0.22129265969065828,0,1,1,1,1,1,8.0,8.0,8.0,-0.22129265969065828
166313,0.20179902359054092,0,1,1,1,1,1,9.2,9.2,9.2,0.20179902359054092
166314,-0.23413265780175563,0,3,3,3,3,3,8.7,8.299999999999999,6.7250000000000005,-0.23413265780175563
166315,0.36720443586866475,0,3,3,2,3,2,9.766666666666666,9.766666666666666,9.766666666666666,0.36720443586866475
166316,0.48284617724435824,0,3,3,3,3,2,8.933333333333334,8.933333333333334,8.933333333333334,0.48284617724435824
166318,0.9613114584499898,0,1,1,1,1,1,9.4,9.4,9.4,0.9613114584499898
166322,0.4879688991532608,0,1,1,1,1,1,9.6,9.6,9.6,0.4879688991532608
166323,0.5480750699824185,0,1,1,1,1,1,8.6,8.6,8.6,0.5480750699824185
166324,-2.514163469593486,0,1,1,1,1,1,0.0,0.0,0.0,-2.514163469593486
166326,0.6068437884300548,0,1,1,1,1,1,9.1,9.1,9.1,0.6068437884300548
166327,0.6698897001338852,0,1,1,1,1,1,9.5,9.5,9.5,0.6698897001338852
166329,0.37453965055077026,0,4,4,3,4,2,9.7,9.7,9.7,0.37453965055077026
166330,0.06326494527468711,0,1,1,1,1,1,8.0,8.0,8.0,0.06326494527468711
166332,0.09844579340651086,0,4,4,4,3,2,9.266666666666667,8.415625,8.275,0.09844579340651086
166335,0.6547112536736536,0,1,1,1,1,1,10.0,10.0,10.0,0.6547112536736536
166336,0.5471854252127725,0,3,3,3,3,2,9.299999999999999,9.299999999999999,9.299999999999999,0.5471854252127725
166341,1.1436378392957343,0,2,2,2,2,2,9.75,9.75,9.75,1.1436378392957343
166342,-1.3080611986723851,0,1,1,1,1,1,,2.3875,0.0,-1.3080611986723851
166344,1.0989751928369331,0,1,1,1,1,1,9.6,9.6,9.6,1.0989751928369331
166346,-0.320707352417451,0,4,4,4,4,3,8.325,8.325,8.325,-0.320707352417451
166349,0.4349116887727186,0,1,1,1,1,1,9.6,9.6,9.6,0.4349116887727186
166352,-0.16347481611755857,0,6,6,5,4,4,7.720000000000001,7.141666666666667,6.783333333333334,-0.16347481611755857
166359,0.09586064343790943,0,5,5,4,4,3,8.7,8.065000000000001,8.42,0.09586064343790943
166360,0.3620895764131573,0,4,4,4,4,2,9.25,9.25,9.25,0.3620895764131573
166361,0.9079843150194055,0,1,1,1,1,1,9.5,9.5,9.5,0.9079843150194055
166364,-0.024700231683474183,0,4,4,4,3,3,8.433333333333334,7.575,6.325,-0.024700231683474183
166367,0.4117602488529029,0,4,4,4,4,2,9.175,9.175,9.175,0.4117602488529029
166369,0.21512893023571886,0,2,2,2,2,2,9.45,9.45,9.45,0.21512893023571886
166372,0.9832694466667428,0,1,1,1,1,1,9.6,9.6,9.6,0.9832694466667428
166374,0.6821289200773921,0,1,1,1,1,1,9.2,9.2,9.2,0.6821289200773921
166376,0.5250056625155943,0,2,2,2,2,2,8.75,8.75,8.75,0.5250056625155943
166377,0.3820377272945259,0,1,1,1,1,1,9.3,9.3,9.3,0.3820377272945259
166380,0.8232893709275116,0,1,1,1,1,1,9.4,9.4,9.4,0.8232893709275116
166381,0.9832694466667428,0,1,1,1,1,1,9.6,9.6,9.6,0.9832694466667428
166384,0.5514680213638079,0,1,1,1,1,1,9.8,9.8,9.8,0.5514680213638079
166386,0.6158210124685257,0,1,1,1,1,1,10.0,10.0,10.0,0.6158210124685257
166387,0.8969638650110331,0,3,3,3,3,2,8.700000000000001,8.700000000000001,8.700000000000001,0.8969638650110331
166388,-0.5789817293592735,0,2,2,2,2,2,7.5,6.044444444444444,6.4,-0.5789817293592735
166389,0.6448127050768456,0,3,3,3,3,2,9.566666666666666,9.566666666666666,9.566666666666666,0.6448127050768456
166390,0.6821289200773921,0,1,1,1,1,1,9.2,9.2,9.2,0.6821289200773921
166392,0.10407464404835302,0,5,5,4,4,3,8.26,8.26,8.26,0.10407464404835302
166393,0.622690806789624,0,1,1,1,1,1,8.5,8.5,8.5,0.622690806789624
166396,0.6467649862641031,0,5,5,4,5,2,9.879999999999999,9.879999999999999,9.879999999999999,0.6467649862641031
166402,-0.2587679378773906,0,2,2,2,1,2,9.5,7.25,4.75,-0.2587679378773906
166406,0.6903055930855796,0,1,1,1,1,1,8.8,8.8,8.8,0.6903055930855796
166409,0.3383483529015551,0,3,3,3,3,2,9.166666666666666,9.166666666666666,9.166666666666666,0.3383483529015551
166417,0.4411300383873595,0,1,1,1,1,1,7.8,7.8,7.8,0.4411300383873595
166418,-0.03517444296936763,0,5,5,5,3,4,6.7,6.220000000000001,6.7,-0.03517444296936763
166421,-1.7559558333815477,0,1,1,1,1,1,,4.421428571428572,0.4,-1.7559558333815477
166428,-0.18449567547347354,0,1,1,1,1,1,7.5,7.5,7.5,-0.18449567547347354
166431,-2.0303357632735053,0,1,1,1,1,1,0.0,0.0,0.0,-2.0303357632735053
166433,-0.42485515313865196,0,2,2,2,2,2,8.600000000000001,8.600000000000001,8.600000000000001,-0.42485515313865196
166435,-1.1583086773204538,0,4,4,4,4,2,8.35,8.35,8.35,-1.1583086773204538
166436,-0.4416274507596474,0,4,4,4,4,2,8.15,8.15,8.15,-0.4416274507596474
166437,-0.8990549638123588,0,6,6,5,3,4,8.4,7.720000000000001,6.216666666666668,-0.8990549638123588
166438,0.9051785031951987,0,4,4,4,4,2,9.575,9.575,9.575,0.9051785031951987
166443,0.7022671201681785,0,2,2,2,2,2,9.5,9.5,9.5,0.7022671201681785
166449,-0.9743363295381325,0,1,1,1,1,1,,1.3,1.3,-0.9743363295381325
166454,0.21418179795064365,0,1,1,1,1,1,8.1,8.1,8.1,0.21418179795064365
166456,-0.2061481404782692,0,1,1,1,1,1,8.5,8.5,8.5,-0.2061481404782692
166457,-0.20656364373776684,0,3,3,3,2,3,7.3,7.3,7.3,-0.20656364373776684
166463,1.1756055774854315,0,1,1,1,1,1,9.5,9.5,9.5,1.1756055774854315
166465,-1.3652904609359329,0,1,1,1,1,1,,5.0,0.0,-1.3652904609359329
166468,0.05915579749482491,0,3,3,2,3,2,9.200000000000001,9.200000000000001,9.200000000000001,0.05915579749482491
166469,-0.18212681171806655,0,4,4,4,4,2,8.425,8.425,8.425,-0.18212681171806655
166471,0.47992298637624103,0,3,3,3,3,2,9.700000000000001,9.700000000000001,9.700000000000001,0.47992298637624103
166472,0.7830757612436254,0,1,1,1,1,1,9.4,9.4,9.4,0.7830757612436254
166477,-0.05872319098058667,0,5,5,4,4,3,8.6,7.140000000000001,7.140000000000001,-0.05872319098058667
166484,-0.4632319459895859,0,1,1,1,1,1,,2.8499999999999996,5.3,-0.4632319459895859
166485,-0.013342833999615528,0,2,2,2,1,2,9.3,7.327500000000001,7.65,-0.013342833999615528
166491,-1.3652904609359329,0,1,1,1,1,1,,5.0,0.0,-1.3652904609359329
166495,-0.18752357004606696,0,2,2,2,1,2,8.6,6.720454545454546,6.25,-0.18752357004606696
166496,0.16490301588838227,0,2,2,2,2,2,8.95,8.95,8.95,0.16490301588838227
166505,-2.514163469593486,0,1,1,1,1,1,0.0,0.0,0.0,-2.514163469593486
166508,0.17518016398955244,0,1,1,1,1,1,8.2,8.2,8.2,0.17518016398955244
166509,-1.882128138267322,0,1,1,1,1,1,0.0,0.0,0.0,-1.882128138267322
166520,0.5243725454403138,0,4,4,3,4,2,9.35,9.35,9.35,0.5243725454403138
166521,0.5915697485533307,0,2,2,2,2,1,9.5,9.5,9.5,0.5915697485533307
166532,0.251009286536115,0,4,4,4,4,2,8.6,7.83125,8.274999999999999,0.251009286536115
166542,0.6854835160679522,0,1,1,1,1,1,8.5,8.5,8.5,0.6854835160679522
166543,-0.33783016233615043,0,5,5,5,4,3,8.875,7.85,7.1,-0.33783016233615043
166546,-0.11452165075925327,0,2,2,2,1,1,7.8500000000000005,7.8500000000000005,7.8500000000000005,-0.11452165075925327
166547,0.18244043497868015,0,4,4,4,4,2,9.225000000000001,9.225000000000001,9.225000000000001,0.18244043497868015
166557,0.14470470043029543,0,2,2,2,1,2,8.5,6.13,6.65,0.14470470043029543
166558,0.4304324130121908,0,4,4,4,4,2,9.375,9.375,9.375,0.4304324130121908
166559,-1.3023478983310393,0,3,3,3,2,3,8.6,4.116666666666666,2.8666666666666667,-1.3023478983310393
166567,0.45010385203336045,0,4,4,4,4,2,9.45,9.45,9.45,0.45010385203336045
166580,-0.22021066667534495,0,7,7,6,4,3,8.2,6.951428571428572,6.8428571428571425,-0.22021066667534495
166582,-2.58201122033293,0,1,1,1,1,1,0.0,0.0,0.0,-2.58201122033293
166583,0.8809581466474165,0,2,2,2,2,2,9.95,9.95,9.95,0.8809581466474165
166585,0.3689030109859745,0,3,3,2,3,2,9.266666666666667,9.266666666666667,9.266666666666667,0.3689030109859745
166586,1.0027715990061916,0,3,3,3,3,2,9.866666666666667,9.866666666666667,9.866666666666667,1.0027715990061916
166587,0.6708474773789971,0,3,3,3,3,2,9.733333333333333,9.733333333333333,9.733333333333333,0.6708474773789971
166588,0.30205362265697333,0,4,4,4,4,2,8.875,8.875,8.875,0.30205362265697333
166590,0.43616845509495017,0,4,4,4,4,3,9.225,9.225,9.225,0.43616845509495017
166696,-1.178240767990248,0,1,1,1,1,1,,3.966666666666667,0.0,-1.178240767990248
166700,-0.4482221714214844,0,3,3,3,3,2,8.799999999999999,8.799999999999999,8.799999999999999,-0.4482221714214844
166702,0.08452152299443609,0,4,4,4,4,2,8.866666666666667,7.7125,7.95,0.08452152299443609
166709,0.6458301718776377,0,5,5,4,4,3,9.35,8.364285714285714,8.8,0.6458301718776377
166710,0.7636384140473798,0,4,4,4,4,2,9.75,9.75,9.75,0.7636384140473798
166713,-0.20589331532639746,0,3,3,3,2,2,9.05,7.883333333333333,8.1,-0.20589331532639746
166714,0.6680243539548962,0,1,1,1,1,1,10.0,10.0,10.0,0.6680243539548962
166716,0.31233170072145955,0,5,5,5,5,2,9.48,9.48,9.48,0.31233170072145955
166717,-0.42779002544279865,0,1,1,1,1,1,,4.3,6.3,-0.42779002544279865
166726,0.5781837928094457,0,3,3,2,3,2,9.566666666666666,9.566666666666666,9.566666666666666,0.5781837928094457
166728,-0.43533667968655304,0,3,3,2,3,2,9.166666666666666,9.166666666666666,9.166666666666666,-0.43533667968655304
166729,-0.15178803672053826,0,1,1,1,1,1,6.6,6.6,6.6,-0.15178803672053826
166732,0.7774261635286316,0,1,1,1,1,1,8.8,8.8,8.8,0.7774261635286316
166735,1.0532541059106686,0,1,1,1,1,1,9.7,9.7,9.7,1.0532541059106686
166736,-0.29851054729732823,0,2,2,2,1,2,8.1,5.265384615384615,4.35,-0.29851054729732823
166737,-0.17884891451214996,0,4,4,3,4,2,9.275,9.275,9.275,-0.17884891451214996
166741,-1.4403417273875265,0,2,2,2,1,2,4.5,4.342105263157896,2.25,-1.4403417273875265
166746,-0.9743363295381325,0,1,1,1,1,1,,1.3,1.3,-0.9743363295381325
166748,0.6680243539548962,0,1,1,1,1,1,10.0,10.0,10.0,0.6680243539548962
166751,0.2759679678235836,0,1,1,1,1,1,7.8,7.8,7.8,0.2759679678235836
166752,-2.58201122033293,0,1,1,1,1,1,,3.75,0.0,-2.58201122033293
166754,0.264246677880381,0,5,5,5,4,3,9.525,9.525,8.606666666666666,0.264246677880381
166758,0.39399840114317686,0,4,4,3,4,2,8.825,8.825,8.825,0.39399840114317686
166759,0.3818098705570342,0,4,4,2,4,2,9.475,9.475,9.475,0.3818098705570342
166761,0.1462052305804482,0,2,2,1,2,2,9.5,9.5,9.5,0.1462052305804482
166770,-1.8474316898263563,0,6,6,6,2,4,2.5,2.853613053613054,2.6833333333333336,-1.8474316898263563
166772,0.5628933194537132,0,1,1,1,1,1,8.1,8.1,8.1,0.5628933194537132
166774,-2.5294557008980147,0,1,1,1,1,1,,4.3,0.0,-2.5294557008980147
166776,-0.2589987981350009,0,3,3,3,3,2,9.100000000000001,8.020833333333334,8.200000000000001,-0.2589987981350009
166787,0.8415542027790255,0,2,2,2,2,2,9.8,9.8,9.8,0.8415542027790255
166788,0.41516232853512997,0,1,1,1,1,1,10.0,10.0,10.0,0.41516232853512997
166789,1.0414587341464023,0,1,1,1,1,1,9.4,9.4,9.4,1.0414587341464023
166790,1.0312097242902822,0,3,3,3,3,2,9.333333333333334,9.333333333333334,9.333333333333334,1.0312097242902822
166797,-0.5182058892395113,0,4,4,4,2,3,9.45,6.703125,4.725,-0.5182058892395113
166801,0.19383820907057334,0,3,3,3,3,2,8.833333333333334,8.833333333333334,8.833333333333334,0.19383820907057334
166808,-0.931947758202571,0,3,3,3,2,3,7.2,7.2,7.2,-0.931947758202571
166819,0.5787799404611336,0,3,3,3,3,2,9.833333333333334,9.833333333333334,9.833333333333334,0.5787799404611336
166822,0.8315239976878593,0,3,3,3,3,2,9.666666666666666,9.666666666666666,9.666666666666666,0.8315239976878593
166823,0.6837616530042769,0,2,2,2,2,1,9.55,9.55,9.55,0.6837616530042769
166825,-0.4843978695259694,0,3,3,3,2,2,8.649999999999999,7.333333333333333,6.699999999999999,-0.4843978695259694
166831,0.8424492586496551,0,3,3,2,3,2,10.0,10.0,10.0,0.8424492586496551
166834,0.4356555854605029,0,4,4,4,4,2,9.6,9.6,9.6,0.4356555854605029
166841,1.1145492042177885,0,1,1,1,1,1,9.9,9.9,9.9,1.1145492042177885
166843,-0.35356756270073175,0,2,2,2,1,2,7.5,7.5,7.5,-0.35356756270073175
166844,-1.9926373825846717,0,2,2,2,1,2,0.0,2.88,3.0,-1.9926373825846717
166846,0.6610179164866241,0,3,3,3,3,1,9.766666666666667,9.766666666666667,9.766666666666667,0.6610179164866241
166849,1.4805795689519874,0,1,1,1,1,1,10.0,10.0,10.0,1.4805795689519874
166850,0.5704223288462984,0,4,4,3,4,2,9.55,9.55,9.55,0.5704223288462984
166854,0.09324892215194759,0,3,3,2,3,2,9.433333333333334,9.433333333333334,9.433333333333334,0.09324892215194759
166855,-0.6225120326034881,0,4,4,4,3,3,9.466666666666667,9.466666666666667,8.025,-0.6225120326034881
166857,0.28117203335948476,0,1,1,1,1,1,,2.3875,6.5,0.28117203335948476
166858,-1.1526756772193838,0,1,1,1,1,1,,5.76,6.0,-1.1526756772193838
166859,-0.497538971955991,0,1,1,1,1,1,8.0,8.0,8.0,-0.497538971955991
166862,0.011732231049314729,0,6,6,5,5,3,9.040000000000001,8.241666666666667,8.483333333333333,0.011732231049314729
166864,-1.879470783720532,0,4,4,3,1,3,1.0666666666666667,1.7916666666666665,0.8,-1.879470783720532
166865,-0.1469766401249823,0,5,5,5,4,3,8.8,7.890000000000001,8.08,-0.1469766401249823
166866,0.6097461876593521,0,1,1,1,1,1,9.9,9.9,9.9,0.6097461876593521
166867,0.14940535102385738,0,1,1,1,1,1,8.7,8.7,8.7,0.14940535102385738
166871,0.13370951225713723,0,4,4,4,4,2,8.8,8.8,8.8,0.13370951225713723
166875,-2.0303357632735053,0,1,1,1,1,1,,2.8499999999999996,0.0,-2.0303357632735053
166876,-0.48718051169577714,0,5,5,3,4,3,9.025,8.325,7.220000000000001,-0.48718051169577714
166881,0.2626757899394686,0,1,1,1,1,1,8.2,8.2,8.2,0.2626757899394686
166885,0.07481849146683296,0,4,4,4,3,3,9.133333333333333,8.38888888888889,8.475,0.07481849146683296
166888,0.16980241046958972,0,4,4,4,4,2,8.5,8.5,8.5,0.16980241046958972
166890,-3.638314646599534,0,1,1,1,1,1,0.0,0.0,0.0,-3.638314646599534
166893,0.8347909657756607,0,3,3,3,3,2,9.733333333333334,9.733333333333334,9.733333333333334,0.8347909657756607
166895,0.06669785075898568,0,1,1,1,1,1,8.3,8.3,8.3,0.06669785075898568
166901,-0.3492282225294159,0,2,2,2,1,2,8.0,6.175,4.6,-0.3492282225294159
166905,0.6680243539548962,0,1,1,1,1,1,10.0,10.0,10.0,0.6680243539548962
166916,0.28212981480105953,0,4,4,4,4,2,9.075,9.075,9.075,0.28212981480105953
166917,0.6547112536736536,0,1,1,1,1,1,10.0,10.0,10.0,0.6547112536736536
166918,0.16825238664357373,0,4,4,4,4,2,8.7,8.7,8.7,0.16825238664357373
166924,0.6547112536736536,0,1,1,1,1,1,10.0,10.0,10.0,0.6547112536736536
166925,-0.2546810725891897,0,5,5,4,4,3,9.025,8.463333333333333,7.959999999999999,-0.2546810725891897
166931,-0.49208537819751824,0,2,2,2,2,2,8.6,7.083333333333333,7.65,-0.49208537819751824
166941,0.6725843904315295,0,4,4,2,4,2,9.3,9.3,9.3,0.6725843904315295
166951,-0.15802725070644766,0,4,4,4,3,2,8.299999999999999,7.475,6.225,-0.15802725070644766
166952,-0.5494216956108656,0,6,6,6,4,4,6.9,6.4869047619047615,5.8,-0.5494216956108656
166953,-1.8687560201949616,0,1,1,1,1,1,,6.387499999999999,5.3,-1.8687560201949616
166957,-0.8674994138585624,0,6,6,6,5,3,7.566666666666667,7.566666666666667,7.566666666666667,-0.8674994138585624
166958,0.5245789969294774,0,3,3,2,3,2,9.666666666666666,9.666666666666666,9.666666666666666,0.5245789969294774
166963,0.7206103970679674,0,5,5,5,5,2,9.9,9.9,9.9,0.7206103970679674
166964,0.12474224687023472,0,4,4,4,4,3,8.625,8.625,8.625,0.12474224687023472
166965,0.7794373135377846,0,1,1,1,1,1,10.0,10.0,10.0,0.7794373135377846
166967,-0.44320635062897396,0,4,4,4,3,3,8.566666666666668,7.675000000000001,6.425000000000001,-0.44320635062897396
166974,-0.6461227006918523,0,2,2,2,1,2,8.7,6.5249999999999995,4.949999999999999,-0.6461227006918523
166975,0.2805344580427742,0,3,3,3,3,2,9.133333333333333,9.133333333333333,9.133333333333333,0.2805344580427742
166976,0.38098839348804286,0,1,1,1,1,1,8.8,8.8,8.8,0.38098839348804286
166978,-0.0971064308766193,0,1,1,1,1,1,3.9,3.9,3.9,-0.0971064308766193
166979,0.6520286099125737,0,1,1,1,1,1,8.7,8.7,8.7,0.6520286099125737
166982,-1.5758666856299992,0,1,1,1,1,1,,3.516666666666667,1.1,-1.5758666856299992
166985,0.10473926859471372,0,2,2,2,2,2,9.8,7.4125,8.4,0.10473926859471372
166989,-0.5678996352310236,0,7,7,6,4,3,6.466666666666666,6.053968253968253,6.414285714285714,-0.5678996352310236
166993,0.5024957457670963,0,4,4,4,4,2,8.875,8.875,8.875,0.5024957457670963
166994,0.29494969721917275,0,3,3,3,3,2,8.9,8.9,8.9,0.29494969721917275
166996,-2.58201122033293,0,1,1,1,1,1,,3.75,0.0,-2.58201122033293
166997,0.5381021992160081,0,1,1,1,1,1,9.7,9.7,9.7,0.5381021992160081
167000,0.6548359669143926,0,1,1,1,1,1,8.4,8.4,8.4,0.6548359669143926
167001,0.8348162444458325,0,4,4,3,4,2,10.0,10.0,10.0,0.8348162444458325
167007,-1.0469590898052232,0,3,3,3,3,2,7.8999999999999995,7.8999999999999995,7.8999999999999995,-1.0469590898052232
167008,0.741609066733696,0,3,3,3,3,2,9.700000000000001,9.700000000000001,9.700000000000001,0.741609066733696
167010,0.3818432205312507,0,3,3,3,2,2,8.6,7.166666666666667,7.966666666666666,0.3818432205312507
167022,-0.5977183179273462,0,1,1,1,1,1,7.5,7.5,7.5,-0.5977183179273462
167025,0.2720541880505932,0,1,1,1,1,1,9.0,9.0,9.0,0.2720541880505932
167029,-0.9249919548070875,0,8,8,5,4,4,4.483333333333333,4.404861111111111,3.7375,-0.9249919548070875
167032,0.459737695981053,0,4,4,4,4,2,9.35,9.35,9.35,0.459737695981053
167033,0.9079843150194055,0,1,1,1,1,1,9.5,9.5,9.5,0.9079843150194055
167036,-1.8828478566096223,0,1,1,1,1,1,0.0,0.0,0.0,-1.8828478566096223
167040,0.19255267631412623,0,3,3,3,3,2,8.6,8.6,8.6,0.19255267631412623
167048,-0.1129593679656132,0,2,2,2,2,2,8.4,8.4,8.4,-0.1129593679656132
167051,-0.5640871797392109,0,4,4,4,3,2,7.866666666666667,7.005357142857143,7.65,-0.5640871797392109
167052,0.32835446177155464,0,3,3,2,3,2,8.566666666666668,8.566666666666668,8.566666666666668,0.32835446177155464
167054,0.15589423147036385,0,4,4,4,4,3,7.95,7.95,7.95,0.15589423147036385
167055,-0.24613283440160255,0,1,1,1,1,1,,5.3549999999999995,6.0,-0.24613283440160255
167059,0.42769368566552457,0,1,1,1,1,1,8.0,8.0,8.0,0.42769368566552457
167067,-0.8382280294405591,0,4,4,3,3,2,6.5,5.846794871794871,4.875,-0.8382280294405591
167072,0.9559456096198305,0,3,3,3,3,2,9.733333333333334,9.733333333333334,9.733333333333334,0.9559456096198305
167074,-0.2513995913223283,0,1,1,1,1,1,7.7,7.7,7.7,-0.2513995913223283
167077,-1.977523311322504,0,2,2,2,1,2,3.3,3.3,3.3,-1.977523311322504
167083,-0.11504658463202676,0,7,7,7,4,4,5.985714285714286,5.985714285714286,5.985714285714286,-0.11504658463202676
167086,0.6097461876593521,0,1,1,1,1,1,9.9,9.9,9.9,0.6097461876593521
167091,0.7028927349216126,0,1,1,1,1,1,9.5,9.5,9.5,0.7028927349216126
167092,0.6498764945747273,0,1,1,1,1,1,9.4,9.4,9.4,0.6498764945747273
167096,-0.24613283440160255,0,1,1,1,1,1,6.0,6.0,6.0,-0.24613283440160255
167100,0.5717104613468714,0,4,4,4,4,2,9.75,9.75,9.75,0.5717104613468714
167102,-1.5038153220714248,0,4,4,4,3,3,6.433333333333334,6.216666666666667,6.5,-1.5038153220714248
167103,0.5798539566677002,0,5,5,3,5,2,9.64,9.64,9.64,0.5798539566677002
167105,0.672532315439656,0,4,4,3,4,2,9.45,9.45,9.45,0.672532315439656
167112,-1.5081771422555605,0,4,4,4,2,3,7.25,5.667857142857143,3.975,-1.5081771422555605
167113,0.6547112536736536,0,1,1,1,1,1,10.0,10.0,10.0,0.6547112536736536
167115,0.40667712459607114,0,4,4,4,4,2,9.2,9.2,9.2,0.40667712459607114
167117,-0.32690418023501594,0,5,5,5,3,3,7.159999999999999,7.159999999999999,7.159999999999999,-0.32690418023501594
167118,0.17273033145275654,0,1,1,1,1,1,8.5,8.5,8.5,0.17273033145275654
167123,0.35422830207480177,0,3,3,3,3,2,9.1,9.1,9.1,0.35422830207480177
167124,-0.012656869543725219,0,2,2,2,2,2,9.2,9.2,9.2,-0.012656869543725219
167125,0.6664597438559199,0,4,4,2,4,2,9.325,9.325,9.325,0.6664597438559199
167127,0.7440018069729152,0,3,3,3,3,2,10.0,10.0,10.0,0.7440018069729152
167128,-0.29250479350743125,0,4,4,3,4,2,8.175,8.175,8.175,-0.29250479350743125
167131,0.05565970142286189,0,2,2,2,2,2,9.1,6.732142857142857,7.5,0.05565970142286189
167141,0.8566873521385431,0,1,1,1,1,1,9.1,9.1,9.1,0.8566873521385431
167143,-1.1543283796168073,0,2,2,2,1,2,5.0,5.38,5.3,-1.1543283796168073
167147,0.17273033145275654,0,1,1,1,1,1,8.5,8.5,8.5,0.17273033145275654
167148,-0.5871822642125581,0,6,6,5,3,4,8.4,6.604761904761904,6.083333333333333,-0.5871822642125581
167150,0.6068437884300548,0,1,1,1,1,1,9.1,9.1,9.1,0.6068437884300548
167151,0.29587574777920356,0,1,1,1,1,1,9.2,9.2,9.2,0.29587574777920356
167152,0.11971409110587111,0,1,1,1,1,1,8.4,8.4,8.4,0.11971409110587111
167155,-0.07934731459210216,0,3,3,3,3,2,8.6,6.922222222222222,7.7,-0.07934731459210216
167157,-0.5465930016389889,0,4,4,4,4,3,8.333333333333334,7.887499999999999,7.949999999999999,-0.5465930016389889
167158,-0.9455020659620609,0,2,2,2,2,2,8.7,7.8,7.85,-0.9455020659620609
167159,0.5916974453105666,0,1,1,1,1,1,8.9,8.9,8.9,0.5916974453105666
167161,1.275908186354954,0,1,1,1,1,1,9.9,9.9,9.9,1.275908186354954
167169,-0.7807151055886364,0,6,6,6,4,3,8.799999999999999,6.178703703703704,5.566666666666666,-0.7807151055886364
167171,-0.7316030081315176,0,1,1,1,1,1,,5.55,6.2,-0.7316030081315176
167175,0.7794373135377846,0,1,1,1,1,1,10.0,10.0,10.0,0.7794373135377846
167181,0.18650214688025835,0,4,4,4,4,3,8.95,8.95,8.95,0.18650214688025835
167184,0.6385593664774867,0,1,1,1,1,1,9.4,9.4,9.4,0.6385593664774867
167185,1.200681229702812,0,1,1,1,1,1,9.6,9.6,9.6,1.200681229702812
167186,0.28625026838217793,0,3,3,3,2,2,8.600000000000001,7.207142857142858,7.933333333333334,0.28625026838217793
167187,0.39053562997848035,0,5,5,5,4,3,9.45,8.41,8.7,0.39053562997848035
167190,-0.4440192152158778,0,4,4,4,4,3,8.533333333333333,7.571153846153846,6.75,-0.4440192152158778
167192,0.3699406838603273,0,5,5,5,4,3,8.775,7.813333333333334,7.9,0.3699406838603273
167200,-2.2227725787747423,0,5,5,5,3,2,6.866666666666667,6.92,5.676,-2.2227725787747423
167202,0.17619093646169157,0,3,3,3,3,2,8.966666666666667,8.966666666666667,8.966666666666667,0.17619093646169157
167203,-0.3244682132495812,0,5,5,5,3,3,8.799999999999999,7.492307692307692,6.2,-0.3244682132495812
167204,0.3058394872650065,0,3,3,3,3,2,9.4,9.4,9.4,0.3058394872650065
167205,-0.2061481404782692,0,1,1,1,1,1,8.5,8.5,8.5,-0.2061481404782692
167209,1.3100564290325416,0,1,1,1,1,1,10.0,10.0,10.0,1.3100564290325416
167214,-0.6186427516867129,0,1,1,1,1,1,7.5,7.5,7.5,-0.6186427516867129
167216,-1.706953692068364,0,2,2,2,2,2,,3.188888888888889,4.25,-1.706953692068364
167219,-0.6402671680696718,0,1,1,1,1,1,1.8,1.8,1.8,-0.6402671680696718
167223,0.6053088977307636,0,3,3,3,3,2,9.6,9.6,9.6,0.6053088977307636
167232,0.5891725667598736,0,1,1,1,1,1,10.0,10.0,10.0,0.5891725667598736
167233,0.39207981416681253,0,1,1,1,1,1,9.3,9.3,9.3,0.39207981416681253
167235,-0.3430204862892495,0,2,2,2,1,2,10.0,5.0,5.0,-0.3430204862892495
167237,0.3766335224771744,0,1,1,1,1,1,9.5,9.5,9.5,0.3766335224771744
167238,0.1161508454904992,0,1,1,1,1,1,,5.449999999999999,7.3,0.1161508454904992
167248,-0.0076015533418725394,0,1,1,1,1,1,,3.966666666666667,4.4,-0.0076015533418725394
167250,-0.18272695220399507,0,3,3,3,3,2,9.0,8.152777777777777,8.1,-0.18272695220399507
167251,0.49831932772826065,0,3,3,3,3,2,9.4,9.4,9.4,0.49831932772826065
167252,0.5243604654935192,0,1,1,1,1,1,9.0,9.0,9.0,0.5243604654935192
167254,-1.8978577167743242,0,1,1,1,1,1,7.8,7.8,7.8,-1.8978577167743242
167260,0.9832694466667428,0,1,1,1,1,1,9.6,9.6,9.6,0.9832694466667428
167270,-0.03657782737668133,0,1,1,1,1,1,8.0,8.0,8.0,-0.03657782737668133
167273,-0.5956260236711546,0,3,3,3,3,2,8.966666666666667,8.966666666666667,8.966666666666667,-0.5956260236711546
167275,0.23041813019336693,0,1,1,1,1,1,8.6,8.6,8.6,0.23041813019336693
167281,0.7454864983871846,0,4,4,4,4,2,9.6,9.6,9.6,0.7454864983871846
167291,1.0431986023459947,0,3,3,3,2,2,8.266666666666667,8.266666666666667,8.266666666666667,1.0431986023459947
167292,-1.1526756772193838,0,1,1,1,1,1,6.0,6.0,6.0,-1.1526756772193838
167293,0.6740925331378195,0,1,1,1,1,1,7.5,7.5,7.5,0.6740925331378195
167299,-0.22481188088039916,0,5,5,4,4,4,9.3,7.44,7.44,-0.22481188088039916
167308,0.48989126053368787,0,2,2,2,2,2,9.4,9.4,9.4,0.48989126053368787
167311,0.539551300498881,0,2,2,2,2,2,9.25,9.25,9.25,0.539551300498881
167313,-1.794078889936896,0,1,1,1,1,1,,2.975,3.7,-1.794078889936896
167317,-3.3365802607062554,0,1,1,1,1,1,0.5,0.5,0.5,-3.3365802607062554
167318,0.25750039711165434,0,3,3,2,3,2,9.1,9.1,9.1,0.25750039711165434
167320,0.1369585138487848,0,2,2,2,1,2,8.0,6.1875,6.95,0.1369585138487848
167323,0.2381129610677718,0,1,1,1,1,1,7.6,7.6,7.6,0.2381129610677718
167324,0.5174925798083553,0,1,1,1,1,1,8.0,8.0,8.0,0.5174925798083553
167325,0.16298897565973341,0,3,3,2,3,2,8.3,8.3,8.3,0.16298897565973341
167333,0.8434135257776004,0,1,1,1,1,1,9.2,9.2,9.2,0.8434135257776004
167337,0.43781153318718463,0,1,1,1,1,1,9.0,9.0,9.0,0.43781153318718463
167338,-0.03933462993478611,0,1,1,1,1,1,8.1,8.1,8.1,-0.03933462993478611
167340,-0.251785421756799,0,1,1,1,1,1,7.8,7.8,7.8,-0.251785421756799
167342,0.5161216153307019,0,5,5,5,5,2,9.540000000000001,9.540000000000001,9.540000000000001,0.5161216153307019
167346,-0.6809176394118778,0,2,2,2,2,2,7.1,7.1,7.1,-0.6809176394118778
167348,0.6198073580184872,0,4,4,4,4,3,8.725,8.725,8.725,0.6198073580184872
167349,0.5891725667598736,0,1,1,1,1,1,10.0,10.0,10.0,0.5891725667598736
167350,0.03279629656621258,0,1,1,1,1,1,8.4,8.4,8.4,0.03279629656621258
167351,-0.041995784846686715,0,1,1,1,1,1,,4.375,6.5,-0.041995784846686715
167353,0.5685986427427625,0,4,4,3,4,2,9.65,9.65,9.65,0.5685986427427625
167355,-1.0644725178723082,0,1,1,1,1,1,6.7,6.7,6.7,-1.0644725178723082
167356,-0.39207159710278827,0,8,8,6,4,6,7.05,5.8125,6.1875,-0.39207159710278827
167359,-0.5368079800328998,0,1,1,1,1,1,,2.4307692307692306,2.2,-0.5368079800328998
167371,0.5587889330046657,0,1,1,1,1,1,8.1,8.1,8.1,0.5587889330046657
167377,0.6129341174559869,0,3,3,3,3,2,9.333333333333334,9.333333333333334,9.333333333333334,0.6129341174559869
167379,-1.3293207638981073,0,1,1,1,1,1,,4.96,5.0,-1.3293207638981073
167385,0.013681610412099313,0,1,1,1,1,1,8.2,8.2,8.2,0.013681610412099313
167400,-0.7139283423936836,0,1,1,1,1,1,,4.375,4.5,-0.7139283423936836
167402,0.9086444325696486,0,4,4,4,4,2,10.0,10.0,10.0,0.9086444325696486
167403,0.6000701073783398,0,4,4,4,4,3,9.075,9.075,9.075,0.6000701073783398
167407,1.3364341310846173,0,1,1,1,1,1,9.5,9.5,9.5,1.3364341310846173
167410,0.6821289200773921,0,1,1,1,1,1,9.2,9.2,9.2,0.6821289200773921
167411,0.7311871927876878,0,1,1,1,1,1,10.0,10.0,10.0,0.7311871927876878
167412,-0.4176129698104624,0,4,4,4,3,2,7.966666666666666,7.14,6.175,-0.4176129698104624
167420,-0.49656300319528274,0,3,3,3,3,2,7.8999999999999995,7.8999999999999995,7.8999999999999995,-0.49656300319528274
167438,-0.9750132686665309,0,11,11,10,4,5,6.4799999999999995,6.4799999999999995,6.294545454545454,-0.9750132686665309
167439,0.5438440138809555,0,1,1,1,1,1,9.2,9.2,9.2,0.5438440138809555
167443,-2.225776596874427,0,1,1,1,1,1,0.0,0.0,0.0,-2.225776596874427
167444,0.3559154497627753,0,5,5,5,4,3,8.975,8.03,8.22,0.3559154497627753
167448,-1.076644664294986,0,4,4,4,2,3,5.733333333333334,5.24,4.300000000000001,-1.076644664294986
167452,-0.49701058893699257,0,5,5,5,4,3,8.225,7.685,6.58,-0.49701058893699257
167454,-2.024972531959269,0,1,1,1,1,1,1.5,1.5,1.5,-2.024972531959269
167456,0.17006886255334802,0,2,2,2,2,2,9.0,9.0,9.0,0.17006886255334802
167461,-1.1459140603810687,0,3,3,2,1,2,3.266666666666667,3.266666666666667,3.266666666666667,-1.1459140603810687
167464,0.6854924608777018,0,4,4,4,4,2,9.15,9.15,9.15,0.6854924608777018
167469,0.5174925798083553,0,1,1,1,1,1,8.0,8.0,8.0,0.5174925798083553
167470,-1.4149804920479256,0,2,2,2,2,2,4.35,4.35,4.35,-1.4149804920479256
167471,0.8912116670112874,0,4,4,4,4,2,9.875,9.875,9.875,0.8912116670112874
167472,0.34190580866204295,0,4,4,4,3,3,9.266666666666667,8.125,8.6,0.34190580866204295
167474,-0.18909161710311556,0,4,4,4,4,2,9.075,9.075,9.075,-0.18909161710311556
167475,0.4942885047099529,0,4,4,4,4,2,8.325,8.325,8.325,0.4942885047099529
167481,0.8747801145207585,0,4,4,4,4,2,9.8,9.8,9.8,0.8747801145207585
167491,-0.5603846760109371,0,3,3,3,3,2,7.95,7.452777777777778,7.0,-0.5603846760109371
167492,-2.1913930436354194,0,1,1,1,1,1,7.6,7.6,7.6,-2.1913930436354194
167494,-1.240500390087589,0,2,2,2,2,2,7.9,7.9,7.9,-1.240500390087589
167496,-0.5174414250047921,0,3,3,3,3,2,8.700000000000001,8.700000000000001,8.700000000000001,-0.5174414250047921
167501,0.07362984692343802,0,5,5,5,5,2,9.22,9.22,9.22,0.07362984692343802
167508,1.1188649819472425,0,2,2,2,2,2,9.4,9.4,9.4,1.1188649819472425
167514,0.6158415688544386,0,1,1,1,1,1,9.9,9.9,9.9,0.6158415688544386
167524,0.4843514208685675,0,3,3,3,3,2,9.266666666666667,9.266666666666667,9.266666666666667,0.4843514208685675
167525,-1.0020941823260063,0,2,2,2,1,2,8.1,6.17,4.8,-1.0020941823260063
167532,-2.5294557008980147,0,1,1,1,1,1,0.0,0.0,0.0,-2.5294557008980147
167542,-0.9949749075840397,0,2,2,2,1,2,9.2,7.793749999999999,7.449999999999999,-0.9949749075840397
167543,0.6032396808374625,0,2,2,2,2,2,9.35,9.35,9.35,0.6032396808374625
167547,0.624188417760833,0,1,1,1,1,1,8.3,8.3,8.3,0.624188417760833
167548,0.022665127527686846,0,2,2,2,1,1,7.15,7.15,7.15,0.022665127527686846
167552,-1.882128138267322,0,1,1,1,1,1,0.0,0.0,0.0,-1.882128138267322
167553,-0.7038143632884584,0,4,4,4,4,2,8.175,8.175,8.175,-0.7038143632884584
167560,0.02395532517401339,0,4,4,4,4,2,9.075,9.075,9.075,0.02395532517401339
167561,0.6068437884300548,0,1,1,1,1,1,9.1,9.1,9.1,0.6068437884300548
167562,0.5895330803941649,0,1,1,1,1,1,7.6,7.6,7.6,0.5895330803941649
167563,-0.30712122982952544,0,2,2,2,1,2,8.2,5.83,5.05,-0.30712122982952544
167565,-0.5127732632637417,0,6,6,5,3,3,8.966666666666667,5.92111111111111,4.8999999999999995,-0.5127732632637417
167566,-0.2504817696882806,0,2,2,2,2,2,8.15,8.15,8.15,-0.2504817696882806
167569,-1.1030220161592745,0,7,7,6,2,4,4.16,4.129761904761905,3.642857142857143,-1.1030220161592745
167581,0.6852090828158505,0,4,4,4,4,2,9.6,9.6,9.6,0.6852090828158505
167582,0.6279808173214991,0,5,5,4,5,2,9.540000000000001,9.540000000000001,9.540000000000001,0.6279808173214991
167585,0.03970723552641248,0,5,5,4,4,3,9.0,8.075,7.2,0.03970723552641248
167589,-0.19356468745499406,0,1,1,1,1,1,,4.364285714285714,5.9,-0.19356468745499406
167609,0.6270971022504688,0,2,2,2,2,2,9.7,9.7,9.7,0.6270971022504688
167613,-0.15480794299058998,0,4,4,4,3,2,8.366666666666665,7.3687499999999995,7.75,-0.15480794299058998
167614,0.6680243539548962,0,1,1,1,1,1,10.0,10.0,10.0,0.6680243539548962
167617,-3.5793497531873353,0,1,1,1,1,1,0.0,0.0,0.0,-3.5793497531873353
167623,-1.2445444845978202,0,1,1,1,1,1,,7.24,6.8,-1.2445444845978202
167633,0.7545661074655541,0,5,5,3,5,2,9.940000000000001,9.940000000000001,9.940000000000001,0.7545661074655541
167637,0.39054547341293516,0,1,1,1,1,1,7.6,7.6,7.6,0.39054547341293516
167640,-0.10605993239515252,0,4,4,4,3,2,8.866666666666667,6.975,6.975,-0.10605993239515252
167645,-1.5659546975483882,0,7,7,6,3,3,8.0,4.978571428571429,5.442857142857143,-1.5659546975483882
167649,-0.40314266663698906,0,2,2,2,2,2,8.2,7.375,7.6,-0.40314266663698906
167650,-0.08053621344391027,0,1,1,1,1,1,6.2,6.2,6.2,-0.08053621344391027
167651,0.3911345009725936,0,4,4,3,4,2,9.275,9.275,9.275,0.3911345009725936
167652,-0.21354896820656985,0,4,4,4,4,2,8.225,8.225,8.225,-0.21354896820656985
167653,-0.08557409710940829,0,1,1,1,1,1,,2.3875,5.0,-0.08557409710940829
167658,0.4609981616326006,0,2,2,2,2,2,8.75,8.75,8.75,0.4609981616326006
167659,-0.2266879735693717,0,1,1,1,1,1,,2.8499999999999996,6.1,-0.2266879735693717
167660,-1.178240767990248,0,1,1,1,1,1,,3.966666666666667,0.0,-1.178240767990248
167662,0.4747181448745392,0,2,2,2,2,2,9.45,9.45,9.45,0.4747181448745392
167663,-0.21082752972408925,0,3,3,3,3,2,9.0,8.051851851851852,7.966666666666666,-0.21082752972408925
167666,0.3420492070547733,0,1,1,1,1,1,9.9,9.9,9.9,0.3420492070547733
167667,0.4850572556310074,0,1,1,1,1,1,9.3,9.3,9.3,0.4850572556310074
167681,0.3467800507551363,0,1,1,1,1,1,8.4,8.4,8.4,0.3467800507551363
167682,-0.6813824223801221,0,3,3,3,2,2,4.633333333333333,4.633333333333333,4.633333333333333,-0.6813824223801221
167689,-1.0059931328878902,0,1,1,1,1,1,,5.250000000000001,5.3,-1.0059931328878902
167692,-1.0119617158294385,0,7,7,5,4,4,5.533333333333334,5.291428571428571,4.957142857142857,-1.0119617158294385
167698,0.7335696347848247,0,2,2,2,2,2,9.65,9.65,9.65,0.7335696347848247
167701,0.4808834226876519,0,4,4,3,4,2,9.6,9.6,9.6,0.4808834226876519
167703,0.09759357394071658,0,2,2,1,2,2,8.05,8.05,8.05,0.09759357394071658
167712,0.7856052124570909,0,4,4,4,4,2,9.95,9.95,9.95,0.7856052124570909
167715,0.2309875439383741,0,3,3,3,3,2,8.4,8.4,8.4,0.2309875439383741
167717,0.2766816625130788,0,4,4,3,4,2,8.95,8.95,8.95,0.2766816625130788
167718,-0.9847388887096684,0,1,1,1,1,1,3.8,3.8,3.8,-0.9847388887096684
167728,0.38817133943337123,0,4,4,2,4,2,9.675,9.675,9.675,0.38817133943337123
167731,0.26294706641592414,0,4,4,3,4,2,9.7,9.7,9.7,0.26294706641592414
167741,-0.2140038140705213,0,6,6,5,5,3,7.883333333333333,7.883333333333333,7.883333333333333,-0.2140038140705213
167743,0.03975012419317468,0,4,4,4,4,2,8.7,8.7,8.7,0.03975012419317468
167747,0.047498349370290543,0,4,4,4,4,2,9.700000000000001,8.3375,7.800000000000001,0.047498349370290543
167752,-2.9063985159319605,0,1,1,1,1,1,0.2,0.2,0.2,-2.9063985159319605
167756,0.3317790524934138,0,1,1,1,1,1,8.8,8.8,8.8,0.3317790524934138
167759,-1.008005651680371,0,4,4,3,4,2,8.625,8.625,8.625,-1.008005651680371
167768,0.11416661944195669,0,4,4,4,4,2,8.875,8.875,8.875,0.11416661944195669
167773,-0.8405261882490915,0,1,1,1,1,1,,5.724999999999999,6.9,-0.8405261882490915
167777,0.49086769433578403,0,2,2,2,2,2,8.95,8.95,8.95,0.49086769433578403
167782,-1.8046353228593799,0,8,8,7,4,3,4.742857142857143,4.50625,4.15,-1.8046353228593799
167788,0.6964274104616286,0,3,3,2,3,2,9.366666666666667,9.366666666666667,9.366666666666667,0.6964274104616286
167793,-0.4625680509022587,0,3,3,3,2,3,7.8,5.633333333333333,5.633333333333333,-0.4625680509022587
167796,-0.26442630677381335,0,1,1,1,1,1,8.4,8.4,8.4,-0.26442630677381335
167797,1.0074623113202827,0,2,2,2,2,2,9.65,9.65,9.65,1.0074623113202827
167800,0.3543909410537828,0,3,3,3,3,2,8.633333333333333,8.633333333333333,8.633333333333333,0.3543909410537828
167803,-0.4471480546326709,0,1,1,1,1,1,7.7,7.7,7.7,-0.4471480546326709
167806,-0.03657782737668133,0,1,1,1,1,1,8.0,8.0,8.0,-0.03657782737668133
167808,0.49923251439679317,0,1,1,1,1,1,9.6,9.6,9.6,0.49923251439679317
167809,0.9014296799175865,0,4,4,4,4,3,9.875,9.875,9.875,0.9014296799175865
167810,0.39793035276405914,0,2,2,2,1,2,8.1,8.1,8.1,0.39793035276405914
167813,0.2280896615182413,0,4,4,4,4,2,9.5,9.5,9.5,0.2280896615182413
167816,0.2930239160758114,0,3,3,3,3,2,8.299999999999999,8.299999999999999,8.299999999999999,0.2930239160758114
167818,-1.687862386687384,0,1,1,1,1,1,0.7,0.7,0.7,-1.687862386687384
167832,0.7559089752684981,0,1,1,1,1,1,9.6,9.6,9.6,0.7559089752684981
167836,0.2427720018416778,0,3,3,3,3,1,9.200000000000001,9.200000000000001,9.200000000000001,0.2427720018416778
167838,0.002026533097383612,0,4,4,4,4,2,8.299999999999999,8.299999999999999,8.299999999999999,0.002026533097383612
167848,-0.19605226055367847,0,4,4,4,4,2,7.825,7.825,7.825,-0.19605226055367847
167854,-1.5310280117464365,0,3,3,3,2,3,8.1,7.8999999999999995,6.016666666666666,-1.5310280117464365
167858,-0.8896874146103881,0,3,3,2,2,2,7.466666666666666,7.466666666666666,7.466666666666666,-0.8896874146103881
167860,0.8715567217490419,0,2,2,2,2,1,10.0,10.0,10.0,0.8715567217490419
167866,0.5315586567827175,0,1,1,1,1,1,9.0,9.0,9.0,0.5315586567827175
167869,0.7346399890864832,0,4,4,4,4,2,9.3,9.3,9.3,0.7346399890864832
167870,0.37450965674959075,0,4,4,3,3,3,8.4,8.4,8.4,0.37450965674959075
167871,-0.6872551269244122,0,5,5,5,3,4,8.5,7.4375,6.9799999999999995,-0.6872551269244122
167873,0.17987610423640873,0,3,3,2,3,3,9.0,9.0,9.0,0.17987610423640873
167875,-0.22495113752512533,0,5,5,5,5,2,8.86,8.86,8.86,-0.22495113752512533
167876,-0.1874216722457387,0,1,1,1,1,1,7.8,7.8,7.8,-0.1874216722457387
167877,-0.15585062398220248,0,2,2,2,1,1,10.0,6.73,7.0,-0.15585062398220248
167879,-2.5553786084328842,0,1,1,1,1,1,0.0,0.0,0.0,-2.5553786084328842
167880,0.08928644513531935,0,3,3,3,3,2,8.533333333333333,8.533333333333333,8.533333333333333,0.08928644513531935
167884,0.7574140517247308,0,1,1,1,1,1,9.3,9.3,9.3,0.7574140517247308
167885,-0.7889298034337129,0,1,1,1,1,1,7.5,7.5,7.5,-0.7889298034337129
167892,0.30488409030071784,0,1,1,1,1,1,9.1,9.1,9.1,0.30488409030071784
167894,0.31116978192829436,0,1,1,1,1,1,8.3,8.3,8.3,0.31116978192829436
167896,-1.4216805192061646,0,1,1,1,1,1,4.8,4.8,4.8,-1.4216805192061646
167899,-1.119391261287665,0,2,2,2,1,2,7.6,5.529999999999999,4.6,-1.119391261287665
168001,-1.882128138267322,0,1,1,1,1,1,0.0,0.0,0.0,-1.882128138267322
168003,-0.34701118136324866,0,3,3,2,3,2,8.5,8.5,8.5,-0.34701118136324866
168004,-0.2953600544499676,0,4,4,4,3,4,8.833333333333334,7.2,7.475,-0.2953600544499676
168009,0.2622377254086592,0,1,1,1,1,1,9.7,9.7,9.7,0.2622377254086592
168013,-0.49308656483139407,0,3,3,2,2,2,9.3,6.633333333333333,6.633333333333333,-0.49308656483139407
168018,0.37446186826984973,0,4,4,4,4,2,8.825,8.825,8.825,0.37446186826984973
168020,0.08730253684676209,0,4,4,4,4,2,8.225,8.225,8.225,0.08730253684676209
168021,0.46010558870549506,0,3,3,3,3,2,9.1,9.1,9.1,0.46010558870549506
168022,0.5755915370918845,0,3,3,2,3,3,8.766666666666667,8.766666666666667,8.766666666666667,0.5755915370918845
168029,0.4061774931087908,0,4,4,4,3,3,9.266666666666667,8.76,8.65,0.4061774931087908
168031,-0.9966838740083677,0,7,7,7,4,4,5.542857142857143,5.542857142857143,5.542857142857143,-0.9966838740083677
168034,-1.066159369185983,0,13,13,11,5,4,5.336363636363637,5.398751248751249,5.300000000000001,-1.066159369185983
168037,-0.18941226413940154,0,5,5,4,4,3,8.275,7.725,6.62,-0.18941226413940154
168038,-1.8846221631334972,0,2,2,2,1,2,0.9,2.2083333333333335,1.0,-1.8846221631334972
168040,-0.2150918615662721,0,6,6,6,5,4,8.42,7.711111111111111,7.8,-0.2150918615662721
168043,0.5808251242313912,0,2,2,2,2,2,9.100000000000001,9.100000000000001,9.100000000000001,0.5808251242313912
168047,-0.6745986731026439,0,1,1,1,1,1,,6.216666666666666,6.6,-0.6745986731026439
168053,0.7683531654871204,0,1,1,1,1,1,9.5,9.5,9.5,0.7683531654871204
168054,0.5135314702834457,0,1,1,1,1,1,9.6,9.6,9.6,0.5135314702834457
168062,-1.440692271895471,0,3,3,3,3,2,8.4,6.105555555555555,4.1000000000000005,-1.440692271895471
168063,-0.9743363295381325,0,1,1,1,1,1,,1.3,1.3,-0.9743363295381325
168064,-2.0303357632735053,0,1,1,1,1,1,0.0,0.0,0.0,-2.0303357632735053
168066,-0.6642901926294318,0,1,1,1,1,1,5.2,5.2,5.2,-0.6642901926294318
168067,-1.075340884152864,0,4,4,4,1,4,5.45,4.852083333333333,4.275,-1.075340884152864
168068,0.23413100382639884,0,2,2,2,2,2,8.1,8.1,8.1,0.23413100382639884
168069,0.5135314702834457,0,1,1,1,1,1,9.6,9.6,9.6,0.5135314702834457
168070,-1.5380082579103895,0,2,2,2,1,2,0.0,2.210714285714286,0.0,-1.5380082579103895
168072,0.24162262703747617,0,4,4,4,4,2,9.1,9.1,9.1,0.24162262703747617
168075,0.35689678149458914,0,1,1,1,1,1,7.5,7.5,7.5,0.35689678149458914
168080,-0.0076015533418725394,0,1,1,1,1,1,,3.966666666666667,4.4,-0.0076015533418725394
168081,0.33322673267874614,0,2,2,2,2,2,9.7,7.060714285714285,8.35,0.33322673267874614
168082,0.6680243539548962,0,1,1,1,1,1,10.0,10.0,10.0,0.6680243539548962
168083,-1.5277762284892198,0,4,4,4,3,3,8.350000000000001,5.25,5.25,-1.5277762284892198
168087,-0.08057015062844496,0,7,7,7,4,5,7.066666666666666,7.066666666666666,6.661224489795919,-0.08057015062844496
168089,0.5047264204170012,0,3,3,3,3,2,8.966666666666667,8.966666666666667,8.966666666666667,0.5047264204170012
168092,-0.6291610728638245,0,1,1,1,1,1,7.5,7.5,7.5,-0.6291610728638245
168094,0.03855999050280511,0,4,4,3,4,2,8.35,8.35,8.35,0.03855999050280511
168095,-2.5553786084328842,0,1,1,1,1,1,,4.24,0.0,-2.5553786084328842
168100,-0.2513995913223283,0,1,1,1,1,1,7.7,7.7,7.7,-0.2513995913223283
168101,0.817510554762085,0,1,1,1,1,1,7.7,7.7,7.7,0.817510554762085
168102,-0.48255616674359386,0,2,2,2,1,2,9.7,8.15,7.8999999999999995,-0.48255616674359386
168103,-0.9860949275269686,0,3,3,3,1,2,1.6,2.388888888888889,2.5333333333333337,-0.9860949275269686
168104,0.0922542596581314,0,3,3,3,3,2,8.433333333333334,8.433333333333334,8.433333333333334,0.0922542596581314
168108,0.1258330057820291,0,5,5,5,4,3,9.125,8.093333333333334,7.3,0.1258330057820291
168110,-0.2061481404782692,0,1,1,1,1,1,8.5,8.5,8.5,-0.2061481404782692
168112,-3.3022462555668115,0,1,1,1,1,1,0.8,0.8,0.8,-3.3022462555668115
168114,0.7093360738593351,0,1,1,1,1,1,10.0,10.0,10.0,0.7093360738593351
168121,-1.6745399405033579,0,2,2,2,1,2,3.6,3.6,3.6,-1.6745399405033579
168124,-4.33365009803252,0,1,1,1,1,1,,5.76,0.0,-4.33365009803252
168125,-0.2579698775981879,0,2,2,2,1,2,7.8500000000000005,7.8500000000000005,7.8500000000000005,-0.2579698775981879
168128,0.37510088207494013,0,3,3,3,3,2,9.200000000000001,9.200000000000001,9.200000000000001,0.37510088207494013
168129,-0.2435755521107857,0,1,1,1,1,1,5.9,5.9,5.9,-0.2435755521107857
168142,0.4484301941142226,0,3,3,3,3,2,9.466666666666667,9.466666666666667,9.466666666666667,0.4484301941142226
168143,-0.8107286528871089,0,3,3,3,2,3,8.7,7.466666666666666,5.8,-0.8107286528871089
168144,-1.7840537712274498,0,1,1,1,1,1,,4.421428571428572,0.3,-1.7840537712274498
168145,0.17085341338347768,0,4,4,4,4,3,8.975,8.975,8.975,0.17085341338347768
168146,1.0049007789989637,0,2,2,2,2,2,9.9,9.9,9.9,1.0049007789989637
168148,-0.6588941560919022,0,5,5,5,3,4,7.8,7.0528571428571425,5.6049999999999995,-0.6588941560919022
168152,-2.8869437900733095,0,1,1,1,1,1,,6.6,3.9,-2.8869437900733095
168159,-1.2632891841824392,0,3,3,3,3,2,7.5,5.773333333333333,5.533333333333334,-1.2632891841824392
168161,-0.30074409307739663,0,5,5,5,3,3,7.325,7.325,6.917142857142858,-0.30074409307739663
168163,-1.0312910750455588,0,2,2,2,1,2,9.1,4.625,4.7,-1.0312910750455588
168164,-1.1147993900262052,0,1,1,1,1,1,,0.13333333333333333,0.0,-1.1147993900262052
168175,-0.22090270202272794,0,4,4,4,4,2,8.2,8.2,8.2,-0.22090270202272794
168176,-0.45219628576494214,0,4,4,4,4,3,9.5,8.525,7.575,-0.45219628576494214
168181,-0.31019706569960803,0,2,2,2,1,2,3.9,4.07,5.45,-0.31019706569960803
168184,-2.9040972476649465,0,2,2,2,1,2,0.0,2.31,0.9,-2.9040972476649465
168186,0.2622377254086592,0,1,1,1,1,1,9.7,9.7,9.7,0.2622377254086592
168189,-0.6732372189165551,0,2,2,2,2,2,10.0,7.15,8.3,-0.6732372189165551
168191,-0.7065589539534968,0,3,3,3,3,2,8.533333333333333,8.533333333333333,8.533333333333333,-0.7065589539534968
168192,0.3950028176184666,0,1,1,1,1,1,8.8,8.8,8.8,0.3950028176184666
168194,-1.3080611986723851,0,1,1,1,1,1,0.0,0.0,0.0,-1.3080611986723851
168200,0.6097461876593521,0,1,1,1,1,1,9.9,9.9,9.9,0.6097461876593521
168208,-1.0327568569469467,0,7,7,6,4,3,6.316666666666666,5.747619047619048,5.971428571428571,-1.0327568569469467
168210,-0.11960184244404462,0,2,2,2,1,2,7.5,6.375,6.95,-0.11960184244404462
168211,-0.09619572074100334,0,3,3,3,3,2,7.966666666666666,7.966666666666666,7.966666666666666,-0.09619572074100334
168214,0.06633028041856505,0,3,3,3,3,2,8.333333333333334,8.333333333333334,8.333333333333334,0.06633028041856505
168220,-1.1247142394587093,0,1,1,1,1,1,,6.6000000000000005,6.8,-1.1247142394587093
168223,-0.20888367954969825,0,4,4,3,4,2,8.9,8.9,8.9,-0.20888367954969825
168224,-0.1005515105968112,0,5,5,5,3,3,8.433333333333334,7.1546666666666665,7.359999999999999,-0.1005515105968112
168228,-0.19630530177615926,0,4,4,4,3,2,8.333333333333334,6.857692307692307,6.7,-0.19630530177615926
168236,-1.178240767990248,0,1,1,1,1,1,0.0,0.0,0.0,-1.178240767990248
168238,-2.5553786084328842,0,1,1,1,1,1,0.0,0.0,0.0,-2.5553786084328842
168240,-0.9277531780844347,0,7,7,7,4,4,5.1000000000000005,4.978571428571429,4.942857142857143,-0.9277531780844347
168242,-0.9476734090743907,0,8,8,6,3,5,6.183333333333334,6.05625,5.4,-0.9476734090743907
168243,-0.010704127670015726,0,3,3,3,2,3,8.7,7.258333333333333,7.766666666666667,-0.010704127670015726
168244,0.6547112536736536,0,1,1,1,1,1,10.0,10.0,10.0,0.6547112536736536
168245,-0.03131364159163571,0,1,1,1,1,1,8.8,8.8,8.8,-0.03131364159163571
168246,0.4214931447583633,0,1,1,1,1,1,9.4,9.4,9.4,0.4214931447583633
168248,-0.08221311937707133,0,3,3,3,3,2,8.433333333333332,8.433333333333332,8.433333333333332,-0.08221311937707133
168253,-1.905312869130522,0,3,3,3,2,2,3.1,3.733333333333333,2.066666666666667,-1.905312869130522
168260,0.39798973837718354,0,4,4,4,4,2,9.4,9.4,9.4,0.39798973837718354
168265,0.5514680213638079,0,1,1,1,1,1,9.8,9.8,9.8,0.5514680213638079
168277,0.49318985506826274,0,1,1,1,1,1,9.7,9.7,9.7,0.49318985506826274
168278,-1.130269758445066,0,2,2,2,1,1,4.7,4.7,4.7,-1.130269758445066
168281,0.07166598138542751,0,1,1,1,1,1,8.5,8.5,8.5,0.07166598138542751
168283,-1.178240767990248,0,1,1,1,1,1,,3.966666666666667,0.0,-1.178240767990248
168284,-0.08053621344391027,0,1,1,1,1,1,,4.18421052631579,6.2,-0.08053621344391027
168285,0.07975494367428632,0,4,4,4,3,3,8.533333333333333,7.954166666666666,8.125,0.07975494367428632
168287,0.2562176555917921,0,4,4,4,4,2,9.025,9.025,9.025,0.2562176555917921
168291,-0.2736600487209875,0,3,3,3,3,2,8.1,8.1,8.1,-0.2736600487209875
168292,0.4130618302000457,0,2,2,2,2,2,8.95,8.95,8.95,0.4130618302000457
168293,0.4610391673988588,0,4,4,3,4,2,9.25,9.25,9.25,0.4610391673988588
168296,-0.04950159356090755,0,2,2,2,2,2,8.9,6.6375,7.4,-0.04950159356090755
168297,0.7091375730482342,0,4,4,4,4,2,9.6,9.6,9.6,0.7091375730482342
168298,-0.013789072621475698,0,3,3,2,3,3,8.933333333333334,8.933333333333334,8.933333333333334,-0.013789072621475698
168303,0.052045634949277886,0,4,4,4,4,2,9.325,9.325,9.325,0.052045634949277886
168306,0.04249419993594871,0,2,2,1,2,2,7.9,7.9,7.9,0.04249419993594871
168309,0.7028927349216126,0,1,1,1,1,1,9.5,9.5,9.5,0.7028927349216126
168311,-1.3260262056207388,0,9,9,9,3,4,6.0,5.711616161616162,5.311111111111111,-1.3260262056207388
168317,-4.33365009803252,0,1,1,1,1,1,0.0,0.0,0.0,-4.33365009803252
168318,0.43781153318718463,0,1,1,1,1,1,9.0,9.0,9.0,0.43781153318718463
168320,0.49082777353407003,0,1,1,1,1,1,9.1,9.1,9.1,0.49082777353407003
168321,0.06669785075898568,0,1,1,1,1,1,8.3,8.3,8.3,0.06669785075898568
168323,-0.03933462993478611,0,1,1,1,1,1,8.1,8.1,8.1,-0.03933462993478611
168324,-0.3574320720160996,0,1,1,1,1,1,7.5,7.5,7.5,-0.3574320720160996
168325,0.11971409110587111,0,1,1,1,1,1,8.4,8.4,8.4,0.11971409110587111
168327,0.5679454009095061,0,1,1,1,1,1,9.7,9.7,9.7,0.5679454009095061
168329,-2.080397063040675,0,1,1,1,1,1,0.0,0.0,0.0,-2.080397063040675
168330,-0.4167970288879156,0,2,2,2,1,2,8.3,5.744444444444445,4.800000000000001,-0.4167970288879156
168334,-0.6402671680696718,0,1,1,1,1,1,,2.4307692307692306,1.8,-0.6402671680696718
168337,-2.114587031591521,0,1,1,1,1,1,1.7,1.7,1.7,-2.114587031591521
168341,-0.018793298500901594,0,3,3,3,3,3,8.633333333333333,8.633333333333333,8.633333333333333,-0.018793298500901594
168343,0.31835535618163024,0,1,1,1,1,1,9.4,9.4,9.4,0.31835535618163024
168344,0.42807574077923155,0,2,2,2,1,2,8.4,6.292105263157895,7.300000000000001,0.42807574077923155
168345,-0.006904142167287297,0,4,4,4,3,3,9.0,6.783333333333333,6.775,-0.006904142167287297
168351,-0.3919467777774993,0,4,4,4,3,3,8.733333333333333,7.725,7.25,-0.3919467777774993
168355,0.3308766668134813,0,4,4,4,4,2,8.825000000000001,8.825000000000001,8.825000000000001,0.3308766668134813
168357,0.5487549577531668,0,4,4,4,4,2,9.3,9.3,9.3,0.5487549577531668
168360,-1.1992054233336655,0,2,2,2,1,2,0.05,0.05,0.05,-1.1992054233336655
168361,0.02118420075667489,0,4,4,4,4,2,8.6,8.6,8.6,0.02118420075667489
168363,-1.1842811326765816,0,1,1,1,1,1,,4.375,3.1,-1.1842811326765816
168371,-1.4177635075302928,0,4,4,4,3,4,7.5,5.1000000000000005,4.75,-1.4177635075302928
168372,-0.1248608473283683,0,2,2,2,1,2,7.6,5.015384615384615,4.7,-0.1248608473283683
168373,-2.58201122033293,0,1,1,1,1,1,,3.75,0.0,-2.58201122033293
168374,-0.03506451023490083,0,4,4,4,4,2,9.025,9.025,9.025,-0.03506451023490083
168375,-0.5305025602056116,0,2,2,1,1,2,6.6,5.3921052631578945,5.5,-0.5305025602056116
168378,0.7183969373060991,0,1,1,1,1,1,9.3,9.3,9.3,0.7183969373060991
168379,0.13852965908640114,0,3,3,2,3,2,8.733333333333333,8.733333333333333,8.733333333333333,0.13852965908640114
168380,0.24146181715314324,0,1,1,1,1,1,9.1,9.1,9.1,0.24146181715314324
168381,-0.7068868872350287,0,4,4,4,4,2,8.2,8.2,8.2,-0.7068868872350287
168382,-0.3445282916033989,0,4,4,3,4,2,8.575,8.575,8.575,-0.3445282916033989
168384,-0.6246121006951065,0,1,1,1,1,1,,4.364285714285714,4.4,-0.6246121006951065
168393,0.7271682036390249,0,3,3,2,3,2,9.633333333333333,9.633333333333333,9.633333333333333,0.7271682036390249
168405,-1.522921930229749,0,2,2,2,1,2,3.0,3.5250000000000004,2.1,-1.522921930229749
168407,-0.612184699960973,0,5,5,3,3,4,9.233333333333333,7.150833333333333,6.9799999999999995,-0.612184699960973
168410,-2.8869437900733095,0,1,1,1,1,1,,6.6,3.9,-2.8869437900733095
168411,0.30504300420051467,0,2,2,2,1,2,8.0,5.594444444444445,7.4,0.30504300420051467
168417,0.5484411579136065,0,4,4,4,4,2,9.3,9.3,9.3,0.5484411579136065
168432,-1.3347817568975704,0,2,2,2,1,2,3.05,3.05,3.05,-1.3347817568975704
168433,-0.42942915117603303,0,4,4,4,2,4,8.85,7.116666666666667,6.275,-0.42942915117603303
168435,0.3766335224771744,0,1,1,1,1,1,9.5,9.5,9.5,0.3766335224771744
168438,0.7084467252019233,0,4,4,3,4,3,9.35,9.35,9.35,0.7084467252019233
168439,0.3301645699740139,0,4,4,4,4,3,8.225,8.225,8.225,0.3301645699740139
168440,-0.7139283423936836,0,1,1,1,1,1,,4.375,4.5,-0.7139283423936836
168444,0.6996751305032805,0,1,1,1,1,1,9.7,9.7,9.7,0.6996751305032805
168449,0.5203522092272599,0,4,4,4,4,2,9.425,9.425,9.425,0.5203522092272599
168452,0.4046034067951066,0,1,1,1,1,1,8.8,8.8,8.8,0.4046034067951066
168454,-0.058171354758617316,0,4,4,4,4,2,8.675,8.675,8.675,-0.058171354758617316
168456,0.6547112536736536,0,1,1,1,1,1,10.0,10.0,10.0,0.6547112536736536
168458,-0.37231366548822903,0,3,3,3,2,3,9.05,7.7,6.033333333333334,-0.37231366548822903
168461,0.1866322247295966,0,4,4,4,4,2,8.45,8.45,8.45,0.1866322247295966
168463,0.03300183274171705,0,3,3,3,3,2,9.033333333333333,9.033333333333333,9.033333333333333,0.03300183274171705
168464,0.44255526928250555,0,1,1,1,1,1,10.0,10.0,10.0,0.44255526928250555
168465,0.5643642667184049,0,1,1,1,1,1,8.8,8.8,8.8,0.5643642667184049
168468,-2.129932223417183,0,4,4,4,2,3,4.35,4.862946428571428,3.3249999999999997,-2.129932223417183
168473,-1.433281123129859,0,12,12,12,3,6,5.5,5.28459595959596,4.1499999999999995,-1.433281123129859
168477,0.3058394043453559,0,2,2,1,2,2,8.8,8.8,8.8,0.3058394043453559
168480,-0.9988603829849352,0,4,4,4,3,3,8.4,7.8388888888888895,7.775,-0.9988603829849352
168484,-0.8830670399496233,0,5,5,4,3,4,8.9,6.980000000000001,6.18,-0.8830670399496233
168489,-2.225776596874427,0,1,1,1,1,1,,4.375,0.0,-2.225776596874427
168490,-2.586423825690211,0,1,1,1,1,1,5.0,5.0,5.0,-2.586423825690211
168496,0.7931765034052358,0,4,4,4,4,2,9.8,9.8,9.8,0.7931765034052358
168500,0.5540580770144443,0,2,2,2,2,2,9.8,9.8,9.8,0.5540580770144443
168501,0.12163347021332106,0,2,2,2,2,2,9.0,9.0,9.0,0.12163347021332106
168502,0.5243604654935192,0,1,1,1,1,1,9.0,9.0,9.0,0.5243604654935192
168505,-1.6776415200463406,0,3,3,3,1,3,3.15,3.5583333333333336,3.1333333333333333,-1.6776415200463406
168506,0.44255526928250555,0,1,1,1,1,1,10.0,10.0,10.0,0.44255526928250555
168509,-0.4679201519796588,0,4,4,4,4,2,8.0,8.0,8.0,-0.4679201519796588
168512,-1.5280225381306791,0,5,5,5,3,2,4.1,4.1,4.1,-1.5280225381306791
168517,-2.225776596874427,0,1,1,1,1,1,,4.375,0.0,-2.225776596874427
168518,-1.7259253187261985,0,3,3,3,3,2,8.2,6.0249999999999995,4.666666666666667,-1.7259253187261985
168519,0.4214931447583633,0,1,1,1,1,1,9.4,9.4,9.4,0.4214931447583633
168522,0.10088221679999922,0,4,4,4,4,2,8.875,8.875,8.875,0.10088221679999922
168524,-0.33908204226523314,0,3,3,3,3,2,8.299999999999999,8.299999999999999,8.299999999999999,-0.33908204226523314
168525,-0.21655642569309405,0,2,2,2,1,2,9.0,6.675,5.1,-0.21655642569309405
168529,-0.2061481404782692,0,1,1,1,1,1,8.5,8.5,8.5,-0.2061481404782692
168535,-0.8889625992624695,0,7,7,4,4,4,6.92,6.0856009070294785,5.371428571428572,-0.8889625992624695
168536,0.3928894189298319,0,5,5,4,4,3,8.120000000000001,8.120000000000001,8.120000000000001,0.3928894189298319
168539,-1.104375448614028,0,2,2,2,1,2,0.0,2.1875,3.25,-1.104375448614028
168540,0.0342450140929284,0,7,7,6,4,4,8.2,7.414285714285714,7.3999999999999995,0.0342450140929284
168546,-0.7227306686988635,0,7,7,7,5,3,7.659999999999999,6.9781593406593405,7.3,-0.7227306686988635
168549,-0.2030228442486248,0,3,3,3,3,3,8.850000000000001,6.866666666666667,6.133333333333333,-0.2030228442486248
168550,0.16105760137663674,0,3,3,3,3,3,8.933333333333334,8.933333333333334,8.933333333333334,0.16105760137663674
168551,0.018750843032972843,0,1,1,1,1,1,8.5,8.5,8.5,0.018750843032972843
168552,0.13839531386198178,0,5,5,4,4,3,9.65,8.77,8.78,0.13839531386198178
168553,-0.6815274967694539,0,7,7,5,5,3,6.414285714285714,6.414285714285714,6.414285714285714,-0.6815274967694539
168559,-1.3080611986723851,0,1,1,1,1,1,0.0,0.0,0.0,-1.3080611986723851
168560,-1.3118667170902367,0,4,4,4,3,3,7.966666666666666,7.966666666666666,7.208333333333334,-1.3118667170902367
168563,0.0669945660451966,0,3,3,3,3,2,8.866666666666667,8.866666666666667,8.866666666666667,0.0669945660451966
168565,0.8689093580748091,0,1,1,1,1,1,8.8,8.8,8.8,0.8689093580748091
168566,0.2834269931353746,0,2,2,1,2,2,8.0,8.0,8.0,0.2834269931353746
168571,-0.49525849150868667,0,3,3,3,2,2,8.15,5.477777777777778,5.533333333333334,-0.49525849150868667
168572,0.6547112536736536,0,1,1,1,1,1,10.0,10.0,10.0,0.6547112536736536
168574,0.09135401025185146,0,5,5,5,4,3,9.425,8.645,7.540000000000001,0.09135401025185146
168577,0.7311871927876878,0,1,1,1,1,1,10.0,10.0,10.0,0.7311871927876878
168578,-0.6189329330981931,0,3,3,3,3,2,8.2,7.822222222222223,7.866666666666667,-0.6189329330981931
168582,0.24683076837653137,0,3,3,3,3,3,8.5,8.5,8.5,0.24683076837653137
168586,-0.6846508682868214,0,5,5,5,3,4,7.140000000000001,7.140000000000001,7.140000000000001,-0.6846508682868214
168590,-2.253991214168773,0,1,1,1,1,1,,6.6000000000000005,5.3,-2.253991214168773
168592,0.6439420475121953,0,4,4,4,4,2,9.325,9.325,9.325,0.6439420475121953
168593,0.05607556572274874,0,1,1,1,1,1,8.0,8.0,8.0,0.05607556572274874
168597,0.3847952928402992,0,1,1,1,1,1,8.9,8.9,8.9,0.3847952928402992
168603,-1.953125103022894,0,2,2,2,2,1,0.0,3.4,3.4,-1.953125103022894
168604,0.29392771942770324,0,1,1,1,1,1,7.8,7.8,7.8,0.29392771942770324
168611,-1.8335666892021798,0,2,2,2,1,2,0.0,2.92,2.95,-1.8335666892021798
168619,-0.16165331210863026,0,5,5,5,3,3,8.700000000000001,7.516666666666667,6.488571428571428,-0.16165331210863026
168620,0.49082777353407003,0,1,1,1,1,1,9.1,9.1,9.1,0.49082777353407003
168621,-0.13373385249204658,0,3,3,3,3,2,8.733333333333333,8.733333333333333,8.733333333333333,-0.13373385249204658
168623,-0.4814133862311198,0,2,2,1,1,1,10.0,6.4875,7.35,-0.4814133862311198
168627,0.6097461876593521,0,1,1,1,1,1,9.9,9.9,9.9,0.6097461876593521
168628,-0.6813337893295391,0,3,3,3,3,2,7.6,6.841666666666666,7.066666666666666,-0.6813337893295391
168632,0.2841670258996129,0,1,1,1,1,1,8.5,8.5,8.5,0.2841670258996129
168639,0.6547112536736536,0,1,1,1,1,1,10.0,10.0,10.0,0.6547112536736536
168640,0.1331069630235829,0,2,2,2,2,2,9.100000000000001,9.100000000000001,9.100000000000001,0.1331069630235829
168647,-0.2575374724671245,0,8,8,7,4,5,7.833333333333333,6.998611111111111,6.5,-0.2575374724671245
168650,0.011047191994407035,0,1,1,1,1,1,8.3,8.3,8.3,0.011047191994407035
168652,0.38262345993914837,0,1,1,1,1,1,9.3,9.3,9.3,0.38262345993914837
168653,0.5823206563772083,0,1,1,1,1,1,8.6,8.6,8.6,0.5823206563772083
168655,-0.7954559501248295,0,1,1,1,1,1,,2.4307692307692306,1.2,-0.7954559501248295
168657,-1.1864400394764116,0,1,1,1,1,1,3.9,3.9,3.9,-1.1864400394764116
168664,-0.47701174328448515,0,4,4,4,3,3,8.166666666666666,7.2160714285714285,6.35,-0.47701174328448515
168665,-0.0061644758874913495,0,5,5,5,4,3,8.875,8.875,8.333333333333332,-0.0061644758874913495
168666,-0.19455146944556193,0,1,1,1,1,1,8.3,8.3,8.3,-0.19455146944556193
168671,-0.006073388253002355,0,1,1,1,1,1,8.3,8.3,8.3,-0.006073388253002355
168672,-1.8890178461994367,0,1,1,1,1,1,0.0,0.0,0.0,-1.8890178461994367
168674,-2.336429133441163,0,4,4,3,3,2,6.2,5.9887500000000005,4.775,-2.336429133441163
168676,0.15477186207985003,0,4,4,4,4,2,8.575,8.575,8.575,0.15477186207985003
168679,-2.1667551123813693,0,1,1,1,1,1,,4.18421052631579,0.0,-2.1667551123813693
168681,0.1508680961431651,0,2,2,2,2,1,9.4,6.792105263157895,7.75,0.1508680961431651
168683,0.34375377511993277,0,1,1,1,1,1,9.2,9.2,9.2,0.34375377511993277
168687,-0.864420594038287,0,5,5,5,4,3,7.359999999999999,7.359999999999999,7.359999999999999,-0.864420594038287
168689,0.2458165517867823,0,3,3,3,3,2,8.933333333333332,8.933333333333332,8.933333333333332,0.2458165517867823
168702,0.6680243539548962,0,1,1,1,1,1,10.0,10.0,10.0,0.6680243539548962
168711,0.11971409110587111,0,1,1,1,1,1,8.4,8.4,8.4,0.11971409110587111
168712,0.41772523691683877,0,3,3,3,3,2,9.200000000000001,9.200000000000001,9.200000000000001,0.41772523691683877
168719,0.26424063142411497,0,5,5,4,4,3,9.274999999999999,7.906153846153846,7.419999999999999,0.26424063142411497
168723,-1.8828478566096223,0,1,1,1,1,1,0.0,0.0,0.0,-1.8828478566096223
168725,-0.13675468941888191,0,2,2,2,2,1,8.65,8.65,8.65,-0.13675468941888191
168726,-0.20596537258779996,0,5,5,5,4,3,8.9,7.970000000000001,7.92,-0.20596537258779996
168729,-4.066663469616922,0,1,1,1,1,1,1.8,1.8,1.8,-4.066663469616922
168737,-1.3080611986723851,0,1,1,1,1,1,0.0,0.0,0.0,-1.3080611986723851
168744,0.44255526928250555,0,1,1,1,1,1,10.0,10.0,10.0,0.44255526928250555
168745,0.4361783824773526,0,4,4,4,3,2,9.633333333333333,8.839583333333334,9.0,0.4361783824773526
168748,-1.3080611986723851,0,1,1,1,1,1,0.0,0.0,0.0,-1.3080611986723851
168750,-0.19251103921020446,0,1,1,1,1,1,,4.883333333333333,7.2,-0.19251103921020446
168753,-0.34081800931514783,0,4,4,3,3,3,8.4,7.26,7.525,-0.34081800931514783
168754,0.09761897285729818,0,4,4,4,4,3,8.925,8.925,8.925,0.09761897285729818
168755,-1.8100219100907615,0,3,3,3,2,3,5.05,5.519444444444445,3.3666666666666667,-1.8100219100907615
168758,0.5315586567827175,0,1,1,1,1,1,9.0,9.0,9.0,0.5315586567827175
168759,-0.8074168293747995,0,3,3,3,2,2,7.25,6.0055555555555555,6.0,-0.8074168293747995
168761,-0.5677667186264078,0,2,2,2,1,2,8.3,7.9,6.925000000000001,-0.5677667186264078
168763,-0.483279720417739,0,4,4,4,2,3,9.100000000000001,7.206875,7.975,-0.483279720417739
168764,-0.4105642294024151,0,5,5,5,4,4,8.0,8.0,8.0,-0.4105642294024151
168765,-0.6048881945615445,0,2,2,2,2,2,7.75,7.75,7.75,-0.6048881945615445
168767,-2.514163469593486,0,1,1,1,1,1,0.0,0.0,0.0,-2.514163469593486
168776,0.5913607516202402,0,1,1,1,1,1,9.3,9.3,9.3,0.5913607516202402
168780,-1.1058335142351452,0,1,1,1,1,1,,2.4307692307692306,0.0,-1.1058335142351452
168786,-2.5938856348227812,0,2,2,2,1,2,1.5,2.48,1.7,-2.5938856348227812
168787,-0.12672505520900879,0,3,3,3,3,2,9.033333333333333,9.033333333333333,9.033333333333333,-0.12672505520900879
168788,-2.225776596874427,0,1,1,1,1,1,,4.375,0.0,-2.225776596874427
168793,-0.19453377732503013,0,4,4,4,3,3,7.8999999999999995,7.0,7.5,-0.19453377732503013
168794,0.0515166593232788,0,5,5,5,4,3,8.075,7.396923076923078,7.859999999999999,0.0515166593232788
168800,-0.4959997643670839,0,3,3,2,1,2,8.5,6.104444444444444,6.8,-0.4959997643670839
168809,0.08330275968024718,0,5,5,5,5,2,9.26,9.26,9.26,0.08330275968024718
168810,-1.2018253592041346,0,3,3,3,2,3,8.8,7.813333333333333,6.133333333333333,-1.2018253592041346
168814,-0.8453549086703502,0,2,2,2,1,2,3.15,3.15,3.15,-0.8453549086703502
168815,0.049336066894462335,0,1,1,1,1,1,7.7,7.7,7.7,0.049336066894462335
168820,-0.6766431446022059,0,2,2,2,1,2,,3.638333333333333,3.45,-0.6766431446022059
168821,-0.9056735565571582,0,1,1,1,1,1,1.2,1.2,1.2,-0.9056735565571582
168825,-0.8995233636557973,0,7,7,7,3,5,6.675000000000001,5.463461538461538,5.371428571428572,-0.8995233636557973
168826,-1.182008632381595,0,2,2,2,1,2,0.5,1.4653846153846153,0.25,-1.182008632381595
168827,-0.942966777143213,0,6,6,4,5,4,8.125,7.0807692307692305,5.416666666666667,-0.942966777143213
168837,-0.6895335359030912,0,4,4,4,3,2,6.466666666666666,6.510714285714286,6.075,-0.6895335359030912
168840,-1.967256765519474,0,2,2,2,1,2,8.0,7.1083333333333325,4.0,-1.967256765519474
168843,0.5742431403423458,0,3,3,3,3,2,9.133333333333333,9.133333333333333,9.133333333333333,0.5742431403423458
168845,-1.2806497839206903,0,2,2,2,1,2,0.0,1.7833333333333332,1.95,-1.2806497839206903
168847,-0.3693794670966738,0,1,1,1,1,1,6.3,6.3,6.3,-0.3693794670966738
168848,-1.8828478566096223,0,1,1,1,1,1,,3.516666666666667,0.0,-1.8828478566096223
168853,-2.225776596874427,0,1,1,1,1,1,0.0,0.0,0.0,-2.225776596874427
168855,-0.7609064029855436,0,6,6,5,4,3,6.916666666666667,6.916666666666667,6.916666666666667,-0.7609064029855436
168857,0.0610079045650187,0,4,4,4,4,3,9.5,8.5625,8.875,0.0610079045650187
168863,-0.3344139236423149,0,2,2,2,1,2,9.4,6.294444444444444,5.0,-0.3344139236423149
168866,0.1933264761981191,0,4,4,4,3,3,8.4,7.68125,8.125,0.1933264761981191
168870,0.28136204326406755,0,1,1,1,1,1,9.1,9.1,9.1,0.28136204326406755
168871,-0.024726226014255382,0,6,6,6,4,3,8.68,8.01,8.066666666666666,-0.024726226014255382
168872,-1.4053820417447451,0,1,1,1,1,1,4.7,4.7,4.7,-1.4053820417447451
168873,-0.6402671680696718,0,1,1,1,1,1,,2.4307692307692306,1.8,-0.6402671680696718
168874,-0.3811430696318521,0,1,1,1,1,1,7.6,7.6,7.6,-0.3811430696318521
168877,-1.1058335142351452,0,1,1,1,1,1,0.0,0.0,0.0,-1.1058335142351452
168886,-0.018181401022101584,0,4,4,3,4,3,8.35,8.35,8.35,-0.018181401022101584
168888,-0.30322266887027904,0,2,2,2,1,2,7.5,7.5,7.5,-0.30322266887027904
168892,-1.4749764549225273,0,1,1,1,1,1,1.4,1.4,1.4,-1.4749764549225273
168900,0.41689844755989075,0,2,2,2,2,1,9.3,9.3,9.3,0.41689844755989075
168906,0.142520502939489,0,1,1,1,1,1,9.4,9.4,9.4,0.142520502939489
168908,0.008916854902635123,0,1,1,1,1,1,7.7,7.7,7.7,0.008916854902635123
168909,0.21605745344436506,0,4,4,4,4,3,7.933333333333334,7.338461538461538,7.7,0.21605745344436506
168910,-0.09235087028167153,0,1,1,1,1,1,8.0,8.0,8.0,-0.09235087028167153
168911,-0.4719002494295145,0,1,1,1,1,1,,5.250000000000001,6.4,-0.4719002494295145
168913,-1.9742320950402783,0,3,3,3,2,3,8.15,7.288888888888889,6.1000000000000005,-1.9742320950402783
168917,0.6775963241429689,0,3,3,3,3,2,9.533333333333333,9.533333333333333,9.533333333333333,0.6775963241429689
168918,0.6776560618063583,0,1,1,1,1,1,9.3,9.3,9.3,0.6776560618063583
168944,0.2622377254086592,0,1,1,1,1,1,9.7,9.7,9.7,0.2622377254086592
168951,0.29275459758661576,0,2,2,2,2,2,8.65,8.65,8.65,0.29275459758661576
168958,0.6144520659266357,0,1,1,1,1,1,10.0,10.0,10.0,0.6144520659266357
168964,-1.5824773092690287,0,1,1,1,1,1,2.5,2.5,2.5,-1.5824773092690287
168968,0.10261476211643228,0,1,1,1,1,1,9.3,9.3,9.3,0.10261476211643228
168969,0.48112284545490497,0,1,1,1,1,1,8.6,8.6,8.6,0.48112284545490497
169015,0.28669942033774604,0,3,3,3,3,2,9.4,9.4,9.4,0.28669942033774604
169029,-0.20286245295949284,0,4,4,3,4,2,8.4,8.4,8.4,-0.20286245295949284
169033,0.08512729033580944,0,2,2,1,2,1,8.399999999999999,8.399999999999999,8.399999999999999,0.08512729033580944
169037,0.4272636179661834,0,1,1,1,1,1,9.7,9.7,9.7,0.4272636179661834
169038,-3.448996171135629,0,1,1,1,1,1,0.4,0.4,0.4,-3.448996171135629
169040,-0.08151487389230248,0,6,6,5,5,2,8.066666666666666,8.066666666666666,8.066666666666666,-0.08151487389230248
169045,0.32573755297356155,0,4,4,2,4,2,9.625,9.625,9.625,0.32573755297356155
169047,0.2669443213993433,0,1,1,1,1,1,9.4,9.4,9.4,0.2669443213993433
169048,0.7668686286043215,0,3,3,2,3,2,9.433333333333332,9.433333333333332,9.433333333333332,0.7668686286043215
169050,0.6032267290956581,0,3,3,3,3,2,9.733333333333333,9.733333333333333,9.733333333333333,0.6032267290956581
169055,0.14915804228846907,0,1,1,1,1,1,8.2,8.2,8.2,0.14915804228846907
169060,0.2811325083686059,0,1,1,1,1,1,8.9,8.9,8.9,0.2811325083686059
169062,-1.1147993900262052,0,1,1,1,1,1,0.0,0.0,0.0,-1.1147993900262052
169074,0.46775369123945093,0,3,3,3,3,2,9.0,9.0,9.0,0.46775369123945093
169076,0.38438140027767476,0,2,2,2,2,2,8.899999999999999,8.899999999999999,8.899999999999999,0.38438140027767476
169084,0.44255526928250555,0,1,1,1,1,1,10.0,10.0,10.0,0.44255526928250555
169093,0.8161872924881387,0,3,3,3,3,2,10.0,10.0,10.0,0.8161872924881387
169096,0.4855497348385995,0,2,2,2,2,1,9.45,9.45,9.45,0.4855497348385995
169100,0.6072024241192026,0,1,1,1,1,1,9.7,9.7,9.7,0.6072024241192026
169101,0.5174395001455349,0,3,3,3,3,2,9.166666666666666,9.166666666666666,9.166666666666666,0.5174395001455349
169107,0.6032524918595127,0,2,2,2,2,1,8.0,8.0,8.0,0.6032524918595127
169111,0.21383391006186026,0,1,1,1,1,1,9.3,9.3,9.3,0.21383391006186026
169114,0.5159059366025821,0,3,3,3,3,2,9.633333333333333,9.633333333333333,9.633333333333333,0.5159059366025821
169117,0.6155233118036112,0,4,4,3,4,2,9.775,9.775,9.775,0.6155233118036112
169118,0.31043867394874464,0,4,4,4,4,2,8.925,8.925,8.925,0.31043867394874464
169121,-1.0660623225164612,0,4,4,3,1,2,5.95,5.95,5.95,-1.0660623225164612
169124,0.5190575805133723,0,2,2,2,2,2,9.350000000000001,9.350000000000001,9.350000000000001,0.5190575805133723
169127,-3.7166804387179373,0,1,1,1,1,1,,,3.7,-3.7166804387179373
169131,-3.3706376213309683,0,1,1,1,1,1,,5.675,3.6,-3.3706376213309683
169141,0.40064353104556216,0,1,1,1,1,1,8.4,8.4,8.4,0.40064353104556216
169145,0.6752082320291821,0,4,4,4,4,2,9.75,9.75,9.75,0.6752082320291821
169146,1.3310308786977219,0,1,1,1,1,1,10.0,10.0,10.0,1.3310308786977219
169147,0.3613680930448063,0,1,1,1,1,1,8.8,8.8,8.8,0.3613680930448063
169179,0.1711310849780999,0,4,4,4,4,3,8.8,8.8,8.8,0.1711310849780999
169181,0.6687066162597225,0,3,3,3,3,2,9.633333333333333,9.633333333333333,9.633333333333333,0.6687066162597225
169184,0.7357245931250189,0,1,1,1,1,1,10.0,10.0,10.0,0.7357245931250189
169186,-0.6309238484184984,0,2,2,2,2,2,9.1,7.8,7.8,-0.6309238484184984
169189,0.08079455443884594,0,3,3,3,3,2,8.533333333333333,8.533333333333333,8.533333333333333,0.08079455443884594
169192,0.44255526928250555,0,1,1,1,1,1,10.0,10.0,10.0,0.44255526928250555
169194,0.1274878245825562,0,2,2,2,2,1,8.5,6.67,7.4,0.1274878245825562
169200,0.45042489811443714,0,1,1,1,1,1,9.4,9.4,9.4,0.45042489811443714
169206,0.7271607953972664,0,3,3,3,3,2,9.766666666666667,9.766666666666667,9.766666666666667,0.7271607953972664
169209,1.1778685059277263,0,1,1,1,1,1,10.0,10.0,10.0,1.1778685059277263
169210,0.37325511433612535,0,3,3,2,3,2,7.6000000000000005,7.6000000000000005,7.6000000000000005,0.37325511433612535
169212,0.590578364758928,0,2,2,2,2,2,9.6,9.6,9.6,0.590578364758928
169213,-1.9642900163740078,0,1,1,1,1,1,1.5,1.5,1.5,-1.9642900163740078
169225,-1.9448978125350633,0,4,4,4,4,2,8.350000000000001,8.066666666666668,5.716666666666667,-1.9448978125350633
169229,-0.05963416844182665,0,1,1,1,1,1,8.1,8.1,8.1,-0.05963416844182665
169230,0.4719175803085415,0,4,4,4,4,2,9.35,9.35,9.35,0.4719175803085415
169231,-0.21725462490425665,0,4,4,4,3,3,7.975,7.975,7.975,-0.21725462490425665
169232,-0.6750569550252813,0,1,1,1,1,1,,4.62,7.2,-0.6750569550252813
169233,-0.3661538801198576,0,1,1,1,1,1,9.0,9.0,9.0,-0.3661538801198576
169244,0.3952426099749335,0,3,3,3,3,2,9.0,9.0,9.0,0.3952426099749335
169266,1.056710238442371,0,1,1,1,1,1,9.7,9.7,9.7,1.056710238442371
169270,-2.1935463060481775,0,1,1,1,1,1,1.2,1.2,1.2,-2.1935463060481775
169272,0.2102306265325672,0,1,1,1,1,1,8.4,8.4,8.4,0.2102306265325672
169273,0.2514550742991765,0,1,1,1,1,1,9.4,9.4,9.4,0.2514550742991765
169280,-0.44162307541622436,0,5,5,5,4,3,8.799999999999999,7.556666666666667,5.58,-0.44162307541622436
169281,-2.2923336246451456,0,1,1,1,1,1,,7.166666666666667,6.8,-2.2923336246451456
169282,0.5840350792208141,0,3,3,2,3,2,9.833333333333334,9.833333333333334,9.833333333333334,0.5840350792208141
169285,0.013686670171486958,0,1,1,1,1,1,9.2,9.2,9.2,0.013686670171486958
169287,-0.5859284124331378,0,4,4,4,4,2,8.3,8.3,8.3,-0.5859284124331378
169289,0.6714142568040029,0,1,1,1,1,1,10.0,10.0,10.0,0.6714142568040029
169292,0.3541164650803551,0,4,4,4,4,2,8.7,8.7,8.7,0.3541164650803551
169294,0.4300665509431992,0,4,4,4,4,2,9.225,9.225,9.225,0.4300665509431992
169298,0.3797650400989496,0,4,4,4,4,2,8.575,8.575,8.575,0.3797650400989496
169299,-1.207668931055623,0,1,1,1,1,1,,3.7599999999999993,0.0,-1.207668931055623
169316,-0.018827561559248633,0,1,1,1,1,1,8.5,8.5,8.5,-0.018827561559248633
169318,-3.7228314054276046,0,1,1,1,1,1,,,1.85,-3.7228314054276046
169333,0.05762932518468476,0,1,1,1,1,1,7.7,7.7,7.7,0.05762932518468476
169334,-2.114587031591521,0,1,1,1,1,1,,3.25,1.7,-2.114587031591521
169342,0.19909779467961933,0,4,4,3,4,2,9.55,9.55,9.55,0.19909779467961933
169362,-0.662127272403328,0,1,1,1,1,1,9.1,9.1,9.1,-0.662127272403328
169363,-2.709580731382806,0,1,1,1,1,1,4.0,4.0,4.0,-2.709580731382806
169381,-0.12467564393327284,0,1,1,1,1,1,8.9,8.9,8.9,-0.12467564393327284
169382,0.7256950198529586,0,4,4,4,4,2,9.725,9.725,9.725,0.7256950198529586
169387,0.3000545754456366,0,3,3,3,3,2,9.733333333333333,9.733333333333333,9.733333333333333,0.3000545754456366
169400,1.1617778528530818,0,2,2,2,2,2,9.95,9.95,9.95,1.1617778528530818
169401,-0.9304661245380133,0,3,3,3,1,2,3.55,3.5833333333333335,4.8,-0.9304661245380133
169402,0.3289168854216271,0,2,2,2,2,1,8.850000000000001,8.850000000000001,8.850000000000001,0.3289168854216271
169403,-0.42420810673659237,0,1,1,1,1,1,6.8,6.8,6.8,-0.42420810673659237
169405,0.13205619286464995,0,3,3,3,3,2,7.933333333333334,7.933333333333334,7.933333333333334,0.13205619286464995
169409,-1.8423049375982457,0,1,1,1,1,1,,7.166666666666667,7.2,-1.8423049375982457
169415,1.1007793942580928,0,4,4,4,4,2,9.55,9.55,9.55,1.1007793942580928
169419,0.3784079309343798,0,2,2,2,2,2,9.0,9.0,9.0,0.3784079309343798
169424,0.5297441880091884,0,1,1,1,1,1,9.6,9.6,9.6,0.5297441880091884
169425,0.07442686938972085,0,1,1,1,1,1,8.3,8.3,8.3,0.07442686938972085
169427,0.5057454173412552,0,1,1,1,1,1,10.0,10.0,10.0,0.5057454173412552
169428,0.5057454173412552,0,1,1,1,1,1,10.0,10.0,10.0,0.5057454173412552
169429,0.19284307840760237,0,1,1,1,1,1,7.8,7.8,7.8,0.19284307840760237
169430,0.7206241351020943,0,1,1,1,1,1,9.1,9.1,9.1,0.7206241351020943
169431,0.10945127851429517,0,1,1,1,1,1,8.4,8.4,8.4,0.10945127851429517
169432,0.2942839188013578,0,1,1,1,1,1,9.4,9.4,9.4,0.2942839188013578
169433,0.22379675262139154,0,1,1,1,1,1,9.2,9.2,9.2,0.22379675262139154
169436,1.0860110205059736,0,1,1,1,1,1,10.0,10.0,10.0,1.0860110205059736
169441,-2.409706048525564,0,6,6,6,3,4,4.1499999999999995,4.1499999999999995,4.1499999999999995,-2.409706048525564
169469,0.32658622625586586,0,1,1,1,1,1,7.5,7.5,7.5,0.32658622625586586
169477,-0.19963030986692637,0,4,4,4,3,3,8.833333333333334,7.6765625,6.625,-0.19963030986692637
169491,-2.692260252320065,0,1,1,1,1,1,0.0,0.0,0.0,-2.692260252320065
169493,0.2967219733677551,0,4,4,4,4,2,9.125,9.125,9.125,0.2967219733677551
169496,-2.314777071360732,0,2,2,2,1,1,1.1,2.4166666666666665,2.2,-2.314777071360732
169502,-0.11080274328557527,0,2,2,2,1,2,9.3,6.825,5.25,-0.11080274328557527
169504,0.4385150335249435,0,4,4,4,4,2,9.25,9.25,9.25,0.4385150335249435
169514,0.31274703442741936,0,5,5,4,4,2,8.14,8.14,8.14,0.31274703442741936
169516,0.29841661974574024,0,3,3,3,3,2,9.333333333333334,9.333333333333334,9.333333333333334,0.29841661974574024
169520,0.6670228267117899,0,1,1,1,1,1,9.3,9.3,9.3,0.6670228267117899
169521,0.1165836569145128,0,2,2,2,2,2,8.8,8.8,8.8,0.1165836569145128
169523,-0.9050063579148464,0,1,1,1,1,1,7.9,7.9,7.9,-0.9050063579148464
169525,0.5587889330046657,0,1,1,1,1,1,8.1,8.1,8.1,0.5587889330046657
169527,0.3483107357122666,0,1,1,1,1,1,9.9,9.9,9.9,0.3483107357122666
169544,-1.0282575394274216,0,2,2,2,2,2,9.6,8.05,7.949999999999999,-1.0282575394274216
169547,-0.8378995494360173,0,1,1,1,1,1,,5.366666666666667,5.5,-0.8378995494360173
169548,0.3682700621444154,0,1,1,1,1,1,9.4,9.4,9.4,0.3682700621444154
169563,0.3321751273767563,0,3,3,3,3,2,9.533333333333333,9.533333333333333,9.533333333333333,0.3321751273767563
169565,0.27300988993244857,0,3,3,3,3,2,9.366666666666667,9.366666666666667,9.366666666666667,0.27300988993244857
169571,0.659406320774018,0,4,4,4,4,2,9.65,9.65,9.65,0.659406320774018
169576,0.2827463619311345,0,1,1,1,1,1,9.8,9.8,9.8,0.2827463619311345
169577,-3.1688924725724785,0,1,1,1,1,1,0.0,0.0,0.0,-3.1688924725724785
169580,0.6714142568040029,0,1,1,1,1,1,10.0,10.0,10.0,0.6714142568040029
169582,1.0234662673229684,0,1,1,1,1,1,9.9,9.9,9.9,1.0234662673229684
169584,-0.01534097742626872,0,2,2,2,1,2,7.75,7.75,7.75,-0.01534097742626872
169586,-1.207668931055623,0,1,1,1,1,1,,3.7599999999999993,0.0,-1.207668931055623
169588,-2.1490672846351115,0,2,2,2,1,2,7.5,6.5,4.9,-2.1490672846351115
169589,0.08752710346233811,0,3,3,3,3,2,8.733333333333334,8.733333333333334,8.733333333333334,0.08752710346233811
169598,0.687034544747263,0,3,3,3,3,2,9.266666666666667,9.266666666666667,9.266666666666667,0.687034544747263
169599,-0.36572572190988417,0,6,6,6,4,3,8.7,6.983333333333333,6.283333333333334,-0.36572572190988417
169604,-0.041307278632946906,0,1,1,1,1,1,7.6,7.6,7.6,-0.041307278632946906
169606,0.18253949457448632,0,2,2,2,2,2,9.25,9.25,9.25,0.18253949457448632
169611,0.5513959062946231,0,3,3,3,3,2,9.466666666666667,9.466666666666667,9.466666666666667,0.5513959062946231
169614,0.16680534410894443,0,4,4,4,4,2,9.425,9.425,9.425,0.16680534410894443
169618,0.7231974385847566,0,4,4,4,4,2,9.9,9.9,9.9,0.7231974385847566
169628,-0.8910417964095421,0,1,1,1,1,1,5.4,5.4,5.4,-0.8910417964095421
169629,0.08219423678936956,0,4,4,3,4,3,8.85,8.85,8.85,0.08219423678936956
169630,-0.24957699429681846,0,2,2,2,1,2,5.05,5.05,5.05,-0.24957699429681846
169633,0.18287852676645486,0,4,4,4,3,2,8.3,8.3,8.3,0.18287852676645486
169635,-1.1327552661849973,0,1,1,1,1,1,,5.675,7.2,-1.1327552661849973
169644,0.12323228016193434,0,3,3,3,3,2,8.966666666666667,8.966666666666667,8.966666666666667,0.12323228016193434
169646,0.28776980868408125,0,3,3,3,3,2,9.266666666666666,9.266666666666666,9.266666666666666,0.28776980868408125
169647,0.6714142568040029,0,1,1,1,1,1,10.0,10.0,10.0,0.6714142568040029
169649,0.1196591749506552,0,4,4,4,4,2,8.774999999999999,8.774999999999999,8.774999999999999,0.1196591749506552
169659,0.7008765197014871,0,3,3,3,3,2,9.700000000000001,9.700000000000001,9.700000000000001,0.7008765197014871
169660,-1.3814088612012165,0,1,1,1,1,1,,5.675,6.8,-1.3814088612012165
169662,0.17859858051359606,0,1,1,1,1,1,7.5,7.5,7.5,0.17859858051359606
169667,0.09660195089860363,0,4,4,4,4,2,8.875,8.875,8.875,0.09660195089860363
169673,0.568473495973097,0,3,3,3,3,2,9.233333333333334,9.233333333333334,9.233333333333334,0.568473495973097
169674,-0.42658685371720473,0,7,7,7,3,4,7.76,6.867857142857142,6.857142857142857,-0.42658685371720473
169675,-0.6359573234670055,0,5,5,5,5,3,9.233333333333334,7.26,6.08,-0.6359573234670055
169676,-1.563936318018022,0,3,3,3,3,1,3.6666666666666665,3.6666666666666665,3.6666666666666665,-1.563936318018022
169680,0.751680623546698,0,4,4,3,4,2,9.875,9.875,9.875,0.751680623546698
169681,0.0955307755540021,0,2,2,2,2,2,9.600000000000001,9.600000000000001,9.600000000000001,0.0955307755540021
169683,-3.3706376213309683,0,1,1,1,1,1,3.6,3.6,3.6,-3.3706376213309683
169685,-1.2293546629545709,0,1,1,1,1,1,0.6,0.6,0.6,-1.2293546629545709
169692,0.07442686938972085,0,1,1,1,1,1,8.3,8.3,8.3,0.07442686938972085
169694,0.5125687077694271,0,3,3,3,3,2,9.566666666666668,9.566666666666668,9.566666666666668,0.5125687077694271
169703,0.4603340318464882,0,3,3,2,3,2,8.9,8.9,8.9,0.4603340318464882
169704,-1.1139151668345437,0,1,1,1,1,1,,4.2250000000000005,5.0,-1.1139151668345437
169711,0.6806235783303947,0,2,2,2,2,2,9.6,9.6,9.6,0.6806235783303947
169719,0.4596953697600397,0,1,1,1,1,1,9.4,9.4,9.4,0.4596953697600397
169720,0.6572268478441973,0,4,4,4,4,2,9.0,9.0,9.0,0.6572268478441973
169722,0.43158575107073766,0,3,3,3,3,2,9.366666666666667,9.366666666666667,9.366666666666667,0.43158575107073766
169723,-1.826646519955502,0,1,1,1,1,1,,6.766666666666667,7.0,-1.826646519955502
169733,0.4204822081565362,0,1,1,1,1,1,9.0,9.0,9.0,0.4204822081565362
169734,-0.11297865980803738,0,4,4,3,4,2,9.15,9.15,9.15,-0.11297865980803738
169735,0.6188297302428601,0,1,1,1,1,1,9.5,9.5,9.5,0.6188297302428601
169738,-0.211561858323821,0,4,4,4,4,2,8.2,8.2,8.2,-0.211561858323821
169740,0.5332938688137133,0,3,3,3,3,2,9.299999999999999,9.299999999999999,9.299999999999999,0.5332938688137133
169743,0.28772211566572614,0,1,1,1,1,1,8.8,8.8,8.8,0.28772211566572614
169745,0.44869247906887477,0,5,5,5,4,3,9.125,7.805714285714285,8.14,0.44869247906887477
169749,0.5329635232417745,0,2,2,2,2,2,9.85,9.85,9.85,0.5329635232417745
169750,0.06830328363586895,0,3,3,2,3,2,9.299999999999999,9.299999999999999,9.299999999999999,0.06830328363586895
169753,-0.5246207678555487,0,3,3,3,3,2,8.0,8.0,8.0,-0.5246207678555487
169754,0.423600466452314,0,2,2,2,2,2,9.8,9.8,9.8,0.423600466452314
169762,0.6575945478374066,0,1,1,1,1,1,9.9,9.9,9.9,0.6575945478374066
169765,0.23578132301440893,0,1,1,1,1,1,9.5,9.5,9.5,0.23578132301440893
169768,0.6028357215584498,0,3,3,3,3,2,9.799999999999999,9.799999999999999,9.799999999999999,0.6028357215584498
169771,0.5981233673947405,0,3,3,3,3,2,9.700000000000001,9.700000000000001,9.700000000000001,0.5981233673947405
169780,-0.548854297400581,0,4,4,4,3,3,8.6,7.841666666666667,8.25,-0.548854297400581
169803,-0.14242120598872682,0,1,1,1,1,1,9.0,9.0,9.0,-0.14242120598872682
169808,0.8457182077511278,0,1,1,1,1,1,9.3,9.3,9.3,0.8457182077511278
169809,-0.19464327811801665,0,1,1,1,1,1,,2.625,5.8,-0.19464327811801665
169810,0.3070768025862633,0,4,4,3,4,2,8.75,8.75,8.75,0.3070768025862633
169811,0.6152300143094598,0,4,4,4,4,2,9.75,9.75,9.75,0.6152300143094598
169826,0.659965374424202,0,3,3,1,3,2,9.166666666666666,9.166666666666666,9.166666666666666,0.659965374424202
169828,0.6966681709941,0,2,2,2,2,1,9.600000000000001,9.600000000000001,9.600000000000001,0.6966681709941
169829,0.006271635743259896,0,4,4,4,4,2,9.0,9.0,9.0,0.006271635743259896
169830,0.41759509948215806,0,2,2,2,2,2,9.5,9.5,9.5,0.41759509948215806
169836,0.11597948597097132,0,4,4,4,4,3,9.3,9.3,9.3,0.11597948597097132
169839,0.49976292733444083,0,3,3,3,3,2,9.466666666666667,9.466666666666667,9.466666666666667,0.49976292733444083
169845,-0.2482635584814014,0,1,1,1,1,1,8.2,8.2,8.2,-0.2482635584814014
169850,-1.2623022818565346,0,2,2,2,1,1,1.0,1.1666666666666665,2.5,-1.2623022818565346
169856,0.22379675262139154,0,1,1,1,1,1,9.2,9.2,9.2,0.22379675262139154
169862,-0.8427475641926502,0,4,4,4,3,2,8.3,7.65,6.416666666666666,-0.8427475641926502
169864,0.6004056152627891,0,3,3,3,3,2,9.266666666666667,9.266666666666667,9.266666666666667,0.6004056152627891
169865,0.3458800716869107,0,1,1,1,1,1,9.6,9.6,9.6,0.3458800716869107
169872,0.5691597274468718,0,3,3,3,3,2,9.833333333333334,9.833333333333334,9.833333333333334,0.5691597274468718
169881,0.539804747315361,0,3,3,2,3,2,9.766666666666667,9.766666666666667,9.766666666666667,0.539804747315361
169885,0.33262025421337954,0,1,1,1,1,1,8.9,8.9,8.9,0.33262025421337954
169888,0.7603984480059062,0,3,3,3,3,2,9.866666666666667,9.866666666666667,9.866666666666667,0.7603984480059062
169889,0.6011393661876507,0,3,3,3,3,3,9.299999999999999,9.299999999999999,9.299999999999999,0.6011393661876507
169902,0.6714142568040029,0,1,1,1,1,1,10.0,10.0,10.0,0.6714142568040029
169905,0.34660362177270204,0,4,4,4,4,2,9.25,9.25,9.25,0.34660362177270204
169908,0.2540827519781394,0,4,4,4,4,2,9.075,9.075,9.075,0.2540827519781394
169910,0.4938415102405789,0,3,3,3,3,2,8.866666666666667,8.866666666666667,8.866666666666667,0.4938415102405789
169913,0.15334500456469352,0,1,1,1,1,1,8.6,8.6,8.6,0.15334500456469352
169914,0.7818334776273661,0,4,4,3,4,2,9.975,9.975,9.975,0.7818334776273661
169915,0.5024726075542378,0,4,4,4,4,2,9.55,9.55,9.55,0.5024726075542378
169919,0.27404016405290893,0,1,1,1,1,1,8.0,8.0,8.0,0.27404016405290893
169924,0.4272636179661834,0,1,1,1,1,1,9.7,9.7,9.7,0.4272636179661834
169925,0.3747069300555075,0,4,4,4,4,2,9.0,9.0,9.0,0.3747069300555075
169931,-0.44610797128576724,0,7,7,7,4,4,7.26,7.147619047619047,6.3224489795918375,-0.44610797128576724
169942,0.06545874844450446,0,4,4,4,3,3,9.633333333333333,8.5,7.9,0.06545874844450446
169945,0.6361038474846678,0,2,2,2,2,2,9.9,9.9,9.9,0.6361038474846678
169948,-0.23728804269814474,0,4,4,3,4,2,8.925,8.925,8.925,-0.23728804269814474
169949,-0.06620301949672297,0,2,2,2,2,2,9.3,7.7666666666666675,8.100000000000001,-0.06620301949672297
169960,-0.4133496859140182,0,5,5,5,4,3,8.379999999999999,8.379999999999999,8.379999999999999,-0.4133496859140182
169971,0.2372249994202921,0,5,5,5,4,2,8.975,7.8933333333333335,8.440000000000001,0.2372249994202921
169974,-0.28166385969952407,0,1,1,1,1,1,7.5,7.5,7.5,-0.28166385969952407
169976,0.354361158638591,0,3,3,3,3,2,8.966666666666667,8.966666666666667,8.966666666666667,0.354361158638591
169978,-2.2324626768331783,0,1,1,1,1,1,,6.8,6.8,-2.2324626768331783
169982,-0.2843141051121003,0,1,1,1,1,1,,5.3549999999999995,5.9,-0.2843141051121003
169985,0.23364960042063387,0,3,3,3,3,2,9.133333333333333,9.133333333333333,9.133333333333333,0.23364960042063387
169988,-0.4004008452522589,0,1,1,1,1,1,7.3,7.3,7.3,-0.4004008452522589
169993,0.38770227856493017,0,1,1,1,1,1,10.0,10.0,10.0,0.38770227856493017
169996,-1.1481195301535048,0,7,7,7,5,3,7.783333333333334,7.432142857142858,7.057142857142858,-1.1481195301535048
169997,0.5702180414273567,0,3,3,3,3,2,9.733333333333334,9.733333333333334,9.733333333333334,0.5702180414273567
170010,-0.8642942867238067,0,3,3,3,2,2,8.5,7.761111111111112,6.566666666666667,-0.8642942867238067
170017,-0.12779775508579588,0,2,2,2,2,1,8.55,8.55,8.55,-0.12779775508579588
170019,-0.3661538801198576,0,1,1,1,1,1,9.0,9.0,9.0,-0.3661538801198576
170021,0.5248078064968654,0,3,3,3,3,2,8.9,8.9,8.9,0.5248078064968654
170024,0.1039854349812299,0,3,3,3,3,2,9.066666666666666,9.066666666666666,9.066666666666666,0.1039854349812299
170026,-0.336596874887473,0,2,2,2,2,2,8.6,8.6,8.6,-0.336596874887473
170028,-0.2708068355611039,0,4,4,4,3,2,9.033333333333333,8.5625,8.475000000000001,-0.2708068355611039
170029,0.3198672538941875,0,1,1,1,1,1,9.5,9.5,9.5,0.3198672538941875
170030,-0.12550969373434495,0,2,2,1,2,2,8.9,8.9,8.9,-0.12550969373434495
170035,0.5013344572621804,0,1,1,1,1,1,9.7,9.7,9.7,0.5013344572621804
170038,-1.9054150164506691,0,3,3,3,2,2,,4.866666666666666,2.1666666666666665,-1.9054150164506691
170046,0.6400344695418525,0,4,4,4,4,2,8.925,8.925,8.925,0.6400344695418525
170047,-0.7711302502539255,0,3,3,3,2,2,9.85,9.066666666666666,7.8,-0.7711302502539255
170048,-0.9937408078100468,0,2,2,1,2,2,7.949999999999999,7.949999999999999,7.949999999999999,-0.9937408078100468
170049,-0.0278599056176773,0,3,3,3,3,2,8.1,8.1,8.1,-0.0278599056176773
170053,-0.2622903544065299,0,2,2,2,2,2,8.5,8.5,8.5,-0.2622903544065299
170056,0.1337301840798795,0,3,3,3,3,2,9.15,7.661538461538462,8.266666666666667,0.1337301840798795
170059,0.09354632636331371,0,3,3,3,3,2,8.966666666666667,8.966666666666667,8.966666666666667,0.09354632636331371
170068,0.268804948949889,0,3,3,3,3,2,9.033333333333333,9.033333333333333,9.033333333333333,0.268804948949889
170070,0.46664782814648936,0,4,4,4,4,2,8.65,8.65,8.65,0.46664782814648936
170076,0.09079426840932707,0,3,3,2,3,2,8.633333333333333,8.633333333333333,8.633333333333333,0.09079426840932707
170077,0.7753540011177362,0,4,4,4,4,2,9.45,9.45,9.45,0.7753540011177362
170078,0.08479279542262513,0,3,3,3,3,2,8.866666666666667,8.866666666666667,8.866666666666667,0.08479279542262513
170079,0.24937252800360557,0,2,2,2,2,2,8.7,8.7,8.7,0.24937252800360557
170082,0.1860506114972261,0,4,4,4,3,2,9.1,8.20625,8.65,0.1860506114972261
170083,0.46411701859929777,0,3,3,3,3,3,9.066666666666666,9.066666666666666,9.066666666666666,0.46411701859929777
170094,0.19950712137493187,0,2,2,2,2,1,8.8,8.8,8.8,0.19950712137493187
170095,0.45378233649375166,0,4,4,4,4,2,9.85,9.85,9.85,0.45378233649375166
170099,-0.9411131971803441,0,1,1,1,1,1,,3.3599999999999994,4.0,-0.9411131971803441
170100,-1.101203301113629,0,1,1,1,1,1,0.0,0.0,0.0,-1.101203301113629
170108,0.1122580284904504,0,4,4,4,4,3,8.0,6.6863636363636365,6.85,0.1122580284904504
170112,-1.42086734046737,0,3,3,3,2,2,6.550000000000001,5.016666666666667,5.366666666666667,-1.42086734046737
170117,0.5700886666854932,0,3,3,3,3,2,9.033333333333333,9.033333333333333,9.033333333333333,0.5700886666854932
170124,0.3418870843856845,0,3,3,2,3,2,9.266666666666666,9.266666666666666,9.266666666666666,0.3418870843856845
170134,0.41501849316327666,0,2,2,2,2,2,9.35,9.35,9.35,0.41501849316327666
170137,-0.2861540161599704,0,5,5,5,5,3,8.360000000000001,8.360000000000001,8.360000000000001,-0.2861540161599704
170138,0.0840298052984152,0,1,1,1,1,1,8.6,8.6,8.6,0.0840298052984152
170143,-1.2607365374397446,0,2,2,1,2,2,8.3,7.7,7.7,-1.2607365374397446
170144,-0.014745522744480474,0,2,2,2,1,2,7.2,7.2,7.2,-0.014745522744480474
170146,0.38770227856493017,0,1,1,1,1,1,10.0,10.0,10.0,0.38770227856493017
170149,0.9706208377352229,0,3,3,3,3,2,9.666666666666666,9.666666666666666,9.666666666666666,0.9706208377352229
170153,-0.3278274017325939,0,4,4,3,4,2,8.775,8.775,8.775,-0.3278274017325939
170164,-0.047518717696054195,0,1,1,1,1,1,8.6,8.6,8.6,-0.047518717696054195
170173,-0.7163822549246195,0,6,6,5,4,4,7.68,7.5,7.2,-0.7163822549246195
170176,0.5054104614420785,0,2,2,2,1,2,10.0,7.103125,8.3,0.5054104614420785
170180,-0.358782333954915,0,5,5,4,3,4,9.033333333333333,7.103555555555556,6.1,-0.358782333954915
170184,-0.20571433482717055,0,5,5,5,4,3,8.175,7.840000000000001,7.840000000000001,-0.20571433482717055
170190,-0.19384962785534013,0,1,1,1,1,1,8.3,8.3,8.3,-0.19384962785534013
170198,0.6801116470247671,0,1,1,1,1,1,10.0,10.0,10.0,0.6801116470247671
170207,0.38770227856493017,0,1,1,1,1,1,10.0,10.0,10.0,0.38770227856493017
170212,1.156537354731389,0,3,3,2,3,2,10.0,10.0,10.0,1.156537354731389
170214,-2.3946268461035043,0,3,3,2,3,2,9.9,6.533333333333334,6.400000000000001,-2.3946268461035043
170219,0.03513551254147187,0,4,4,3,4,2,9.25,9.25,9.25,0.03513551254147187
170220,0.42590059772651473,0,1,1,1,1,1,9.7,9.7,9.7,0.42590059772651473
170221,-0.3661538801198576,0,1,1,1,1,1,9.0,9.0,9.0,-0.3661538801198576
170236,1.0361978637847964,0,4,4,4,4,2,9.875,9.875,9.875,1.0361978637847964
170242,0.4388468601314313,0,3,3,3,3,2,9.200000000000001,9.200000000000001,9.200000000000001,0.4388468601314313
170245,0.18257924074401952,0,2,2,2,2,2,8.8,8.8,8.8,0.18257924074401952
170246,0.3351408766861043,0,3,3,3,3,2,8.833333333333334,8.833333333333334,8.833333333333334,0.3351408766861043
170247,0.02046748975663254,0,2,2,2,2,1,9.45,9.45,9.45,0.02046748975663254
170250,0.37158170019237013,0,2,2,2,2,2,9.8,9.8,9.8,0.37158170019237013
170257,0.5083441620996928,0,1,1,1,1,1,9.1,9.1,9.1,0.5083441620996928
170258,-0.19127459793097876,0,3,3,2,3,2,7.633333333333333,7.633333333333333,7.633333333333333,-0.19127459793097876
170266,0.3857924294854997,0,3,3,3,3,2,9.700000000000001,9.700000000000001,9.700000000000001,0.3857924294854997
170268,-0.19384962785534013,0,1,1,1,1,1,8.3,8.3,8.3,-0.19384962785534013
170269,0.5045614342444439,0,3,3,3,3,2,9.1,9.1,9.1,0.5045614342444439
170270,0.264496525407638,0,1,1,1,1,1,9.5,9.5,9.5,0.264496525407638
170271,-0.05779527693815977,0,4,4,4,4,2,8.875,8.875,8.875,-0.05779527693815977
170274,-0.057404453829901,0,3,3,3,3,2,9.133333333333333,9.133333333333333,9.133333333333333,-0.057404453829901
170275,0.7410073401903748,0,3,3,3,3,1,9.833333333333334,9.833333333333334,9.833333333333334,0.7410073401903748
170276,0.23261672809356923,0,2,2,2,2,2,9.55,9.55,9.55,0.23261672809356923
170278,0.38770227856493017,0,1,1,1,1,1,10.0,10.0,10.0,0.38770227856493017
170281,-0.1766808492615768,0,4,4,3,4,2,9.025,9.025,9.025,-0.1766808492615768
170284,-0.29977789082608175,0,4,4,4,3,2,8.8,6.78015873015873,6.175,-0.29977789082608175
170288,-1.544212071222389,0,5,5,5,2,3,3.7,3.7,3.7,-1.544212071222389
170292,-0.3142357587535939,0,5,5,5,4,3,8.275,7.537777777777778,7.9,-0.3142357587535939
170293,-1.0137415258030156,0,6,6,6,4,5,4.15,4.403589743589744,3.8833333333333333,-1.0137415258030156
170296,-0.3777878710281051,0,4,4,4,3,3,9.033333333333333,7.669444444444444,6.775,-0.3777878710281051
170302,0.4825038988819832,0,1,1,1,1,1,8.6,8.6,8.6,0.4825038988819832
170305,0.572887642846156,0,4,4,3,4,3,9.925,9.925,9.925,0.572887642846156
170306,0.4599591711780137,0,2,2,2,2,2,9.6,9.6,9.6,0.4599591711780137
170315,0.3913716376725045,0,4,4,3,4,2,9.5,9.5,9.5,0.3913716376725045
170316,-0.07010900129603503,0,3,3,3,1,2,7.95,7.085,7.066666666666666,-0.07010900129603503
170320,1.281117994018313,0,1,1,1,1,1,10.0,10.0,10.0,1.281117994018313
170322,0.5794645025497942,0,1,1,1,1,1,9.8,9.8,9.8,0.5794645025497942
170325,0.7409136555586685,0,1,1,1,1,1,9.4,9.4,9.4,0.7409136555586685
170327,-0.6862126679741403,0,1,1,1,1,1,4.4,4.4,4.4,-0.6862126679741403
170328,0.377695689908136,0,3,3,3,3,2,9.333333333333334,9.333333333333334,9.333333333333334,0.377695689908136
170329,-0.795922574478847,0,7,7,7,4,4,6.985714285714286,6.985714285714286,6.985714285714286,-0.795922574478847
170333,0.42024365962447385,0,1,1,1,1,1,9.5,9.5,9.5,0.42024365962447385
170336,-2.650716832445495,0,1,1,1,1,1,0.0,0.0,0.0,-2.650716832445495
170342,0.6862057628839832,0,3,3,3,3,2,10.0,10.0,10.0,0.6862057628839832
170344,-0.5979977416094306,0,3,3,3,3,2,9.65,7.822222222222223,7.066666666666667,-0.5979977416094306
170345,-0.11760425918477628,0,2,2,2,2,2,8.899999999999999,8.899999999999999,8.899999999999999,-0.11760425918477628
170347,0.24617515896720274,0,3,3,3,3,2,9.066666666666666,9.066666666666666,9.066666666666666,0.24617515896720274
170348,-0.09780600627116835,0,3,3,3,3,2,8.166666666666666,8.166666666666666,8.166666666666666,-0.09780600627116835
170352,0.9296174528865194,0,3,3,3,3,2,9.533333333333333,9.533333333333333,9.533333333333333,0.9296174528865194
170353,0.6521697240399715,0,2,2,2,2,2,9.7,9.7,9.7,0.6521697240399715
170357,0.5508064270035374,0,3,3,3,3,2,9.633333333333333,9.633333333333333,9.633333333333333,0.5508064270035374
170359,0.5202965950243427,0,3,3,3,3,3,9.233333333333334,9.233333333333334,9.233333333333334,0.5202965950243427
170360,0.44086949801951514,0,2,2,2,2,2,9.850000000000001,9.850000000000001,9.850000000000001,0.44086949801951514
170363,0.19638097677922223,0,2,2,2,2,2,9.25,9.25,9.25,0.19638097677922223
170365,-0.3698636207444113,0,2,2,2,2,2,5.2,5.2,5.2,-0.3698636207444113
170368,-0.04748811617783822,0,1,1,1,1,1,8.4,8.4,8.4,-0.04748811617783822
170369,-0.19286650329579413,0,5,5,5,4,3,8.225,7.421249999999999,7.0200000000000005,-0.19286650329579413
170370,-0.20866930466687733,0,4,4,4,3,3,9.299999999999999,8.75,8.75,-0.20866930466687733
170372,-1.1520928759089129,0,2,2,2,1,2,6.3,3.15,3.15,-1.1520928759089129
170378,0.29099458491325153,0,2,2,2,2,2,9.05,9.05,9.05,0.29099458491325153
170379,-1.8291072515333031,0,3,3,3,3,2,9.5,7.833333333333333,6.386666666666667,-1.8291072515333031
170381,0.5112550538413707,0,2,2,2,2,1,9.2,9.2,9.2,0.5112550538413707
170382,0.7357245931250189,0,1,1,1,1,1,10.0,10.0,10.0,0.7357245931250189
170384,0.5649111161058206,0,4,4,4,4,2,9.475,9.475,9.475,0.5649111161058206
170397,0.19744814842071445,0,4,4,4,4,2,9.0,9.0,9.0,0.19744814842071445
170399,-0.6847091709294548,0,2,2,2,2,2,10.0,8.45,8.5,-0.6847091709294548
170400,-1.5418192580905388,0,6,6,6,3,5,8.5,6.330555555555556,4.866666666666666,-1.5418192580905388
170403,0.17159531178787468,0,1,1,1,1,1,8.5,8.5,8.5,0.17159531178787468
170404,0.3958357925208689,0,1,1,1,1,1,8.3,8.3,8.3,0.3958357925208689
170405,1.033931952150059,0,1,1,1,1,1,9.6,9.6,9.6,1.033931952150059
170406,0.49471977888461405,0,1,1,1,1,1,9.5,9.5,9.5,0.49471977888461405
170407,0.27404016405290893,0,1,1,1,1,1,8.0,8.0,8.0,0.27404016405290893
170408,0.8018212207474013,0,1,1,1,1,1,9.3,9.3,9.3,0.8018212207474013
170409,0.5297441880091884,0,1,1,1,1,1,9.6,9.6,9.6,0.5297441880091884
170411,0.49471977888461405,0,1,1,1,1,1,9.5,9.5,9.5,0.49471977888461405
170412,0.4204822081565362,0,1,1,1,1,1,9.0,9.0,9.0,0.4204822081565362
170413,-1.5002963295682659,0,2,2,2,1,2,7.5,3.95,3.95,-1.5002963295682659
170417,-0.4216864726423387,0,4,4,4,4,2,8.075,8.075,8.075,-0.4216864726423387
170419,0.05911567054741133,0,3,3,3,3,2,8.866666666666667,8.866666666666667,8.866666666666667,0.05911567054741133
170423,-0.2975666792459472,0,5,5,5,4,3,8.040000000000001,8.040000000000001,8.040000000000001,-0.2975666792459472
170424,-1.0083324650615613,0,2,2,2,1,1,7.699999999999999,7.699999999999999,7.699999999999999,-1.0083324650615613
170426,0.35679814068447097,0,2,2,2,2,2,9.15,9.15,9.15,0.35679814068447097
170428,-0.4269098214634894,0,3,3,3,2,2,8.6,6.922222222222222,5.766666666666666,-0.4269098214634894
170429,0.3145217241620802,0,1,1,1,1,1,8.1,8.1,8.1,0.3145217241620802
170430,0.7966744128156309,0,1,1,1,1,1,9.3,9.3,9.3,0.7966744128156309
170433,0.5649036356616204,0,3,3,3,3,2,9.733333333333334,9.733333333333334,9.733333333333334,0.5649036356616204
170435,0.4639906640390731,0,1,1,1,1,1,9.0,9.0,9.0,0.4639906640390731
170436,0.3459055550641157,0,3,3,3,3,2,9.200000000000001,9.200000000000001,9.200000000000001,0.3459055550641157
170437,1.1257476952746361,0,1,1,1,1,1,9.8,9.8,9.8,1.1257476952746361
170443,0.8200131562159468,0,3,3,3,3,2,9.766666666666667,9.766666666666667,9.766666666666667,0.8200131562159468
170444,-0.5400803363789978,0,3,3,3,3,2,8.166666666666666,8.166666666666666,8.166666666666666,-0.5400803363789978
170448,-0.2079502507259875,0,1,1,1,1,1,7.9,7.9,7.9,-0.2079502507259875
170450,-0.1354815994482066,0,4,4,4,4,3,8.575,8.575,8.575,-0.1354815994482066
170451,0.15689634632706467,0,1,1,1,1,1,8.7,8.7,8.7,0.15689634632706467
170455,0.2827463619311345,0,1,1,1,1,1,9.8,9.8,9.8,0.2827463619311345
170460,-2.1667551123813693,0,1,1,1,1,1,0.0,0.0,0.0,-2.1667551123813693
170463,0.5620188322327836,0,4,4,4,4,2,9.475,9.475,9.475,0.5620188322327836
170464,-0.06598606408905275,0,4,4,4,4,2,8.95,8.95,8.95,-0.06598606408905275
170465,-0.8065850324410552,0,6,6,4,4,4,7.9399999999999995,7.9399999999999995,7.233333333333333,-0.8065850324410552
170466,0.4461969523227422,0,5,5,5,5,2,9.48,9.48,9.48,0.4461969523227422
170468,0.40646533381426697,0,2,2,2,2,2,9.85,9.85,9.85,0.40646533381426697
170470,0.1622155934693569,0,3,3,3,3,2,9.366666666666667,9.366666666666667,9.366666666666667,0.1622155934693569
170473,0.37655620400523054,0,3,3,3,3,2,9.033333333333333,9.033333333333333,9.033333333333333,0.37655620400523054
170474,-2.864885495972455,0,1,1,1,1,1,,4.2250000000000005,0.3,-2.864885495972455
170475,0.7067349054701811,0,1,1,1,1,1,9.3,9.3,9.3,0.7067349054701811
170480,0.45226007545174485,0,4,4,3,4,2,9.775,9.775,9.775,0.45226007545174485
170482,0.41104699142362117,0,4,4,3,4,2,9.575,9.575,9.575,0.41104699142362117
170486,-0.47895579900596524,0,3,3,3,3,2,8.95,7.6000000000000005,6.533333333333334,-0.47895579900596524
170487,1.5956181810375127,0,1,1,1,1,1,9.9,9.9,9.9,1.5956181810375127
170496,-0.37768877480024665,0,4,4,4,4,2,8.3,8.3,8.3,-0.37768877480024665
170498,0.5501807377897469,0,2,2,2,2,2,9.8,9.8,9.8,0.5501807377897469
170499,-0.3051882985472722,0,1,1,1,1,1,8.8,8.8,8.8,-0.3051882985472722
170506,0.16258111858905613,0,3,3,3,2,3,9.5,7.961111111111111,8.766666666666667,0.16258111858905613
170508,-0.8233225423307337,0,4,4,3,4,2,8.350000000000001,8.350000000000001,8.350000000000001,-0.8233225423307337
170509,0.4343892458814971,0,3,3,3,3,2,9.533333333333333,9.533333333333333,9.533333333333333,0.4343892458814971
170510,-1.148877248385186,0,2,2,2,2,2,9.1,9.1,6.4,-1.148877248385186
170515,0.369000449353909,0,1,1,1,1,1,8.9,8.9,8.9,0.369000449353909
170521,0.4246256867971165,0,1,1,1,1,1,8.9,8.9,8.9,0.4246256867971165
170522,-2.872018594779712,0,1,1,1,1,1,,2.5,0.0,-2.872018594779712
170526,-0.15169954340153424,0,5,5,5,4,3,8.75,8.3,8.3,-0.15169954340153424
170529,1.0860110205059736,0,1,1,1,1,1,10.0,10.0,10.0,1.0860110205059736
170530,0.47891726964267933,0,1,1,1,1,1,9.8,9.8,9.8,0.47891726964267933
170532,-0.7519570061495982,0,7,7,6,5,3,9.459999999999999,9.091666666666667,8.27142857142857,-0.7519570061495982
170542,-0.024569757436657763,0,2,2,2,2,2,8.85,8.85,8.85,-0.024569757436657763
170544,0.4012308547793986,0,2,2,2,2,2,9.05,9.05,9.05,0.4012308547793986
170549,0.19284307840760237,0,1,1,1,1,1,7.8,7.8,7.8,0.19284307840760237
170550,0.14520972104438962,0,2,2,1,2,2,7.949999999999999,7.949999999999999,7.949999999999999,0.14520972104438962
170553,0.9786353991080072,0,1,1,1,1,1,9.6,9.6,9.6,0.9786353991080072
170554,-0.4753828248482697,0,1,1,1,1,1,8.0,8.0,8.0,-0.4753828248482697
170555,-0.7934895762229112,0,1,1,1,1,1,8.2,8.2,8.2,-0.7934895762229112
170557,-1.9870446036293326,0,4,4,3,3,2,3.8333333333333335,4.390384615384615,3.55,-1.9870446036293326
170560,0.4246709606354654,0,1,1,1,1,1,9.3,9.3,9.3,0.4246709606354654
170561,-0.3222495303756728,0,6,6,6,5,3,8.620000000000001,7.71,7.683333333333334,-0.3222495303756728
170562,0.3838330526451625,0,1,1,1,1,1,8.7,8.7,8.7,0.3838330526451625
170564,-0.9444715510030711,0,3,3,3,3,2,9.35,8.008333333333333,7.5,-0.9444715510030711
170571,-1.4273598817835984,0,1,1,1,1,1,,3.25,3.8,-1.4273598817835984
170572,0.37820090508423904,0,3,3,3,3,2,9.166666666666666,9.166666666666666,9.166666666666666,0.37820090508423904
170576,-0.8746482506676752,0,4,4,4,4,4,8.033333333333333,7.425,6.475,-0.8746482506676752
170579,0.5656358294190778,0,4,4,4,4,2,9.3,9.3,9.3,0.5656358294190778
170580,-1.951790548308702,0,1,1,1,1,1,,6.025,6.3,-1.951790548308702
170581,0.46286580420370055,0,3,3,3,3,2,9.333333333333334,9.333333333333334,9.333333333333334,0.46286580420370055
170582,0.44406656695806906,0,1,1,1,1,1,10.0,10.0,10.0,0.44406656695806906
170591,0.6036273497979034,0,4,4,4,4,2,9.8,9.8,9.8,0.6036273497979034
170593,-5.006281391734103,0,1,1,1,1,1,0.0,0.0,0.0,-5.006281391734103
170594,-0.08558373538618871,0,4,4,4,4,2,8.525,8.525,8.525,-0.08558373538618871
170595,0.3727881181340201,0,5,5,5,5,3,9.28,9.28,9.28,0.3727881181340201
170602,0.4811081941937893,0,1,1,1,1,1,8.7,8.7,8.7,0.4811081941937893
170626,0.9454775817642267,0,1,1,1,1,1,9.2,9.2,9.2,0.9454775817642267
170633,-0.5850380344245903,0,3,3,3,3,2,8.366666666666667,8.366666666666667,8.366666666666667,-0.5850380344245903
170634,0.11317585647827816,0,4,4,4,4,2,9.075,9.075,9.075,0.11317585647827816
170636,-1.241231037980184,0,4,4,4,4,2,8.7,7.237500000000001,5.825,-1.241231037980184
170640,0.21084216412851248,0,4,4,4,4,2,9.15,9.15,9.15,0.21084216412851248
170641,0.48927688719641793,0,3,3,3,3,2,9.700000000000001,9.700000000000001,9.700000000000001,0.48927688719641793
170646,0.49618336266955754,0,2,2,2,2,2,9.85,9.85,9.85,0.49618336266955754
170659,0.728085002391247,0,1,1,1,1,1,9.2,9.2,9.2,0.728085002391247
170660,-0.6526306020877857,0,1,1,1,1,1,,5.2,7.2,-0.6526306020877857
170662,-0.07814077495119949,0,3,3,3,3,2,8.9,8.9,8.9,-0.07814077495119949
170663,-0.1400539419612552,0,4,4,4,3,3,9.133333333333333,7.997222222222222,7.775,-0.1400539419612552
170664,0.5602595515086921,0,1,1,1,1,1,9.6,9.6,9.6,0.5602595515086921
170665,0.10196351640691637,0,5,5,4,5,3,8.8,8.8,8.8,0.10196351640691637
170667,0.765826929449932,0,2,2,2,2,2,9.75,9.75,9.75,0.765826929449932
170668,0.30856281663671314,0,1,1,1,1,1,8.2,8.2,8.2,0.30856281663671314
170676,0.2685005240173816,0,3,3,3,3,2,9.266666666666666,9.266666666666666,9.266666666666666,0.2685005240173816
170678,0.13025200957616925,0,3,3,3,3,2,9.200000000000001,9.200000000000001,9.200000000000001,0.13025200957616925
170679,0.42075462518408663,0,3,3,3,3,2,9.833333333333334,9.833333333333334,9.833333333333334,0.42075462518408663
170680,0.07320205969987667,0,1,1,1,1,1,7.6,7.6,7.6,0.07320205969987667
170682,0.3699557448709318,0,3,3,3,3,2,9.566666666666668,9.566666666666668,9.566666666666668,0.3699557448709318
170684,-0.7707421788637623,0,3,3,3,3,2,7.2,7.2,7.2,-0.7707421788637623
170686,0.3755442260856383,0,5,5,5,5,2,9.36,9.36,9.36,0.3755442260856383
170687,-3.09502376197667,0,2,2,2,1,2,0.0,0.0,0.925,-3.09502376197667
170688,0.7000419400688394,0,2,2,2,2,2,9.75,9.75,9.75,0.7000419400688394
170689,0.07770677539777399,0,4,4,4,3,2,9.666666666666666,8.875,8.875,0.07770677539777399
170690,0.08545596135590057,0,3,3,3,3,2,9.033333333333333,9.033333333333333,9.033333333333333,0.08545596135590057
170691,-0.004840772012106032,0,2,2,2,2,2,8.9,8.9,8.9,-0.004840772012106032
170694,-0.2871445639758701,0,2,2,2,2,2,8.899999999999999,8.899999999999999,8.899999999999999,-0.2871445639758701
170695,0.041773504688424466,0,3,3,3,3,2,8.966666666666667,8.966666666666667,8.966666666666667,0.041773504688424466
170698,0.003649763784449663,0,3,3,3,3,2,8.833333333333334,8.833333333333334,8.833333333333334,0.003649763784449663
170701,-0.41118636350431187,0,2,2,2,1,2,8.3,6.7250000000000005,7.050000000000001,-0.41118636350431187
170702,-1.0722662577555617,0,1,1,1,1,1,4.0,4.0,4.0,-1.0722662577555617
170704,-0.25773707375295823,0,5,5,5,5,2,9.35,8.313333333333334,7.859999999999999,-0.25773707375295823
170705,-1.2925673117484073,0,1,1,1,1,1,8.4,8.4,8.4,-1.2925673117484073
170706,-1.4123671104704723,0,1,1,1,1,1,,2.9166666666666665,1.0,-1.4123671104704723
170708,0.6714142568040029,0,1,1,1,1,1,10.0,10.0,10.0,0.6714142568040029
170711,0.6988113004853495,0,1,1,1,1,1,10.0,10.0,10.0,0.6988113004853495
170712,0.3292438350262984,0,3,3,3,3,2,9.6,9.6,9.6,0.3292438350262984
170713,-0.38269834802140257,0,1,1,1,1,1,8.0,8.0,8.0,-0.38269834802140257
170714,0.36218410889869973,0,3,3,3,3,2,9.4,9.4,9.4,0.36218410889869973
170719,-0.03730878061101343,0,3,3,3,3,2,9.066666666666666,9.066666666666666,9.066666666666666,-0.03730878061101343
170720,-1.9304897428923484,0,6,6,5,3,4,8.0,7.402777777777779,5.677777777777777,-1.9304897428923484
170725,0.6714142568040029,0,1,1,1,1,1,10.0,10.0,10.0,0.6714142568040029
170726,0.4138751094933987,0,1,1,1,1,1,10.0,10.0,10.0,0.4138751094933987
170729,-0.036387189047975596,0,4,4,4,4,3,9.225,9.225,9.225,-0.036387189047975596
170730,-0.29056163810315744,0,4,4,4,4,2,8.533333333333333,7.4125,7.325,-0.29056163810315744
170732,0.15168866059444464,0,4,4,4,4,2,9.275,9.275,9.275,0.15168866059444464
170733,0.7206241351020943,0,1,1,1,1,1,9.1,9.1,9.1,0.7206241351020943
170737,0.3732501091140076,0,4,4,4,4,2,9.3,9.3,9.3,0.3732501091140076
170742,0.3546221423863161,0,1,1,1,1,1,9.1,9.1,9.1,0.3546221423863161
170743,-0.030646357984002774,0,1,1,1,1,1,8.0,8.0,8.0,-0.030646357984002774
170745,0.314638706875562,0,1,1,1,1,1,8.1,8.1,8.1,0.314638706875562
170747,0.3696054120446946,0,5,5,4,5,2,9.7,9.7,9.7,0.3696054120446946
170753,-0.3485141436122047,0,4,4,4,3,3,8.299999999999999,6.975,6.225,-0.3485141436122047
170754,0.4150840513153327,0,3,3,3,3,2,9.433333333333332,9.433333333333332,9.433333333333332,0.4150840513153327
170772,0.3260809111298515,0,2,2,2,2,2,9.3,9.3,9.3,0.3260809111298515
170774,-0.26314565410965296,0,2,2,2,1,1,9.8,6.766666666666667,6.4,-0.26314565410965296
170786,-0.1042661214351234,0,1,1,1,1,1,8.7,8.7,8.7,-0.1042661214351234
170794,-1.1139151668345437,0,1,1,1,1,1,5.0,5.0,5.0,-1.1139151668345437
170801,0.1083377180355645,0,1,1,1,1,1,8.4,8.4,8.4,0.1083377180355645
170803,0.43397659234507996,0,3,3,3,3,2,9.5,9.5,9.5,0.43397659234507996
170809,-1.5527693081848375,0,3,3,3,3,2,7.85,7.85,6.466666666666666,-1.5527693081848375
170811,-0.13391878392001538,0,4,4,4,4,2,8.5,8.5,8.5,-0.13391878392001538
170822,0.6714142568040029,0,1,1,1,1,1,10.0,10.0,10.0,0.6714142568040029
170824,0.11442069554919616,0,3,3,3,3,2,8.933333333333334,8.933333333333334,8.933333333333334,0.11442069554919616
170831,0.7165301846655776,0,4,4,3,4,2,9.575,9.575,9.575,0.7165301846655776
170834,0.33262025421337954,0,1,1,1,1,1,8.9,8.9,8.9,0.33262025421337954
170837,0.6809527771375375,0,3,3,3,3,1,9.833333333333334,9.833333333333334,9.833333333333334,0.6809527771375375
170844,0.34065852944624186,0,3,3,3,3,2,8.633333333333333,8.633333333333333,8.633333333333333,0.34065852944624186
170848,-0.3702753773318768,0,1,1,1,1,1,8.1,8.1,8.1,-0.3702753773318768
170851,-0.11435335642541511,0,5,5,5,4,5,8.9,8.9,8.23,-0.11435335642541511
170857,0.4323755693097546,0,1,1,1,1,1,9.4,9.4,9.4,0.4323755693097546
170860,-0.17796207491291496,0,3,3,3,3,2,9.033333333333333,9.033333333333333,9.033333333333333,-0.17796207491291496
170861,-0.2693635213501525,0,4,4,4,3,3,8.100000000000001,8.100000000000001,8.100000000000001,-0.2693635213501525
170862,0.4667454543170923,0,1,1,1,1,1,9.5,9.5,9.5,0.4667454543170923
170863,0.4819200930418349,0,4,4,4,4,2,9.600000000000001,9.600000000000001,9.600000000000001,0.4819200930418349
170864,0.4613919904503604,0,4,4,4,4,2,9.45,9.45,9.45,0.4613919904503604
170869,-0.9167852515304438,0,5,5,4,4,3,7.24,7.24,7.24,-0.9167852515304438
170870,0.5171775843528224,0,1,1,1,1,1,9.2,9.2,9.2,0.5171775843528224
170873,-0.5550948490245722,0,1,1,1,1,1,,4.2250000000000005,6.5,-0.5550948490245722
170876,-1.504573174416062,0,4,4,4,3,2,7.733333333333333,7.425,7.475,-1.504573174416062
170882,-2.2313503209238164,0,1,1,1,1,1,,1.25,2.5,-2.2313503209238164
170885,0.4203504552373135,0,4,4,3,4,2,9.75,9.75,9.75,0.4203504552373135
170889,-0.09415179647117117,0,4,4,3,4,3,8.475,8.475,8.475,-0.09415179647117117
170897,-0.13134143718308794,0,3,3,3,3,2,9.1,9.1,9.1,-0.13134143718308794
170899,-0.4949875417828685,0,4,4,4,3,3,9.5,6.99375,7.0,-0.4949875417828685
170901,0.5094564364730078,0,1,1,1,1,1,8.8,8.8,8.8,0.5094564364730078
170907,-0.6749583573293733,0,1,1,1,1,1,8.8,8.8,8.8,-0.6749583573293733
170915,-0.4515960260883145,0,4,4,2,4,2,8.525,8.525,8.525,-0.4515960260883145
170917,0.5849506134750065,0,1,1,1,1,1,10.0,10.0,10.0,0.5849506134750065
170920,0.40646533381426697,0,2,2,2,2,2,9.85,9.85,9.85,0.40646533381426697
170921,-0.2106261438278436,0,2,2,2,2,2,8.45,8.45,8.45,-0.2106261438278436
170923,0.38770227856493017,0,1,1,1,1,1,10.0,10.0,10.0,0.38770227856493017
170924,0.1259558628383514,0,3,3,3,3,2,8.966666666666667,8.966666666666667,8.966666666666667,0.1259558628383514
170925,0.2612233924075144,0,2,2,2,2,2,9.45,9.45,9.45,0.2612233924075144
170929,0.6142060920346761,0,3,3,2,3,2,9.966666666666667,9.966666666666667,9.966666666666667,0.6142060920346761
170930,-0.4741393139587277,0,1,1,1,1,1,8.1,8.1,8.1,-0.4741393139587277
170933,-3.3977630571596458,0,1,1,1,1,1,5.0,5.0,5.0,-3.3977630571596458
170935,0.0935749525970012,0,3,3,3,3,2,9.200000000000001,9.200000000000001,9.200000000000001,0.0935749525970012
170940,0.6714142568040029,0,1,1,1,1,1,10.0,10.0,10.0,0.6714142568040029
170941,0.15332400352301037,0,1,1,1,1,1,7.0,7.0,7.0,0.15332400352301037
170942,0.06360342893665089,0,3,3,3,3,2,8.9,8.9,8.9,0.06360342893665089
170945,0.26616551412451306,0,1,1,1,1,1,9.6,9.6,9.6,0.26616551412451306
170948,-1.494210625396103,0,2,2,2,1,2,1.25,1.25,1.25,-1.494210625396103
170958,0.8837692094921723,0,1,1,1,1,1,9.7,9.7,9.7,0.8837692094921723
170961,-0.6018636673180076,0,2,2,2,2,2,7.9,7.9,7.9,-0.6018636673180076
170964,0.703428038006712,0,4,4,3,4,2,9.35,9.35,9.35,0.703428038006712
170967,0.5602595515086921,0,1,1,1,1,1,9.6,9.6,9.6,0.5602595515086921
170969,0.6714142568040029,0,1,1,1,1,1,10.0,10.0,10.0,0.6714142568040029
170975,0.5834016599743147,0,4,4,4,4,2,9.5,9.5,9.5,0.5834016599743147
170979,-3.2223347178599697,0,1,1,1,1,1,5.6,5.6,5.6,-3.2223347178599697
170983,0.2434405678909366,0,3,3,2,3,2,9.200000000000001,9.200000000000001,9.200000000000001,0.2434405678909366
170984,-2.0951773054139586,0,2,2,2,1,2,2.0,2.825,4.65,-2.0951773054139586
170987,0.12820382761200297,0,3,3,3,3,2,9.033333333333333,9.033333333333333,9.033333333333333,0.12820382761200297
170994,-0.7639817331700441,0,1,1,1,1,1,,6.061538461538462,6.2,-0.7639817331700441
170998,-0.2667117880878021,0,5,5,4,4,3,8.559999999999999,8.559999999999999,8.559999999999999,-0.2667117880878021
170999,0.5144892576089916,0,3,3,3,3,2,9.5,9.5,9.5,0.5144892576089916
171007,0.6197162432570524,0,1,1,1,1,1,9.2,9.2,9.2,0.6197162432570524
171010,0.1430496573702856,0,3,3,3,3,2,8.633333333333333,8.633333333333333,8.633333333333333,0.1430496573702856
171012,0.07387493998827763,0,1,1,1,1,1,7.8,7.8,7.8,0.07387493998827763
171013,-0.5138884551668643,0,3,3,3,3,3,5.533333333333334,5.533333333333334,5.533333333333334,-0.5138884551668643
171016,-2.872018594779712,0,1,1,1,1,1,0.0,0.0,0.0,-2.872018594779712
171017,0.5176314209888282,0,1,1,1,1,1,8.6,8.6,8.6,0.5176314209888282
171021,0.38770227856493017,0,1,1,1,1,1,10.0,10.0,10.0,0.38770227856493017
171025,1.0234662673229684,0,1,1,1,1,1,9.9,9.9,9.9,1.0234662673229684
171027,0.23655492759426489,0,1,1,1,1,1,7.9,7.9,7.9,0.23655492759426489
171031,-0.3661538801198576,0,1,1,1,1,1,9.0,9.0,9.0,-0.3661538801198576
171034,-0.1059506240719129,0,1,1,1,1,1,8.4,8.4,8.4,-0.1059506240719129
171041,0.04508012428325432,0,1,1,1,1,1,8.3,8.3,8.3,0.04508012428325432
171044,0.8041712493109786,0,1,1,1,1,1,9.5,9.5,9.5,0.8041712493109786
171046,0.5023880485282539,0,4,4,4,4,2,9.725,9.725,9.725,0.5023880485282539
171048,-1.7840805450207895,0,3,3,3,3,2,9.3,8.4,6.224444444444445,-1.7840805450207895
171054,-0.0956146710027389,0,5,5,5,4,3,8.975,8.28,7.4799999999999995,-0.0956146710027389
171055,0.3302733184317528,0,4,4,4,4,2,9.175,9.175,9.175,0.3302733184317528
171059,0.2854920351633578,0,3,3,3,3,2,9.233333333333334,9.233333333333334,9.233333333333334,0.2854920351633578
171060,0.6714142568040029,0,1,1,1,1,1,10.0,10.0,10.0,0.6714142568040029
171061,0.05574917859404611,0,6,6,6,4,3,8.24,7.716666666666666,7.433333333333334,0.05574917859404611
171063,0.016555902658797878,0,3,3,2,3,2,9.233333333333334,9.233333333333334,9.233333333333334,0.016555902658797878
171065,-0.6515168375779947,0,5,5,4,3,4,7.324999999999999,6.806666666666667,6.540000000000001,-0.6515168375779947
171066,0.20066669403257695,0,3,3,3,3,2,8.733333333333334,8.733333333333334,8.733333333333334,0.20066669403257695
171069,0.7183590074039632,0,2,2,2,2,2,9.85,9.85,9.85,0.7183590074039632
171072,-1.8934638173702774,0,1,1,1,1,1,2.7,2.7,2.7,-1.8934638173702774
171074,0.38770227856493017,0,1,1,1,1,1,10.0,10.0,10.0,0.38770227856493017
171075,-0.5228255646958527,0,3,3,3,2,2,8.3,6.725925925925925,6.133333333333333,-0.5228255646958527
171081,0.49471977888461405,0,1,1,1,1,1,9.5,9.5,9.5,0.49471977888461405
171085,0.5070531878726512,0,4,4,4,4,2,9.5,9.5,9.5,0.5070531878726512
171089,0.7649681711280304,0,4,4,4,4,2,9.825,9.825,9.825,0.7649681711280304
171090,-0.09494456188352934,0,4,4,3,4,2,9.1,9.1,9.1,-0.09494456188352934
171091,0.8262993443666413,0,2,2,1,2,2,9.85,9.85,9.85,0.8262993443666413
171092,0.442124309541275,0,3,3,3,3,2,9.633333333333333,9.633333333333333,9.633333333333333,0.442124309541275
171093,-0.015349732774336867,0,5,5,4,5,3,9.125,8.144,8.64,-0.015349732774336867
171094,-0.07907092780323084,0,3,3,3,3,2,8.5,8.5,8.5,-0.07907092780323084
171095,0.42551000869978606,0,4,4,4,4,2,9.025,9.025,9.025,0.42551000869978606
171098,0.6840680699860077,0,1,1,1,1,1,9.3,9.3,9.3,0.6840680699860077
171102,-0.38572534681939075,0,4,4,4,3,3,9.5,7.470833333333333,6.775,-0.38572534681939075
171103,-3.0719781752116972,0,1,1,1,1,1,2.7,2.7,2.7,-3.0719781752116972
171104,-0.2886475245840437,0,3,3,2,2,2,9.55,7.5555555555555545,7.8,-0.2886475245840437
171106,-4.599185164180962,0,1,1,1,1,1,,7.5,0.925,-4.599185164180962
171107,0.314638706875562,0,1,1,1,1,1,8.1,8.1,8.1,0.314638706875562
171110,0.7035559736114739,0,2,2,2,2,2,9.55,9.55,9.55,0.7035559736114739
171111,0.498628482539759,0,2,2,2,2,2,9.45,9.45,9.45,0.498628482539759
171115,0.10945127851429517,0,1,1,1,1,1,8.4,8.4,8.4,0.10945127851429517
171119,-0.13295606207859953,0,3,3,2,3,2,8.966666666666667,8.966666666666667,8.966666666666667,-0.13295606207859953
171124,0.34727247258793636,0,2,2,2,2,2,9.55,9.55,9.55,0.34727247258793636
171126,0.41227538491754384,0,4,4,4,4,2,9.05,9.05,9.05,0.41227538491754384
171132,0.16301789504176145,0,1,1,1,1,1,9.2,9.2,9.2,0.16301789504176145
171135,-1.6990833232667422,0,3,3,3,2,2,8.5,5.583333333333333,3.733333333333333,-1.6990833232667422
171136,-0.5796592975872153,0,7,7,7,5,3,9.1,8.11,6.852380952380953,-0.5796592975872153
171139,-0.20769040182641998,0,4,4,3,2,3,9.5,6.293229166666666,5.625,-0.20769040182641998
171141,1.1778685059277263,0,1,1,1,1,1,10.0,10.0,10.0,1.1778685059277263
171142,-0.11229772854996933,0,3,3,3,3,2,8.0,8.0,8.0,-0.11229772854996933
171144,0.14729609969281837,0,3,3,3,3,2,9.133333333333333,9.133333333333333,9.133333333333333,0.14729609969281837
171147,-2.872018594779712,0,1,1,1,1,1,,2.5,0.0,-2.872018594779712
171152,0.27417524935252,0,4,4,3,4,2,9.3,9.3,9.3,0.27417524935252
171153,0.2966137195487903,0,1,1,1,1,1,9.7,9.7,9.7,0.2966137195487903
171157,-0.2945723367196,0,3,3,3,3,2,8.333333333333334,8.333333333333334,8.333333333333334,-0.2945723367196
171158,-0.26412680574644104,0,5,5,4,4,3,8.766666666666666,7.336666666666666,6.38,-0.26412680574644104
171159,0.37347619525879067,0,4,4,4,4,2,9.1,9.1,9.1,0.37347619525879067
171162,1.1289221668352232,0,1,1,1,1,1,9.7,9.7,9.7,1.1289221668352232
171166,0.7401714969367122,0,3,3,3,3,2,9.833333333333334,9.833333333333334,9.833333333333334,0.7401714969367122
171167,0.05929899793417959,0,2,2,2,2,2,9.05,9.05,9.05,0.05929899793417959
171170,-3.75037550085537,0,1,1,1,1,1,2.3,2.3,2.3,-3.75037550085537
171171,0.3747974671861515,0,4,4,4,4,2,8.8,8.8,8.8,0.3747974671861515
171172,-0.2668114788948905,0,3,3,3,3,2,8.433333333333332,8.433333333333332,8.433333333333332,-0.2668114788948905
171173,-0.7251985523022015,0,2,2,2,1,2,7.1,5.992857142857142,6.05,-0.7251985523022015
171174,0.8018212207474013,0,1,1,1,1,1,9.3,9.3,9.3,0.8018212207474013
171177,-1.4088692084282124,0,3,3,3,1,2,8.5,5.2,5.2,-1.4088692084282124
171179,0.5330512533402121,0,1,1,1,1,1,9.6,9.6,9.6,0.5330512533402121
171181,0.2591666774145312,0,4,4,4,4,2,9.1,9.1,9.1,0.2591666774145312
171182,0.38770227856493017,0,1,1,1,1,1,10.0,10.0,10.0,0.38770227856493017
171185,0.5278966828565419,0,2,2,2,2,2,9.25,9.25,9.25,0.5278966828565419
171186,0.1411103642717294,0,3,3,3,3,2,9.200000000000001,9.200000000000001,9.200000000000001,0.1411103642717294
171192,0.9476539318154776,0,1,1,1,1,1,9.6,9.6,9.6,0.9476539318154776
171193,0.21369575278905853,0,2,2,2,2,2,8.65,8.65,8.65,0.21369575278905853
171194,-0.2857780071447206,0,5,5,5,4,3,8.95,8.459999999999999,8.040000000000001,-0.2857780071447206
171195,0.4596953697600397,0,1,1,1,1,1,9.4,9.4,9.4,0.4596953697600397
171199,0.02419018195083167,0,4,4,4,4,2,8.3,8.3,8.3,0.02419018195083167
171200,0.48508911111107234,0,4,4,4,4,2,9.025,9.025,9.025,0.48508911111107234
171201,-1.1813633367766183,0,6,6,6,4,3,5.075,4.8,4.466666666666667,-1.1813633367766183
171203,0.6814235193669641,0,3,3,2,3,2,9.866666666666667,9.866666666666667,9.866666666666667,0.6814235193669641
171205,-0.30589630307029214,0,3,3,3,3,2,8.466666666666667,8.466666666666667,8.466666666666667,-0.30589630307029214
171217,0.17902001998357925,0,1,1,1,1,1,8.7,8.7,8.7,0.17902001998357925
171221,0.0840298052984152,0,1,1,1,1,1,8.6,8.6,8.6,0.0840298052984152
171223,0.3824805352886314,0,4,4,4,4,3,9.675,9.675,9.675,0.3824805352886314
171225,-0.9853359087344897,0,9,9,9,4,5,5.542857142857143,4.783333333333333,4.666666666666667,-0.9853359087344897
171226,0.879904449389071,0,3,3,3,3,2,9.833333333333334,9.833333333333334,9.833333333333334,0.879904449389071
171234,0.3613680930448063,0,1,1,1,1,1,8.8,8.8,8.8,0.3613680930448063
171235,-0.804730610006163,0,3,3,3,2,3,9.8,8.073333333333332,6.533333333333334,-0.804730610006163
171236,-1.135962783635167,0,4,4,3,4,2,8.475,8.475,8.475,-1.135962783635167
171243,-0.7338093668963681,0,2,2,2,2,1,9.4,8.120000000000001,7.4,-0.7338093668963681
171244,-0.30836358303296085,0,6,6,6,4,4,7.3999999999999995,7.3999999999999995,7.3999999999999995,-0.30836358303296085
171247,-1.1190237613400027,0,1,1,1,1,1,7.8,7.8,7.8,-1.1190237613400027
171250,-0.5830528860678553,0,2,2,1,1,2,8.0,7.4,7.4,-0.5830528860678553
171253,-0.011893543303241372,0,5,5,5,4,3,9.475,8.959999999999999,8.940000000000001,-0.011893543303241372
171254,0.3728839258103511,0,1,1,1,1,1,9.6,9.6,9.6,0.3728839258103511
171255,-0.22499755606507216,0,2,2,2,2,1,8.3,8.3,8.3,-0.22499755606507216
171256,0.634817415382912,0,1,1,1,1,1,9.9,9.9,9.9,0.634817415382912
171257,0.6491504936226499,0,4,4,3,4,3,8.975,8.975,8.975,0.6491504936226499
171258,0.6462246345548259,0,1,1,1,1,1,9.0,9.0,9.0,0.6462246345548259
171259,0.6806930214725125,0,3,3,3,3,2,9.533333333333333,9.533333333333333,9.533333333333333,0.6806930214725125
171260,-0.08523695448247709,0,4,4,4,4,2,8.875,8.875,8.875,-0.08523695448247709
171261,-2.3586749773537883,0,2,2,2,1,2,4.0,4.0,4.0,-2.3586749773537883
171265,-1.1937325881058183,0,3,3,3,2,3,6.7,6.7,6.7,-1.1937325881058183
171268,1.0234662673229684,0,1,1,1,1,1,9.9,9.9,9.9,1.0234662673229684
171271,0.7220468200477397,0,3,3,3,3,2,9.933333333333334,9.933333333333334,9.933333333333334,0.7220468200477397
171273,0.844473509214842,0,3,3,2,3,2,9.833333333333334,9.833333333333334,9.833333333333334,0.844473509214842
171275,-1.56388368907412,0,3,3,2,1,3,3.0666666666666664,3.0666666666666664,3.0666666666666664,-1.56388368907412
171276,-0.10552360455410252,0,5,5,5,4,3,9.775,9.14,8.78,-0.10552360455410252
171277,0.5589808787242371,0,1,1,1,1,1,9.1,9.1,9.1,0.5589808787242371
171278,0.524498649285382,0,4,4,4,4,2,9.45,9.45,9.45,0.524498649285382
171283,-3.535584491998225,0,1,1,1,1,1,,7.5,2.7750000000000004,-3.535584491998225
171289,-3.3977630571596458,0,1,1,1,1,1,,5.7,5.0,-3.3977630571596458
171290,0.4667454543170923,0,1,1,1,1,1,9.5,9.5,9.5,0.4667454543170923
171292,0.48788328054942665,0,1,1,1,1,1,9.0,9.0,9.0,0.48788328054942665
171297,-0.020665008827305657,0,1,1,1,1,1,8.5,8.5,8.5,-0.020665008827305657
171298,-0.8674528512918781,0,1,1,1,1,1,5.8,5.8,5.8,-0.8674528512918781
171299,0.31341050299997614,0,3,3,3,3,2,9.233333333333333,9.233333333333333,9.233333333333333,0.31341050299997614
171301,-1.7427917024929414,0,1,1,1,1,1,,,5.550000000000001,-1.7427917024929414
171302,0.6459858812981101,0,3,3,3,3,2,9.566666666666668,9.566666666666668,9.566666666666668,0.6459858812981101
171304,0.4792229668592687,0,2,2,2,2,2,9.05,9.05,9.05,0.4792229668592687
171305,0.48788328054942665,0,1,1,1,1,1,9.0,9.0,9.0,0.48788328054942665
171310,0.8167546378657976,0,1,1,1,1,1,10.0,10.0,10.0,0.8167546378657976
171314,0.3613644749727872,0,2,2,2,2,2,9.7,9.7,9.7,0.3613644749727872
171315,0.08574031412777901,0,3,3,3,3,3,9.166666666666666,9.166666666666666,9.166666666666666,0.08574031412777901
171316,-0.17979120507857732,0,4,4,4,4,2,8.3,8.3,8.3,-0.17979120507857732
171320,0.44561958354944475,0,2,2,2,2,2,9.25,9.25,9.25,0.44561958354944475
171323,0.26846053644245305,0,4,4,4,4,2,8.725,8.725,8.725,0.26846053644245305
171324,0.22882062803681738,0,4,4,4,4,4,9.375,9.375,9.375,0.22882062803681738
171325,-2.872018594779712,0,1,1,1,1,1,0.0,0.0,0.0,-2.872018594779712
171327,0.3959998477974483,0,4,4,3,4,2,9.649999999999999,9.649999999999999,9.649999999999999,0.3959998477974483
171338,0.5380967315063938,0,2,2,2,2,2,9.6,9.6,9.6,0.5380967315063938
171340,0.012335254081494076,0,1,1,1,1,1,8.6,8.6,8.6,0.012335254081494076
171347,0.2334416212302558,0,1,1,1,1,1,7.9,7.9,7.9,0.2334416212302558
171348,0.5584583675210048,0,4,4,4,4,2,10.0,10.0,10.0,0.5584583675210048
171349,0.47656416615008484,0,2,2,1,2,2,9.45,9.45,9.45,0.47656416615008484
171351,0.4272636179661834,0,1,1,1,1,1,9.7,9.7,9.7,0.4272636179661834
171358,-0.058151912098471537,0,1,1,1,1,1,8.4,8.4,8.4,-0.058151912098471537
171361,0.8704790474350181,0,3,3,3,3,2,9.933333333333334,9.933333333333334,9.933333333333334,0.8704790474350181
171362,1.0311818176773,0,1,1,1,1,1,9.7,9.7,9.7,1.0311818176773
171364,0.40600690158846986,0,1,1,1,1,1,8.6,8.6,8.6,0.40600690158846986
171365,-3.1644116856135973,0,1,1,1,1,1,,4.418181818181818,0.0,-3.1644116856135973
171372,-1.4445059095982502,0,1,1,1,1,1,4.1,4.1,4.1,-1.4445059095982502
171374,0.12085917447301685,0,4,4,4,4,2,9.1,9.1,9.1,0.12085917447301685
171375,0.267686691570995,0,3,3,3,3,2,9.0,9.0,9.0,0.267686691570995
171376,-0.5493389373850917,0,1,1,1,1,1,8.5,8.5,8.5,-0.5493389373850917
171379,0.5282129829928309,0,3,3,3,3,2,9.5,9.5,9.5,0.5282129829928309
171383,0.5419122133545757,0,4,4,4,4,2,9.1,9.1,9.1,0.5419122133545757
171384,0.49227841945845197,0,3,3,3,3,2,9.6,9.6,9.6,0.49227841945845197
171388,-0.9813554849736459,0,3,3,3,3,2,9.3,6.616296296296297,6.400000000000001,-0.9813554849736459
171391,0.4773593274233836,0,2,2,2,2,2,9.95,9.95,9.95,0.4773593274233836
171396,0.15827189652830445,0,1,1,1,1,1,9.2,9.2,9.2,0.15827189652830445
171402,0.3483107357122666,0,1,1,1,1,1,9.9,9.9,9.9,0.3483107357122666
171405,-0.5735430344533503,0,3,3,3,3,2,9.0,6.325,6.916666666666667,-0.5735430344533503
171407,0.15627393184652585,0,4,4,3,4,2,9.375,9.375,9.375,0.15627393184652585
171410,0.37580838086181745,0,4,4,4,4,2,9.475,9.475,9.475,0.37580838086181745
171413,0.5057454173412552,0,1,1,1,1,1,10.0,10.0,10.0,0.5057454173412552
171414,-2.7927534261622515,0,2,2,1,1,2,0.0,2.7249999999999996,0.95,-2.7927534261622515
171415,0.2669443213993433,0,1,1,1,1,1,9.4,9.4,9.4,0.2669443213993433
171420,0.3875318274800819,0,3,3,3,3,2,9.633333333333333,9.633333333333333,9.633333333333333,0.3875318274800819
171421,-0.14009644412621844,0,3,3,3,3,2,9.533333333333333,9.533333333333333,9.533333333333333,-0.14009644412621844
171422,-0.8293605959341338,0,1,1,1,1,1,8.7,8.7,8.7,-0.8293605959341338
171430,-0.022256800777315927,0,6,6,5,4,3,9.45,7.422470238095239,6.5,-0.022256800777315927
171432,-1.16722683152707,0,4,4,3,4,3,9.299999999999999,8.391666666666667,8.2,-1.16722683152707
171434,0.2194471664023715,0,1,1,1,1,1,9.3,9.3,9.3,0.2194471664023715
171438,0.08748974574469649,0,5,5,5,5,2,8.24,8.24,8.24,0.08748974574469649
171441,-0.32026972810392224,0,3,3,2,3,2,8.633333333333333,8.633333333333333,8.633333333333333,-0.32026972810392224
171445,-0.8293605959341338,0,1,1,1,1,1,8.7,8.7,8.7,-0.8293605959341338
171446,-0.28241342338872016,0,1,1,1,1,1,8.2,8.2,8.2,-0.28241342338872016
171448,-0.3133955127885642,0,3,3,2,3,2,8.766666666666666,8.766666666666666,8.766666666666666,-0.3133955127885642
171449,0.2494333595029707,0,5,5,5,5,2,8.82,8.82,8.82,0.2494333595029707
171452,-3.003784155906857,0,1,1,1,1,1,,7.5,3.7,-3.003784155906857
171456,-0.1820836369518682,0,5,5,5,4,3,8.725,8.3,8.3,-0.1820836369518682
171461,-0.49450028575480853,0,2,2,2,2,2,9.6,7.241666666666666,6.699999999999999,-0.49450028575480853
171463,0.5591732939059595,0,3,3,3,3,2,9.433333333333334,9.433333333333334,9.433333333333334,0.5591732939059595
171464,0.3025266651683568,0,4,4,4,4,2,9.075,9.075,9.075,0.3025266651683568
171465,-0.1431314759407826,0,3,3,2,3,2,9.0,9.0,9.0,-0.1431314759407826
171467,-0.39154031940107475,0,3,3,3,2,2,9.149999999999999,8.6,6.922222222222222,-0.39154031940107475
171469,0.24475830027022288,0,1,1,1,1,1,8.8,8.8,8.8,0.24475830027022288
171471,0.35070320593890836,0,1,1,1,1,1,8.4,8.4,8.4,0.35070320593890836
171476,-1.0013751103048205,0,7,7,6,4,4,4.916666666666667,4.869841269841269,4.742857142857143,-1.0013751103048205
171483,-2.471983819815489,0,1,1,1,1,1,,7.5,4.625,-2.471983819815489
171484,0.247554165637946,0,3,3,3,3,3,9.299999999999999,9.299999999999999,9.299999999999999,0.247554165637946
171487,1.8778363627176164,0,1,1,1,1,1,10.0,10.0,10.0,1.8778363627176164
171488,-0.012049930885161375,0,4,4,4,4,2,9.1,9.1,9.1,-0.012049930885161375
171491,0.07653969137961322,0,4,4,4,4,2,8.725,8.725,8.725,0.07653969137961322
171494,-0.037273437200102455,0,3,3,3,3,2,8.799999999999999,8.799999999999999,8.799999999999999,-0.037273437200102455
171496,-0.028288161993481855,0,1,1,1,1,1,7.6,7.6,7.6,-0.028288161993481855
171498,-1.1309584137857993,0,2,2,1,1,1,7.050000000000001,7.050000000000001,7.050000000000001,-1.1309584137857993
171503,-0.6689848002796754,0,4,4,4,3,2,6.625,6.625,6.625,-0.6689848002796754
171506,0.15039347205967463,0,2,2,2,2,2,8.5,6.592307692307692,7.85,0.15039347205967463
171507,-0.7316240135653143,0,5,5,5,4,3,8.566666666666666,7.1577777777777785,6.18,-0.7316240135653143
171508,0.6152834624402046,0,4,4,3,4,2,9.6,9.6,9.6,0.6152834624402046
171509,-0.39772303198291914,0,1,1,1,1,1,7.6,7.6,7.6,-0.39772303198291914
171510,-0.6541152106042182,0,3,3,3,2,2,5.1000000000000005,5.1000000000000005,5.1000000000000005,-0.6541152106042182
171512,-0.9277147027374106,0,2,2,2,2,2,6.5,6.5,6.5,-0.9277147027374106
171513,0.3472516101945951,0,3,3,3,3,2,9.0,9.0,9.0,0.3472516101945951
171514,1.1874352842212188,0,4,4,4,4,2,9.700000000000001,9.700000000000001,9.700000000000001,1.1874352842212188
171515,0.4512983744636936,0,4,4,4,4,2,9.55,9.55,9.55,0.4512983744636936
171517,0.31035716024191995,0,4,4,2,4,2,9.675,9.675,9.675,0.31035716024191995
171518,0.032554185536504805,0,1,1,1,1,1,9.1,9.1,9.1,0.032554185536504805
171520,-0.20835707427040284,0,2,2,2,2,2,8.2,8.2,8.2,-0.20835707427040284
171521,-4.32406330477394,0,1,1,1,1,1,3.6,3.6,3.6,-4.32406330477394
171526,-0.37839757619038533,0,4,4,3,4,2,9.200000000000001,8.458333333333334,7.975,-0.37839757619038533
171529,0.05578593105318175,0,2,2,2,2,2,8.0,5.788888888888889,7.05,0.05578593105318175
171534,1.0860110205059736,0,1,1,1,1,1,10.0,10.0,10.0,1.0860110205059736
171537,-0.32462893700021267,0,2,2,2,1,2,9.2,6.703125,5.8999999999999995,-0.32462893700021267
171542,0.7990724358940536,0,4,4,3,4,2,9.425,9.425,9.425,0.7990724358940536
171543,0.18381707275809683,0,1,1,1,1,1,8.1,8.1,8.1,0.18381707275809683
171548,0.5588257057271141,0,3,3,3,3,2,9.733333333333333,9.733333333333333,9.733333333333333,0.5588257057271141
171551,-0.07955660161116725,0,4,4,4,3,3,9.5,8.75,8.225,-0.07955660161116725
171552,0.8739447900119961,0,3,3,3,3,2,9.9,9.9,9.9,0.8739447900119961
171554,0.7307540415749416,0,1,1,1,1,1,8.0,8.0,8.0,0.7307540415749416
171555,-1.0766604789805458,0,1,1,1,1,1,5.1,5.1,5.1,-1.0766604789805458
171558,0.8690640287182105,0,1,1,1,1,1,9.8,9.8,9.8,0.8690640287182105
171559,0.7905374634310719,0,1,1,1,1,1,9.4,9.4,9.4,0.7905374634310719
171560,-1.0374205405794392,0,5,5,5,3,2,6.066666666666666,6.057777777777778,5.66,-1.0374205405794392
171563,0.6714142568040029,0,1,1,1,1,1,10.0,10.0,10.0,0.6714142568040029
171564,0.18311297912836533,0,1,1,1,1,1,9.4,9.4,9.4,0.18311297912836533
171567,-0.9474390605825681,0,2,2,1,1,2,2.8,2.3833333333333333,1.7999999999999998,-0.9474390605825681
171569,0.18408920597988415,0,2,2,2,2,1,8.4,7.620000000000001,7.800000000000001,0.18408920597988415
171578,-1.5415675025281528,0,2,2,2,1,2,10.0,6.0,6.0,-1.5415675025281528
171580,-1.06008894568323,0,5,5,5,3,3,6.166666666666667,5.347777777777778,4.48,-1.06008894568323
171581,-0.252300837579237,0,5,5,5,4,3,7.95,6.865714285714286,6.6,-0.252300837579237
171585,0.902201798310178,0,1,1,1,1,1,8.6,8.6,8.6,0.902201798310178
171586,-0.6307224836643643,0,1,1,1,1,1,8.4,8.4,8.4,-0.6307224836643643
171589,0.07752458746521207,0,3,3,3,3,2,8.833333333333334,8.833333333333334,8.833333333333334,0.07752458746521207
171591,0.15506242753629804,0,1,1,1,1,1,7.8,7.8,7.8,0.15506242753629804
171593,-0.21452681328621076,0,2,2,2,2,2,8.45,8.45,8.45,-0.21452681328621076
171599,-0.7415139515687055,0,1,1,1,1,1,3.8,3.8,3.8,-0.7415139515687055
171600,-1.1929555295385692,0,3,3,2,3,1,7.3999999999999995,7.3999999999999995,7.3999999999999995,-1.1929555295385692
171602,0.2005985785999365,0,1,1,1,1,1,7.8,7.8,7.8,0.2005985785999365
171606,0.1332229994568538,0,3,3,3,3,2,8.700000000000001,8.700000000000001,8.700000000000001,0.1332229994568538
171608,-3.0362320746046545,0,2,2,2,1,2,0.0,2.103125,0.0,-3.0362320746046545
171609,0.4273989402728538,0,3,3,3,3,2,9.766666666666667,9.766666666666667,9.766666666666667,0.4273989402728538
171610,-0.6581626861143764,0,3,3,3,1,3,4.666666666666667,4.666666666666667,4.666666666666667,-0.6581626861143764
171619,-0.4450830076648739,0,2,2,2,2,2,8.65,8.65,8.65,-0.4450830076648739
171620,0.3907206352890394,0,3,3,2,3,2,9.333333333333334,9.333333333333334,9.333333333333334,0.3907206352890394
171622,-0.2773888648776049,0,1,1,1,1,1,7.2,7.2,7.2,-0.2773888648776049
171623,-0.34660052252927825,0,2,2,1,1,2,8.1,4.05,4.05,-0.34660052252927825
171627,-0.04507550697452707,0,1,1,1,1,1,9.3,9.3,9.3,-0.04507550697452707
171630,-1.0274562437477852,0,2,2,2,2,2,8.35,8.35,8.35,-1.0274562437477852
171631,-0.918057476157461,0,6,6,6,4,4,7.300000000000001,6.737500000000001,6.083333333333333,-0.918057476157461
171634,-2.499624429838668,0,1,1,1,1,1,,7.5,5.550000000000001,-2.499624429838668
171639,-0.6679161844811947,0,4,4,4,3,3,9.266666666666667,9.266666666666667,7.875,-0.6679161844811947
171645,0.38770227856493017,0,1,1,1,1,1,10.0,10.0,10.0,0.38770227856493017
171648,-1.149137639538579,0,3,3,3,2,2,8.9,6.176296296296297,4.533333333333333,-1.149137639538579
171649,0.6714142568040029,0,1,1,1,1,1,10.0,10.0,10.0,0.6714142568040029
171654,0.33106232394981344,0,4,4,3,4,2,9.325,9.325,9.325,0.33106232394981344
171656,-1.2621658904075677,0,2,2,2,2,2,7.3,7.3,7.3,-1.2621658904075677
171657,0.7505768587042772,0,4,4,4,4,2,9.65,9.65,9.65,0.7505768587042772
171658,0.2243464613148936,0,2,2,2,2,2,9.45,9.45,9.45,0.2243464613148936
171660,-0.17142083149975118,0,4,4,4,3,3,8.633333333333333,8.2,8.225,-0.17142083149975118
171661,-0.777312239165254,0,6,6,6,3,3,7.125,6.055555555555556,6.1499999999999995,-0.777312239165254
171662,-0.659894221181485,0,4,4,3,4,2,8.75,8.75,8.75,-0.659894221181485
171663,1.0037272050192145,0,3,3,2,3,2,9.966666666666667,9.966666666666667,9.966666666666667,1.0037272050192145
171667,0.4246709606354654,0,1,1,1,1,1,9.3,9.3,9.3,0.4246709606354654
171669,0.2635793162369084,0,4,4,4,4,2,8.925,8.925,8.925,0.2635793162369084
171673,-3.019596230409017,0,1,1,1,1,1,0.2,0.2,0.2,-3.019596230409017
171679,-1.3041137262805005,0,3,3,3,3,2,5.033333333333333,5.033333333333333,5.033333333333333,-1.3041137262805005
171681,0.30656204386445357,0,1,1,1,1,1,8.6,8.6,8.6,0.30656204386445357
171684,0.31969739630594,0,4,4,3,4,2,9.15,9.15,9.15,0.31969739630594
171685,0.4272636179661834,0,1,1,1,1,1,9.7,9.7,9.7,0.4272636179661834
171688,0.09492690330341276,0,4,4,4,4,2,8.225,8.225,8.225,0.09492690330341276
171691,0.37640494133504704,0,2,2,2,2,2,9.8,9.8,9.8,0.37640494133504704
171693,0.6252368191028341,0,3,3,3,3,2,9.5,9.5,9.5,0.6252368191028341
171694,0.1886114512891879,0,3,3,3,3,2,8.966666666666667,8.966666666666667,8.966666666666667,0.1886114512891879
171695,0.8069054265929365,0,4,4,4,4,3,9.8,9.8,9.8,0.8069054265929365
171698,0.2212915844583939,0,4,4,4,4,2,8.45,8.45,8.45,0.2212915844583939
171700,0.41516232853512997,0,1,1,1,1,1,10.0,10.0,10.0,0.41516232853512997
171701,0.8041712493109786,0,1,1,1,1,1,9.5,9.5,9.5,0.8041712493109786
171704,-0.413480535302625,0,2,2,2,2,2,8.85,8.85,8.85,-0.413480535302625
171707,0.7762209863802675,0,3,3,3,3,2,9.933333333333334,9.933333333333334,9.933333333333334,0.7762209863802675
171709,-0.1445307481175526,0,1,1,1,1,1,5.7,5.7,5.7,-0.1445307481175526
171710,-2.2313503209238164,0,1,1,1,1,1,,1.25,2.5,-2.2313503209238164
171711,0.5072443542445337,0,2,2,2,2,2,9.85,9.85,9.85,0.5072443542445337
171713,0.20938858170484476,0,1,1,1,1,1,9.6,9.6,9.6,0.20938858170484476
171715,0.7671915214889126,0,4,4,4,4,2,9.575,9.575,9.575,0.7671915214889126
171716,0.33262025421337954,0,1,1,1,1,1,8.9,8.9,8.9,0.33262025421337954
171717,-1.9401834837241203,0,1,1,1,1,1,,7.5,5.550000000000001,-1.9401834837241203
171726,0.5881731054423432,0,3,3,3,3,2,9.133333333333333,9.133333333333333,9.133333333333333,0.5881731054423432
171727,0.189280693474163,0,2,2,2,2,2,9.5,9.5,9.5,0.189280693474163
171728,0.3010026800305076,0,2,2,2,2,2,7.55,7.55,7.55,0.3010026800305076
171730,0.9800532095716099,0,2,2,2,2,1,9.7,9.7,9.7,0.9800532095716099
171732,-0.2633161371836143,0,1,1,1,1,1,8.4,8.4,8.4,-0.2633161371836143
171734,-0.6280852702900189,0,4,4,3,4,2,9.100000000000001,6.59375,6.025,-0.6280852702900189
171735,0.33230570912358953,0,1,1,1,1,1,9.5,9.5,9.5,0.33230570912358953
171737,-0.059403761156579415,0,4,4,3,4,2,8.6,8.6,8.6,-0.059403761156579415
171741,0.15690793038832576,0,1,1,1,1,1,8.0,8.0,8.0,0.15690793038832576
171742,-2.7105636796157633,0,3,3,3,3,2,5.966666666666666,5.966666666666666,5.966666666666666,-2.7105636796157633
171743,-0.3979679438970272,0,3,3,3,2,3,7.566666666666666,7.566666666666666,7.566666666666666,-0.3979679438970272
171744,1.0234662673229684,0,1,1,1,1,1,9.9,9.9,9.9,1.0234662673229684
171746,0.38770227856493017,0,1,1,1,1,1,10.0,10.0,10.0,0.38770227856493017
171747,0.3443377172625625,0,3,3,3,3,2,9.466666666666667,9.466666666666667,9.466666666666667,0.3443377172625625
171749,0.40904067828389507,0,2,2,2,2,2,9.6,9.6,9.6,0.40904067828389507
171750,0.8282307644520592,0,2,2,2,2,2,9.0,9.0,9.0,0.8282307644520592
171753,0.8690640287182105,0,1,1,1,1,1,9.8,9.8,9.8,0.8690640287182105
171754,0.1384158726662429,0,3,3,3,3,2,9.133333333333333,9.133333333333333,9.133333333333333,0.1384158726662429
171757,1.1778685059277263,0,1,1,1,1,1,10.0,10.0,10.0,1.1778685059277263
171765,0.4415737149637727,0,1,1,1,1,1,8.5,8.5,8.5,0.4415737149637727
171768,0.6496682588405487,0,4,4,4,4,2,9.7,9.7,9.7,0.6496682588405487
171769,0.7445265272138448,0,2,2,2,2,2,8.399999999999999,8.399999999999999,8.399999999999999,0.7445265272138448
171770,-0.12066300209616561,0,5,5,5,4,3,8.6,8.6,8.6,-0.12066300209616561
171778,-0.501585603734034,0,4,4,4,4,4,7.225,7.225,7.225,-0.501585603734034
171779,0.048541590760369194,0,4,4,4,4,2,8.425,8.425,8.425,0.048541590760369194
171781,0.9861546395907487,0,2,2,2,2,2,9.8,9.8,9.8,0.9861546395907487
171783,-1.1177772519551825,0,2,2,1,1,2,10.0,5.0,5.0,-1.1177772519551825
171784,0.5589808787242371,0,1,1,1,1,1,9.1,9.1,9.1,0.5589808787242371
171787,-0.42185642775246013,0,5,5,4,3,3,7.666666666666667,7.140000000000001,7.040000000000001,-0.42185642775246013
171790,-0.6212844787685097,0,2,2,2,1,2,9.5,8.15,8.15,-0.6212844787685097
171791,0.3457948537451247,0,4,4,4,4,2,8.8,8.8,8.8,0.3457948537451247
171792,0.3203926938546156,0,3,3,3,3,2,9.200000000000001,9.200000000000001,9.200000000000001,0.3203926938546156
171794,0.4689193841640296,0,2,2,2,2,2,9.399999999999999,9.399999999999999,9.399999999999999,0.4689193841640296
171796,1.413892810890717,0,1,1,1,1,1,10.0,10.0,10.0,1.413892810890717
171799,0.16693580389929422,0,2,2,2,2,2,9.3,9.3,9.3,0.16693580389929422
171802,0.5013344572621804,0,1,1,1,1,1,9.7,9.7,9.7,0.5013344572621804
171803,0.0866690435488659,0,3,3,3,3,2,8.9,8.9,8.9,0.0866690435488659
171804,-0.16914320722551723,0,6,6,6,4,4,6.7749999999999995,6.243981481481481,6.616666666666666,-0.16914320722551723
171805,-3.1688924725724785,0,1,1,1,1,1,,1.25,0.0,-3.1688924725724785
171807,0.22854013744900872,0,3,3,3,3,2,9.0,9.0,9.0,0.22854013744900872
171808,0.6551052513100444,0,5,5,4,5,3,9.68,9.68,9.68,0.6551052513100444
171809,-0.3410068376272417,0,3,3,3,3,2,9.7,7.816666666666667,7.400000000000001,-0.3410068376272417
171811,-0.6008575763987778,0,5,5,4,3,3,7.125,6.773333333333333,6.959999999999999,-0.6008575763987778
171813,-0.5854501131961865,0,5,5,5,5,3,7.4,7.4,7.4,-0.5854501131961865
171817,-0.08540751500920807,0,2,2,2,2,2,8.55,8.55,8.55,-0.08540751500920807
171821,0.30364153037263986,0,2,2,2,2,2,9.65,9.65,9.65,0.30364153037263986
171824,0.11068423082411719,0,1,1,1,1,1,9.2,9.2,9.2,0.11068423082411719
171825,0.305987655191209,0,3,3,3,3,2,9.433333333333332,9.433333333333332,9.433333333333332,0.305987655191209
171829,0.24218652337272734,0,4,4,3,4,2,9.65,9.65,9.65,0.24218652337272734
171830,0.5086471642454575,0,1,1,1,1,1,9.8,9.8,9.8,0.5086471642454575
171831,0.2979229711011912,0,3,3,3,3,2,9.0,9.0,9.0,0.2979229711011912
171832,0.15161761436886917,0,1,1,1,1,1,9.6,9.6,9.6,0.15161761436886917
171842,0.5086471642454575,0,1,1,1,1,1,9.8,9.8,9.8,0.5086471642454575
171843,0.5807429090743232,0,4,4,4,4,2,9.2,9.2,9.2,0.5807429090743232
171844,0.5460019978652702,0,2,2,2,2,2,9.55,9.55,9.55,0.5460019978652702
171848,0.15286936261591183,0,4,4,3,4,2,8.825,8.825,8.825,0.15286936261591183
171849,0.814939341645276,0,3,3,2,3,2,9.633333333333333,9.633333333333333,9.633333333333333,0.814939341645276
171856,0.4639906640390731,0,1,1,1,1,1,9.0,9.0,9.0,0.4639906640390731
171862,-0.04353140125786881,0,5,5,5,4,3,9.275,8.72,8.72,-0.04353140125786881
171863,0.7010803238528687,0,4,4,3,4,2,9.575,9.575,9.575,0.7010803238528687
171868,0.3387971948274154,0,3,3,3,3,2,9.533333333333333,9.533333333333333,9.533333333333333,0.3387971948274154
171870,0.19054909476236728,0,5,5,5,4,3,9.475,7.8950000000000005,8.08,0.19054909476236728
171871,-2.6709137719122205,0,1,1,1,1,1,0.0,0.0,0.0,-2.6709137719122205
171873,0.5258153064528969,0,3,3,3,3,2,9.299999999999999,9.299999999999999,9.299999999999999,0.5258153064528969
171874,-1.5656667035067708,0,1,1,1,1,1,,4.883333333333333,3.8,-1.5656667035067708
171875,0.6575945478374066,0,1,1,1,1,1,9.9,9.9,9.9,0.6575945478374066
171877,-0.45313349943076625,0,3,3,3,3,2,8.266666666666666,8.266666666666666,8.266666666666666,-0.45313349943076625
171878,0.43062182390341625,0,3,3,3,3,3,8.833333333333334,8.833333333333334,8.833333333333334,0.43062182390341625
171880,-1.0160833265777276,0,4,4,4,3,3,8.3,6.75,5.833333333333334,-1.0160833265777276
171881,0.27404016405290893,0,1,1,1,1,1,8.0,8.0,8.0,0.27404016405290893
171883,0.21234926970423906,0,1,1,1,1,1,9.1,9.1,9.1,0.21234926970423906
171884,0.7924754780633793,0,4,4,4,4,2,9.625,9.625,9.625,0.7924754780633793
171885,-0.46795539110581896,0,1,1,1,1,1,8.6,8.6,8.6,-0.46795539110581896
171888,0.17733946559549552,0,4,4,4,4,2,8.85,8.85,8.85,0.17733946559549552
171890,0.4999210729172523,0,3,3,3,3,2,9.5,9.5,9.5,0.4999210729172523
171892,-0.1434475855568438,0,4,4,4,3,2,7.8,7.8,7.8,-0.1434475855568438
171897,0.05617286072326947,0,4,4,4,4,3,8.825,8.825,8.825,0.05617286072326947
171899,0.3030088366600755,0,4,4,4,4,3,8.875,8.875,8.875,0.3030088366600755
171900,0.5939351736764964,0,4,4,4,4,2,9.15,9.15,9.15,0.5939351736764964
171902,-1.0761423240420938,0,4,4,4,3,2,5.325,5.325,5.325,-1.0761423240420938
171905,0.16081723814569568,0,1,1,1,1,1,9.2,9.2,9.2,0.16081723814569568
171908,0.3187831632091404,0,1,1,1,1,1,8.2,8.2,8.2,0.3187831632091404
171909,0.240766918654616,0,1,1,1,1,1,8.5,8.5,8.5,0.240766918654616
171910,0.4138751094933987,0,1,1,1,1,1,10.0,10.0,10.0,0.4138751094933987
171913,-0.14039691891739886,0,5,5,5,3,4,7.68,7.68,7.68,-0.14039691891739886
171914,-2.565355258780609,0,4,4,4,3,2,8.75,8.333333333333334,6.225,-2.565355258780609
171925,-2.326004877773018,0,2,2,2,1,2,0.6,2.7428571428571424,2.0,-2.326004877773018
171928,-2.650716832445495,0,1,1,1,1,1,,0.0,0.0,-2.650716832445495
171932,-0.4120772494159133,0,5,5,5,5,2,9.4,8.756,8.459999999999999,-0.4120772494159133
171933,0.7445783781734255,0,4,4,4,4,2,9.825,9.825,9.825,0.7445783781734255
171936,-2.81474385565872,0,1,1,1,1,1,,3.65,0.0,-2.81474385565872
171938,-0.31368834744219704,0,2,2,2,2,1,9.5,5.733333333333333,5.15,-0.31368834744219704
171940,0.38770227856493017,0,1,1,1,1,1,10.0,10.0,10.0,0.38770227856493017
171942,-1.5577950455399174,0,5,5,4,5,3,8.966666666666667,8.966666666666667,6.613333333333334,-1.5577950455399174
171943,-1.680575927420944,0,1,1,1,1,1,5.5,5.5,5.5,-1.680575927420944
171944,0.2834936017826622,0,3,3,3,3,2,9.366666666666667,9.366666666666667,9.366666666666667,0.2834936017826622
171945,-1.3499015488532204,0,1,1,1,1,1,4.0,4.0,4.0,-1.3499015488532204
171949,-0.14699784903569776,0,4,4,4,4,2,9.275,9.275,9.275,-0.14699784903569776
171951,-0.2651769524453971,0,4,4,4,3,3,8.799999999999999,7.6375,7.275,-0.2651769524453971
171952,-1.5552160482282116,0,1,1,1,1,1,0.0,0.0,0.0,-1.5552160482282116
171955,0.3307092758593897,0,1,1,1,1,1,,4.20625,6.6,0.3307092758593897
171958,-1.2746478933749044,0,4,4,4,3,2,3.525,3.525,3.525,-1.2746478933749044
171960,0.32971381007361056,0,3,3,3,3,2,8.533333333333333,8.533333333333333,8.533333333333333,0.32971381007361056
171965,0.2783655559050516,0,4,4,3,4,2,9.075,9.075,9.075,0.2783655559050516
171967,0.12477686253093721,0,3,3,3,3,2,8.833333333333334,8.833333333333334,8.833333333333334,0.12477686253093721
171974,-1.0505258175392913,0,2,2,2,2,2,7.7,6.975,6.7,-1.0505258175392913
171975,0.04421969746777055,0,4,4,4,4,2,8.7,8.7,8.7,0.04421969746777055
171976,-0.06976163942478852,0,3,3,3,2,2,7.8,7.8,7.8,-0.06976163942478852
171977,-1.4999921071215907,0,5,5,5,3,2,3.9333333333333336,5.16,4.844,-1.4999921071215907
171981,0.5208150394812735,0,1,1,1,1,1,9.2,9.2,9.2,0.5208150394812735
171982,0.32284522474390315,0,2,2,2,2,2,10.0,6.788888888888889,8.2,0.32284522474390315
171983,-2.6821874591912334,0,1,1,1,1,1,7.5,7.5,7.5,-2.6821874591912334
171986,-0.8425568158363032,0,3,3,2,2,3,9.75,7.583333333333333,6.5,-0.8425568158363032
171989,0.17860636504438837,0,2,2,2,2,1,8.75,8.75,8.75,0.17860636504438837
171992,-4.2993815801217625,0,1,1,1,1,1,0.0,0.0,0.0,-4.2993815801217625
171995,-4.426100769670102,0,1,1,1,1,1,,,3.7,-4.426100769670102
171996,0.17307713049197326,0,3,3,3,3,2,8.366666666666667,8.366666666666667,8.366666666666667,0.17307713049197326
171997,0.9127342339617238,0,3,3,2,3,2,9.700000000000001,9.700000000000001,9.700000000000001,0.9127342339617238
171998,-0.7083161642912281,0,2,2,2,2,2,8.1,5.833333333333333,6.199999999999999,-0.7083161642912281
171999,0.4997038482601756,0,4,4,3,4,2,9.5,9.5,9.5,0.4997038482601756
172001,0.5773896472550013,0,4,4,3,4,2,9.775,9.775,9.775,0.5773896472550013
172004,0.5900307105247302,0,1,1,1,1,1,9.9,9.9,9.9,0.5900307105247302
172005,-0.056565816368043656,0,5,5,5,4,3,9.5,9.1,8.586666666666668,-0.056565816368043656
172011,-0.8499926449499149,0,2,2,2,2,2,8.6,7.55,7.55,-0.8499926449499149
172014,0.3195977332617418,0,1,1,1,1,1,9.0,9.0,9.0,0.3195977332617418
172015,-1.2323192916741417,0,9,9,9,4,3,7.583333333333333,6.791181657848324,5.522222222222222,-1.2323192916741417
172019,0.6251808712783171,0,3,3,3,3,2,8.966666666666667,8.966666666666667,8.966666666666667,0.6251808712783171
172020,-0.4607287281973946,0,5,5,5,4,3,8.75,8.212307692307693,7.9799999999999995,-0.4607287281973946
172030,0.5999827539945073,0,3,3,3,3,2,9.4,9.4,9.4,0.5999827539945073
172031,-0.09949231517611266,0,1,1,1,1,1,8.5,8.5,8.5,-0.09949231517611266
172044,-1.088000441716352,0,5,5,5,4,3,8.55,5.64,4.76,-1.088000441716352
172052,-0.5012801051021022,0,1,1,1,1,1,,3.672727272727272,5.7,-0.5012801051021022
172053,0.04058949214070695,0,4,4,4,4,2,8.9,8.9,8.9,0.04058949214070695
172054,0.1796943344105184,0,1,1,1,1,1,8.3,8.3,8.3,0.1796943344105184
172055,-2.413238198609177,0,1,1,1,1,1,1.3,1.3,1.3,-2.413238198609177
172058,0.2272437787559761,0,5,5,5,4,3,9.120000000000001,9.120000000000001,9.120000000000001,0.2272437787559761
172062,0.45035315280015165,0,4,4,2,4,2,9.775,9.775,9.775,0.45035315280015165
172063,-0.7078043841221252,0,2,2,2,2,2,9.0,7.616666666666667,6.65,-0.7078043841221252
172064,-0.34556178702923024,0,3,3,3,3,2,8.966666666666667,8.966666666666667,8.966666666666667,-0.34556178702923024
172066,0.4308902333231047,0,4,4,4,4,2,8.575,8.575,8.575,0.4308902333231047
172069,0.2514550742991765,0,1,1,1,1,1,9.4,9.4,9.4,0.2514550742991765
172070,-0.42607701227350503,0,5,5,4,4,3,9.05,8.073333333333334,8.18,-0.42607701227350503
172072,-1.4083831476327524,0,1,1,1,1,1,,7.5,6.4750000000000005,-1.4083831476327524
172077,-1.67851669158928,0,1,1,1,1,1,,2.9166666666666665,0.0,-1.67851669158928
172078,0.18855316953140874,0,1,1,1,1,1,9.1,9.1,9.1,0.18855316953140874
172080,0.9864813815530642,0,3,3,3,3,2,9.233333333333333,9.233333333333333,9.233333333333333,0.9864813815530642
172081,-1.710456076681104,0,1,1,1,1,1,,3.1076923076923078,1.4,-1.710456076681104
172083,-0.23855233295392736,0,5,5,4,5,2,8.92,8.92,8.92,-0.23855233295392736
172090,-0.9912160750350838,0,4,4,4,3,2,5.8,5.8,5.8,-0.9912160750350838
172094,0.15689634632706467,0,1,1,1,1,1,8.7,8.7,8.7,0.15689634632706467
172096,0.6240413567506382,0,2,2,2,2,2,9.5,9.5,9.5,0.6240413567506382
172098,0.5293971391253183,0,2,2,2,1,2,9.2,6.703125,7.8999999999999995,0.5293971391253183
172107,-0.2475757500067147,0,5,5,5,4,3,8.4,8.4,8.4,-0.2475757500067147
172108,-0.48671914856587595,0,4,4,4,3,3,5.9,5.9,5.9,-0.48671914856587595
172109,-1.5552160482282116,0,1,1,1,1,1,0.0,0.0,0.0,-1.5552160482282116
172116,0.40019392664199827,0,3,3,3,3,2,9.6,9.6,9.6,0.40019392664199827
172119,0.4259034238172312,0,3,3,3,3,2,9.200000000000001,9.200000000000001,9.200000000000001,0.4259034238172312
172121,0.46944449910772723,0,1,1,1,1,1,8.5,8.5,8.5,0.46944449910772723
172122,-0.3051882985472722,0,1,1,1,1,1,8.8,8.8,8.8,-0.3051882985472722
172123,0.039815429069975296,0,5,5,5,3,3,9.266666666666667,7.515000000000001,7.980000000000001,0.039815429069975296
172126,0.47140991530706805,0,2,2,2,2,2,9.55,9.55,9.55,0.47140991530706805
172127,-1.0925490499774217,0,8,8,6,4,6,5.08,4.928333333333333,4.75,-1.0925490499774217
172128,0.6698418245074863,0,1,1,1,1,1,10.0,10.0,10.0,0.6698418245074863
172129,-1.0480127922273952,0,6,6,6,4,3,6.15,5.781481481481482,4.3500000000000005,-1.0480127922273952
172131,1.1778685059277263,0,1,1,1,1,1,10.0,10.0,10.0,1.1778685059277263
172132,-0.2950836669675636,0,2,2,2,2,2,8.55,8.55,8.55,-0.2950836669675636
172134,0.1850977070335483,0,3,3,3,3,2,9.200000000000001,9.200000000000001,9.200000000000001,0.1850977070335483
172137,0.3355713402051509,0,2,2,2,2,2,9.75,9.75,9.75,0.3355713402051509
172144,0.3811169207597694,0,2,2,2,2,2,9.3,9.3,9.3,0.3811169207597694
172147,0.6233562056670081,0,3,3,2,3,3,9.700000000000001,9.700000000000001,9.700000000000001,0.6233562056670081
172148,0.676084478217556,0,4,4,4,4,2,9.65,9.65,9.65,0.676084478217556
172150,-0.14242120598872682,0,1,1,1,1,1,9.0,9.0,9.0,-0.14242120598872682
172152,-0.263804773493916,0,1,1,1,1,1,8.8,8.8,8.8,-0.263804773493916
172155,-0.6338612391613475,0,1,1,1,1,1,7.8,7.8,7.8,-0.6338612391613475
172159,-1.67851669158928,0,1,1,1,1,1,,2.9166666666666665,0.0,-1.67851669158928
172161,-0.15934894002670746,0,4,4,4,4,2,8.9,8.3,8.325,-0.15934894002670746
172162,0.38770227856493017,0,1,1,1,1,1,10.0,10.0,10.0,0.38770227856493017
172163,-1.0524517857407962,0,2,2,2,2,1,,4.733333333333333,3.6166666666666667,-1.0524517857407962
172165,0.35966377391711934,0,1,1,1,1,1,8.4,8.4,8.4,0.35966377391711934
172167,0.7566299872309094,0,3,3,3,3,2,9.433333333333332,9.433333333333332,9.433333333333332,0.7566299872309094
172169,-0.8122757690421868,0,1,1,1,1,1,2.6,2.6,2.6,-0.8122757690421868
172172,-1.4273598817835984,0,1,1,1,1,1,,3.25,3.8,-1.4273598817835984
172173,0.35386702481183024,0,3,3,3,3,2,8.866666666666667,8.866666666666667,8.866666666666667,0.35386702481183024
172174,0.33155493981664597,0,2,2,2,2,2,8.85,8.85,8.85,0.33155493981664597
172175,-0.9105897986616238,0,5,5,5,3,4,3.625,3.9400000000000004,4.279999999999999,-0.9105897986616238
172179,-1.3922762505513466,0,1,1,1,1,1,7.6,7.6,7.6,-1.3922762505513466
172181,-0.2180849036724676,0,4,4,4,4,2,9.1,9.1,9.1,-0.2180849036724676
172182,0.10780056622953205,0,1,1,1,1,1,9.1,9.1,9.1,0.10780056622953205
172183,0.15161761436886917,0,1,1,1,1,1,9.6,9.6,9.6,0.15161761436886917
172187,-1.1381650731436495,0,1,1,1,1,1,8.5,8.5,8.5,-1.1381650731436495
172190,-1.6925403620636554,0,3,3,3,1,2,5.133333333333334,5.133333333333334,5.133333333333334,-1.6925403620636554
172191,0.4246709606354654,0,1,1,1,1,1,9.3,9.3,9.3,0.4246709606354654
172192,0.6335716229624128,0,2,2,2,2,1,9.2,9.2,9.2,0.6335716229624128
172196,-2.872018594779712,0,1,1,1,1,1,,2.5,0.0,-2.872018594779712
172198,-0.04748811617783822,0,1,1,1,1,1,8.4,8.4,8.4,-0.04748811617783822
172199,0.35877658591984546,0,2,2,2,2,2,8.85,8.85,8.85,0.35877658591984546
172201,0.12187114513134334,0,3,3,3,2,2,9.600000000000001,8.47777777777778,8.700000000000001,0.12187114513134334
172203,0.7357245931250189,0,1,1,1,1,1,10.0,10.0,10.0,0.7357245931250189
172204,0.6714142568040029,0,1,1,1,1,1,10.0,10.0,10.0,0.6714142568040029
172206,-0.04022567421416718,0,4,4,4,3,3,8.666666666666666,7.6625,7.45,-0.04022567421416718
172207,-0.1498345476545873,0,5,5,4,4,2,8.7,8.7,8.7,-0.1498345476545873
172210,-2.7481891503125464,0,1,1,1,1,1,2.5,2.5,2.5,-2.7481891503125464
172211,0.1786363995213014,0,3,3,3,3,2,9.533333333333333,9.533333333333333,9.533333333333333,0.1786363995213014
172215,-0.39813843241286784,0,2,2,2,2,2,8.7,8.7,8.7,-0.39813843241286784
172217,0.7612226779247474,0,1,1,1,1,1,9.2,9.2,9.2,0.7612226779247474
172218,0.4451642518448076,0,1,1,1,1,1,9.7,9.7,9.7,0.4451642518448076
172227,0.17159531178787468,0,1,1,1,1,1,8.5,8.5,8.5,0.17159531178787468
172228,0.3096397174666423,0,2,2,2,1,2,8.5,6.353125,7.55,0.3096397174666423
172229,0.569969312881532,0,4,4,4,4,3,9.45,9.45,9.45,0.569969312881532
172232,-4.066663469616922,0,1,1,1,1,1,1.8,1.8,1.8,-4.066663469616922
172233,0.21234926970423906,0,1,1,1,1,1,9.1,9.1,9.1,0.21234926970423906
172235,0.3958357925208689,0,1,1,1,1,1,8.3,8.3,8.3,0.3958357925208689
172238,-0.7878545383841407,0,2,2,2,2,2,9.1,6.844444444444444,5.6,-0.7878545383841407
172239,-0.5960924298827055,0,2,2,2,1,2,9.2,6.703125,5.8999999999999995,-0.5960924298827055
172241,-2.2901557125536978,0,4,4,4,4,2,6.1000000000000005,6.133333333333334,5.65,-2.2901557125536978
172244,-1.3542254254091255,0,3,3,3,3,2,6.833333333333333,6.833333333333333,6.833333333333333,-1.3542254254091255
172245,-2.81474385565872,0,1,1,1,1,1,,3.65,0.0,-2.81474385565872
172248,-0.09375421516486689,0,1,1,1,1,1,8.2,8.2,8.2,-0.09375421516486689
172252,-0.17036182308948378,0,4,4,4,4,2,8.45,8.45,8.45,-0.17036182308948378
172255,0.47917694692333657,0,4,4,4,4,2,9.075,9.075,9.075,0.47917694692333657
172257,-0.41781132171128615,0,2,2,2,2,2,9.1,9.1,9.1,-0.41781132171128615
172261,-1.0293924284199951,0,2,2,2,1,2,5.35,5.35,5.35,-1.0293924284199951
172264,0.0562525290989192,0,1,1,1,1,1,8.6,8.6,8.6,0.0562525290989192
172266,0.20443578589836336,0,5,5,5,5,3,9.24,9.24,9.24,0.20443578589836336
172267,-0.8017111378258576,0,1,1,1,1,1,7.5,7.5,7.5,-0.8017111378258576
172269,0.3516224973510776,0,3,3,3,3,3,9.0,9.0,9.0,0.3516224973510776
172274,-2.81474385565872,0,1,1,1,1,1,0.0,0.0,0.0,-2.81474385565872
172278,-0.05335417358475143,0,4,4,4,4,2,8.75,8.75,8.75,-0.05335417358475143
172285,-0.4609806257352293,0,1,1,1,1,1,7.5,7.5,7.5,-0.4609806257352293
172286,0.5086471642454575,0,1,1,1,1,1,9.8,9.8,9.8,0.5086471642454575
172287,-0.6107105047482316,0,2,2,2,1,2,6.25,6.25,6.25,-0.6107105047482316
172292,-0.503537138747895,0,3,3,2,2,2,5.55,5.102083333333333,4.2,-0.503537138747895
172295,0.7089664377704199,0,1,1,1,1,1,10.0,10.0,10.0,0.7089664377704199
172296,0.07322302327263792,0,6,6,5,4,3,8.95,6.971666666666667,6.616666666666667,0.07322302327263792
172297,-1.504617112642784,0,2,2,2,1,2,3.25,3.25,3.25,-1.504617112642784
172300,-0.2322009310105829,0,3,3,3,3,2,7.966666666666666,7.966666666666666,7.966666666666666,-0.2322009310105829
172302,-0.014168723192060416,0,3,3,3,3,2,7.8,7.8,7.8,-0.014168723192060416
172305,-0.5407506990732831,0,1,1,1,1,1,,4.690909090909091,6.1,-0.5407506990732831
172306,0.369000449353909,0,1,1,1,1,1,8.9,8.9,8.9,0.369000449353909
172310,-0.211552545136724,0,5,5,5,4,3,5.0,5.0,5.0,-0.211552545136724
172311,-0.020180479795947184,0,1,1,1,1,1,8.1,8.1,8.1,-0.020180479795947184
172318,0.28748183397941146,0,5,5,5,4,3,8.575,7.8938461538461535,7.640000000000001,0.28748183397941146
172320,0.32020090284053593,0,3,3,3,3,2,8.966666666666667,8.966666666666667,8.966666666666667,0.32020090284053593
172322,1.0860110205059736,0,1,1,1,1,1,10.0,10.0,10.0,1.0860110205059736
172324,-0.15243370596639905,0,3,3,3,3,2,8.799999999999999,8.799999999999999,8.799999999999999,-0.15243370596639905
172326,-1.1277470841504418,0,6,6,5,4,4,4.779999999999999,4.5777777777777775,4.2,-1.1277470841504418
172327,0.4280218216489567,0,3,3,2,3,2,9.533333333333333,9.533333333333333,9.533333333333333,0.4280218216489567
172328,0.3161920564854197,0,3,3,3,3,2,8.1,8.1,8.1,0.3161920564854197
172333,1.0860110205059736,0,1,1,1,1,1,10.0,10.0,10.0,1.0860110205059736
172334,-1.59349280578914,0,1,1,1,1,1,,4.885714285714285,3.4,-1.59349280578914
172335,-2.864885495972455,0,1,1,1,1,1,0.3,0.3,0.3,-2.864885495972455
172339,-1.1604555266180747,0,4,4,4,4,1,5.3,5.3,5.3,-1.1604555266180747
172342,0.12868588061128,0,1,1,1,1,1,7.6,7.6,7.6,0.12868588061128
172344,0.07104744993964272,0,1,1,1,1,1,7.5,7.5,7.5,0.07104744993964272
172346,0.08282242026146032,0,1,1,1,1,1,8.8,8.8,8.8,0.08282242026146032
172350,0.5899251424990668,0,4,4,4,4,2,8.75,8.75,8.75,0.5899251424990668
172352,0.38542054033903383,0,4,4,3,4,2,8.55,8.55,8.55,0.38542054033903383
172368,-0.9799303070378423,0,7,7,6,4,4,6.275,4.781845238095237,3.8285714285714283,-0.9799303070378423
172370,0.23102420124883885,0,1,1,1,1,1,9.0,9.0,9.0,0.23102420124883885
172371,-1.59349280578914,0,1,1,1,1,1,3.4,3.4,3.4,-1.59349280578914
172379,0.6708432699499589,0,3,3,3,3,2,9.700000000000001,9.700000000000001,9.700000000000001,0.6708432699499589
172380,0.3887349804841986,0,1,1,1,1,1,9.6,9.6,9.6,0.3887349804841986
172384,0.6093443594103071,0,1,1,1,1,1,9.1,9.1,9.1,0.6093443594103071
172387,0.30770322221692703,0,3,3,3,3,2,9.299999999999999,9.299999999999999,9.299999999999999,0.30770322221692703
172392,-0.2018359503263323,0,1,1,1,1,1,8.8,8.8,8.8,-0.2018359503263323
172393,-0.6846656438743001,0,6,6,6,4,3,5.7,5.7,5.7,-0.6846656438743001
172396,-0.048348237708344594,0,2,2,2,2,2,8.85,8.85,8.85,-0.048348237708344594
172398,0.06315895026039015,0,2,2,2,1,2,7.5,5.958333333333334,7.0,0.06315895026039015
172415,-0.03875452332795819,0,4,4,3,3,3,6.7,6.7,6.7,-0.03875452332795819
172417,0.42387463908096934,0,2,2,2,2,2,9.05,9.05,9.05,0.42387463908096934
172419,-0.18355575859868958,0,2,2,2,1,2,9.7,6.953125,6.1499999999999995,-0.18355575859868958
172421,-0.21175164151509976,0,1,1,1,1,1,9.1,9.1,9.1,-0.21175164151509976
172423,0.27404016405290893,0,1,1,1,1,1,8.0,8.0,8.0,0.27404016405290893
172424,-0.07917590075189795,0,2,2,2,1,1,9.8,5.883333333333334,6.050000000000001,-0.07917590075189795
172438,0.0860532405877371,0,1,1,1,1,1,9.5,9.5,9.5,0.0860532405877371
172453,-0.662127272403328,0,1,1,1,1,1,9.1,9.1,9.1,-0.662127272403328
172454,0.47518815813018705,0,3,3,3,3,3,8.9,8.9,8.9,0.47518815813018705
172457,0.15161761436886917,0,1,1,1,1,1,9.6,9.6,9.6,0.15161761436886917
172459,0.7891668781038119,0,5,5,5,5,3,9.28,9.28,9.28,0.7891668781038119
172461,-0.6277619200868729,0,3,3,3,3,1,6.733333333333333,6.733333333333333,6.733333333333333,-0.6277619200868729
172462,0.28136204326406755,0,1,1,1,1,1,9.1,9.1,9.1,0.28136204326406755
172463,-0.25040744318955094,0,2,2,2,2,2,7.9,7.9,7.9,-0.25040744318955094
172470,0.4496663731514242,0,2,2,2,2,2,9.4,9.4,9.4,0.4496663731514242
172471,-2.145316111633231,0,2,2,2,1,2,0.9,2.892857142857143,2.45,-2.145316111633231
172472,0.4246709606354654,0,1,1,1,1,1,9.3,9.3,9.3,0.4246709606354654
172473,0.3285644508984463,0,5,5,4,5,2,9.080000000000002,9.080000000000002,9.080000000000002,0.3285644508984463
172474,0.3113096679517573,0,2,2,2,2,2,8.65,8.65,8.65,0.3113096679517573
172481,0.3018395028987136,0,1,1,1,1,1,8.7,8.7,8.7,0.3018395028987136
172485,-0.0851008885587724,0,3,3,3,3,2,9.6,8.49047619047619,8.733333333333333,-0.0851008885587724
172486,-2.877638559297106,0,1,1,1,1,1,0.4,0.4,0.4,-2.877638559297106
172489,0.256897962770514,0,4,4,4,4,2,8.725,8.725,8.725,0.256897962770514
172491,0.3647710849813234,0,1,1,1,1,1,9.6,9.6,9.6,0.3647710849813234
172492,0.3546221423863161,0,1,1,1,1,1,9.1,9.1,9.1,0.3546221423863161
172493,0.4246709606354654,0,1,1,1,1,1,9.3,9.3,9.3,0.4246709606354654
172494,0.3647710849813234,0,1,1,1,1,1,9.6,9.6,9.6,0.3647710849813234
172497,0.5057454173412552,0,1,1,1,1,1,10.0,10.0,10.0,0.5057454173412552
172499,0.24954891501259313,0,1,1,1,1,1,8.8,8.8,8.8,0.24954891501259313
172504,0.853142538488388,0,4,4,3,4,2,8.9,8.9,8.9,0.853142538488388
172505,0.8674288430632888,0,1,1,1,1,1,9.6,9.6,9.6,0.8674288430632888
172506,0.4596953697600397,0,1,1,1,1,1,9.4,9.4,9.4,0.4596953697600397
172515,0.21718198815000125,0,1,1,1,1,1,9.7,9.7,9.7,0.21718198815000125
172517,-1.054754735266171,0,1,1,1,1,1,7.9,7.9,7.9,-1.054754735266171
172521,-0.7217231931045042,0,1,1,1,1,1,7.7,7.7,7.7,-0.7217231931045042
172522,-0.08455493485372564,0,4,4,4,4,2,9.200000000000001,7.293749999999999,7.525,-0.08455493485372564
172527,0.7157567656225181,0,4,4,3,4,2,9.3,9.3,9.3,0.7157567656225181
172528,0.2303318454271288,0,3,3,2,3,2,9.666666666666666,9.666666666666666,9.666666666666666,0.2303318454271288
172529,0.5535152636063718,0,3,3,3,3,3,9.6,9.6,9.6,0.5535152636063718
172530,-0.14276654343808712,0,7,7,7,4,5,6.542857142857143,6.542857142857143,6.542857142857143,-0.14276654343808712
172531,-0.634989064133119,0,2,2,2,2,2,6.800000000000001,6.800000000000001,6.800000000000001,-0.634989064133119
172537,0.09705283569441867,0,1,1,1,1,1,9.3,9.3,9.3,0.09705283569441867
172538,-2.151932353117469,0,3,3,2,1,2,3.9,3.9,3.9,-2.151932353117469
172555,-0.7357614317855828,0,3,3,3,2,3,6.75,7.0,6.3500000000000005,-0.7357614317855828
172557,0.09705283569441867,0,1,1,1,1,1,9.3,9.3,9.3,0.09705283569441867
172559,0.27005450998601044,0,4,4,4,4,2,8.675,8.675,8.675,0.27005450998601044
172561,0.46132047252759456,0,3,3,3,3,3,9.133333333333333,9.133333333333333,9.133333333333333,0.46132047252759456
172573,0.3717655076965189,0,1,1,1,1,1,8.5,8.5,8.5,0.3717655076965189
172575,0.16061158272534284,0,3,3,3,2,2,7.966666666666666,7.966666666666666,7.966666666666666,0.16061158272534284
172576,0.08301854945098702,0,3,3,3,3,2,8.566666666666668,8.566666666666668,8.566666666666668,0.08301854945098702
172578,0.38770227856493017,0,1,1,1,1,1,10.0,10.0,10.0,0.38770227856493017
172581,-2.6313893102550625,0,5,5,5,3,2,2.56,2.56,2.56,-2.6313893102550625
172583,-0.509129469177278,0,2,2,2,1,2,4.95,4.95,4.95,-0.509129469177278
172585,0.5589808787242371,0,1,1,1,1,1,9.1,9.1,9.1,0.5589808787242371
172587,-0.23408373919464204,0,2,2,2,1,2,7.25,7.25,7.25,-0.23408373919464204
172590,-0.801085187315253,0,4,4,4,2,3,6.3999999999999995,6.3999999999999995,6.033333333333333,-0.801085187315253
172601,-2.2313503209238164,0,1,1,1,1,1,2.5,2.5,2.5,-2.2313503209238164
172607,-1.2175265390652974,0,1,1,1,1,1,7.5,7.5,7.5,-1.2175265390652974
172611,1.0234662673229684,0,1,1,1,1,1,9.9,9.9,9.9,1.0234662673229684
172613,-1.2175265390652974,0,1,1,1,1,1,7.5,7.5,7.5,-1.2175265390652974
172621,0.10945127851429517,0,1,1,1,1,1,8.4,8.4,8.4,0.10945127851429517
172623,-1.67851669158928,0,1,1,1,1,1,0.0,0.0,0.0,-1.67851669158928
172627,-0.9332978644566187,0,1,1,1,1,1,,2.9166666666666665,2.8,-0.9332978644566187
172629,0.2975825184065125,0,4,4,3,4,2,9.0,9.0,9.0,0.2975825184065125
172631,-0.04557585975110756,0,1,1,1,1,1,9.0,9.0,9.0,-0.04557585975110756
172633,-0.32390675241690264,0,4,4,4,3,2,8.799999999999999,7.329166666666666,7.3,-0.32390675241690264
172638,0.040426679185024184,0,1,1,1,1,1,7.7,7.7,7.7,0.040426679185024184
172641,0.16301789504176145,0,1,1,1,1,1,9.2,9.2,9.2,0.16301789504176145
172642,0.27733860537774024,0,3,3,3,3,2,9.133333333333333,9.133333333333333,9.133333333333333,0.27733860537774024
172643,-2.3733829819817163,0,1,1,1,1,1,7.7,7.7,7.7,-2.3733829819817163
172644,-0.7639817331700441,0,1,1,1,1,1,6.2,6.2,6.2,-0.7639817331700441
172645,-0.9377664795378745,0,5,5,5,3,3,6.5,5.7057142857142855,5.22,-0.9377664795378745
172650,0.14172309844855388,0,4,4,4,4,2,8.925,8.925,8.925,0.14172309844855388
172652,0.41516232853512997,0,1,1,1,1,1,10.0,10.0,10.0,0.41516232853512997
172657,0.1264059034988858,0,3,3,3,3,2,8.9,8.9,8.9,0.1264059034988858
172659,0.8188638124824468,0,4,4,4,4,2,9.8,9.8,9.8,0.8188638124824468
172662,-1.3448871377779237,0,2,2,2,1,2,0.0,2.31,3.6,-1.3448871377779237
172663,0.38964655151089045,0,1,1,1,1,1,9.2,9.2,9.2,0.38964655151089045
172664,-0.736427824346323,0,2,2,1,1,2,7.5,6.192857142857143,5.75,-0.736427824346323
172665,0.10945127851429517,0,1,1,1,1,1,8.4,8.4,8.4,0.10945127851429517
172666,-0.21314234981893,0,1,1,1,1,1,6.8,6.8,6.8,-0.21314234981893
172667,0.47050183425127245,0,1,1,1,1,1,9.9,9.9,9.9,0.47050183425127245
172668,0.3546221423863161,0,1,1,1,1,1,9.1,9.1,9.1,0.3546221423863161
172670,0.4246709606354654,0,1,1,1,1,1,9.3,9.3,9.3,0.4246709606354654
172673,0.366727046397541,0,4,4,3,3,3,9.166666666666666,8.445833333333335,8.575000000000001,0.366727046397541
172677,-0.4928711576265996,0,2,2,2,1,2,7.0,7.0,7.0,-0.4928711576265996
172691,0.5923720443893088,0,4,4,4,4,2,9.55,9.55,9.55,0.5923720443893088
172694,-1.7909999991237484,0,1,1,1,1,1,8.7,8.7,8.7,-1.7909999991237484
172695,0.7409136555586685,0,1,1,1,1,1,9.4,9.4,9.4,0.7409136555586685
172696,-0.3695022620782781,0,5,5,5,4,3,7.12,7.12,7.12,-0.3695022620782781
172697,0.614398468054047,0,1,1,1,1,1,9.2,9.2,9.2,0.614398468054047
172701,-0.39677157395291907,0,5,5,5,4,2,8.1,6.795999999999999,6.18,-0.39677157395291907
172703,-1.4568242230553572,0,9,9,9,3,4,2.4124999999999996,2.4685185185185183,2.322222222222222,-1.4568242230553572
172707,0.2170111674184736,0,3,3,3,3,2,8.233333333333333,8.233333333333333,8.233333333333333,0.2170111674184736
172708,0.7805632083485311,0,3,3,3,3,2,9.5,9.5,9.5,0.7805632083485311
172718,-0.4012472199329096,0,4,4,4,4,2,9.200000000000001,8.525,8.0,-0.4012472199329096
172719,0.4138751094933987,0,1,1,1,1,1,10.0,10.0,10.0,0.4138751094933987
172723,-0.8967140304362354,0,2,2,2,1,2,3.8499999999999996,3.8499999999999996,3.8499999999999996,-0.8967140304362354
172725,0.5456321547818361,0,4,4,4,4,2,8.9,8.9,8.9,0.5456321547818361
172733,0.19791721053435524,0,2,2,1,2,1,9.25,9.25,9.25,0.19791721053435524
172735,-0.7324132397977063,0,3,3,3,2,2,8.9,7.650000000000001,6.866666666666667,-0.7324132397977063
172741,-0.2773888648776049,0,1,1,1,1,1,,6.283333333333334,7.2,-0.2773888648776049
172742,0.7617352460649526,0,3,3,3,3,2,9.433333333333332,9.433333333333332,9.433333333333332,0.7617352460649526
172746,0.843951522779731,0,1,1,1,1,1,9.4,9.4,9.4,0.843951522779731
172747,0.4660420381280032,0,3,3,3,3,2,8.6,8.6,8.6,0.4660420381280032
172751,-0.04912305361655951,0,5,5,4,4,3,8.875,8.346666666666668,8.48,-0.04912305361655951
172755,0.61204173254743,0,2,2,2,2,2,8.15,8.15,8.15,0.61204173254743
172761,0.14810039582360135,0,4,4,4,4,2,8.6,8.6,8.6,0.14810039582360135
172764,0.325714586150078,0,4,4,4,3,3,7.475,7.475,7.475,0.325714586150078
172766,-0.6749583573293733,0,1,1,1,1,1,8.8,8.8,8.8,-0.6749583573293733
172767,0.05016069004386621,0,4,4,4,3,3,8.799999999999999,8.4125,8.325,0.05016069004386621
172773,0.39436201060191484,0,3,3,3,3,2,9.233333333333333,9.233333333333333,9.233333333333333,0.39436201060191484
172774,-0.3192521139264323,0,1,1,1,1,1,,4.458333333333333,7.0,-0.3192521139264323
172776,0.2787040431410236,0,4,4,4,3,3,9.333333333333334,8.570833333333333,8.8,0.2787040431410236
172777,-1.5552160482282116,0,1,1,1,1,1,,4.20625,0.0,-1.5552160482282116
172778,0.5826728381775671,0,3,3,3,3,2,9.733333333333334,9.733333333333334,9.733333333333334,0.5826728381775671
172779,-0.16616610505579954,0,4,4,4,3,3,9.433333333333334,8.3625,7.775,-0.16616610505579954
172789,0.4240486060548023,0,4,4,4,4,2,8.85,8.85,8.85,0.4240486060548023
172790,-1.5552160482282116,0,1,1,1,1,1,0.0,0.0,0.0,-1.5552160482282116
172799,0.6310589589357533,0,3,3,3,3,2,9.4,9.4,9.4,0.6310589589357533
172805,0.7828152308608585,0,2,2,2,2,2,9.75,9.75,9.75,0.7828152308608585
172810,-0.11912846176128475,0,1,1,1,1,1,8.7,8.7,8.7,-0.11912846176128475
172819,0.3560278347256157,0,4,4,4,4,2,9.375,9.375,9.375,0.3560278347256157
172828,0.23558849960501366,0,2,2,2,2,2,8.9,8.9,8.9,0.23558849960501366
172831,0.6241728122821637,0,4,4,3,4,2,9.55,9.55,9.55,0.6241728122821637
172832,-0.21175164151509976,0,1,1,1,1,1,9.1,9.1,9.1,-0.21175164151509976
172836,0.6539710934094012,0,1,1,1,1,1,9.2,9.2,9.2,0.6539710934094012
172838,-0.37618404792783217,0,6,6,6,4,4,7.275,6.491666666666667,6.083333333333333,-0.37618404792783217
172852,-0.16439842344562264,0,3,3,3,3,2,8.833333333333334,8.833333333333334,8.833333333333334,-0.16439842344562264
172863,0.7067349054701811,0,1,1,1,1,1,9.3,9.3,9.3,0.7067349054701811
172870,0.4494094870927976,0,1,1,1,1,1,9.0,9.0,9.0,0.4494094870927976
172878,-0.5858475643704263,0,6,6,5,3,4,7.875,7.014166666666667,6.816666666666666,-0.5858475643704263
172888,-1.3673964847885094,0,2,2,2,1,2,3.95,3.95,3.95,-1.3673964847885094
172892,-1.5138919589681197,0,2,2,2,2,2,4.55,4.55,4.55,-1.5138919589681197
172894,-0.6749583573293733,0,1,1,1,1,1,8.8,8.8,8.8,-0.6749583573293733
172896,0.43807270674211213,0,3,3,3,3,2,8.799999999999999,8.799999999999999,8.799999999999999,0.43807270674211213
172897,-0.4199602294905497,0,4,4,3,3,2,8.4,6.662222222222223,7.0,-0.4199602294905497
172899,0.030924891878273686,0,3,3,3,3,2,9.433333333333332,9.433333333333332,9.433333333333332,0.030924891878273686
172902,-0.7843482975257062,0,3,3,3,3,2,6.566666666666666,6.566666666666666,6.566666666666666,-0.7843482975257062
172913,-0.2031904298488819,0,3,3,3,3,2,7.733333333333333,7.733333333333333,7.733333333333333,-0.2031904298488819
172917,-0.3192521139264323,0,1,1,1,1,1,,4.458333333333333,7.0,-0.3192521139264323
172919,-0.5707977059403349,0,8,8,7,4,5,6.475,5.469778138528138,5.175,-0.5707977059403349
172926,-0.9595388308340428,0,4,4,4,4,2,8.2,8.2,8.2,-0.9595388308340428
172929,0.06903439238390802,0,1,1,1,1,1,8.6,8.6,8.6,0.06903439238390802
172935,-0.6461442749371841,0,5,5,5,5,2,7.56,7.56,7.56,-0.6461442749371841
172936,0.32001280873354604,0,2,2,2,2,2,8.95,8.95,8.95,0.32001280873354604
172944,0.6385150491942014,0,3,3,3,3,2,9.566666666666668,9.566666666666668,9.566666666666668,0.6385150491942014
172945,0.3316998852792963,0,1,1,1,1,1,9.2,9.2,9.2,0.3316998852792963
172946,0.3483107357122666,0,1,1,1,1,1,9.9,9.9,9.9,0.3483107357122666
172950,0.16000247524019096,0,3,3,3,2,2,8.9,7.177777777777777,7.400000000000001,0.16000247524019096
172954,-0.560036759462595,0,5,5,5,3,4,7.6000000000000005,7.38,7.340000000000001,-0.560036759462595
172967,-2.805940840080227,0,3,3,3,3,2,8.9,8.0,6.566666666666666,-2.805940840080227
172970,0.39065399997439804,0,4,4,4,4,2,9.1,9.1,9.1,0.39065399997439804
172973,-1.417437126144833,0,1,1,1,1,1,3.3,3.3,3.3,-1.417437126144833
172980,0.04465662398599965,0,2,2,2,2,1,8.95,8.95,8.95,0.04465662398599965
172981,-1.070358399053606,0,5,5,5,4,4,7.425,6.7475,6.959999999999999,-1.070358399053606
172983,-1.5038403153063076,0,1,1,1,1,1,,3.672727272727272,2.3,-1.5038403153063076
172985,0.5555600358242281,0,1,1,1,1,1,9.2,9.2,9.2,0.5555600358242281
172986,1.0355158857586344,0,1,1,1,1,1,9.7,9.7,9.7,1.0355158857586344
172988,0.4566517578947692,0,1,1,1,1,1,8.6,8.6,8.6,0.4566517578947692
172990,0.7043859869247873,0,4,4,4,4,2,9.2,9.2,9.2,0.7043859869247873
172992,0.6714142568040029,0,1,1,1,1,1,10.0,10.0,10.0,0.6714142568040029
172997,-0.25691224169177956,0,3,3,2,2,2,8.55,7.22962962962963,6.933333333333334,-0.25691224169177956
172999,0.03940246026514589,0,1,1,1,1,1,8.2,8.2,8.2,0.03940246026514589
173000,-0.2859942553934335,0,5,5,3,4,3,8.275,6.83,6.9799999999999995,-0.2859942553934335
173005,-1.5174999197216454,0,3,3,3,1,2,3.233333333333333,3.233333333333333,3.233333333333333,-1.5174999197216454
173006,0.4084571651573814,0,3,3,2,3,2,8.933333333333334,8.933333333333334,8.933333333333334,0.4084571651573814
173008,0.5962061160428495,0,1,1,1,1,1,9.2,9.2,9.2,0.5962061160428495
173009,0.18192368468567585,0,5,5,5,4,2,8.75,7.556,7.44,0.18192368468567585
173010,0.4204822081565362,0,1,1,1,1,1,9.0,9.0,9.0,0.4204822081565362
173011,-3.0834096572894634,0,1,1,1,1,1,1.3,1.3,1.3,-3.0834096572894634
173012,0.32522847885206496,0,4,4,4,4,2,8.675,8.675,8.675,0.32522847885206496
173013,0.2274706412816336,0,3,3,3,3,2,9.233333333333334,9.233333333333334,9.233333333333334,0.2274706412816336
173016,0.13554737516190518,0,3,3,3,3,2,9.066666666666666,9.066666666666666,9.066666666666666,0.13554737516190518
173019,-2.9379276813229875,0,1,1,1,1,1,1.6,1.6,1.6,-2.9379276813229875
173021,0.851215456833806,0,1,1,1,1,1,9.8,9.8,9.8,0.851215456833806
173022,0.15330958644142592,0,1,1,1,1,1,9.0,9.0,9.0,0.15330958644142592
173024,0.5324419133607682,0,3,3,2,3,2,9.433333333333334,9.433333333333334,9.433333333333334,0.5324419133607682
173025,-0.4245457505328706,0,4,4,4,3,3,6.95,6.95,6.95,-0.4245457505328706
173026,0.17931253125415303,0,3,3,2,3,2,9.166666666666666,9.166666666666666,9.166666666666666,0.17931253125415303
173027,0.4966619347379602,0,3,3,3,3,2,9.266666666666667,9.266666666666667,9.266666666666667,0.4966619347379602
173029,0.6911484462949096,0,3,3,3,3,2,9.4,9.4,9.4,0.6911484462949096
173030,0.8717430664956471,0,3,3,3,3,2,9.433333333333334,9.433333333333334,9.433333333333334,0.8717430664956471
173034,-0.05694512256463644,0,2,2,1,1,2,8.0,6.442857142857143,7.4,-0.05694512256463644
173035,-0.6432162719002094,0,5,5,4,3,4,8.333333333333334,6.443333333333333,6.36,-0.6432162719002094
173037,0.9379652995910073,0,2,2,2,2,1,10.0,10.0,10.0,0.9379652995910073
173039,0.45452096350895804,0,1,1,1,1,1,9.2,9.2,9.2,0.45452096350895804
173040,-1.0623811598397634,0,2,2,2,2,1,9.1,7.18,7.05,-1.0623811598397634
173041,-1.0549474061086501,0,4,4,4,1,3,2.6333333333333333,3.0083333333333333,3.35,-1.0549474061086501
173063,0.5595057176769338,0,5,5,4,4,2,8.6,7.5120000000000005,7.94,0.5595057176769338
173086,-0.02190780671045574,0,1,1,1,1,1,7.9,7.9,7.9,-0.02190780671045574
173091,0.7204818761328979,0,1,1,1,1,1,9.8,9.8,9.8,0.7204818761328979
173093,0.716720504422741,0,2,2,2,2,1,9.55,9.55,9.55,0.716720504422741
173097,0.582087397067306,0,1,1,1,1,1,9.4,9.4,9.4,0.582087397067306
173098,0.35766325192211884,0,2,2,2,2,1,8.95,8.95,8.95,0.35766325192211884
173100,0.3070014712803267,0,1,1,1,1,1,8.6,8.6,8.6,0.3070014712803267
173101,-2.2804561470112445,0,1,1,1,1,1,,2.375,0.0,-2.2804561470112445
173104,-0.08143506322136715,0,1,1,1,1,1,8.1,8.1,8.1,-0.08143506322136715
173107,-0.2106623965384638,0,1,1,1,1,1,,6.225,7.1,-0.2106623965384638
173112,-0.2997292576770196,0,1,1,1,1,1,4.8,4.8,4.8,-0.2997292576770196
173119,-2.439764499445455,0,1,1,1,1,1,,6.225,3.2,-2.439764499445455
173122,0.8745214099514114,0,4,4,4,4,2,9.875,9.875,9.875,0.8745214099514114
173125,0.8757200319601528,0,1,1,1,1,1,10.0,10.0,10.0,0.8757200319601528
173127,0.23294394042381703,0,3,3,3,3,1,9.066666666666668,9.066666666666668,9.066666666666668,0.23294394042381703
173129,-0.8636847885064767,0,2,2,2,2,1,9.4,8.35,8.35,-0.8636847885064767
173131,0.31404944232360793,0,1,1,1,1,1,8.1,8.1,8.1,0.31404944232360793
173132,0.46457397867850087,0,3,3,3,3,2,9.533333333333333,9.533333333333333,9.533333333333333,0.46457397867850087
173142,0.6703999304406343,0,2,2,2,2,1,9.1,9.1,9.1,0.6703999304406343
173143,0.45452096350895804,0,1,1,1,1,1,9.2,9.2,9.2,0.45452096350895804
173146,-0.11794826002402373,0,1,1,1,1,1,,3.672727272727272,7.0,-0.11794826002402373
173149,0.46949248861742,0,1,1,1,1,1,9.0,9.0,9.0,0.46949248861742
173150,-0.8554285852811613,0,1,1,1,1,1,,4.725,5.8,-0.8554285852811613
173151,-0.6782024951381386,0,1,1,1,1,1,,3.672727272727272,5.1,-0.6782024951381386
173159,-3.9322955492832543,0,1,1,1,1,1,,7.5,2.466666666666667,-3.9322955492832543
173162,0.3613680930448063,0,1,1,1,1,1,8.8,8.8,8.8,0.3613680930448063
173173,0.7204818761328979,0,1,1,1,1,1,9.8,9.8,9.8,0.7204818761328979
173176,0.539854516136073,0,1,1,1,1,1,9.1,9.1,9.1,0.539854516136073
173183,0.7523087762497506,0,3,3,3,3,2,9.5,9.5,9.5,0.7523087762497506
173187,0.28698907768008974,0,4,4,2,4,2,9.325,9.325,9.325,0.28698907768008974
173190,0.5974389978572545,0,1,1,1,1,1,9.3,9.3,9.3,0.5974389978572545
173193,0.3613680930448063,0,1,1,1,1,1,8.8,8.8,8.8,0.3613680930448063
173194,0.5441646482546115,0,3,3,3,3,2,9.466666666666667,9.466666666666667,9.466666666666667,0.5441646482546115
173197,0.6321196776776123,0,1,1,1,1,1,10.0,10.0,10.0,0.6321196776776123
173198,-0.07459797438431504,0,1,1,1,1,1,8.2,8.2,8.2,-0.07459797438431504
173199,0.05776587646403689,0,3,3,3,3,2,8.5,8.5,8.5,0.05776587646403689
173200,0.3584568757179861,0,4,4,3,4,2,8.674999999999999,8.674999999999999,8.674999999999999,0.3584568757179861
173203,0.45954268189524156,0,1,1,1,1,1,9.0,9.0,9.0,0.45954268189524156
173204,-1.427075309701091,0,1,1,1,1,1,,3.233333333333333,2.2,-1.427075309701091
173206,-2.654198846584431,0,1,1,1,1,1,0.2,0.2,0.2,-2.654198846584431
173218,0.65447130756665,0,2,2,2,2,2,9.7,9.7,9.7,0.65447130756665
173227,0.27876085164664866,0,1,1,1,1,1,9.1,9.1,9.1,0.27876085164664866
173229,0.8875573584372611,0,1,1,1,1,1,10.0,10.0,10.0,0.8875573584372611
173231,0.2282181244102791,0,1,1,1,1,1,9.0,9.0,9.0,0.2282181244102791
173232,-0.41074770839511526,0,3,3,3,1,2,4.3999999999999995,4.3999999999999995,4.3999999999999995,-0.41074770839511526
173233,0.29587128380058614,0,4,4,4,4,2,8.6,8.6,8.6,0.29587128380058614
173234,0.1436933455954735,0,1,1,1,1,1,8.1,8.1,8.1,0.1436933455954735
173235,0.7132290146230595,0,1,1,1,1,1,9.6,9.6,9.6,0.7132290146230595
173245,0.19276941437442274,0,3,3,3,3,2,9.033333333333333,9.033333333333333,9.033333333333333,0.19276941437442274
173251,-0.7493127765836854,0,3,3,2,3,1,7.6,5.728484848484849,4.8999999999999995,-0.7493127765836854
173252,-0.8861001003659181,0,7,7,7,4,3,3.78,3.54,3.3285714285714287,-0.8861001003659181
173253,0.4494094870927976,0,1,1,1,1,1,9.0,9.0,9.0,0.4494094870927976
173258,0.5116604038333247,0,3,3,3,3,3,9.299999999999999,9.299999999999999,9.299999999999999,0.5116604038333247
173260,0.6933408384031949,0,2,2,2,2,2,9.9,9.9,9.9,0.6933408384031949
173261,0.05637469195370741,0,1,1,1,1,1,8.5,8.5,8.5,0.05637469195370741
173263,-2.294563613983777,0,1,1,1,1,1,,7.5,4.933333333333334,-2.294563613983777
173264,-3.481335748779082,0,1,1,1,1,1,,,1.85,-3.481335748779082
173268,-3.7324894345787363,0,1,1,1,1,1,0.0,0.0,0.0,-3.7324894345787363
173270,0.5507038768762902,0,4,4,4,4,1,9.425,9.425,9.425,0.5507038768762902
173279,0.59712134749318,0,2,2,2,2,2,9.25,9.25,9.25,0.59712134749318
173286,0.5165990470177697,0,1,1,1,1,1,9.6,9.6,9.6,0.5165990470177697
173294,0.09061091931470584,0,4,4,4,4,2,8.133333333333333,6.795,7.2,0.09061091931470584
173295,0.3070014712803267,0,1,1,1,1,1,8.6,8.6,8.6,0.3070014712803267
173297,0.21020709744023688,0,3,3,3,3,2,8.200000000000001,8.200000000000001,8.200000000000001,0.21020709744023688
173300,0.1894328527012527,0,1,1,1,1,1,7.8,7.8,7.8,0.1894328527012527
173301,0.46949248861742,0,1,1,1,1,1,9.0,9.0,9.0,0.46949248861742
173302,0.5913607516202402,0,1,1,1,1,1,9.3,9.3,9.3,0.5913607516202402
173309,0.6913072777645743,0,1,1,1,1,1,9.1,9.1,9.1,0.6913072777645743
173311,0.3476242256145998,0,1,1,1,1,1,8.7,8.7,8.7,0.3476242256145998
173323,0.18253949457448632,0,2,2,2,2,2,9.25,9.25,9.25,0.18253949457448632
173328,0.8350972776258797,0,1,1,1,1,1,9.9,9.9,9.9,0.8350972776258797
173339,-0.024967193727377563,0,1,1,1,1,1,7.6,7.6,7.6,-0.024967193727377563
173350,-0.04621111950604115,0,4,4,4,3,3,9.066666666666668,8.025,8.025,-0.04621111950604115
173354,0.5155571576756662,0,3,3,3,3,1,9.566666666666666,9.566666666666666,9.566666666666666,0.5155571576756662
173361,0.35779674102221226,0,1,1,1,1,1,9.4,9.4,9.4,0.35779674102221226
173371,0.5155935477530562,0,1,1,1,1,1,9.4,9.4,9.4,0.5155935477530562
173376,0.7680921227642955,0,4,4,4,4,2,9.25,9.25,9.25,0.7680921227642955
173379,-0.1682924533807025,0,6,6,5,4,3,8.440000000000001,7.7257575757575765,7.5,-0.1682924533807025
173381,-2.439764499445455,0,1,1,1,1,1,,6.225,3.2,-2.439764499445455
173382,0.4230833511732768,0,4,4,3,4,2,9.6,8.575,7.575,0.4230833511732768
173388,0.5642304158799621,0,6,6,5,6,3,9.516666666666666,9.516666666666666,9.516666666666666,0.5642304158799621
173393,0.39122784656736204,0,3,3,3,3,2,8.733333333333334,8.733333333333334,8.733333333333334,0.39122784656736204
173394,0.5102441426114641,0,1,1,1,1,1,9.8,9.8,9.8,0.5102441426114641
173409,0.5210380375188287,0,3,3,3,3,2,8.966666666666667,8.966666666666667,8.966666666666667,0.5210380375188287
173410,0.3747792801591599,0,4,4,4,4,2,9.325,9.325,9.325,0.3747792801591599
173412,0.5102441426114641,0,1,1,1,1,1,9.8,9.8,9.8,0.5102441426114641
173416,-1.1124390087242118,0,1,1,1,1,1,,7.1,6.7,-1.1124390087242118
173420,0.7067675008921855,0,3,3,3,3,2,9.133333333333333,9.133333333333333,9.133333333333333,0.7067675008921855
173421,0.7961660494672298,0,2,2,2,2,2,9.8,9.8,9.8,0.7961660494672298
173424,-0.3891323204607294,0,6,6,5,4,3,9.725,7.283333333333334,6.983333333333333,-0.3891323204607294
173426,0.7944745232916065,0,1,1,1,1,1,9.8,9.8,9.8,0.7944745232916065
173427,0.5690915436788704,0,4,4,4,4,2,9.85,9.85,9.85,0.5690915436788704
173428,1.0502742796527624,0,2,2,1,2,2,9.9,9.9,9.9,1.0502742796527624
173430,-1.8460045084361574,0,1,1,1,1,1,,5.16,3.3,-1.8460045084361574
173432,0.3724464631412323,0,3,3,3,3,2,9.166666666666666,9.166666666666666,9.166666666666666,0.3724464631412323
173436,0.10437686184947066,0,3,3,2,3,2,8.566666666666668,8.566666666666668,8.566666666666668,0.10437686184947066
173437,-0.10340436017468639,0,1,1,1,1,1,,5.916666666666668,7.1,-0.10340436017468639
173438,-2.4429453655648516,0,1,1,1,1,1,,1.9333333333333333,0.0,-2.4429453655648516
173439,-0.12924098371861084,0,6,6,6,4,3,7.283333333333334,7.283333333333334,7.283333333333334,-0.12924098371861084
173446,0.14469507286268404,0,5,5,5,5,2,8.7,8.7,8.7,0.14469507286268404
173447,-0.45731923848914074,0,2,2,2,1,2,2.5,3.881818181818182,4.8,-0.45731923848914074
173460,0.22930457996769416,0,4,4,4,4,2,9.05,9.05,9.05,0.22930457996769416
173461,0.7659044698254023,0,1,1,1,1,1,10.0,10.0,10.0,0.7659044698254023
173462,0.5741750061442564,0,3,3,3,3,1,9.466666666666667,9.466666666666667,9.466666666666667,0.5741750061442564
173466,-1.8006739841684392,0,1,1,1,1,1,,4.466666666666667,4.5,-1.8006739841684392
173470,0.5499142004052178,0,4,4,3,4,2,9.725000000000001,9.725000000000001,9.725000000000001,0.5499142004052178
173471,0.7065183569992206,0,2,2,2,2,2,9.8,9.8,9.8,0.7065183569992206
173474,0.43534900740590515,0,3,3,3,3,2,9.4,9.4,9.4,0.43534900740590515
173475,0.38117370389911376,0,4,4,4,4,2,8.65,8.65,8.65,0.38117370389911376
173477,0.4554948280818472,0,2,2,2,2,1,9.149999999999999,9.149999999999999,9.149999999999999,0.4554948280818472
173480,0.8622413574208335,0,3,3,3,3,2,9.366666666666667,9.366666666666667,9.366666666666667,0.8622413574208335
173483,0.48275797003979726,0,4,4,2,4,3,9.875,9.875,9.875,0.48275797003979726
173486,-0.1398488263966793,0,1,1,1,1,1,7.5,7.5,7.5,-0.1398488263966793
173490,0.15059653700948036,0,3,3,3,2,2,7.1000000000000005,7.1000000000000005,7.1000000000000005,0.15059653700948036
173493,0.5629689957945518,0,5,5,4,5,2,9.8,9.8,9.8,0.5629689957945518
173498,-0.13596989503891266,0,1,1,1,1,1,,4.1,5.4,-0.13596989503891266
173501,0.6610940345336459,0,3,3,3,3,2,9.299999999999999,9.299999999999999,9.299999999999999,0.6610940345336459
173505,-0.3387466563149867,0,1,1,1,1,1,,3.733333333333333,6.3,-0.3387466563149867
173507,-0.11720768756568212,0,1,1,1,1,1,8.5,8.5,8.5,-0.11720768756568212
173509,0.0824503927405578,0,1,1,1,1,1,8.6,8.6,8.6,0.0824503927405578
173511,0.5974389978572545,0,1,1,1,1,1,9.3,9.3,9.3,0.5974389978572545
173526,-2.157158339604384,0,1,1,1,1,1,,3.3599999999999994,0.0,-2.157158339604384
173529,0.5928575858963944,0,1,1,1,1,1,9.9,9.9,9.9,0.5928575858963944
173536,-2.2967079110905795,0,1,1,1,1,1,0.0,0.0,0.0,-2.2967079110905795
173538,-2.5233709346127555,0,1,1,1,1,1,,,3.7,-2.5233709346127555
173541,0.2243341650018886,0,2,2,2,2,2,8.9,6.9,7.75,0.2243341650018886
173544,-1.2295430047772589,0,4,4,4,4,2,7.85,6.3,5.85,-1.2295430047772589
173545,-3.1155808152444933,0,1,1,1,1,1,,,1.85,-3.1155808152444933
173548,0.36803358582062556,0,2,2,2,2,2,9.0,9.0,9.0,0.36803358582062556
173549,0.794393222831319,0,4,4,4,4,2,9.525,9.525,9.525,0.794393222831319
173553,0.6321196776776123,0,1,1,1,1,1,10.0,10.0,10.0,0.6321196776776123
173554,-1.565406120446429,0,1,1,1,1,1,,,5.550000000000001,-1.565406120446429
173561,0.34736537632578124,0,4,4,4,4,3,9.0,9.0,9.0,0.34736537632578124
173562,0.3863039266800229,0,2,2,2,2,2,8.600000000000001,8.600000000000001,8.600000000000001,0.3863039266800229
173576,0.3313525979047425,0,4,4,4,3,3,9.533333333333333,8.92142857142857,8.9,0.3313525979047425
173580,-0.6163708971745508,0,1,1,1,1,1,,5.366666666666667,6.0,-0.6163708971745508
173582,0.05489367268532887,0,1,1,1,1,1,7.5,7.5,7.5,0.05489367268532887
173589,-2.307261844011612,0,1,1,1,1,1,,,0.7400000000000001,-2.307261844011612
173591,0.8169933428576762,0,3,3,2,3,2,9.266666666666667,9.266666666666667,9.266666666666667,0.8169933428576762
173592,0.5516768834169739,0,1,1,1,1,1,10.0,10.0,10.0,0.5516768834169739
173593,0.3351962368056513,0,1,1,1,1,1,8.0,8.0,8.0,0.3351962368056513
173596,-0.4095872836804371,0,2,2,2,2,1,7.949999999999999,7.949999999999999,7.949999999999999,-0.4095872836804371
173597,-0.901515984011403,0,1,1,1,1,1,,1.9333333333333333,5.0,-0.901515984011403
173598,0.2158247863681753,0,3,3,3,3,2,8.1,8.1,8.1,0.2158247863681753
173599,-2.4429453655648516,0,1,1,1,1,1,0.0,0.0,0.0,-2.4429453655648516
173608,0.39589051001005404,0,3,3,3,3,2,9.033333333333333,9.033333333333333,9.033333333333333,0.39589051001005404
173609,0.9270990720849086,0,1,1,1,1,1,8.8,8.8,8.8,0.9270990720849086
173613,-1.6529432038232805,0,1,1,1,1,1,0.0,0.0,0.0,-1.6529432038232805
173619,0.4799782125032941,0,1,1,1,1,1,9.5,9.5,9.5,0.4799782125032941
173626,-2.0597907527603407,0,1,1,1,1,1,,,1.4800000000000002,-2.0597907527603407
173633,0.7618080498247612,0,4,4,3,4,2,9.925,9.925,9.925,0.7618080498247612
173635,0.41516232853512997,0,1,1,1,1,1,10.0,10.0,10.0,0.41516232853512997
173638,-0.6507534069921604,0,1,1,1,1,1,,5.724999999999999,7.2,-0.6507534069921604
173640,0.6321196776776123,0,1,1,1,1,1,10.0,10.0,10.0,0.6321196776776123
173642,-0.034071618027792495,0,1,1,1,1,1,7.7,7.7,7.7,-0.034071618027792495
173643,0.45801723457566296,0,3,3,3,3,2,9.4,9.4,9.4,0.45801723457566296
173649,-0.04179337021349026,0,3,3,3,3,2,8.700000000000001,8.700000000000001,8.700000000000001,-0.04179337021349026
173653,-0.45194514128891355,0,2,2,2,2,2,4.7,4.7,4.7,-0.45194514128891355
173654,0.7680666273476031,0,4,4,3,4,2,9.85,9.85,9.85,0.7680666273476031
173658,0.41516232853512997,0,1,1,1,1,1,10.0,10.0,10.0,0.41516232853512997
173660,-0.01055502587382008,0,6,6,6,4,2,9.0,6.725833333333334,6.566666666666666,-0.01055502587382008
173664,-1.994039737604325,0,3,3,3,3,2,4.266666666666667,4.266666666666667,4.266666666666667,-1.994039737604325
173665,0.259115534782493,0,4,4,3,4,2,8.825,8.825,8.825,0.259115534782493
173671,1.145240030222534,0,1,1,1,1,1,9.4,9.4,9.4,1.145240030222534
173672,0.26736432528714554,0,3,3,3,3,2,8.433333333333334,8.433333333333334,8.433333333333334,0.26736432528714554
173673,0.3316275212313559,0,1,1,1,1,1,9.0,9.0,9.0,0.3316275212313559
173674,-0.6782024951381386,0,1,1,1,1,1,,3.672727272727272,5.1,-0.6782024951381386
173675,0.8922098945890116,0,3,3,3,3,2,9.566666666666666,9.566666666666666,9.566666666666666,0.8922098945890116
173676,0.32304974501294426,0,4,4,4,4,2,8.45,8.45,8.45,0.32304974501294426
173678,0.7132290146230595,0,1,1,1,1,1,9.6,9.6,9.6,0.7132290146230595
173685,-2.2967079110905795,0,1,1,1,1,1,,2.0,0.0,-2.2967079110905795
173687,0.014779742545471652,0,2,2,2,2,1,8.75,8.75,8.75,0.014779742545471652
173688,-0.5589931436300579,0,2,2,2,1,1,4.7,4.970000000000001,5.9,-0.5589931436300579
173689,-1.8446827216348525,0,1,1,1,1,1,,5.916666666666668,2.7,-1.8446827216348525
173692,0.7685615595527023,0,5,5,5,5,2,9.42,9.42,9.42,0.7685615595527023
173693,0.050356707659486265,0,3,3,3,3,2,8.6,8.6,8.6,0.050356707659486265
173694,-0.1789867882535321,0,2,2,2,2,2,10.0,5.0,5.0,-0.1789867882535321
173697,-0.6293737321729115,0,6,6,6,5,4,8.766666666666667,6.924166666666667,6.066666666666666,-0.6293737321729115
173699,0.2325758274071071,0,1,1,1,1,1,8.3,8.3,8.3,0.2325758274071071
173703,-1.3368718877183627,0,1,1,1,1,1,,4.1,1.0,-1.3368718877183627
173706,0.3391083240757552,0,4,4,4,4,3,8.925,8.925,8.925,0.3391083240757552
173709,0.625272471439601,0,4,4,4,4,2,9.35,9.35,9.35,0.625272471439601
173719,-0.0268252125467587,0,3,3,3,3,2,8.366666666666667,8.366666666666667,8.366666666666667,-0.0268252125467587
173721,0.3018395028987136,0,1,1,1,1,1,8.7,8.7,8.7,0.3018395028987136
173723,0.316618621003915,0,4,4,3,4,2,9.275,9.275,9.275,0.316618621003915
173725,-0.7420535346650238,0,1,1,1,1,1,6.5,6.5,6.5,-0.7420535346650238
173732,0.2533515616609717,0,1,1,1,1,1,8.3,8.3,8.3,0.2533515616609717
173740,-0.2106623965384638,0,1,1,1,1,1,7.1,7.1,7.1,-0.2106623965384638
173751,-2.133791102997775,0,1,1,1,1,1,,3.1076923076923078,0.0,-2.133791102997775
173760,0.3991150873230966,0,5,5,5,4,2,8.72,8.72,8.72,0.3991150873230966
173766,-0.27228836884712193,0,1,1,1,1,1,6.2,6.2,6.2,-0.27228836884712193
173771,0.25933737948781327,0,3,3,3,3,2,9.433333333333334,9.433333333333334,9.433333333333334,0.25933737948781327
173772,-1.7030592624191965,0,1,1,1,1,1,,1.9333333333333333,2.4,-1.7030592624191965
173774,-0.26295252152453036,0,4,4,4,4,2,9.433333333333334,8.95,7.603571428571429,-0.26295252152453036
173777,-1.1704424526800536,0,2,2,2,1,2,0.0,2.6833333333333336,3.05,-1.1704424526800536
173778,-0.2027860604824546,0,5,5,5,4,3,8.399999999999999,8.219999999999999,7.354285714285714,-0.2027860604824546
173783,0.45393576314337253,0,2,2,2,2,2,9.45,9.45,9.45,0.45393576314337253
173788,-0.39624768414059997,0,5,5,5,2,3,4.8,4.8,4.8,-0.39624768414059997
173789,0.5085590289250137,0,1,1,1,1,1,9.6,9.6,9.6,0.5085590289250137
173802,0.3409795990670054,0,3,3,3,3,2,9.299999999999999,9.299999999999999,9.299999999999999,0.3409795990670054
173809,0.13990277632625708,0,1,1,1,1,1,8.6,8.6,8.6,0.13990277632625708
173810,0.24492061110754812,0,3,3,3,3,2,9.233333333333334,9.233333333333334,9.233333333333334,0.24492061110754812
173813,-0.5354026645744907,0,4,4,4,3,3,7.5,7.5,7.5,-0.5354026645744907
173814,-0.934479851316353,0,5,5,4,3,2,8.1,6.115714285714286,4.74,-0.934479851316353
173822,-1.1811878117685708,0,2,2,2,1,2,,3.1,2.85,-1.1811878117685708
173826,0.19603461080394197,0,4,4,4,4,2,8.7,8.7,8.7,0.19603461080394197
173827,-2.4429453655648516,0,1,1,1,1,1,0.0,0.0,0.0,-2.4429453655648516
173832,-0.3273556578805732,0,5,5,5,4,3,8.0,7.9,7.2457142857142856,-0.3273556578805732
173835,0.5234340828001937,0,1,1,1,1,1,8.7,8.7,8.7,0.5234340828001937
173837,-2.1935463060481775,0,1,1,1,1,1,,2.8666666666666667,1.2,-2.1935463060481775
173841,0.7521370643092309,0,1,1,1,1,1,9.8,9.8,9.8,0.7521370643092309
173842,-0.26685895129947296,0,3,3,3,2,2,7.033333333333334,7.033333333333334,7.033333333333334,-0.26685895129947296
173845,-2.1820428104444463,0,1,1,1,1,1,,3.672727272727272,0.0,-2.1820428104444463
173848,0.3348567938772734,0,5,5,5,5,2,9.360000000000001,9.360000000000001,9.360000000000001,0.3348567938772734
173853,-1.6529432038232805,0,1,1,1,1,1,,3.7,0.0,-1.6529432038232805
173856,0.5540988074911758,0,4,4,3,4,2,8.7,8.7,8.7,0.5540988074911758
173863,0.41790524423791003,0,4,4,4,4,2,9.3,9.3,9.3,0.41790524423791003
173864,0.4850572556310074,0,1,1,1,1,1,9.3,9.3,9.3,0.4850572556310074
173866,-1.6468101805598336,0,1,1,1,1,1,,5.916666666666668,3.2,-1.6468101805598336
173871,-1.8123196615090693,0,1,1,1,1,1,,,2.22,-1.8123196615090693
173876,0.6121571663855181,0,4,4,4,4,2,9.55,9.55,9.55,0.6121571663855181
173878,0.4419362648449389,0,3,3,3,3,2,9.366666666666667,9.366666666666667,9.366666666666667,0.4419362648449389
173881,0.23949875986543065,0,1,1,1,1,1,9.0,9.0,9.0,0.23949875986543065
173887,0.3129847339915319,0,4,4,3,4,2,9.333333333333334,7.2625,7.45,0.3129847339915319
173890,0.6866894739271472,0,4,4,3,4,2,9.8,9.8,9.8,0.6866894739271472
173912,-0.06303683872303378,0,3,3,3,3,2,9.200000000000001,9.200000000000001,9.200000000000001,-0.06303683872303378
173913,0.6580515643152444,0,4,4,4,4,2,8.825,8.825,8.825,0.6580515643152444
173922,0.6321196776776123,0,1,1,1,1,1,10.0,10.0,10.0,0.6321196776776123
173924,-1.6938178968995552,0,4,4,3,2,2,3.175,3.175,3.175,-1.6938178968995552
173925,-2.2078802220882663,0,1,1,1,1,1,0.0,0.0,0.0,-2.2078802220882663
173927,0.27876085164664866,0,1,1,1,1,1,9.1,9.1,9.1,0.27876085164664866
173933,-0.23164634150918753,0,1,1,1,1,1,7.8,7.8,7.8,-0.23164634150918753
173936,0.005781652090294576,0,4,4,3,4,2,9.0,9.0,9.0,0.005781652090294576
173937,-1.0618262518220507,0,2,2,2,2,2,8.0,7.542857142857143,6.55,-1.0618262518220507
173938,0.4475611188270614,0,4,4,4,4,2,9.675,9.675,9.675,0.4475611188270614
173941,-0.559867905058053,0,1,1,1,1,1,,5.425,6.7,-0.559867905058053
173944,0.5917813410184263,0,4,4,4,4,2,9.15,9.15,9.15,0.5917813410184263
173949,0.21884589183499126,0,4,4,4,3,3,9.9,8.3375,8.725,0.21884589183499126
173950,0.5208150394812735,0,1,1,1,1,1,9.2,9.2,9.2,0.5208150394812735
173954,0.46393244336183653,0,3,3,3,3,2,9.566666666666666,9.566666666666666,9.566666666666666,0.46393244336183653
173957,0.448838441807607,0,4,4,4,4,2,9.15,9.15,9.15,0.448838441807607
173962,0.48577045938670077,0,1,1,1,1,1,9.5,9.5,9.5,0.48577045938670077
173965,0.9090947590227779,0,3,3,3,3,3,9.566666666666666,9.566666666666666,9.566666666666666,0.9090947590227779
173968,0.5036463296366106,0,4,4,4,4,2,9.375,9.375,9.375,0.5036463296366106
173972,0.3106583923099775,0,4,4,4,4,2,8.625,8.625,8.625,0.3106583923099775
173989,0.5208150394812735,0,1,1,1,1,1,9.2,9.2,9.2,0.5208150394812735
173990,-1.382838032040956,0,1,1,1,1,1,,4.466666666666667,5.4,-1.382838032040956
174000,0.3318100273684667,0,1,1,1,1,1,7.5,7.5,7.5,0.3318100273684667
174004,-1.795545025312403,0,1,1,1,1,1,2.1,2.1,2.1,-1.795545025312403
174007,-0.8557505594075584,0,1,1,1,1,1,4.6,4.6,4.6,-0.8557505594075584
174014,0.24502639135973994,0,1,1,1,1,1,9.4,9.4,9.4,0.24502639135973994
174017,0.44931867920427093,0,4,4,4,3,3,7.375,7.375,7.375,0.44931867920427093
174023,-1.4386312011196676,0,3,3,3,3,2,10.0,6.25,6.266666666666667,-1.4386312011196676
174033,-0.6771998876030674,0,1,1,1,1,1,,4.133333333333333,3.3,-0.6771998876030674
174045,-0.3874746123730404,0,2,2,2,2,2,6.699999999999999,6.699999999999999,6.699999999999999,-0.3874746123730404
174048,0.5535954941151763,0,1,1,1,1,1,9.8,9.8,9.8,0.5535954941151763
174049,-0.25038425378111256,0,1,1,1,1,1,,3.7,5.3,-0.25038425378111256
174052,-0.7021310193413107,0,2,2,2,1,2,6.2,6.2,6.2,-0.7021310193413107
174062,0.78964322270205,0,3,3,3,3,2,9.766666666666667,9.766666666666667,9.766666666666667,0.78964322270205
174069,0.2735223364097561,0,3,3,3,3,2,8.9,8.9,8.9,0.2735223364097561
174072,0.5507379972859663,0,1,1,1,1,1,9.2,9.2,9.2,0.5507379972859663
174078,0.16657212021180381,0,4,4,4,3,2,7.9,7.9,7.9,0.16657212021180381
174080,0.6682750083633007,0,1,1,1,1,1,9.9,9.9,9.9,0.6682750083633007
174089,-2.157158339604384,0,1,1,1,1,1,,3.3599999999999994,0.0,-2.157158339604384
174090,0.5316076316427815,0,4,4,4,4,2,9.85,9.85,9.85,0.5316076316427815
174098,-0.5012801051021022,0,1,1,1,1,1,,3.672727272727272,5.7,-0.5012801051021022
174100,-1.220380320484893,0,1,1,1,1,1,0.5,0.5,0.5,-1.220380320484893
174101,-0.6179163378095706,0,6,6,6,3,4,6.85,6.233333333333333,6.6000000000000005,-0.6179163378095706
174104,0.5535954941151763,0,1,1,1,1,1,9.8,9.8,9.8,0.5535954941151763
174107,0.7527679454995123,0,1,1,1,1,1,10.0,10.0,10.0,0.7527679454995123
174109,-0.67077469715459,0,4,4,4,3,3,8.3,6.966666666666667,6.2250000000000005,-0.67077469715459
174111,0.2933905077953967,0,1,1,1,1,1,8.2,8.2,8.2,0.2933905077953967
174117,0.5874857883111833,0,4,4,3,4,2,9.6,9.6,9.6,0.5874857883111833
174127,0.513521636006682,0,1,1,1,1,1,9.7,9.7,9.7,0.513521636006682
174129,0.8080732919237624,0,3,3,3,3,2,9.299999999999999,9.299999999999999,9.299999999999999,0.8080732919237624
174131,-0.0353358826030963,0,1,1,1,1,1,8.3,8.3,8.3,-0.0353358826030963
174132,0.42886973428314684,0,1,1,1,1,1,8.9,8.9,8.9,0.42886973428314684
174136,-0.625953610417516,0,3,3,3,3,1,5.3999999999999995,5.3999999999999995,5.3999999999999995,-0.625953610417516
174139,0.40526502863156544,0,4,4,3,4,2,9.7,9.7,9.7,0.40526502863156544
174142,0.8875573584372611,0,1,1,1,1,1,10.0,10.0,10.0,0.8875573584372611
174143,0.4356813480828721,0,4,4,3,4,2,9.525,9.525,9.525,0.4356813480828721
174145,-2.2967079110905795,0,1,1,1,1,1,0.0,0.0,0.0,-2.2967079110905795
174146,-1.0874679286302766,0,3,3,3,3,2,9.6,5.133333333333333,4.666666666666667,-1.0874679286302766
174147,-0.6326016888163063,0,2,2,2,2,2,8.4,6.65,5.65,-0.6326016888163063
174151,0.7765520588440421,0,4,4,2,4,2,9.275,9.275,9.275,0.7765520588440421
174154,0.153676260996937,0,4,4,3,4,2,8.875,8.875,8.875,0.153676260996937
174160,0.48350659349609554,0,1,1,1,1,1,8.4,8.4,8.4,0.48350659349609554
174162,0.41948427025130464,0,3,3,3,3,2,9.066666666666668,9.066666666666668,9.066666666666668,0.41948427025130464
174165,0.7126079612996165,0,1,1,1,1,1,9.7,9.7,9.7,0.7126079612996165
174167,-1.70793261114712,0,1,1,1,1,1,4.2,4.2,4.2,-1.70793261114712
174174,0.45821982684566215,0,3,3,3,3,1,9.466666666666667,9.466666666666667,9.466666666666667,0.45821982684566215
174175,0.5908474452243607,0,4,4,4,4,2,9.575,9.575,9.575,0.5908474452243607
174176,0.5535954941151763,0,1,1,1,1,1,9.8,9.8,9.8,0.5535954941151763
174181,-0.4565814990442819,0,4,4,3,3,3,9.0,8.1,7.7,-0.4565814990442819
174186,-0.25038425378111256,0,1,1,1,1,1,5.3,5.3,5.3,-0.25038425378111256
174191,0.06346945330441858,0,5,5,5,4,3,8.675,7.805,7.040000000000001,0.06346945330441858
174193,0.15506242753629804,0,1,1,1,1,1,7.8,7.8,7.8,0.15506242753629804
174194,0.8103119591827219,0,1,1,1,1,1,9.6,9.6,9.6,0.8103119591827219
174203,0.8094753172567881,0,4,4,4,4,2,9.7,9.7,9.7,0.8094753172567881
174207,0.6726062602887863,0,1,1,1,1,1,9.5,9.5,9.5,0.6726062602887863
174208,-2.1820428104444463,0,1,1,1,1,1,0.0,0.0,0.0,-2.1820428104444463
174210,0.5928575858963944,0,1,1,1,1,1,9.9,9.9,9.9,0.5928575858963944
174213,-1.4139268262253792,0,1,1,1,1,1,3.2,3.2,3.2,-1.4139268262253792
174215,0.11713583313175492,0,4,4,3,4,2,9.025,9.025,9.025,0.11713583313175492
174216,-1.795545025312403,0,1,1,1,1,1,,1.9333333333333333,2.1,-1.795545025312403
174218,0.11056900079267258,0,1,1,1,1,1,8.0,8.0,8.0,0.11056900079267258
174219,0.4494287186699648,0,1,1,1,1,1,9.3,9.3,9.3,0.4494287186699648
174220,0.3887178300239821,0,1,1,1,1,1,8.9,8.9,8.9,0.3887178300239821
174223,0.31309954872776163,0,3,3,3,3,2,9.366666666666667,9.366666666666667,9.366666666666667,0.31309954872776163
174226,-0.5720651667222577,0,1,1,1,1,1,,5.366666666666667,6.1,-0.5720651667222577
174229,0.5483694153336784,0,4,4,4,4,2,9.775,9.775,9.775,0.5483694153336784
174236,0.17558245494417946,0,3,3,3,3,2,9.266666666666666,9.266666666666666,9.266666666666666,0.17558245494417946
174237,0.054170232551735066,0,1,1,1,1,1,8.1,8.1,8.1,0.054170232551735066
174239,-0.5687266622034279,0,1,1,1,1,1,,5.1899999999999995,6.7,-0.5687266622034279
174243,-0.9384279159344197,0,1,1,1,1,1,5.6,5.6,5.6,-0.9384279159344197
174246,1.6054980565470325,0,1,1,1,1,1,9.6,9.6,9.6,1.6054980565470325
174251,0.5787628016927107,0,1,1,1,1,1,9.4,9.4,9.4,0.5787628016927107
174256,-0.16511659465393858,0,2,2,2,2,2,5.75,5.75,5.75,-0.16511659465393858
174257,-2.28168267764719,0,1,1,1,1,1,,,3.7,-2.28168267764719
174263,0.18206304788456668,0,1,1,1,1,1,8.3,8.3,8.3,0.18206304788456668
174267,0.6299729929957658,0,2,2,2,2,2,9.45,9.45,9.45,0.6299729929957658
174269,0.6406749819337798,0,1,1,1,1,1,9.8,9.8,9.8,0.6406749819337798
174270,0.462911465444707,0,3,3,3,3,2,9.4,9.4,9.4,0.462911465444707
174272,0.5939957890530998,0,2,2,2,2,2,9.75,9.75,9.75,0.5939957890530998
174273,-0.03778793836650532,0,2,2,2,1,2,9.4,7.045454545454546,7.9,-0.03778793836650532
174274,-1.3326168775953882,0,1,1,1,1,1,,2.375,3.0,-1.3326168775953882
174278,-1.0739020360545386,0,3,3,3,3,2,9.5,6.161904761904762,6.133333333333333,-1.0739020360545386
174281,0.4358092187715215,0,1,1,1,1,1,9.5,9.5,9.5,0.4358092187715215
174282,0.27876085164664866,0,1,1,1,1,1,9.1,9.1,9.1,0.27876085164664866
174283,0.4494287186699648,0,1,1,1,1,1,9.3,9.3,9.3,0.4494287186699648
174286,0.7089664377704199,0,1,1,1,1,1,10.0,10.0,10.0,0.7089664377704199
174288,-0.9834990885509435,0,7,7,6,4,3,6.4,5.908809523809524,5.685714285714286,-0.9834990885509435
174290,-1.4062946638521818,0,5,5,5,3,3,3.15,3.3466666666666667,3.02,-1.4062946638521818
174293,0.6795639359469405,0,1,1,1,1,1,9.8,9.8,9.8,0.6795639359469405
174294,0.32729480888633683,0,4,4,4,3,3,9.533333333333333,8.066666666666666,8.725,0.32729480888633683
174298,0.01732546767997741,0,3,3,3,3,2,9.033333333333333,9.033333333333333,9.033333333333333,0.01732546767997741
174304,0.9058398712415378,0,1,1,1,1,1,10.0,10.0,10.0,0.9058398712415378
174306,0.9417138164907306,0,3,3,3,3,2,9.733333333333333,9.733333333333333,9.733333333333333,0.9417138164907306
174307,-1.2335383980516073,0,1,1,1,1,1,4.9,4.9,4.9,-1.2335383980516073
174313,-0.09634946818425902,0,1,1,1,1,1,,6.225,7.3,-0.09634946818425902
174329,0.16121482648783925,0,3,3,3,2,2,8.5,7.033333333333334,7.466666666666666,0.16121482648783925
174334,-0.8892541740397137,0,2,2,2,1,2,8.8,6.883333333333334,4.65,-0.8892541740397137
174336,0.6242630757169346,0,3,3,3,3,2,9.866666666666667,9.866666666666667,9.866666666666667,0.6242630757169346
174341,1.0316222586850459,0,1,1,1,1,1,8.7,8.7,8.7,1.0316222586850459
174342,0.5792798986939279,0,5,5,5,5,2,9.36,9.36,9.36,0.5792798986939279
174348,0.47507131055273955,0,1,1,1,1,1,9.6,9.6,9.6,0.47507131055273955
174359,0.18206304788456668,0,1,1,1,1,1,8.3,8.3,8.3,0.18206304788456668
174362,0.5596950133100832,0,3,3,2,3,2,9.166666666666666,9.166666666666666,9.166666666666666,0.5596950133100832
174365,-0.8381581700810172,0,1,1,1,1,1,,4.45,6.5,-0.8381581700810172
174366,0.7944745232916065,0,1,1,1,1,1,9.8,9.8,9.8,0.7944745232916065
174368,-0.03784060596499034,0,1,1,1,1,1,8.5,8.5,8.5,-0.03784060596499034
174370,-0.20534916092184047,0,5,5,5,4,3,8.525,8.004999999999999,8.120000000000001,-0.20534916092184047
174374,0.873397985880591,0,1,1,1,1,1,8.2,8.2,8.2,0.873397985880591
174378,-1.6098041587818739,0,1,1,1,1,1,,4.1,0.0,-1.6098041587818739
174384,-0.9030320814930138,0,3,3,3,3,2,3.3000000000000003,3.3000000000000003,3.3000000000000003,-0.9030320814930138
174385,-1.4477845400498868,0,1,1,1,1,1,,,5.550000000000001,-1.4477845400498868
174394,-0.43285621303068195,0,1,1,1,1,1,,5.366666666666666,7.0,-0.43285621303068195
174395,0.582087397067306,0,1,1,1,1,1,9.4,9.4,9.4,0.582087397067306
174400,-2.7133252152550886,0,1,1,1,1,1,1.8,1.8,1.8,-2.7133252152550886
174405,0.12778612478404067,0,4,4,4,4,3,8.675,8.675,8.675,0.12778612478404067
174406,0.4134796541488576,0,5,5,5,5,3,9.22,9.22,9.22,0.4134796541488576
174407,-0.1392940828751206,0,3,3,3,3,2,9.133333333333333,9.133333333333333,9.133333333333333,-0.1392940828751206
174408,0.9058398712415378,0,1,1,1,1,1,10.0,10.0,10.0,0.9058398712415378
174409,0.22849537965714903,0,3,3,3,3,2,9.433333333333334,9.433333333333334,9.433333333333334,0.22849537965714903
174412,0.3413635564135216,0,1,1,1,1,1,7.8,7.8,7.8,0.3413635564135216
174415,0.43113634632349696,0,3,3,3,3,2,9.6,9.6,9.6,0.43113634632349696
174416,0.45463925571496516,0,1,1,1,1,1,9.7,9.7,9.7,0.45463925571496516
174417,0.6684952859419545,0,1,1,1,1,1,8.9,8.9,8.9,0.6684952859419545
174421,0.8174754804537331,0,5,5,5,4,3,8.66,8.66,8.66,0.8174754804537331
174425,0.46023966119428245,0,3,3,3,3,2,9.666666666666666,9.666666666666666,9.666666666666666,0.46023966119428245
174427,-1.795545025312403,0,1,1,1,1,1,,1.9333333333333333,2.1,-1.795545025312403
174428,0.4222626976483526,0,3,3,3,3,2,8.966666666666667,8.966666666666667,8.966666666666667,0.4222626976483526
174431,0.003810876703881494,0,5,5,4,4,3,9.466666666666667,7.330909090909091,6.88,0.003810876703881494
174433,-0.11794826002402373,0,1,1,1,1,1,,3.672727272727272,7.0,-0.11794826002402373
174440,0.2770170683129235,0,1,1,1,1,1,8.4,8.4,8.4,0.2770170683129235
174442,0.005313760884146626,0,2,2,2,2,2,8.8,8.8,8.8,0.005313760884146626
174446,0.6023798901842896,0,1,1,1,1,1,8.6,8.6,8.6,0.6023798901842896
174447,0.3899746520136038,0,5,5,4,5,3,9.7,9.7,9.7,0.3899746520136038
174455,0.2758901930582091,0,5,5,5,4,3,8.75,7.82,8.08,0.2758901930582091
174460,0.4742106440811905,0,1,1,1,1,1,9.4,9.4,9.4,0.4742106440811905
174462,0.4742106440811905,0,1,1,1,1,1,9.4,9.4,9.4,0.4742106440811905
174463,0.6399133975420457,0,1,1,1,1,1,10.0,10.0,10.0,0.6399133975420457
174464,-0.9353100522955454,0,6,6,6,3,4,5.96,5.3625,5.3,-0.9353100522955454
174466,-1.6807627053423435,0,1,1,1,1,1,1.7,1.7,1.7,-1.6807627053423435
174467,0.7326669897476843,0,4,4,4,4,2,9.55,9.55,9.55,0.7326669897476843
174468,0.20239939443524485,0,1,1,1,1,1,8.9,8.9,8.9,0.20239939443524485
174470,0.31206154225709987,0,6,6,5,5,3,9.74,8.8375,8.416666666666666,0.31206154225709987
174471,-0.8696398191243315,0,8,8,6,4,3,5.385714285714286,5.358653846153846,4.7125,-0.8696398191243315
174473,0.3007989336002871,0,1,1,1,1,1,8.9,8.9,8.9,0.3007989336002871
174482,-2.2324626768331783,0,1,1,1,1,1,,6.8,6.8,-2.2324626768331783
174484,-0.5138028242621373,0,1,1,1,1,1,,5.425,6.8,-0.5138028242621373
174485,0.5913607516202402,0,1,1,1,1,1,9.3,9.3,9.3,0.5913607516202402
174488,0.6800076890606959,0,3,3,3,3,2,9.933333333333334,9.933333333333334,9.933333333333334,0.6800076890606959
174489,-0.2809043019837551,0,5,5,4,4,3,9.4,6.325714285714286,5.64,-0.2809043019837551
174491,-0.06747604466820366,0,1,1,1,1,1,7.8,7.8,7.8,-0.06747604466820366
174497,0.5140603704975991,0,1,1,1,1,1,9.1,9.1,9.1,0.5140603704975991
174498,0.6696271861074788,0,1,1,1,1,1,9.6,9.6,9.6,0.6696271861074788
174499,0.140563382557937,0,1,1,1,1,1,8.2,8.2,8.2,0.140563382557937
174502,-0.4410041930222503,0,3,3,3,2,3,8.15,7.011111111111112,6.566666666666667,-0.4410041930222503
174503,0.5308905146127679,0,1,1,1,1,1,9.7,9.7,9.7,0.5308905146127679
174506,-0.32435771506606603,0,1,1,1,1,1,6.3,6.3,6.3,-0.32435771506606603
174508,0.4470967538387687,0,2,2,2,2,2,8.75,8.75,8.75,0.4470967538387687
174509,-0.5153278138458085,0,1,1,1,1,1,,2.0,6.0,-0.5153278138458085
174510,-3.7324894345787363,0,1,1,1,1,1,,5.24,0.0,-3.7324894345787363
174511,-1.1030955876476045,0,5,5,4,4,4,7.3,6.201212121212121,4.9799999999999995,-1.1030955876476045
174512,0.7210348728056336,0,1,1,1,1,1,9.5,9.5,9.5,0.7210348728056336
174514,0.6399133975420457,0,1,1,1,1,1,10.0,10.0,10.0,0.6399133975420457
174516,-1.6098041587818739,0,1,1,1,1,1,0.0,0.0,0.0,-1.6098041587818739
174520,0.7578622820805222,0,3,3,3,3,2,9.866666666666667,9.866666666666667,9.866666666666667,0.7578622820805222
174521,-0.8169779757861969,0,2,2,2,1,1,10.0,7.58,6.4,-0.8169779757861969
174523,-1.6529432038232805,0,1,1,1,1,1,,3.7,0.0,-1.6529432038232805
174525,0.4742106440811905,0,1,1,1,1,1,9.4,9.4,9.4,0.4742106440811905
174526,0.5888187644154287,0,1,1,1,1,1,9.4,9.4,9.4,0.5888187644154287
174527,0.09912706839777004,0,4,4,4,4,2,8.95,8.95,8.95,0.09912706839777004
174528,0.18513320827750726,0,1,1,1,1,1,8.3,8.3,8.3,0.18513320827750726
174530,0.3465067072148013,0,3,3,3,3,2,9.633333333333333,9.633333333333333,9.633333333333333,0.3465067072148013
174534,0.16097457630299458,0,1,1,1,1,1,8.8,8.8,8.8,0.16097457630299458
174535,0.0824503927405578,0,1,1,1,1,1,8.6,8.6,8.6,0.0824503927405578
174541,-0.2063732838813442,0,3,3,3,3,2,9.8,9.033333333333333,7.766666666666667,-0.2063732838813442
174542,-1.4247846613154223,0,1,1,1,1,1,4.4,4.4,4.4,-1.4247846613154223
174543,0.8463838369854044,0,1,1,1,1,1,9.5,9.5,9.5,0.8463838369854044
174545,0.33699796672317717,0,1,1,1,1,1,8.6,8.6,8.6,0.33699796672317717
174550,-1.6529432038232805,0,1,1,1,1,1,,3.7,0.0,-1.6529432038232805
174555,-1.5648485702577979,0,1,1,1,1,1,,,2.9600000000000004,-1.5648485702577979
174562,-1.795545025312403,0,1,1,1,1,1,,1.9333333333333333,2.1,-1.795545025312403
174567,0.1531808939650809,0,1,1,1,1,1,8.0,8.0,8.0,0.1531808939650809
174577,0.40773211342752186,0,1,1,1,1,1,9.4,9.4,9.4,0.40773211342752186
174585,0.639969941992547,0,4,4,4,4,2,9.975,9.975,9.975,0.639969941992547
174592,0.8349889367231551,0,3,3,3,3,2,9.966666666666667,9.966666666666667,9.966666666666667,0.8349889367231551
174594,0.6433597546533378,0,1,1,1,1,1,9.6,9.6,9.6,0.6433597546533378
174595,-0.6782024951381386,0,1,1,1,1,1,5.1,5.1,5.1,-0.6782024951381386
174600,-0.053136856708528954,0,4,4,4,3,3,8.0,7.175,6.175,-0.053136856708528954
174612,0.6222608037737085,0,1,1,1,1,1,9.5,9.5,9.5,0.6222608037737085
174616,0.35321954358031526,0,2,2,2,2,2,8.35,8.35,8.35,0.35321954358031526
174617,-0.1851735723163283,0,2,2,2,2,2,9.3,7.1,7.1000000000000005,-0.1851735723163283
174618,0.6142217227925553,0,5,5,3,5,3,9.28,9.28,9.28,0.6142217227925553
174622,-1.652909077012526,0,3,3,3,3,2,9.8,6.691666666666666,6.866666666666667,-1.652909077012526
174625,0.5663146651156162,0,4,4,2,4,2,9.925,9.925,9.925,0.5663146651156162
174626,-0.34340144559636643,0,4,4,3,3,3,9.666666666666666,8.608333333333334,7.575,-0.34340144559636643
174627,0.41720111953728695,0,1,1,1,1,1,9.3,9.3,9.3,0.41720111953728695
174629,-0.29039913114622,0,1,1,1,1,1,7.7,7.7,7.7,-0.29039913114622
174631,0.33107382572700855,0,3,3,3,3,2,9.366666666666667,9.366666666666667,9.366666666666667,0.33107382572700855
174633,0.015534218119098032,0,4,4,4,3,3,8.075,8.075,8.075,0.015534218119098032
174637,0.04092990428124746,0,2,2,2,1,1,8.55,8.55,8.55,0.04092990428124746
174639,0.77314925291067,0,4,4,4,4,2,8.8,8.8,8.8,0.77314925291067
174642,0.05037661265501167,0,2,2,2,2,2,8.45,8.45,8.45,0.05037661265501167
174647,-0.6840925187835937,0,5,5,5,3,3,7.4,6.959999999999999,6.5,-0.6840925187835937
174649,0.2086027045082771,0,2,2,2,2,2,8.55,8.55,8.55,0.2086027045082771
174652,-1.561979066687039,0,1,1,1,1,1,,0.9,1.8,-1.561979066687039
174653,-0.013259767296787378,0,4,4,4,4,2,9.633333333333333,8.339285714285714,7.375,-0.013259767296787378
174654,0.2902728378871901,0,1,1,1,1,1,8.4,8.4,8.4,0.2902728378871901
174655,-1.0035328549887246,0,7,7,7,3,4,4.05,4.46047619047619,4.2,-1.0035328549887246
174657,0.9557591892151327,0,1,1,1,1,1,9.4,9.4,9.4,0.9557591892151327
174660,-0.6097577485370823,0,2,2,2,2,2,7.8,7.8,7.8,-0.6097577485370823
174662,0.6696211880011956,0,3,3,3,3,2,9.9,9.9,9.9,0.6696211880011956
174664,0.8167546378657976,0,1,1,1,1,1,10.0,10.0,10.0,0.8167546378657976
174666,0.35101590001824146,0,4,4,3,4,2,9.55,9.55,9.55,0.35101590001824146
174667,0.8846221572086418,0,2,2,2,2,2,9.85,9.85,9.85,0.8846221572086418
174668,0.8346141792703762,0,1,1,1,1,1,9.4,9.4,9.4,0.8346141792703762
174672,-2.026910276851354,0,1,1,1,1,1,3.5,3.5,3.5,-2.026910276851354
174675,0.5880232003288889,0,4,4,4,4,2,9.725,9.725,9.725,0.5880232003288889
174681,0.3933866962630997,0,4,4,4,4,2,9.375,9.375,9.375,0.3933866962630997
174682,0.3480617091910825,0,1,1,1,1,1,8.7,8.7,8.7,0.3480617091910825
174684,-0.1591508782708691,0,5,5,5,4,3,8.833333333333334,6.877142857142857,6.419999999999999,-0.1591508782708691
174685,-0.34699067643419723,0,5,5,4,4,3,9.525,8.706666666666667,7.880000000000001,-0.34699067643419723
174686,-2.2977134094762044,0,1,1,1,1,1,,1.3333333333333333,0.0,-2.2977134094762044
174689,-1.2683089710010298,0,5,5,5,5,2,9.299999999999999,8.75,7.37,-1.2683089710010298
174690,-1.6468101805598336,0,1,1,1,1,1,,5.916666666666668,3.2,-1.6468101805598336
174695,0.14229886562408647,0,3,3,3,2,2,9.55,8.441666666666666,8.799999999999999,0.14229886562408647
174697,0.31211126160007585,0,3,3,3,3,2,8.866666666666667,8.866666666666667,8.866666666666667,0.31211126160007585
174699,0.33918120527110807,0,4,4,3,4,2,9.225,9.225,9.225,0.33918120527110807
174702,-2.2967079110905795,0,1,1,1,1,1,,2.0,0.0,-2.2967079110905795
174703,0.8197319312614237,0,1,1,1,1,1,9.4,9.4,9.4,0.8197319312614237
174704,-2.4429453655648516,0,1,1,1,1,1,,1.9333333333333333,0.0,-2.4429453655648516
174706,-2.6116635905651533,0,1,1,1,1,1,1.9,1.9,1.9,-2.6116635905651533
174708,0.8503419362629314,0,3,3,2,3,2,9.966666666666667,9.966666666666667,9.966666666666667,0.8503419362629314
174711,-1.710456076681104,0,1,1,1,1,1,1.4,1.4,1.4,-1.710456076681104
174715,0.012586124777760055,0,4,4,4,4,2,8.75,8.75,8.75,0.012586124777760055
174716,-1.1238653304479307,0,2,2,2,2,2,9.7,5.699999999999999,5.699999999999999,-1.1238653304479307
174717,0.6563833559440487,0,2,2,2,2,2,9.45,9.45,9.45,0.6563833559440487
174718,0.009229382373982492,0,4,4,4,3,3,8.633333333333333,7.216666666666667,8.174999999999999,0.009229382373982492
174724,-0.999541651895237,0,4,4,4,3,3,4.733333333333333,4.6,4.525,-0.999541651895237
174725,0.44794886663398126,0,2,2,2,1,2,9.5,6.8,8.25,0.44794886663398126
174727,0.5713603902866177,0,3,3,3,3,2,9.066666666666668,9.066666666666668,9.066666666666668,0.5713603902866177
174728,0.678202495138139,0,1,1,1,1,1,9.7,9.7,9.7,0.678202495138139
174730,0.18940506250013875,0,3,3,3,3,3,8.95,6.933333333333334,7.633333333333333,0.18940506250013875
174733,-2.0802394021776696,0,1,1,1,1,1,,0.9,0.0,-2.0802394021776696
174734,-2.439764499445455,0,1,1,1,1,1,3.2,3.2,3.2,-2.439764499445455
174735,0.16836664056666412,0,2,2,2,2,2,8.9,8.9,8.9,0.16836664056666412
174739,-2.1820428104444463,0,1,1,1,1,1,,3.672727272727272,0.0,-2.1820428104444463
174743,0.21767141976483928,0,1,1,1,1,1,9.3,9.3,9.3,0.21767141976483928
174750,0.3676341455161931,0,1,1,1,1,1,8.7,8.7,8.7,0.3676341455161931
174755,0.3403144324440826,0,1,1,1,1,1,9.5,9.5,9.5,0.3403144324440826
174757,-1.427075309701091,0,1,1,1,1,1,2.2,2.2,2.2,-1.427075309701091
174758,1.332034887669655,0,1,1,1,1,1,9.7,9.7,9.7,1.332034887669655
174762,0.5067487278421948,0,3,3,3,3,2,9.166666666666666,9.166666666666666,9.166666666666666,0.5067487278421948
174766,0.44829219266111703,0,3,3,3,3,2,9.533333333333333,9.533333333333333,9.533333333333333,0.44829219266111703
174770,0.43560247352842524,0,1,1,1,1,1,9.6,9.6,9.6,0.43560247352842524
174772,-0.4071484004338866,0,3,3,3,2,2,7.05,6.76111111111111,6.266666666666667,-0.4071484004338866
174773,0.9156742538119824,0,4,4,3,4,2,9.7,9.7,9.7,0.9156742538119824
174774,0.4869851316156351,0,1,1,1,1,1,9.8,9.8,9.8,0.4869851316156351
174775,-2.4556969503537145,0,1,1,1,1,1,,6.55,5.6,-2.4556969503537145
174776,0.38511097343009926,0,1,1,1,1,1,9.7,9.7,9.7,0.38511097343009926
174782,0.41516232853512997,0,1,1,1,1,1,10.0,10.0,10.0,0.41516232853512997
174783,0.492506861448661,0,4,4,4,4,2,9.175,9.175,9.175,0.492506861448661
174787,0.760451595149394,0,3,3,3,3,2,10.0,10.0,10.0,0.760451595149394
174789,-0.24933258734776478,0,1,1,1,1,1,7.8,7.8,7.8,-0.24933258734776478
174790,-0.8951743257337827,0,7,7,6,3,4,2.15,2.414285714285714,2.9857142857142853,-0.8951743257337827
174793,-0.901515984011403,0,1,1,1,1,1,,1.9333333333333333,5.0,-0.901515984011403
174795,0.5807198529169146,0,1,1,1,1,1,10.0,10.0,10.0,0.5807198529169146
174796,0.2022757502563733,0,2,2,2,2,2,9.1,9.1,9.1,0.2022757502563733
174798,0.2991966951943688,0,4,4,4,4,2,8.775,8.775,8.775,0.2991966951943688
174799,0.9539316050465328,0,3,3,2,3,2,9.833333333333334,9.833333333333334,9.833333333333334,0.9539316050465328
174801,-2.0935816154264284,0,1,1,1,1,1,0.3,0.3,0.3,-2.0935816154264284
174805,0.4928279290493985,0,1,1,1,1,1,9.1,9.1,9.1,0.4928279290493985
174808,0.3458880612960584,0,3,3,3,3,2,9.200000000000001,9.200000000000001,9.200000000000001,0.3458880612960584
174810,0.09539535337113081,0,4,4,4,4,2,8.325,8.325,8.325,0.09539535337113081
174812,-0.7573084268518557,0,2,2,2,2,2,7.9,5.783333333333333,3.95,-0.7573084268518557
174813,0.0992521046896571,0,1,1,1,1,1,8.0,8.0,8.0,0.0992521046896571
174814,0.48485845117545634,0,4,4,3,4,3,9.525,9.525,9.525,0.48485845117545634
174816,-1.543994638947143,0,1,1,1,1,1,,2.6333333333333333,2.8,-1.543994638947143
174820,0.6321196776776123,0,1,1,1,1,1,10.0,10.0,10.0,0.6321196776776123
174821,0.07211879893091577,0,4,4,4,3,3,9.066666666666666,9.066666666666666,7.725,0.07211879893091577
174829,0.16904617809219502,0,4,4,4,4,2,8.925,8.925,8.925,0.16904617809219502
174831,0.678363000391539,0,1,1,1,1,1,9.3,9.3,9.3,0.678363000391539
174834,-1.0049206022137211,0,8,8,8,3,4,4.5375,4.5375,4.5375,-1.0049206022137211
174839,0.4607260011443541,0,4,4,4,4,2,8.575,8.575,8.575,0.4607260011443541
174842,0.1436933455954735,0,1,1,1,1,1,8.1,8.1,8.1,0.1436933455954735
174849,-0.09206762300152388,0,2,2,2,2,2,9.1,8.092857142857143,8.05,-0.09206762300152388
174853,0.3214583092187399,0,1,1,1,1,1,8.5,8.5,8.5,0.3214583092187399
174861,-0.6396671743827262,0,3,3,3,2,2,9.0,6.566666666666666,6.566666666666666,-0.6396671743827262
174863,-0.04079991317100315,0,2,2,2,2,2,8.4,8.4,8.4,-0.04079991317100315
174865,0.626231238717845,0,1,1,1,1,1,9.4,9.4,9.4,0.626231238717845
174867,0.5928575858963944,0,1,1,1,1,1,9.9,9.9,9.9,0.5928575858963944
174868,0.5143334023339576,0,1,1,1,1,1,9.7,9.7,9.7,0.5143334023339576
174883,0.5913607516202402,0,1,1,1,1,1,9.3,9.3,9.3,0.5913607516202402
174891,0.39175770803659304,0,3,3,3,3,2,9.200000000000001,9.200000000000001,9.200000000000001,0.39175770803659304
174893,-1.6529432038232805,0,1,1,1,1,1,0.0,0.0,0.0,-1.6529432038232805
174896,0.41053296140179485,0,4,4,3,4,2,9.6,9.6,9.6,0.41053296140179485
174897,0.1888407218674309,0,4,4,4,4,2,9.025,9.025,9.025,0.1888407218674309
174898,0.27269185216135056,0,1,1,1,1,1,8.8,8.8,8.8,0.27269185216135056
174902,0.30480400610830793,0,4,4,4,4,2,8.225,8.225,8.225,0.30480400610830793
174910,0.5316255179299557,0,1,1,1,1,1,8.3,8.3,8.3,0.5316255179299557
174912,-1.7030592624191965,0,1,1,1,1,1,2.4,2.4,2.4,-1.7030592624191965
174922,-0.12410919178919508,0,5,5,5,3,3,8.525,7.650909090909091,6.82,-0.12410919178919508
174924,0.03321727289957129,0,3,3,3,3,2,7.966666666666666,7.966666666666666,7.966666666666666,0.03321727289957129
174925,0.5143534091570985,0,3,3,3,3,2,9.333333333333334,9.333333333333334,9.333333333333334,0.5143534091570985
174927,-0.9807108681461727,0,4,4,4,4,3,9.1,5.9035714285714285,5.425,-0.9807108681461727
174930,-1.7406942928465807,0,1,1,1,1,1,1.3,1.3,1.3,-1.7406942928465807
174935,0.44125311486042335,0,3,3,3,3,2,9.633333333333333,9.633333333333333,9.633333333333333,0.44125311486042335
174937,0.1531808939650809,0,1,1,1,1,1,8.0,8.0,8.0,0.1531808939650809
174938,-1.6529432038232805,0,1,1,1,1,1,,3.7,0.0,-1.6529432038232805
174939,-1.3567297947225252,0,1,1,1,1,1,4.1,4.1,4.1,-1.3567297947225252
174940,0.38863191314645607,0,4,4,4,4,2,9.275,9.275,9.275,0.38863191314645607
174941,0.42411328412456306,0,1,1,1,1,1,9.3,9.3,9.3,0.42411328412456306
174943,-0.9547667082294468,0,1,1,1,1,1,2.4,2.4,2.4,-0.9547667082294468
174951,-0.3451867742998929,0,4,4,4,3,3,8.333333333333334,7.3,7.225,-0.3451867742998929
174953,0.40483709317940053,0,3,3,3,3,2,9.7,8.1,8.666666666666666,0.40483709317940053
174955,0.8166318564310998,0,3,3,3,3,2,9.666666666666666,9.666666666666666,9.666666666666666,0.8166318564310998
174956,-1.4234262570210703,0,3,3,3,3,2,4.2,4.2,4.2,-1.4234262570210703
174965,0.2599010443115881,0,2,2,2,2,2,8.25,8.25,8.25,0.2599010443115881
174967,0.8460576931106322,0,1,1,1,1,1,9.9,9.9,9.9,0.8460576931106322
174969,1.0700615337602641,0,2,2,1,2,2,9.95,9.95,9.95,1.0700615337602641
174973,-2.7133252152550886,0,1,1,1,1,1,,2.05,1.8,-2.7133252152550886
174987,0.48344407520664945,0,4,4,4,4,2,8.925,8.925,8.925,0.48344407520664945
174999,0.44894230743119373,0,2,2,2,2,2,9.75,9.75,9.75,0.44894230743119373
175001,-3.179409843572391,0,1,1,1,1,1,,4.725,0.2,-3.179409843572391
175008,-2.157158339604384,0,1,1,1,1,1,0.0,0.0,0.0,-2.157158339604384
175009,-2.0084955257732506,0,1,1,1,1,1,,5.16,2.9,-2.0084955257732506
175016,0.7538517689573326,0,1,1,1,1,1,9.7,9.7,9.7,0.7538517689573326
175021,-0.1398488263966793,0,1,1,1,1,1,7.5,7.5,7.5,-0.1398488263966793
175022,0.3403144324440826,0,1,1,1,1,1,9.5,9.5,9.5,0.3403144324440826
175029,-0.056476189477881786,0,5,5,5,4,3,8.26,8.26,8.26,-0.056476189477881786
175030,-0.1398488263966793,0,1,1,1,1,1,7.5,7.5,7.5,-0.1398488263966793
175032,0.38682231279117407,0,2,2,2,2,2,9.2,9.2,9.2,0.38682231279117407
175034,-1.4708957530878877,0,3,3,3,1,2,5.449999999999999,5.694444444444444,3.633333333333333,-1.4708957530878877
175035,0.14877571305689496,0,4,4,3,4,2,8.925,8.925,8.925,0.14877571305689496
175036,-0.37372200929242105,0,1,1,1,1,1,7.1,7.1,7.1,-0.37372200929242105
175038,0.06400665256483369,0,3,3,3,3,2,9.200000000000001,9.200000000000001,9.200000000000001,0.06400665256483369
175039,0.6319835059545132,0,1,1,1,1,1,9.4,9.4,9.4,0.6319835059545132
175043,0.37641444880963754,0,1,1,1,1,1,9.3,9.3,9.3,0.37641444880963754
175044,-1.1778175678005849,0,2,2,2,1,2,9.4,5.366666666666667,4.7,-1.1778175678005849
175046,0.4101596325721451,0,1,1,1,1,1,9.0,9.0,9.0,0.4101596325721451
175051,-2.157158339604384,0,1,1,1,1,1,0.0,0.0,0.0,-2.157158339604384
175052,0.7538517689573326,0,1,1,1,1,1,9.7,9.7,9.7,0.7538517689573326
175057,0.010901195853331916,0,3,3,3,1,2,8.1,7.0555555555555545,7.8,0.010901195853331916
175060,-0.39776704810987373,0,2,2,2,1,2,9.1,5.81,6.6,-0.39776704810987373
175063,0.3752813540719431,0,4,4,4,3,3,8.225,8.225,8.225,0.3752813540719431
175070,-1.3832307670906008,0,1,1,1,1,1,,6.68,6.6,-1.3832307670906008
175078,-0.6166389458597463,0,5,5,5,4,3,7.95,7.225,6.720000000000001,-0.6166389458597463
175092,0.7321920836837219,0,1,1,1,1,1,9.8,9.8,9.8,0.7321920836837219
175095,-0.46370237281200516,0,1,1,1,1,1,8.2,8.2,8.2,-0.46370237281200516
175102,0.30549772270657677,0,3,3,3,3,2,9.466666666666667,9.466666666666667,9.466666666666667,0.30549772270657677
175104,-1.2790621779734266,0,4,4,3,3,3,7.433333333333334,7.433333333333334,6.808333333333334,-1.2790621779734266
175107,0.22542319270894395,0,3,3,3,3,2,9.233333333333333,9.233333333333333,9.233333333333333,0.22542319270894395
175108,-2.2977134094762044,0,1,1,1,1,1,0.0,0.0,0.0,-2.2977134094762044
175109,-0.1445307481175526,0,1,1,1,1,1,,3.7,5.7,-0.1445307481175526
175113,-1.8366472175711115,0,1,1,1,1,1,,2.6333333333333333,1.9,-1.8366472175711115
175114,0.7538517689573326,0,1,1,1,1,1,9.7,9.7,9.7,0.7538517689573326
175115,-0.13952654921501267,0,2,2,2,1,2,9.0,6.566666666666666,5.75,-0.13952654921501267
175123,-1.1194578299027285,0,1,1,1,1,1,,4.45,5.8,-1.1194578299027285
175124,0.4544603294533865,0,1,1,1,1,1,7.5,7.5,7.5,0.4544603294533865
175126,0.11902686362689087,0,4,4,4,4,2,9.0,9.0,9.0,0.11902686362689087
175129,0.05051681208399824,0,4,4,3,4,2,8.625,8.625,8.625,0.05051681208399824
175131,0.5539406169696944,0,3,3,3,3,2,9.700000000000001,9.700000000000001,9.700000000000001,0.5539406169696944
175133,-0.6215503556073995,0,1,1,1,1,1,6.5,6.5,6.5,-0.6215503556073995
175140,0.6507488589749697,0,4,4,4,4,2,9.75,9.75,9.75,0.6507488589749697
175141,-0.3505365144607913,0,1,1,1,1,1,6.6,6.6,6.6,-0.3505365144607913
175145,0.43664743862857985,0,4,4,4,4,2,9.375,9.375,9.375,0.43664743862857985
175146,0.6241895554896614,0,1,1,1,1,1,8.8,8.8,8.8,0.6241895554896614
175153,1.0321116785418187,0,1,1,1,1,1,10.0,10.0,10.0,1.0321116785418187
175154,-0.17131033521104091,0,3,3,3,3,2,8.85,7.833333333333333,7.5,-0.17131033521104091
175155,0.568750542358912,0,1,1,1,1,1,8.7,8.7,8.7,0.568750542358912
175162,-0.35349432857749163,0,2,2,2,2,2,8.8,6.725,5.4,-0.35349432857749163
175165,0.029326367969709322,0,5,5,5,4,3,8.379999999999999,8.379999999999999,8.379999999999999,0.029326367969709322
175176,-0.7994812603850524,0,1,1,1,1,1,,5.24,6.2,-0.7994812603850524
175180,0.09209175451589358,0,1,1,1,1,1,9.0,9.0,9.0,0.09209175451589358
175181,0.44994166285960474,0,3,3,3,3,2,9.066666666666666,9.066666666666666,9.066666666666666,0.44994166285960474
175182,0.31323253294159464,0,4,4,4,4,2,8.925,8.925,8.925,0.31323253294159464
175183,0.9346165431230559,0,1,1,1,1,1,10.0,10.0,10.0,0.9346165431230559
175185,-1.0522238796745322,0,8,8,7,4,4,7.6,5.566666666666666,5.6000000000000005,-1.0522238796745322
175187,-1.5654700732338702,0,3,3,3,2,3,6.3,5.6066666666666665,4.3999999999999995,-1.5654700732338702
175198,0.22884404130677197,0,3,3,3,3,3,8.966666666666667,8.966666666666667,8.966666666666667,0.22884404130677197
175202,0.40750831600480514,0,3,3,2,3,3,9.866666666666667,9.866666666666667,9.866666666666667,0.40750831600480514
175204,0.4561248649460566,0,3,3,3,3,2,8.866666666666667,8.866666666666667,8.866666666666667,0.4561248649460566
175205,0.5110622752754826,0,1,1,1,1,1,9.0,9.0,9.0,0.5110622752754826
175206,-0.3839911468314688,0,2,2,2,2,2,7.9,6.300000000000001,4.3,-0.3839911468314688
175211,0.3480617091910825,0,1,1,1,1,1,8.7,8.7,8.7,0.3480617091910825
175213,-0.05860331772813267,0,1,1,1,1,1,7.7,7.7,7.7,-0.05860331772813267
175217,-0.7326518437875412,0,4,4,4,3,2,8.433333333333334,7.9,7.9,-0.7326518437875412
175222,-0.20722207722849006,0,6,6,5,4,3,9.025,7.469166666666666,7.7,-0.20722207722849006
175226,-0.2919578023287771,0,2,2,2,2,2,8.2,8.2,8.2,-0.2919578023287771
175232,0.4132228774099207,0,3,3,3,3,2,9.066666666666666,9.066666666666666,9.066666666666666,0.4132228774099207
175234,-0.025794931231425643,0,5,5,3,4,3,8.725,8.164,8.14,-0.025794931231425643
175235,0.5349377783327012,0,5,5,4,5,2,9.72,9.72,9.72,0.5349377783327012
175238,-0.29748342313807236,0,2,2,1,1,2,6.699999999999999,6.699999999999999,6.699999999999999,-0.29748342313807236
175239,0.04401442538720048,0,3,3,3,3,3,8.433333333333334,8.433333333333334,8.433333333333334,0.04401442538720048
175241,0.415927821196828,0,3,3,3,3,3,9.133333333333333,9.133333333333333,9.133333333333333,0.415927821196828
175243,0.23723199310905427,0,6,6,6,4,3,8.5,7.445555555555555,7.866666666666667,0.23723199310905427
175248,0.5302657985040514,0,1,1,1,1,1,9.6,9.6,9.6,0.5302657985040514
175251,-1.2335383980516073,0,1,1,1,1,1,,3.685714285714286,4.9,-1.2335383980516073
175256,0.043183392498582086,0,3,3,3,3,2,8.533333333333333,8.533333333333333,8.533333333333333,0.043183392498582086
175260,0.6689454563933426,0,3,3,3,3,3,9.366666666666667,9.366666666666667,9.366666666666667,0.6689454563933426
175261,0.5101152429516931,0,1,1,1,1,1,9.1,9.1,9.1,0.5101152429516931
175262,0.5641764766282534,0,1,1,1,1,1,9.6,9.6,9.6,0.5641764766282534
175265,0.33830883011193924,0,1,1,1,1,1,8.4,8.4,8.4,0.33830883011193924
175272,0.6689778414801164,0,4,4,4,4,2,9.875,9.875,9.875,0.6689778414801164
175276,-3.274714724312148,0,1,1,1,1,1,,5.366666666666667,0.0,-3.274714724312148
175277,-1.3368718877183627,0,1,1,1,1,1,,4.1,1.0,-1.3368718877183627
175278,-0.4132362417580684,0,8,8,8,5,3,6.6000000000000005,6.2796875,6.0,-0.4132362417580684
175282,0.4289065031022256,0,1,1,1,1,1,8.9,8.9,8.9,0.4289065031022256
175283,0.34198864551843045,0,1,1,1,1,1,8.6,8.6,8.6,0.34198864551843045
175284,0.008698055842530972,0,4,4,3,3,3,8.533333333333333,7.583333333333334,7.225,0.008698055842530972
175286,-0.23293360538172475,0,1,1,1,1,1,,4.725,7.3,-0.23293360538172475
175287,0.7352682910323862,0,1,1,1,1,1,9.9,9.9,9.9,0.7352682910323862
175288,0.4781063924624381,0,1,1,1,1,1,9.5,9.5,9.5,0.4781063924624381
175296,-1.8535939302892994,0,2,2,2,1,2,2.15,2.15,2.15,-1.8535939302892994
175298,0.41979423110986347,0,1,1,1,1,1,10.0,10.0,10.0,0.41979423110986347
175300,-1.7831060962859806,0,8,8,7,3,4,2.675,2.675,2.675,-1.7831060962859806
175305,0.2650623785378246,0,1,1,1,1,1,8.5,8.5,8.5,0.2650623785378246
175310,0.3586558686314005,0,3,3,3,3,1,8.799999999999999,8.799999999999999,8.799999999999999,0.3586558686314005
175314,0.07710151218932777,0,3,3,3,3,2,9.066666666666666,9.066666666666666,9.066666666666666,0.07710151218932777
175315,-0.08137972029520579,0,3,3,3,3,2,8.299999999999999,8.299999999999999,8.299999999999999,-0.08137972029520579
175317,-1.6802178605156277,0,1,1,1,1,1,1.5,1.5,1.5,-1.6802178605156277
175323,0.833832490124021,0,3,3,2,3,2,10.0,10.0,10.0,0.833832490124021
175327,0.7171734872393055,0,1,1,1,1,1,10.0,10.0,10.0,0.7171734872393055
175328,0.5670522667346463,0,4,4,3,4,2,9.9,9.9,9.9,0.5670522667346463
175331,0.22402064903028981,0,2,2,2,2,2,8.649999999999999,8.649999999999999,8.649999999999999,0.22402064903028981
175333,-0.20418075854144663,0,1,1,1,1,1,7.5,7.5,7.5,-0.20418075854144663
175335,0.46949248861742,0,1,1,1,1,1,9.0,9.0,9.0,0.46949248861742
175336,0.4876779713227277,0,1,1,1,1,1,9.4,9.4,9.4,0.4876779713227277
175339,0.18862990242032796,0,4,4,4,4,2,8.925,8.925,8.925,0.18862990242032796
175340,-1.6542274736347602,0,1,1,1,1,1,2.5,2.5,2.5,-1.6542274736347602
175341,0.44406656695806906,0,1,1,1,1,1,10.0,10.0,10.0,0.44406656695806906
175342,0.2257559626117804,0,1,1,1,1,1,8.4,8.4,8.4,0.2257559626117804
175349,-1.191078357869657,0,2,2,2,1,2,5.9,5.016666666666667,2.95,-1.191078357869657
175350,0.34520574062588966,0,3,3,3,3,2,9.266666666666666,9.266666666666666,9.266666666666666,0.34520574062588966
175355,0.6501623335644638,0,2,2,2,2,2,9.45,9.45,9.45,0.6501623335644638
175356,0.667708554942355,0,3,3,3,3,2,9.233333333333333,9.233333333333333,9.233333333333333,0.667708554942355
175357,0.8196060548394644,0,4,4,3,4,2,9.775,9.775,9.775,0.8196060548394644
175362,1.0632671132459375,0,1,1,1,1,1,8.8,8.8,8.8,1.0632671132459375
175363,-0.09909102787535184,0,4,4,4,3,3,9.833333333333334,9.146428571428572,8.65,-0.09909102787535184
175368,0.5101152429516931,0,1,1,1,1,1,9.1,9.1,9.1,0.5101152429516931
175370,-2.0084955257732506,0,1,1,1,1,1,2.9,2.9,2.9,-2.0084955257732506
175371,0.1750285919341337,0,3,3,3,2,2,9.3,8.561904761904762,8.533333333333333,0.1750285919341337
175381,0.3882469799488737,0,1,1,1,1,1,8.8,8.8,8.8,0.3882469799488737
175383,-0.4964447174239755,0,1,1,1,1,1,,6.225,6.6,-0.4964447174239755
175386,-1.2717876507043704,0,1,1,1,1,1,,3.685714285714286,4.8,-1.2717876507043704
175387,-1.7655752437799062,0,2,2,2,2,2,4.55,4.55,4.55,-1.7655752437799062
175389,0.4261539397614629,0,4,4,4,4,2,8.35,8.35,8.35,0.4261539397614629
175390,0.7647090368641627,0,1,1,1,1,1,9.9,9.9,9.9,0.7647090368641627
175393,-1.6098041587818739,0,1,1,1,1,1,0.0,0.0,0.0,-1.6098041587818739
175397,-2.507992496262812,0,1,1,1,1,1,2.3,2.3,2.3,-2.507992496262812
175398,0.7720633740312234,0,3,3,3,3,2,9.633333333333333,9.633333333333333,9.633333333333333,0.7720633740312234
175402,0.3895613745177122,0,1,1,1,1,1,8.8,8.8,8.8,0.3895613745177122
175403,0.15332743100129195,0,1,1,1,1,1,7.6,7.6,7.6,0.15332743100129195
175404,0.4029724291928513,0,3,3,3,3,2,8.766666666666667,8.766666666666667,8.766666666666667,0.4029724291928513
175405,0.42671099850341454,0,2,2,2,2,2,9.05,9.05,9.05,0.42671099850341454
175406,0.7156160942616215,0,3,3,3,3,2,9.066666666666668,9.066666666666668,9.066666666666668,0.7156160942616215
175410,-2.0578999442830264,0,1,1,1,1,1,,3.233333333333333,0.0,-2.0578999442830264
175411,0.10862053562818835,0,1,1,1,1,1,,4.966666666666667,7.2,0.10862053562818835
175423,-1.1124390087242118,0,1,1,1,1,1,,7.1,6.7,-1.1124390087242118
175424,0.3826756838054064,0,1,1,1,1,1,10.0,10.0,10.0,0.3826756838054064
175428,0.18113873180061574,0,4,4,4,4,2,9.033333333333333,7.85625,7.225,0.18113873180061574
175430,-0.03647774185239959,0,1,1,1,1,1,8.3,8.3,8.3,-0.03647774185239959
175438,-0.710192508873267,0,5,5,4,4,3,6.05,5.779999999999999,4.9799999999999995,-0.710192508873267
175444,-1.488261635583814,0,2,2,2,1,1,,3.3116666666666665,0.15,-1.488261635583814
175447,-3.0695025253842316,0,1,1,1,1,1,0.1,0.1,0.1,-3.0695025253842316
175449,0.15049535588715635,0,4,4,4,4,2,8.9,8.9,8.9,0.15049535588715635
175458,-1.6197414281846747,0,1,1,1,1,1,1.7,1.7,1.7,-1.6197414281846747
175464,-0.6125659783993473,0,1,1,1,1,1,8.5,8.5,8.5,-0.6125659783993473
175465,-1.986860721279716,0,3,3,3,3,2,5.199999999999999,5.199999999999999,5.199999999999999,-1.986860721279716
175467,0.4666954872332032,0,1,1,1,1,1,8.6,8.6,8.6,0.4666954872332032
175470,0.24502639135973994,0,1,1,1,1,1,9.4,9.4,9.4,0.24502639135973994
175471,0.46949248861742,0,1,1,1,1,1,9.0,9.0,9.0,0.46949248861742
175477,0.3882469799488737,0,1,1,1,1,1,8.8,8.8,8.8,0.3882469799488737
175479,0.6922017297554679,0,1,1,1,1,1,8.9,8.9,8.9,0.6922017297554679
175482,-2.439764499445455,0,1,1,1,1,1,3.2,3.2,3.2,-2.439764499445455
175483,-0.1398488263966793,0,1,1,1,1,1,7.5,7.5,7.5,-0.1398488263966793
175486,-0.7288510829129293,0,2,2,2,1,1,5.800000000000001,5.800000000000001,5.800000000000001,-0.7288510829129293
175488,-0.1731975107970005,0,3,3,3,3,2,8.4,7.455555555555556,8.0,-0.1731975107970005
175489,0.6261785556971122,0,1,1,1,1,1,9.8,9.8,9.8,0.6261785556971122
175491,0.47092533869176567,0,2,2,2,2,2,9.4,9.4,9.4,0.47092533869176567
175492,0.4742106440811905,0,1,1,1,1,1,9.4,9.4,9.4,0.4742106440811905
175497,0.3332437324958264,0,2,2,2,2,2,8.65,8.65,8.65,0.3332437324958264
175499,-0.8381581700810172,0,1,1,1,1,1,6.5,6.5,6.5,-0.8381581700810172
175502,0.139773228295889,0,4,4,4,4,2,8.85,8.85,8.85,0.139773228295889
175504,0.48227003441489213,0,1,1,1,1,1,8.9,8.9,8.9,0.48227003441489213
175506,0.5683401290275393,0,1,1,1,1,1,10.0,10.0,10.0,0.5683401290275393
175507,0.4099676280337785,0,4,4,3,4,2,9.7,9.7,9.7,0.4099676280337785
175508,0.3674830292414739,0,3,3,3,3,3,8.9,8.9,8.9,0.3674830292414739
175512,0.37293021336443843,0,1,1,1,1,1,9.1,9.1,9.1,0.37293021336443843
175514,-0.8378995494360173,0,1,1,1,1,1,,5.366666666666667,5.5,-0.8378995494360173
175532,0.8167546378657976,0,1,1,1,1,1,10.0,10.0,10.0,0.8167546378657976
175536,-0.7026397674582752,0,4,4,4,3,2,6.325,6.325,6.325,-0.7026397674582752
175542,0.1974739476420891,0,1,1,1,1,1,9.2,9.2,9.2,0.1974739476420891
175544,-2.909187025649757,0,1,1,1,1,1,,5.425,1.6,-2.909187025649757
175545,-0.6059329858539689,0,1,1,1,1,1,,5.425,6.6,-0.6059329858539689
175549,-1.6098041587818739,0,1,1,1,1,1,,4.1,0.0,-1.6098041587818739
175553,1.0229411295603004,0,1,1,1,1,1,9.7,9.7,9.7,1.0229411295603004
175561,-0.9729922751850864,0,1,1,1,1,1,4.4,4.4,4.4,-0.9729922751850864
175563,0.7175820316545907,0,3,3,3,3,2,9.733333333333333,9.733333333333333,9.733333333333333,0.7175820316545907
175573,-1.382838032040956,0,1,1,1,1,1,5.4,5.4,5.4,-1.382838032040956
175575,-1.6619541439307557,0,1,1,1,1,1,0.2,0.2,0.2,-1.6619541439307557
175577,0.7046321122393703,0,1,1,1,1,1,9.8,9.8,9.8,0.7046321122393703
175581,0.3730025845214994,0,3,3,3,3,3,8.799999999999999,8.799999999999999,8.799999999999999,0.3730025845214994
175582,-1.3368718877183627,0,1,1,1,1,1,,4.1,1.0,-1.3368718877183627
175585,-0.21644851390525777,0,2,2,2,1,2,6.699999999999999,6.699999999999999,6.699999999999999,-0.21644851390525777
175593,0.3476242256145998,0,1,1,1,1,1,8.7,8.7,8.7,0.3476242256145998
175596,0.5281544633387235,0,1,1,1,1,1,9.9,9.9,9.9,0.5281544633387235
175600,-1.0618275036029179,0,3,3,3,1,2,6.4,6.533333333333334,6.533333333333334,-1.0618275036029179
175602,0.31479341394421967,0,1,1,1,1,1,9.8,9.8,9.8,0.31479341394421967
175603,0.05610532975949831,0,4,4,4,4,2,8.55,8.55,8.55,0.05610532975949831
175605,0.17057927612873464,0,4,4,4,4,2,9.275,9.275,9.275,0.17057927612873464
175606,-1.0019154543015463,0,1,1,1,1,1,3.8,3.8,3.8,-1.0019154543015463
175610,0.18706550405217673,0,4,4,4,4,2,9.0,9.0,9.0,0.18706550405217673
175615,0.4940724410711664,0,1,1,1,1,1,8.9,8.9,8.9,0.4940724410711664
175622,0.19599736801471385,0,2,2,2,2,2,8.75,8.75,8.75,0.19599736801471385
175623,0.5515554394604455,0,3,3,3,3,2,9.700000000000001,9.700000000000001,9.700000000000001,0.5515554394604455
175626,0.6093443594103071,0,1,1,1,1,1,9.1,9.1,9.1,0.6093443594103071
175629,0.3099339582133028,0,3,3,3,2,2,7.333333333333333,7.333333333333333,7.333333333333333,0.3099339582133028
175640,0.33405486684783703,0,1,1,1,1,1,9.3,9.3,9.3,0.33405486684783703
175641,-1.4139268262253792,0,1,1,1,1,1,,2.6333333333333333,3.2,-1.4139268262253792
175645,-2.0578999442830264,0,1,1,1,1,1,,3.233333333333333,0.0,-2.0578999442830264
175648,0.17770290444916617,0,1,1,1,1,1,7.5,7.5,7.5,0.17770290444916617
175649,0.22313986666957683,0,1,1,1,1,1,8.0,8.0,8.0,0.22313986666957683
175651,-0.5153278138458085,0,1,1,1,1,1,6.0,6.0,6.0,-0.5153278138458085
175657,0.0919085363790487,0,1,1,1,1,1,7.8,7.8,7.8,0.0919085363790487
175658,-0.05974419072840135,0,3,3,3,3,2,8.633333333333333,8.633333333333333,8.633333333333333,-0.05974419072840135
175660,-0.10104385118068349,0,3,3,3,3,2,9.9,9.9,8.244444444444445,-0.10104385118068349
175665,0.30310130002594593,0,4,4,4,4,2,9.325,9.325,9.325,0.30310130002594593
175667,-0.7280411169757879,0,2,2,2,2,2,4.2,4.2,4.2,-0.7280411169757879
175670,0.3403144324440826,0,1,1,1,1,1,9.5,9.5,9.5,0.3403144324440826
175671,0.4839747371290823,0,3,3,3,3,2,9.5,9.5,9.5,0.4839747371290823
175673,0.5921257295591653,0,3,3,2,3,2,9.200000000000001,9.200000000000001,9.200000000000001,0.5921257295591653
175674,0.5127510034017979,0,4,4,3,4,3,9.55,9.55,9.55,0.5127510034017979
175675,0.7816717666598249,0,1,1,1,1,1,8.4,8.4,8.4,0.7816717666598249
175679,-0.3104727245968394,0,1,1,1,1,1,8.4,8.4,8.4,-0.3104727245968394
175680,-3.179409843572391,0,1,1,1,1,1,0.2,0.2,0.2,-3.179409843572391
175681,0.880547817487838,0,1,1,1,1,1,9.8,9.8,9.8,0.880547817487838
175682,0.31807683424294525,0,1,1,1,1,1,9.4,9.4,9.4,0.31807683424294525
175684,0.7469118846949788,0,1,1,1,1,1,9.0,9.0,9.0,0.7469118846949788
175685,0.27950956281512507,0,4,4,4,4,2,8.975,8.975,8.975,0.27950956281512507
175688,1.1265568223677191,0,1,1,1,1,1,9.0,9.0,9.0,1.1265568223677191
175691,-0.09523683500902869,0,4,4,4,4,2,9.033333333333333,7.35,6.775,-0.09523683500902869
175692,-0.6545329371372274,0,4,4,4,3,3,8.399999999999999,7.699999999999999,6.885,-0.6545329371372274
175693,-2.133791102997775,0,1,1,1,1,1,0.0,0.0,0.0,-2.133791102997775
175694,0.8045580277840032,0,1,1,1,1,1,9.8,9.8,9.8,0.8045580277840032
175698,-0.8537939259941864,0,6,6,6,3,3,3.7,3.6,3.4,-0.8537939259941864
175700,0.30014227238629015,0,3,3,2,3,2,9.566666666666668,9.566666666666668,9.566666666666668,0.30014227238629015
175701,0.8272339320015694,0,1,1,1,1,1,9.7,9.7,9.7,0.8272339320015694
175706,-2.5403958270377496,0,1,1,1,1,1,,5.366666666666666,2.0,-2.5403958270377496
175716,0.38832585511072576,0,1,1,1,1,1,8.8,8.8,8.8,0.38832585511072576
175717,-0.2529061184848345,0,2,2,2,1,2,,5.509285714285714,6.550000000000001,-0.2529061184848345
175719,0.6616157626557595,0,1,1,1,1,1,9.4,9.4,9.4,0.6616157626557595
175720,-2.2977134094762044,0,1,1,1,1,1,0.0,0.0,0.0,-2.2977134094762044
175721,-1.8460045084361574,0,1,1,1,1,1,3.3,3.3,3.3,-1.8460045084361574
175723,0.5102441426114641,0,1,1,1,1,1,9.8,9.8,9.8,0.5102441426114641
175726,0.4876779713227277,0,1,1,1,1,1,9.4,9.4,9.4,0.4876779713227277
175734,0.834411760820272,0,3,3,2,3,2,9.066666666666668,9.066666666666668,9.066666666666668,0.834411760820272
175736,0.2581824554061498,0,1,1,1,1,1,8.8,8.8,8.8,0.2581824554061498
175737,-0.7603520924758718,0,5,5,4,4,3,8.2,8.2,7.3,-0.7603520924758718
175741,-0.6771998876030674,0,1,1,1,1,1,,4.133333333333333,3.3,-0.6771998876030674
175754,-0.9384279159344197,0,1,1,1,1,1,,4.725,5.6,-0.9384279159344197
175757,-0.6185663072261893,0,6,6,5,4,3,6.875,6.270833333333333,5.316666666666666,-0.6185663072261893
175758,0.5786699032612621,0,1,1,1,1,1,9.8,9.8,9.8,0.5786699032612621
175759,-0.9796681221303868,0,3,3,3,3,3,5.833333333333333,5.833333333333333,5.833333333333333,-0.9796681221303868
175761,-0.9313903278514356,0,5,5,5,4,3,7.0,7.017142857142858,6.62,-0.9313903278514356
175762,-1.5038403153063076,0,1,1,1,1,1,2.3,2.3,2.3,-1.5038403153063076
175769,0.34120734948736126,0,3,3,3,3,2,9.133333333333333,9.133333333333333,9.133333333333333,0.34120734948736126
175773,0.5101152429516931,0,1,1,1,1,1,9.1,9.1,9.1,0.5101152429516931
175775,-2.780327858124443,0,1,1,1,1,1,,5.16,1.0,-2.780327858124443
175780,-0.7372103220245855,0,3,3,3,1,3,5.4,5.966666666666666,5.833333333333333,-0.7372103220245855
175785,-0.7101605840059937,0,5,5,5,3,3,4.5200000000000005,4.5200000000000005,4.5200000000000005,-0.7101605840059937
175788,-1.9067017525475816,0,2,2,2,2,2,3.1,3.1,3.1,-1.9067017525475816
175791,-0.07127555151984304,0,6,6,6,4,3,7.7,5.859090909090909,6.016666666666667,-0.07127555151984304
175794,0.48577045938670077,0,1,1,1,1,1,9.5,9.5,9.5,0.48577045938670077
175796,-0.2638870072212518,0,6,6,6,4,3,8.725,6.516666666666667,6.7,-0.2638870072212518
175797,0.5547401238268086,0,4,4,4,4,2,9.425,9.425,9.425,0.5547401238268086
175800,0.3316275212313559,0,1,1,1,1,1,9.0,9.0,9.0,0.3316275212313559
175805,-2.6829107066499733,0,1,1,1,1,1,,2.52,0.0,-2.6829107066499733
175806,-0.43285621303068195,0,1,1,1,1,1,7.0,7.0,7.0,-0.43285621303068195
175809,-1.2266446180334802,0,1,1,1,1,1,3.0,3.0,3.0,-1.2266446180334802
175810,1.1815968565788049,0,1,1,1,1,1,9.5,9.5,9.5,1.1815968565788049
175814,-1.6098041587818739,0,1,1,1,1,1,0.0,0.0,0.0,-1.6098041587818739
175815,-2.1820428104444463,0,1,1,1,1,1,0.0,0.0,0.0,-2.1820428104444463
175819,-2.445584797633653,0,1,1,1,1,1,2.5,2.5,2.5,-2.445584797633653
175820,-2.6829107066499733,0,1,1,1,1,1,0.0,0.0,0.0,-2.6829107066499733
175821,-0.7076895601441444,0,1,1,1,1,1,5.0,5.0,5.0,-0.7076895601441444
175822,0.28344494970207806,0,3,3,3,2,2,7.366666666666667,7.366666666666667,7.366666666666667,0.28344494970207806
175824,-0.762150703751716,0,6,6,5,4,3,9.325,7.959999999999999,7.25,-0.762150703751716
175827,0.33973710628335946,0,3,3,3,3,2,9.0,9.0,9.0,0.33973710628335946
175828,0.3243577150660668,0,1,1,1,1,1,8.5,8.5,8.5,0.3243577150660668
175829,0.09406800962844537,0,3,3,3,3,2,8.9,8.9,8.9,0.09406800962844537
175831,0.42096364958848376,0,1,1,1,1,1,8.1,8.1,8.1,0.42096364958848376
175833,-1.890205562978111,0,1,1,1,1,1,3.8,3.8,3.8,-1.890205562978111
175834,-0.95603511354943,0,2,2,2,2,2,8.1,7.175,6.9,-0.95603511354943
175835,-2.0935816154264284,0,1,1,1,1,1,,3.672727272727272,0.3,-2.0935816154264284
175839,-1.8907533956771116,0,3,3,3,1,3,7.9,5.375555555555555,2.6333333333333333,-1.8907533956771116
175844,0.5102441426114641,0,1,1,1,1,1,9.8,9.8,9.8,0.5102441426114641
175849,0.045926475072932293,0,1,1,1,1,1,8.7,8.7,8.7,0.045926475072932293
175852,0.6789242345865427,0,1,1,1,1,1,9.9,9.9,9.9,0.6789242345865427
175853,0.5102441426114641,0,1,1,1,1,1,9.8,9.8,9.8,0.5102441426114641
175857,0.2144532515511128,0,1,1,1,1,1,8.2,8.2,8.2,0.2144532515511128
175861,0.7132290146230595,0,1,1,1,1,1,9.6,9.6,9.6,0.7132290146230595
175862,-2.445584797633653,0,1,1,1,1,1,,4.45,2.5,-2.445584797633653
175868,0.7321920836837219,0,1,1,1,1,1,9.8,9.8,9.8,0.7321920836837219
175869,0.12643786190178197,0,1,1,1,1,1,8.0,8.0,8.0,0.12643786190178197
175871,-2.550589576858015,0,1,1,1,1,1,,3.3599999999999994,0.0,-2.550589576858015
175875,0.610086928339536,0,3,3,2,3,2,9.566666666666668,9.566666666666668,9.566666666666668,0.610086928339536
175877,-0.05109978416901595,0,2,2,2,2,2,8.7,8.7,8.7,-0.05109978416901595
175880,0.269303549268431,0,1,1,1,1,1,8.5,8.5,8.5,0.269303549268431
175881,-0.7994812603850524,0,1,1,1,1,1,,5.24,6.2,-0.7994812603850524
175883,-0.9462460841620309,0,1,1,1,1,1,,2.4899999999999998,1.6,-0.9462460841620309
175887,0.4302018802654938,0,4,4,4,4,2,8.475,8.475,8.475,0.4302018802654938
175893,0.24842637062954095,0,3,3,3,3,2,8.1,8.1,8.1,0.24842637062954095
175902,0.01042033948051955,0,3,3,3,3,3,8.466666666666667,8.466666666666667,8.466666666666667,0.01042033948051955
175903,-2.264936153198976,0,1,1,1,1,1,,4.466666666666667,3.5,-2.264936153198976
175904,0.45231042485228634,0,1,1,1,1,1,9.1,9.1,9.1,0.45231042485228634
175908,-3.621798605372523,0,1,1,1,1,1,,5.1899999999999995,0.0,-3.621798605372523
175910,-2.909187025649757,0,1,1,1,1,1,1.6,1.6,1.6,-2.909187025649757
175913,-1.4139268262253792,0,1,1,1,1,1,,2.6333333333333333,3.2,-1.4139268262253792
175914,-0.8163135068957453,0,3,3,3,3,2,7.066666666666666,7.066666666666666,7.066666666666666,-0.8163135068957453
175920,0.6197162432570524,0,1,1,1,1,1,9.2,9.2,9.2,0.6197162432570524
175922,-1.8742638091332366,0,1,1,1,1,1,2.5,2.5,2.5,-1.8742638091332366
175928,0.53393987317372,0,3,3,3,3,3,8.9,8.9,8.9,0.53393987317372
175929,-1.6468101805598336,0,1,1,1,1,1,,5.916666666666668,3.2,-1.6468101805598336
175935,0.6165139448585446,0,2,2,2,2,2,9.45,9.45,9.45,0.6165139448585446
175936,0.22683937947226193,0,2,2,2,2,2,8.55,8.55,8.55,0.22683937947226193
175938,-0.6758876406418676,0,2,2,2,2,2,3.75,3.75,3.75,-0.6758876406418676
175946,-1.992435527395912,0,1,1,1,1,1,3.3,3.3,3.3,-1.992435527395912
175948,0.09476104172383049,0,5,5,5,4,3,8.7,7.825,7.06,0.09476104172383049
175951,0.46949248861742,0,1,1,1,1,1,9.0,9.0,9.0,0.46949248861742
175952,-2.157158339604384,0,1,1,1,1,1,,3.3599999999999994,0.0,-2.157158339604384
175954,0.40138969259819,0,5,5,5,3,2,8.725,8.013333333333332,8.18,0.40138969259819
175958,-0.04970888554860975,0,4,4,4,4,2,9.433333333333334,7.932142857142857,7.800000000000001,-0.04970888554860975
175961,-1.9523618060049164,0,1,1,1,1,1,0.6,0.6,0.6,-1.9523618060049164
175962,-1.2712470742741522,0,5,5,5,3,3,7.65,6.94,6.94,-1.2712470742741522
175963,0.5807198529169146,0,1,1,1,1,1,10.0,10.0,10.0,0.5807198529169146
175965,-0.333090625968324,0,1,1,1,1,1,6.0,6.0,6.0,-0.333090625968324
175967,0.2728506851159801,0,1,1,1,1,1,9.1,9.1,9.1,0.2728506851159801
175969,0.35070320593890836,0,1,1,1,1,1,8.4,8.4,8.4,0.35070320593890836
175970,0.3826756838054064,0,1,1,1,1,1,10.0,10.0,10.0,0.3826756838054064
175972,-0.39070542075054077,0,1,1,1,1,1,7.1,7.1,7.1,-0.39070542075054077
175974,-1.3368718877183627,0,1,1,1,1,1,1.0,1.0,1.0,-1.3368718877183627
175976,0.5683401290275393,0,1,1,1,1,1,10.0,10.0,10.0,0.5683401290275393
175977,0.022642190940413975,0,1,1,1,1,1,7.9,7.9,7.9,0.022642190940413975
175979,0.7132223087526071,0,3,3,3,3,3,10.0,10.0,10.0,0.7132223087526071
175980,-0.24483162385390272,0,4,4,4,4,3,6.425,6.425,6.425,-0.24483162385390272
175982,-1.8366472175711115,0,1,1,1,1,1,1.9,1.9,1.9,-1.8366472175711115
175984,0.3164103633973615,0,5,5,5,4,3,9.15,8.737142857142857,8.72,0.3164103633973615
175993,-1.2526551164498132,0,4,4,4,3,4,3.0,2.825,2.375,-1.2526551164498132
175996,-0.03565824495895975,0,6,6,5,4,3,7.883333333333333,7.883333333333333,7.883333333333333,-0.03565824495895975
176000,-1.70793261114712,0,1,1,1,1,1,4.2,4.2,4.2,-1.70793261114712
176001,0.47637035236875497,0,3,3,3,3,2,9.166666666666666,9.166666666666666,9.166666666666666,0.47637035236875497
176002,0.7579754433424726,0,3,3,3,3,1,10.0,10.0,10.0,0.7579754433424726
176007,-2.0644842482871217,0,2,2,2,1,1,2.5,2.2,2.2,-2.0644842482871217
176009,-1.1819102983172283,0,3,3,2,1,3,3.6999999999999997,2.533333333333333,2.4666666666666663,-1.1819102983172283
176018,-2.550589576858015,0,1,1,1,1,1,0.0,0.0,0.0,-2.550589576858015
176019,0.3379015839942121,0,3,3,3,3,2,9.633333333333333,9.633333333333333,9.633333333333333,0.3379015839942121
176020,-3.0695025253842316,0,1,1,1,1,1,,3.685714285714286,0.1,-3.0695025253842316
176022,-0.6436101744313887,0,1,1,1,1,1,6.5,6.5,6.5,-0.6436101744313887
176024,-0.3670599326913062,0,2,2,2,1,1,7.0,5.566666666666666,5.5,-0.3670599326913062
176031,0.5630616612363242,0,1,1,1,1,1,9.0,9.0,9.0,0.5630616612363242
176033,-2.5403958270377496,0,1,1,1,1,1,2.0,2.0,2.0,-2.5403958270377496
176034,-1.427075309701091,0,1,1,1,1,1,,3.233333333333333,2.2,-1.427075309701091
176036,0.3007217386627054,0,1,1,1,1,1,,4.1,7.0,0.3007217386627054
176039,-3.621798605372523,0,1,1,1,1,1,0.0,0.0,0.0,-3.621798605372523
176048,-1.8742638091332366,0,1,1,1,1,1,,2.52,2.5,-1.8742638091332366
176049,-2.550589576858015,0,1,1,1,1,1,0.0,0.0,0.0,-2.550589576858015
176057,-1.8693543784083417,0,1,1,1,1,1,1.9,1.9,1.9,-1.8693543784083417
176058,-0.9729922751850864,0,1,1,1,1,1,,3.3599999999999994,4.4,-0.9729922751850864
176059,-1.0503364815492249,0,2,2,2,1,2,9.7,5.516666666666667,4.85,-1.0503364815492249
176060,0.6579225805931964,0,3,3,3,3,2,9.733333333333334,9.733333333333334,9.733333333333334,0.6579225805931964
176068,-1.8501654380047103,0,3,3,2,3,2,10.0,5.433333333333334,5.433333333333334,-1.8501654380047103
176070,-0.24974899649919413,0,1,1,1,1,1,7.4,7.4,7.4,-0.24974899649919413
176072,-1.904208792904262,0,3,3,3,3,2,7.6,6.87,5.5555555555555545,-1.904208792904262
176073,0.18381707275809683,0,1,1,1,1,1,8.1,8.1,8.1,0.18381707275809683
176074,-1.8446827216348525,0,1,1,1,1,1,2.7,2.7,2.7,-1.8446827216348525
176075,-0.9214229221161219,0,3,3,3,3,2,4.333333333333333,4.333333333333333,4.333333333333333,-0.9214229221161219
176077,-1.2717876507043704,0,1,1,1,1,1,4.8,4.8,4.8,-1.2717876507043704
176078,0.06648874490693174,0,1,1,1,1,1,8.5,8.5,8.5,0.06648874490693174
176081,0.06693619214233484,0,1,1,1,1,1,8.3,8.3,8.3,0.06693619214233484
176083,-0.7279117589916715,0,1,1,1,1,1,6.3,6.3,6.3,-0.7279117589916715
176084,-0.8872413278994888,0,2,2,2,2,2,10.0,6.68,5.0,-0.8872413278994888
176088,-0.5288506400665841,0,1,1,1,1,1,8.1,8.1,8.1,-0.5288506400665841
176090,-1.3588015209794764,0,3,3,3,2,3,4.933333333333334,4.933333333333334,4.933333333333334,-1.3588015209794764
176094,0.4329748879010645,0,4,4,4,4,2,8.85,8.85,8.85,0.4329748879010645
176096,0.24658931687835536,0,1,1,1,1,1,7.9,7.9,7.9,0.24658931687835536
176097,-0.38645371037243753,0,1,1,1,1,1,7.1,7.1,7.1,-0.38645371037243753
176102,-1.8742638091332366,0,1,1,1,1,1,,2.52,2.5,-1.8742638091332366
176103,-1.1253434118521306,0,4,4,4,2,3,4.9,3.51,4.0,-1.1253434118521306
176104,0.43106103984434113,0,1,1,1,1,1,8.9,8.9,8.9,0.43106103984434113
176106,-2.0802394021776696,0,1,1,1,1,1,0.0,0.0,0.0,-2.0802394021776696
176107,0.30775961973291677,0,4,4,4,4,2,8.85,8.85,8.85,0.30775961973291677
176110,0.3363971632495974,0,4,4,4,4,3,9.6,9.6,9.6,0.3363971632495974
176115,-0.594736540247599,0,2,2,2,2,2,4.45,4.45,4.45,-0.594736540247599
176117,0.8597922973843979,0,1,1,1,1,1,9.9,9.9,9.9,0.8597922973843979
176119,-1.1257121881241832,0,2,2,2,1,2,8.1,5.3625,4.1499999999999995,-1.1257121881241832
176120,-0.5749642052527123,0,1,1,1,1,1,,,5.920000000000001,-0.5749642052527123
176123,0.24711523809770547,0,1,1,1,1,1,8.0,8.0,8.0,0.24711523809770547
176126,0.49038013638102945,0,3,3,3,3,2,9.666666666666666,9.666666666666666,9.666666666666666,0.49038013638102945
176128,-0.7222334870566082,0,3,3,3,2,2,7.25,6.587878787878787,5.599999999999999,-0.7222334870566082
176135,-0.022317034450062945,0,5,5,5,4,3,9.025,7.26,7.24,-0.022317034450062945
176137,0.6838157204390259,0,1,1,1,1,1,9.6,9.6,9.6,0.6838157204390259
176138,-1.541534251940984,0,6,6,5,2,4,3.625,3.88,3.85,-1.541534251940984
176140,0.08602176355039581,0,3,3,3,3,2,9.4,9.4,9.4,0.08602176355039581
176142,0.4781063924624381,0,1,1,1,1,1,9.5,9.5,9.5,0.4781063924624381
176147,0.623891103686394,0,1,1,1,1,1,8.6,8.6,8.6,0.623891103686394
176153,-0.44330113408321203,0,3,3,3,3,2,7.5,7.5,7.5,-0.44330113408321203
176156,-2.4957637355927864,0,1,1,1,1,1,1.6,1.6,1.6,-2.4957637355927864
176164,-1.3565331065182675,0,3,3,3,1,3,4.433333333333334,4.433333333333334,4.433333333333334,-1.3565331065182675
176165,-2.6829107066499733,0,1,1,1,1,1,0.0,0.0,0.0,-2.6829107066499733
176168,-1.002704544767513,0,2,2,2,2,2,6.25,6.25,6.25,-1.002704544767513
176169,0.3292588843756936,0,4,4,3,4,2,9.275,9.275,9.275,0.3292588843756936
176170,-1.1085660128833146,0,2,2,2,2,2,4.7,4.7,4.7,-1.1085660128833146
176174,-0.1243100711214805,0,1,1,1,1,1,7.8,7.8,7.8,-0.1243100711214805
176176,0.8597922973843979,0,1,1,1,1,1,9.9,9.9,9.9,0.8597922973843979
176178,-0.3274931140014411,0,1,1,1,1,1,,,6.66,-0.3274931140014411
176180,-1.2592032737288634,0,4,4,3,3,3,7.65,6.666666666666667,4.825,-1.2592032737288634
176181,0.5786222110203053,0,4,4,3,4,2,9.875,9.875,9.875,0.5786222110203053
176182,-0.42281591267122637,0,5,5,5,4,3,8.774999999999999,8.102857142857143,7.459999999999999,-0.42281591267122637
176185,-0.014353212020452255,0,3,3,3,3,2,9.3,8.50952380952381,8.666666666666666,-0.014353212020452255
176187,-0.11351248340215854,0,5,5,5,4,2,8.425,7.909999999999999,7.58,-0.11351248340215854
176188,-1.3444413924509617,0,1,1,1,1,1,2.2,2.2,2.2,-1.3444413924509617
176189,0.13407510941296188,0,1,1,1,1,1,7.5,7.5,7.5,0.13407510941296188
176190,0.6057905456549246,0,3,3,3,3,2,9.533333333333333,9.533333333333333,9.533333333333333,0.6057905456549246
176192,0.45733871660730196,0,1,1,1,1,1,8.6,8.6,8.6,0.45733871660730196
176193,0.10388769960896026,0,1,1,1,1,1,8.1,8.1,8.1,0.10388769960896026
176194,-0.901515984011403,0,1,1,1,1,1,5.0,5.0,5.0,-0.901515984011403
176203,-1.3499777467378309,0,1,1,1,1,1,0.0,0.0,0.0,-1.3499777467378309
176206,0.09708345201538059,0,4,4,4,4,2,9.4,9.4,9.4,0.09708345201538059
176211,0.24891969490322655,0,4,4,4,4,2,9.225,9.225,9.225,0.24891969490322655
176212,0.057564051904679066,0,1,1,1,1,1,8.0,8.0,8.0,0.057564051904679066
176220,-0.3746437137337066,0,6,6,6,4,4,9.0,7.216666666666666,7.133333333333333,-0.3746437137337066
176225,-0.5536394881566639,0,5,5,4,4,4,9.125,8.004999999999999,7.720000000000001,-0.5536394881566639
176229,0.6726062602887863,0,1,1,1,1,1,9.5,9.5,9.5,0.6726062602887863
176236,0.2316838837808034,0,3,3,3,3,2,8.966666666666667,8.966666666666667,8.966666666666667,0.2316838837808034
176238,-0.470689213896568,0,1,1,1,1,1,5.5,5.5,5.5,-0.470689213896568
176244,0.9044308666934375,0,4,4,3,4,3,9.625,9.625,9.625,0.9044308666934375
176245,0.04720587119372786,0,3,3,2,3,2,8.933333333333334,8.933333333333334,8.933333333333334,0.04720587119372786
176247,0.3941068208485496,0,4,4,4,4,2,8.825,8.825,8.825,0.3941068208485496
176251,0.9367350217788787,0,1,1,1,1,1,9.9,9.9,9.9,0.9367350217788787
176255,-0.5387546594146779,0,4,4,4,3,3,8.266666666666667,7.7625,7.575,-0.5387546594146779
176257,-0.4834537058176711,0,1,1,1,1,1,6.3,6.3,6.3,-0.4834537058176711
176266,0.4834219163614342,0,4,4,3,4,2,9.675,9.675,9.675,0.4834219163614342
176268,-0.6043127303668979,0,2,2,2,1,2,8.4,5.445,5.550000000000001,-0.6043127303668979
176269,0.35615221795966906,0,4,4,4,4,2,9.65,9.65,9.65,0.35615221795966906
176270,-0.5138028242621373,0,1,1,1,1,1,6.8,6.8,6.8,-0.5138028242621373
176271,0.7748299725082575,0,1,1,1,1,1,9.5,9.5,9.5,0.7748299725082575
176274,-2.780327858124443,0,1,1,1,1,1,1.0,1.0,1.0,-2.780327858124443
176275,-2.0578999442830264,0,1,1,1,1,1,0.0,0.0,0.0,-2.0578999442830264
176276,0.01898691273653447,0,1,1,1,1,1,5.5,5.5,5.5,0.01898691273653447
176277,-0.0686818470693594,0,1,1,1,1,1,9.0,9.0,9.0,-0.0686818470693594
176278,0.08504322608476769,0,1,1,1,1,1,8.1,8.1,8.1,0.08504322608476769
176283,-2.157158339604384,0,1,1,1,1,1,0.0,0.0,0.0,-2.157158339604384
176285,0.7086012165570154,0,1,1,1,1,1,9.4,9.4,9.4,0.7086012165570154
176289,0.20097362156157023,0,2,2,2,2,2,8.95,8.95,8.95,0.20097362156157023
176290,-1.251395717927387,0,2,2,2,1,2,0.0,1.9833333333333332,3.25,-1.251395717927387
176291,0.5983325166615984,0,3,3,3,3,2,9.9,9.9,9.9,0.5983325166615984
176296,0.9402939144619415,0,1,1,1,1,1,9.4,9.4,9.4,0.9402939144619415
176301,-0.6881466343922346,0,2,2,2,2,2,8.6,6.75,5.75,-0.6881466343922346
176304,-0.2802472415849153,0,6,6,6,4,4,8.2,7.966666666666666,7.966666666666666,-0.2802472415849153
176306,0.3965471269903035,0,1,1,1,1,1,9.4,9.4,9.4,0.3965471269903035
176314,0.5828595769944185,0,2,2,2,2,2,8.9,8.9,8.9,0.5828595769944185
176317,-1.2010981194680594,0,1,1,1,1,1,,1.9666666666666668,2.1,-1.2010981194680594
176318,0.14858457619481052,0,5,5,5,5,2,8.78,8.78,8.78,0.14858457619481052
176319,0.7132290146230595,0,1,1,1,1,1,9.6,9.6,9.6,0.7132290146230595
176320,-1.0912328437612024,0,1,1,1,1,1,1.9,1.9,1.9,-1.0912328437612024
176326,-0.4865059645522793,0,2,2,2,2,2,8.2,8.2,8.2,-0.4865059645522793
176327,-0.7036036348466718,0,5,5,4,3,3,9.033333333333333,6.513939393939394,5.4799999999999995,-0.7036036348466718
176329,-0.27461407675565586,0,6,6,6,4,3,5.3999999999999995,5.3999999999999995,5.3999999999999995,-0.27461407675565586
176338,0.24183403548368304,0,4,4,3,3,3,8.166666666666666,6.383333333333334,6.125,0.24183403548368304
176345,0.5574101357296329,0,1,1,1,1,1,8.9,8.9,8.9,0.5574101357296329
176347,-3.274714724312148,0,1,1,1,1,1,0.0,0.0,0.0,-3.274714724312148
176348,0.38108189749119975,0,3,3,3,3,2,9.566666666666666,9.566666666666666,9.566666666666666,0.38108189749119975
176354,-0.3673058665130843,0,4,4,4,3,2,7.966666666666666,6.832142857142857,6.1,-0.3673058665130843
176355,0.41516232853512997,0,1,1,1,1,1,10.0,10.0,10.0,0.41516232853512997
176357,0.8080731745035392,0,5,5,4,5,2,9.940000000000001,9.940000000000001,9.940000000000001,0.8080731745035392
176363,-0.5375930668953185,0,4,4,4,4,2,5.65,5.65,5.65,-0.5375930668953185
176364,0.6160475246980119,0,1,1,1,1,1,9.3,9.3,9.3,0.6160475246980119
176365,-2.4429453655648516,0,1,1,1,1,1,,1.9333333333333333,0.0,-2.4429453655648516
176366,-0.09513086826531045,0,4,4,4,3,3,8.35,8.35,8.35,-0.09513086826531045
176369,-3.1005172405291352,0,1,1,1,1,1,0.8,0.8,0.8,-3.1005172405291352
176370,-0.742158152609805,0,1,1,1,1,1,6.0,6.0,6.0,-0.742158152609805
176378,0.36708031290633525,0,1,1,1,1,1,,4.133333333333333,6.6,0.36708031290633525
176384,0.37605274156694946,0,3,3,3,3,2,8.350000000000001,6.9125000000000005,6.966666666666666,0.37605274156694946
176387,0.5516768834169739,0,1,1,1,1,1,10.0,10.0,10.0,0.5516768834169739
176410,0.38457315965476196,0,2,2,2,2,2,9.25,9.25,9.25,0.38457315965476196
176411,0.3403144324440826,0,1,1,1,1,1,9.5,9.5,9.5,0.3403144324440826
176413,0.3286792806029032,0,1,1,1,1,1,8.6,8.6,8.6,0.3286792806029032
176415,0.7178556872249362,0,4,4,4,4,2,9.9,9.9,9.9,0.7178556872249362
176422,-0.8552004218682269,0,4,4,4,3,3,8.6,6.769230769230769,5.6375,-0.8552004218682269
176424,-1.4944461160278177,0,7,7,6,2,4,4.24,4.128571428571428,3.442857142857143,-1.4944461160278177
176425,-1.795545025312403,0,1,1,1,1,1,2.1,2.1,2.1,-1.795545025312403
176430,0.3070014712803267,0,1,1,1,1,1,8.6,8.6,8.6,0.3070014712803267
176432,-0.159094596525863,0,2,2,2,2,2,8.3,8.3,8.3,-0.159094596525863
176433,-0.5995210443176973,0,6,6,6,3,3,6.2,6.2,6.2,-0.5995210443176973
176435,0.052037241800210673,0,1,1,1,1,1,8.0,8.0,8.0,0.052037241800210673
176438,0.17776276258580473,0,2,2,2,2,1,8.7,8.7,8.7,0.17776276258580473
176446,-1.5058037230327588,0,8,8,7,4,3,3.075,3.075,3.075,-1.5058037230327588
176452,-0.5195564036178002,0,2,2,2,2,2,4.6,4.6,4.6,-0.5195564036178002
176465,0.4289065031022256,0,1,1,1,1,1,8.9,8.9,8.9,0.4289065031022256
176467,0.3316275212313559,0,1,1,1,1,1,9.0,9.0,9.0,0.3316275212313559
176469,0.29044710333494045,0,1,1,1,1,1,7.8,7.8,7.8,0.29044710333494045
176474,-1.2290654315227592,0,2,2,2,2,2,7.8,7.8,5.2875,-1.2290654315227592
176571,0.5811062473063697,0,3,3,3,3,2,8.9,8.9,8.9,0.5811062473063697
176573,0.5436645137478227,0,1,1,1,1,1,9.0,9.0,9.0,0.5436645137478227
176575,-0.39849647747314404,0,3,3,3,2,3,7.5,4.405555555555556,4.733333333333333,-0.39849647747314404
176581,0.7616359936212632,0,1,1,1,1,1,9.5,9.5,9.5,0.7616359936212632
176589,0.37758383213474284,0,3,3,3,3,2,9.333333333333334,9.333333333333334,9.333333333333334,0.37758383213474284
176593,-2.157158339604384,0,1,1,1,1,1,0.0,0.0,0.0,-2.157158339604384
176597,0.5970597011508577,0,1,1,1,1,1,9.3,9.3,9.3,0.5970597011508577
176599,-1.328573115114252,0,2,2,2,1,2,4.9,4.658333333333333,3.2,-1.328573115114252
176604,-3.9495018687086305,0,1,1,1,1,1,,3.75,0.0,-3.9495018687086305
176615,-1.9129222046510295,0,2,2,2,2,2,8.3,8.3,5.383333333333334,-1.9129222046510295
176616,-1.3265177569887645,0,2,2,2,1,2,3.0,3.0,3.0,-1.3265177569887645
176617,-2.5498248482103154,0,1,1,1,1,1,,5.24,2.5,-2.5498248482103154
176624,0.26336619177289405,0,2,2,2,2,2,8.1,8.1,8.1,0.26336619177289405
176626,0.37163068656190223,0,4,4,4,4,2,9.4,9.4,9.4,0.37163068656190223
176627,-0.7680408271519351,0,3,3,3,3,2,10.0,7.9,7.416666666666667,-0.7680408271519351
176630,0.22313986666957683,0,1,1,1,1,1,8.0,8.0,8.0,0.22313986666957683
176632,-2.157158339604384,0,1,1,1,1,1,0.0,0.0,0.0,-2.157158339604384
176633,-0.7429103431203679,0,5,5,5,4,4,8.225,7.35,6.8,-0.7429103431203679
176635,0.10020759338477284,0,5,5,5,4,3,8.325,7.82,8.040000000000001,0.10020759338477284
176637,-1.4139268262253792,0,1,1,1,1,1,,2.6333333333333333,3.2,-1.4139268262253792
176639,-0.7880095391428631,0,5,5,5,3,3,6.15,5.9,5.66,-0.7880095391428631
176640,0.22398272284468468,0,2,2,2,2,2,8.45,8.45,8.45,0.22398272284468468
176641,0.8316675553735586,0,1,1,1,1,1,10.0,10.0,10.0,0.8316675553735586
176642,0.442808712878056,0,4,4,4,4,2,9.4,9.4,9.4,0.442808712878056
176644,-1.3643178694283082,0,2,2,2,1,2,,4.506818181818182,1.15,-1.3643178694283082
176645,-0.8248987672415742,0,2,2,1,2,1,9.2,7.199999999999999,6.05,-0.8248987672415742
176646,-2.5498248482103154,0,1,1,1,1,1,2.5,2.5,2.5,-2.5498248482103154
176651,0.5145021792537872,0,2,2,2,2,2,9.3,9.3,9.3,0.5145021792537872
176652,-0.10921404899502915,0,5,5,5,4,2,8.525,7.9799999999999995,8.2,-0.10921404899502915
176655,0.11309468680772587,0,4,4,4,3,2,7.875,7.875,7.875,0.11309468680772587
176658,-2.007175519175022,0,3,3,3,3,2,9.7,7.92,5.711111111111111,-2.007175519175022
176661,-0.5881034133550376,0,1,1,1,1,1,4.5,4.5,4.5,-0.5881034133550376
176662,0.19834859278450181,0,4,4,3,4,2,8.875,8.875,8.875,0.19834859278450181
176663,-0.5191276522054213,0,3,3,3,3,2,5.7,5.523076923076924,5.366666666666667,-0.5191276522054213
176664,0.35705325652841097,0,3,3,3,3,2,8.6,8.6,8.6,0.35705325652841097
176666,0.15470113263869104,0,2,2,2,2,2,8.9,8.9,8.9,0.15470113263869104
176671,0.140563382557937,0,1,1,1,1,1,8.2,8.2,8.2,0.140563382557937
176672,0.7210348728056336,0,1,1,1,1,1,9.5,9.5,9.5,0.7210348728056336
176673,0.9366876950023734,0,1,1,1,1,1,8.4,8.4,8.4,0.9366876950023734
176675,-1.3499777467378309,0,1,1,1,1,1,,2.4899999999999998,0.0,-1.3499777467378309
176678,0.34045132628073177,0,3,3,3,3,2,8.166666666666666,8.166666666666666,8.166666666666666,0.34045132628073177
176679,0.3661353309254993,0,1,1,1,1,1,8.3,8.3,8.3,0.3661353309254993
176681,-1.3326168775953882,0,1,1,1,1,1,3.0,3.0,3.0,-1.3326168775953882
176682,-2.0802394021776696,0,1,1,1,1,1,,0.9,0.0,-2.0802394021776696
176693,0.851352484067458,0,1,1,1,1,1,9.4,9.4,9.4,0.851352484067458
176694,0.15976972756877134,0,1,1,1,1,1,7.9,7.9,7.9,0.15976972756877134
176715,0.33830883011193924,0,1,1,1,1,1,8.4,8.4,8.4,0.33830883011193924
176722,-1.3330018821149707,0,2,2,2,2,2,5.0,5.0,5.0,-1.3330018821149707
176733,0.6068522275385131,0,3,3,3,3,3,9.966666666666667,9.966666666666667,9.966666666666667,0.6068522275385131
176734,0.4993676555406949,0,1,1,1,1,1,8.6,8.6,8.6,0.4993676555406949
176735,0.2702347678528788,0,4,4,4,3,2,9.566666666666666,8.337499999999999,8.45,0.2702347678528788
176747,0.45281459301098986,0,3,3,3,3,2,9.033333333333333,9.033333333333333,9.033333333333333,0.45281459301098986
176752,-1.349051795292102,0,1,1,1,1,1,3.5,3.5,3.5,-1.349051795292102
176761,-2.5595251891031126,0,1,1,1,1,1,,0.0,0.0,-2.5595251891031126
176767,0.7942104057194311,0,1,1,1,1,1,9.0,9.0,9.0,0.7942104057194311
176768,-2.217844875419589,0,1,1,1,1,1,0.0,0.0,0.0,-2.217844875419589
176770,0.5576374509453491,0,3,3,3,3,2,9.833333333333334,9.833333333333334,9.833333333333334,0.5576374509453491
176794,0.41516232853512997,0,1,1,1,1,1,10.0,10.0,10.0,0.41516232853512997
176811,0.660106636197232,0,1,1,1,1,1,8.8,8.8,8.8,0.660106636197232
176817,0.745981708252997,0,1,1,1,1,1,9.7,9.7,9.7,0.745981708252997
176823,0.9666389377416658,0,2,2,2,2,2,9.55,9.55,9.55,0.9666389377416658
176832,0.24681540316092085,0,3,3,3,3,2,9.433333333333334,9.433333333333334,9.433333333333334,0.24681540316092085
176834,0.24559841195125243,0,2,2,2,2,2,7.5,7.5,7.5,0.24559841195125243
176838,0.11567926224962831,0,1,1,1,1,1,8.6,8.6,8.6,0.11567926224962831
176840,0.5450033969256366,0,3,3,3,3,2,9.433333333333334,9.433333333333334,9.433333333333334,0.5450033969256366
176845,0.33120638303702876,0,5,5,5,4,2,8.625,7.730909090909091,8.1,0.33120638303702876
176847,0.23361499522745233,0,3,3,3,3,2,8.4,8.4,8.4,0.23361499522745233
176863,0.21019804299238312,0,1,1,1,1,1,,5.706666666666666,6.9,0.21019804299238312
176877,0.21442449935330846,0,1,1,1,1,1,9.6,9.6,9.6,0.21442449935330846
176879,0.48160975077336776,0,4,4,3,4,2,8.725,8.725,8.725,0.48160975077336776
176884,-0.2197235629472495,0,2,2,2,2,2,9.0,7.408333333333333,7.35,-0.2197235629472495
176894,0.6225900746704192,0,4,4,4,4,2,9.55,9.55,9.55,0.6225900746704192
176898,0.22456657658394494,0,3,3,3,2,2,8.899999999999999,8.036666666666667,8.2,0.22456657658394494
176900,-2.642109331711684,0,1,1,1,1,1,0.0,0.0,0.0,-2.642109331711684
176906,0.16937279856268134,0,4,4,4,4,2,8.425,8.425,8.425,0.16937279856268134
176918,0.05319411508178441,0,2,2,2,2,2,7.75,7.75,7.75,0.05319411508178441
176919,0.5738709506782969,0,4,4,3,4,3,9.45,9.45,9.45,0.5738709506782969
176926,-0.05107954114048069,0,4,4,4,4,2,8.775,8.775,8.775,-0.05107954114048069
176934,0.556135463676529,0,1,1,1,1,1,8.6,8.6,8.6,0.556135463676529
176941,0.796661555252161,0,1,1,1,1,1,9.3,9.3,9.3,0.796661555252161
176942,0.01898691273653447,0,1,1,1,1,1,,4.133333333333333,5.5,0.01898691273653447
176945,-1.9903004927460317,0,1,1,1,1,1,0.1,0.1,0.1,-1.9903004927460317
176951,-1.2010981194680594,0,1,1,1,1,1,2.1,2.1,2.1,-1.2010981194680594
176957,0.6413787201238598,0,3,3,2,3,2,9.933333333333334,9.933333333333334,9.933333333333334,0.6413787201238598
176963,0.41516232853512997,0,1,1,1,1,1,10.0,10.0,10.0,0.41516232853512997
176978,0.3308888671704693,0,2,2,2,2,1,8.2,8.2,8.2,0.3308888671704693
176991,0.6107154587350734,0,2,2,2,2,2,9.95,9.95,9.95,0.6107154587350734
176993,-0.9224676243933339,0,2,2,2,1,2,0.0,2.853333333333333,3.45,-0.9224676243933339
176997,0.5729899209767451,0,4,4,4,4,2,9.425,9.425,9.425,0.5729899209767451
176998,0.745981708252997,0,1,1,1,1,1,9.7,9.7,9.7,0.745981708252997
177003,0.5302657985040514,0,1,1,1,1,1,9.6,9.6,9.6,0.5302657985040514
177017,0.3826756838054064,0,1,1,1,1,1,10.0,10.0,10.0,0.3826756838054064
177018,0.5836775621230023,0,1,1,1,1,1,8.7,8.7,8.7,0.5836775621230023
177020,-0.09322290003453,0,1,1,1,1,1,7.5,7.5,7.5,-0.09322290003453
177021,-0.12920454214434685,0,4,4,4,3,2,8.175,8.175,8.175,-0.12920454214434685
177038,0.29548984378331156,0,2,2,2,2,2,7.75,7.75,7.75,0.29548984378331156
177050,0.07792765966644233,0,3,3,3,3,2,8.700000000000001,8.700000000000001,8.700000000000001,0.07792765966644233
177051,-1.7688197386378495,0,1,1,1,1,1,,1.9666666666666668,0.0,-1.7688197386378495
177069,0.6470276270208134,0,3,3,2,3,2,10.0,10.0,10.0,0.6470276270208134
177071,-0.4059400913593968,0,1,1,1,1,1,,3.0,7.2,-0.4059400913593968
177072,0.03971418370168819,0,4,4,4,2,3,7.4750000000000005,7.4750000000000005,7.4750000000000005,0.03971418370168819
177085,0.41516232853512997,0,1,1,1,1,1,10.0,10.0,10.0,0.41516232853512997
177091,0.017903735768221202,0,1,1,1,1,1,7.8,7.8,7.8,0.017903735768221202
177093,0.4303700220281173,0,1,1,1,1,1,6.8,6.8,6.8,0.4303700220281173
177095,0.5047304376369298,0,1,1,1,1,1,9.4,9.4,9.4,0.5047304376369298
177096,0.4123647451640633,0,3,3,3,3,3,8.766666666666667,8.766666666666667,8.766666666666667,0.4123647451640633
177098,-1.0404840409352647,0,1,1,1,1,1,0.0,0.0,0.0,-1.0404840409352647
177107,0.583499068477392,0,2,2,2,2,1,9.45,9.45,9.45,0.583499068477392
177108,0.10534848018340229,0,5,5,4,4,3,8.4,8.4,8.4,0.10534848018340229
177111,0.14820825788612266,0,3,3,3,3,2,9.15,6.8,6.333333333333333,0.14820825788612266
177114,0.1942341160588451,0,4,4,3,4,2,9.1,9.1,9.1,0.1942341160588451
177117,-1.062724941125248,0,1,1,1,1,1,,3.216666666666667,0.4,-1.062724941125248
177119,-0.23725436337369912,0,1,1,1,1,1,5.8,5.8,5.8,-0.23725436337369912
177125,1.8142971653590676,0,1,1,1,1,1,10.0,10.0,10.0,1.8142971653590676
177129,0.3891971333930355,0,1,1,1,1,1,10.0,10.0,10.0,0.3891971333930355
177137,-0.13055450604449367,0,1,1,1,1,1,,3.242857142857143,6.4,-0.13055450604449367
177140,-0.907210389781105,0,1,1,1,1,1,,5.263636363636364,4.5,-0.907210389781105
177143,0.487188117432648,0,4,4,4,4,2,9.65,9.65,9.65,0.487188117432648
177145,-2.5670092155557267,0,1,1,1,1,1,,2.3000000000000003,0.0,-2.5670092155557267
177146,0.6872054035576189,0,3,3,3,3,2,10.0,10.0,10.0,0.6872054035576189
177156,0.08237138617538681,0,1,1,1,1,1,9.0,9.0,9.0,0.08237138617538681
177172,0.4701151274256631,0,1,1,1,1,1,8.1,8.1,8.1,0.4701151274256631
177173,0.7696950963609008,0,4,4,3,4,2,9.65,9.65,9.65,0.7696950963609008
177174,-0.2801335305548044,0,4,4,4,3,3,9.200000000000001,9.200000000000001,7.825,-0.2801335305548044
177186,0.42022504984696374,0,3,3,3,3,2,9.4,9.4,9.4,0.42022504984696374
177191,-0.10501557500958902,0,3,3,3,3,2,8.566666666666666,8.566666666666666,8.566666666666666,-0.10501557500958902
177200,-0.3655230261532778,0,1,1,1,1,1,8.4,8.4,8.4,-0.3655230261532778
177202,0.7715379394690683,0,3,3,3,3,2,9.966666666666667,9.966666666666667,9.966666666666667,0.7715379394690683
177206,-0.9224676243933339,0,2,2,2,1,2,6.9,5.071428571428571,3.45,-0.9224676243933339
177212,-0.15760371282778438,0,7,7,5,4,3,8.379999999999999,7.340136054421769,6.3428571428571425,-0.15760371282778438
177218,0.6561430623795377,0,1,1,1,1,1,8.1,8.1,8.1,0.6561430623795377
177220,0.8861938715123682,0,3,3,3,3,2,9.966666666666667,9.966666666666667,9.966666666666667,0.8861938715123682
177224,0.3826756838054064,0,1,1,1,1,1,10.0,10.0,10.0,0.3826756838054064
177226,1.3042537855392495,0,1,1,1,1,1,9.5,9.5,9.5,1.3042537855392495
177228,-0.056637037528693104,0,5,5,4,4,3,8.9,8.153846153846155,7.12,-0.056637037528693104
177232,-1.2025975223288075,0,1,1,1,1,1,,1.822222222222222,4.3,-1.2025975223288075
177233,-0.9635286484338842,0,4,4,4,3,3,7.95,7.95,7.95,-0.9635286484338842
177236,0.8918779738769897,0,1,1,1,1,1,9.8,9.8,9.8,0.8918779738769897
177240,0.007722317453942928,0,1,1,1,1,1,8.9,8.9,8.9,0.007722317453942928
177241,0.3527556546060882,0,3,3,3,3,2,9.066666666666666,9.066666666666666,9.066666666666666,0.3527556546060882
177244,0.406935178695124,0,3,3,3,3,2,9.666666666666666,9.666666666666666,9.666666666666666,0.406935178695124
177249,0.7939537470668826,0,3,3,3,3,2,9.766666666666667,9.766666666666667,9.766666666666667,0.7939537470668826
177250,0.5110801706445083,0,1,1,1,1,1,9.0,9.0,9.0,0.5110801706445083
177251,0.4408831553422353,0,1,1,1,1,1,8.4,8.4,8.4,0.4408831553422353
177260,0.6795639359469405,0,1,1,1,1,1,9.8,9.8,9.8,0.6795639359469405
177280,0.4218789364893631,0,2,2,2,2,2,7.85,7.85,7.85,0.4218789364893631
177282,-0.4411552179137721,0,1,1,1,1,1,,6.31,6.7,-0.4411552179137721
177284,1.7122884893951045,0,1,1,1,1,1,9.9,9.9,9.9,1.7122884893951045
177287,1.067534359892964,0,2,2,2,2,2,10.0,10.0,10.0,1.067534359892964
177291,-1.0868873903066392,0,5,5,4,4,3,6.766666666666666,5.843846153846154,4.84,-1.0868873903066392
177292,-2.5595251891031126,0,1,1,1,1,1,0.0,0.0,0.0,-2.5595251891031126
177294,0.7542130046683844,0,1,1,1,1,1,9.9,9.9,9.9,0.7542130046683844
177299,-0.5445336874794894,0,3,3,3,2,2,6.15,5.822222222222223,4.933333333333334,-0.5445336874794894
177300,-0.7003687043231028,0,1,1,1,1,1,7.5,7.5,7.5,-0.7003687043231028
177303,0.8288620733898283,0,1,1,1,1,1,10.0,10.0,10.0,0.8288620733898283
177312,-2.4891090106546083,0,1,1,1,1,1,0.0,0.0,0.0,-2.4891090106546083
177313,-0.7753698415713497,0,2,2,2,1,2,9.5,6.84,4.75,-0.7753698415713497
177314,0.1094077049027123,0,1,1,1,1,1,9.6,9.6,9.6,0.1094077049027123
177315,0.35528979980963615,0,4,4,4,4,2,9.566666666666666,8.467307692307692,8.15,0.35528979980963615
177316,0.3826756838054064,0,1,1,1,1,1,10.0,10.0,10.0,0.3826756838054064
177320,0.4601604387580809,0,3,3,3,3,2,9.466666666666667,9.466666666666667,9.466666666666667,0.4601604387580809
177325,-1.173681190398294,0,3,3,3,3,2,9.1,8.566666666666666,6.888888888888888,-1.173681190398294
177326,-1.1186477454781556,0,3,3,3,1,3,4.633333333333334,4.633333333333334,4.633333333333334,-1.1186477454781556
177328,0.3009731601079848,0,2,2,2,2,2,8.3,8.3,8.3,0.3009731601079848
177331,-0.11997954709484031,0,3,3,3,3,2,9.0,9.0,9.0,-0.11997954709484031
177343,0.7424452002758339,0,4,4,4,4,2,9.925,9.925,9.925,0.7424452002758339
177347,0.6157824931367004,0,4,4,4,4,2,9.05,9.05,9.05,0.6157824931367004
177349,1.045142880569512,0,1,1,1,1,1,10.0,10.0,10.0,1.045142880569512
177352,0.6468389186481048,0,2,2,2,2,2,9.65,9.65,9.65,0.6468389186481048
177355,0.5121621822491764,0,4,4,4,4,2,9.1,9.1,9.1,0.5121621822491764
177357,0.8145431740002391,0,2,2,2,2,2,10.0,10.0,10.0,0.8145431740002391
177359,0.7211956289485564,0,4,4,4,4,2,9.6,9.6,9.6,0.7211956289485564
177361,-2.5874203310357697,0,1,1,1,1,1,0.0,0.0,0.0,-2.5874203310357697
177363,0.2850299527578878,0,2,2,2,2,2,8.55,8.55,8.55,0.2850299527578878
177365,-0.11894850521425879,0,4,4,4,3,3,8.5,7.667307692307691,7.35,-0.11894850521425879
177366,-1.0404840409352647,0,1,1,1,1,1,,3.75,0.0,-1.0404840409352647
177367,0.5481462079232599,0,3,3,2,3,2,9.933333333333334,9.933333333333334,9.933333333333334,0.5481462079232599
177369,0.3857195540879325,0,4,4,3,4,2,9.45,9.45,9.45,0.3857195540879325
177370,0.5569183056903952,0,4,4,4,4,2,9.375,9.375,9.375,0.5569183056903952
177385,-2.5874203310357697,0,1,1,1,1,1,0.0,0.0,0.0,-2.5874203310357697
177398,0.536025301865302,0,1,1,1,1,1,9.0,9.0,9.0,0.536025301865302
177400,-1.91666066581144,0,3,3,3,1,2,4.2,2.8000000000000003,2.8000000000000003,-1.91666066581144
177405,-0.14158644163880416,0,1,1,1,1,1,9.3,9.3,9.3,-0.14158644163880416
177408,0.004663219536864368,0,1,1,1,1,1,8.8,8.8,8.8,0.004663219536864368
177411,0.3826756838054064,0,1,1,1,1,1,10.0,10.0,10.0,0.3826756838054064
177414,-0.6317348039124384,0,5,5,4,3,3,6.775,6.17,5.42,-0.6317348039124384
177428,0.6223394600056883,0,1,1,1,1,1,8.8,8.8,8.8,0.6223394600056883
177432,0.03610147960428313,0,1,1,1,1,1,9.2,9.2,9.2,0.03610147960428313
177443,0.07961275923498588,0,3,3,2,3,2,8.433333333333332,8.433333333333332,8.433333333333332,0.07961275923498588
177446,-0.18899295648178183,0,5,5,4,4,3,8.775,8.185714285714287,7.459999999999999,-0.18899295648178183
177447,0.16606680617970454,0,1,1,1,1,1,9.5,9.5,9.5,0.16606680617970454
177452,0.5728549038739804,0,4,4,4,4,2,9.475000000000001,9.475000000000001,9.475000000000001,0.5728549038739804
177460,-0.4046998730661646,0,3,3,3,3,2,6.3999999999999995,6.3999999999999995,6.3999999999999995,-0.4046998730661646
177462,-2.5670092155557267,0,1,1,1,1,1,0.0,0.0,0.0,-2.5670092155557267
177463,0.6179427898580057,0,1,1,1,1,1,9.2,9.2,9.2,0.6179427898580057
177464,0.555228394727117,0,1,1,1,1,1,9.5,9.5,9.5,0.555228394727117
177471,1.0067741711471558,0,3,3,3,3,1,9.666666666666666,9.666666666666666,9.666666666666666,1.0067741711471558
177473,0.3826756838054064,0,1,1,1,1,1,10.0,10.0,10.0,0.3826756838054064
177478,0.4607316620083731,0,4,4,4,4,2,9.35,9.35,9.35,0.4607316620083731
177492,-0.12426072154798311,0,1,1,1,1,1,,5.706666666666666,6.0,-0.12426072154798311
177497,-0.5150931171889529,0,2,2,2,1,2,10.0,8.625,8.4,-0.5150931171889529
177498,0.7542130046683844,0,1,1,1,1,1,9.9,9.9,9.9,0.7542130046683844
177512,0.7507207962416338,0,4,4,4,4,2,9.925,9.925,9.925,0.7507207962416338
177519,0.5307758498336567,0,3,3,2,3,2,9.866666666666667,9.866666666666667,9.866666666666667,0.5307758498336567
177520,0.3393539082802662,0,1,1,1,1,1,9.9,9.9,9.9,0.3393539082802662
177521,-2.642109331711684,0,1,1,1,1,1,0.0,0.0,0.0,-2.642109331711684
177526,-0.8886434828118371,0,5,5,5,3,4,9.05,7.151666666666666,6.4799999999999995,-0.8886434828118371
177531,0.45410781387259824,0,1,1,1,1,1,8.8,8.8,8.8,0.45410781387259824
177534,0.025742989388873483,0,1,1,1,1,1,9.5,9.5,9.5,0.025742989388873483
177536,0.6650809424342511,0,1,1,1,1,1,8.8,8.8,8.8,0.6650809424342511
177539,-0.21493143114277813,0,2,2,2,1,2,8.6,7.012499999999999,7.4,-0.21493143114277813
177542,-0.523198765953118,0,5,5,4,3,3,8.5,6.55,6.5,-0.523198765953118
177543,0.473044157751952,0,1,1,1,1,1,9.0,9.0,9.0,0.473044157751952
177544,0.9367350217788787,0,1,1,1,1,1,9.9,9.9,9.9,0.9367350217788787
177545,0.6191748943111959,0,1,1,1,1,1,8.8,8.8,8.8,0.6191748943111959
177546,0.8851628222859098,0,2,2,2,2,2,9.9,9.9,9.9,0.8851628222859098
177556,0.025742989388873483,0,1,1,1,1,1,9.5,9.5,9.5,0.025742989388873483
177558,0.2247444941581583,0,4,4,4,3,2,9.6,8.657142857142857,8.625,0.2247444941581583
177559,0.2924150160965377,0,2,2,2,2,1,9.2,9.2,9.2,0.2924150160965377
177564,0.6310223694700905,0,4,4,3,4,2,9.975,9.975,9.975,0.6310223694700905
177565,0.3181622135298216,0,2,2,2,2,2,9.6,9.6,9.6,0.3181622135298216
177566,0.12059342308669693,0,5,5,5,4,3,8.525,7.961333333333333,8.24,0.12059342308669693
177578,0.7774974729029644,0,1,1,1,1,1,8.8,8.8,8.8,0.7774974729029644
177580,0.6063310495175654,0,3,3,3,3,2,9.266666666666666,9.266666666666666,9.266666666666666,0.6063310495175654
177581,0.565012218370999,0,3,3,3,3,2,8.700000000000001,8.700000000000001,8.700000000000001,0.565012218370999
177584,0.24302891480071773,0,3,3,3,3,3,8.233333333333333,8.233333333333333,8.233333333333333,0.24302891480071773
177587,0.5476730045872378,0,4,4,4,4,2,9.875,9.875,9.875,0.5476730045872378
177594,0.44168823337023067,0,1,1,1,1,1,8.3,8.3,8.3,0.44168823337023067
177595,0.6499616380847906,0,3,3,3,3,2,9.466666666666667,9.466666666666667,9.466666666666667,0.6499616380847906
177597,-1.006371937555921,0,2,2,2,1,1,7.9,7.575,7.550000000000001,-1.006371937555921
177599,0.8288620733898283,0,1,1,1,1,1,10.0,10.0,10.0,0.8288620733898283
177600,0.05853219374232882,0,2,2,2,1,2,10.0,8.155,8.0,0.05853219374232882
177603,0.00962681405072204,0,3,3,3,3,2,9.0,9.0,9.0,0.00962681405072204
177604,0.236187404647626,0,1,1,1,1,1,7.7,7.7,7.7,0.236187404647626
177605,-1.4824637661033016,0,3,3,3,1,3,0.6,2.4416666666666664,0.3,-1.4824637661033016
177607,0.21800551334835327,0,1,1,1,1,1,9.1,9.1,9.1,0.21800551334835327
177610,0.7542130046683844,0,1,1,1,1,1,9.9,9.9,9.9,0.7542130046683844
177615,-1.1691205035059498,0,1,1,1,1,1,4.4,4.4,4.4,-1.1691205035059498
177617,0.18215834993564964,0,1,1,1,1,1,8.4,8.4,8.4,0.18215834993564964
177622,0.39298607394909574,0,3,3,3,3,2,9.433333333333334,9.433333333333334,9.433333333333334,0.39298607394909574
177626,-1.9777393424876588,0,1,1,1,1,1,,0.0,0.0,-1.9777393424876588
177627,0.871843748200789,0,2,2,2,2,2,9.3,9.3,9.3,0.871843748200789
177628,-2.642109331711684,0,1,1,1,1,1,0.0,0.0,0.0,-2.642109331711684
177635,0.03085668020197039,0,4,4,4,3,3,8.766666666666667,7.5125,6.575,0.03085668020197039
177637,-2.2817012774111625,0,3,3,3,3,2,3.1,3.1,3.1,-2.2817012774111625
177642,0.17280249863217292,0,3,3,3,2,2,8.7,7.395833333333333,7.833333333333333,0.17280249863217292
177649,0.41261909699954274,0,5,5,4,5,2,9.459999999999999,9.459999999999999,9.459999999999999,0.41261909699954274
177653,-2.5595251891031126,0,1,1,1,1,1,,0.0,0.0,-2.5595251891031126
177658,-0.9259576057682786,0,5,5,5,4,4,8.433333333333334,7.08,6.08,-0.9259576057682786
177659,-0.16446712660386242,0,1,1,1,1,1,7.5,7.5,7.5,-0.16446712660386242
177660,0.570912973508873,0,3,3,3,3,2,9.366666666666667,9.366666666666667,9.366666666666667,0.570912973508873
177661,-1.667605111225073,0,5,5,5,3,4,6.733333333333333,6.306333333333333,5.4,-1.667605111225073
177666,0.9456127418288219,0,1,1,1,1,1,10.0,10.0,10.0,0.9456127418288219
177668,-2.5228082455842524,0,1,1,1,1,1,0.2,0.2,0.2,-2.5228082455842524
177670,0.059746836419063434,0,5,5,4,4,3,8.059999999999999,8.059999999999999,8.059999999999999,0.059746836419063434
177671,-0.09823023604475789,0,2,2,2,2,2,8.3,6.233333333333334,6.65,-0.09823023604475789
177674,-0.08401930091258608,0,4,4,4,4,2,8.8,8.8,8.8,-0.08401930091258608
177678,0.3826756838054064,0,1,1,1,1,1,10.0,10.0,10.0,0.3826756838054064
177685,-1.2019611850669405,0,1,1,1,1,1,3.1,3.1,3.1,-1.2019611850669405
177686,0.6809410046799405,0,2,2,2,2,2,8.6,8.6,8.6,0.6809410046799405
177692,0.025742989388873483,0,1,1,1,1,1,9.5,9.5,9.5,0.025742989388873483
177700,0.7652137672291306,0,3,3,3,3,2,9.266666666666667,9.266666666666667,9.266666666666667,0.7652137672291306
177704,-1.1089432448768406,0,2,2,2,1,2,2.1,4.675,4.45,-1.1089432448768406
177705,-0.2238505624726949,0,3,3,3,2,2,6.466666666666666,6.466666666666666,6.466666666666666,-0.2238505624726949
177706,0.1618821185100814,0,3,3,2,3,2,8.766666666666666,8.766666666666666,8.766666666666666,0.1618821185100814
177709,1.0270543397773009,0,3,3,3,3,1,9.733333333333333,9.733333333333333,9.733333333333333,1.0270543397773009
177713,0.20930937660482773,0,1,1,1,1,1,9.7,9.7,9.7,0.20930937660482773
177714,0.36428924347509584,0,4,4,4,3,3,8.333333333333334,7.676666666666667,8.05,0.36428924347509584
177715,0.6312463223720568,0,4,4,4,4,2,9.1,9.1,9.1,0.6312463223720568
177717,-1.2484709336130868,0,1,1,1,1,1,,3.4375,0.0,-1.2484709336130868
177727,0.6998602778507101,0,1,1,1,1,1,9.4,9.4,9.4,0.6998602778507101
177729,0.6633804734631477,0,2,2,2,2,2,9.75,9.75,9.75,0.6633804734631477
177734,0.1462284017721297,0,3,3,3,3,2,8.933333333333332,8.933333333333332,8.933333333333332,0.1462284017721297
177740,1.045142880569512,0,1,1,1,1,1,10.0,10.0,10.0,1.045142880569512
177746,0.5478496159259879,0,1,1,1,1,1,10.0,10.0,10.0,0.5478496159259879
177753,-0.46905502920433706,0,4,4,4,3,2,8.233333333333333,7.05625,6.625,-0.46905502920433706
177754,0.16606680617970454,0,1,1,1,1,1,9.5,9.5,9.5,0.16606680617970454
177757,0.6484874003758123,0,4,4,2,4,2,9.925,9.925,9.925,0.6484874003758123
177761,0.5697715853181444,0,2,2,2,2,2,9.75,9.75,9.75,0.5697715853181444
177766,0.7215650476053148,0,3,3,3,3,2,9.799999999999999,9.799999999999999,9.799999999999999,0.7215650476053148
177767,0.6545826363234184,0,4,4,4,4,2,10.0,10.0,10.0,0.6545826363234184
177768,0.7490547061430812,0,4,4,4,4,2,10.0,10.0,10.0,0.7490547061430812
177773,-1.9777393424876588,0,1,1,1,1,1,,0.0,0.0,-1.9777393424876588
177777,0.2891196112855163,0,1,1,1,1,1,9.2,9.2,9.2,0.2891196112855163
177785,-2.044375569904874,0,1,1,1,1,1,,5.8999999999999995,2.7,-2.044375569904874
177793,0.30631859233971975,0,1,1,1,1,1,9.3,9.3,9.3,0.30631859233971975
177794,-1.0052914313738883,0,3,3,3,2,2,5.95,5.344444444444444,4.2,-1.0052914313738883
177798,0.6194729658642962,0,3,3,3,3,2,9.9,9.9,9.9,0.6194729658642962
177799,-0.6901990133125714,0,3,3,2,3,2,7.5,6.723076923076923,5.0,-0.6901990133125714
177804,0.6441185278008345,0,1,1,1,1,1,9.1,9.1,9.1,0.6441185278008345
177808,0.6477900103001952,0,4,4,2,4,2,9.85,9.85,9.85,0.6477900103001952
177810,-0.06557009564342578,0,2,2,2,1,2,7.7,5.9399999999999995,6.800000000000001,-0.06557009564342578
177811,-0.32096323880470495,0,3,3,2,3,2,8.6,7.111111111111111,7.133333333333333,-0.32096323880470495
177815,0.6795639359469405,0,1,1,1,1,1,9.8,9.8,9.8,0.6795639359469405
177818,0.6049148672254953,0,1,1,1,1,1,9.7,9.7,9.7,0.6049148672254953
177824,-1.0404840409352647,0,1,1,1,1,1,,3.75,0.0,-1.0404840409352647
177825,0.17199601891107336,0,4,4,3,4,2,9.25,9.25,9.25,0.17199601891107336
177826,-0.10393419953178104,0,4,4,3,4,2,8.85,8.85,8.85,-0.10393419953178104
177827,-2.8713887951033117,0,1,1,1,1,1,,6.183333333333334,0.0,-2.8713887951033117
177828,0.7487276308896305,0,4,4,4,4,2,9.95,9.95,9.95,0.7487276308896305
177829,-0.6846681431911078,0,1,1,1,1,1,8.2,8.2,8.2,-0.6846681431911078
177837,-0.29216050195524673,0,2,2,2,2,2,8.6,5.911111111111111,5.65,-0.29216050195524673
177839,0.9048498226296801,0,3,3,3,3,1,9.666666666666666,9.666666666666666,9.666666666666666,0.9048498226296801
177840,-2.1448324658994173,0,1,1,1,1,1,0.0,0.0,0.0,-2.1448324658994173
177851,-0.20775203625636246,0,4,4,4,4,2,9.0,8.041666666666666,7.375,-0.20775203625636246
177853,0.6589015338543582,0,1,1,1,1,1,9.3,9.3,9.3,0.6589015338543582
177856,0.6386385129283603,0,1,1,1,1,1,9.8,9.8,9.8,0.6386385129283603
177862,-0.18493265516812768,0,2,2,2,2,2,8.7,8.7,8.7,-0.18493265516812768
177863,0.12628725792796658,0,1,1,1,1,1,8.4,8.4,8.4,0.12628725792796658
177873,0.9004436110981318,0,2,2,2,2,2,9.2,9.2,9.2,0.9004436110981318
177877,-2.5874203310357697,0,1,1,1,1,1,,3.04,0.0,-2.5874203310357697
177879,0.1094077049027123,0,1,1,1,1,1,9.6,9.6,9.6,0.1094077049027123
177884,0.27646662987732334,0,1,1,1,1,1,9.5,9.5,9.5,0.27646662987732334
177885,0.1541947579285528,0,1,1,1,1,1,7.5,7.5,7.5,0.1541947579285528
177887,-0.0708805935015687,0,4,4,4,3,3,9.333333333333334,8.426666666666666,7.725,-0.0708805935015687
177888,1.6102798134311411,0,1,1,1,1,1,9.8,9.8,9.8,1.6102798134311411
177893,-1.0352124282145194,0,1,1,1,1,1,,1.822222222222222,4.8,-1.0352124282145194
177894,-0.2666717868023121,0,5,5,4,3,2,8.066666666666666,7.008333333333333,7.44,-0.2666717868023121
177901,0.3393539082802662,0,1,1,1,1,1,9.9,9.9,9.9,0.3393539082802662
177904,0.2540196941061739,0,3,3,3,3,1,9.233333333333333,9.233333333333333,9.233333333333333,0.2540196941061739
177908,-0.8449418843565702,0,4,4,3,4,3,8.133333333333333,7.975,6.5625,-0.8449418843565702
177911,0.10960395709278936,0,2,2,2,2,2,9.9,7.6625,7.4,0.10960395709278936
177914,0.3826756838054064,0,1,1,1,1,1,10.0,10.0,10.0,0.3826756838054064
177921,0.3085047000433012,0,2,2,2,2,2,9.0,9.0,9.0,0.3085047000433012
177933,0.1094077049027123,0,1,1,1,1,1,9.6,9.6,9.6,0.1094077049027123
177936,0.6338129125671463,0,3,3,3,3,2,10.0,10.0,10.0,0.6338129125671463
177946,0.21480130225590024,0,4,4,4,4,2,8.225,8.225,8.225,0.21480130225590024
177947,0.7874682815159901,0,2,2,2,2,2,8.75,8.75,8.75,0.7874682815159901
177949,0.5382074564597873,0,1,1,1,1,1,9.5,9.5,9.5,0.5382074564597873
177959,-0.5642495639604419,0,1,1,1,1,1,8.0,8.0,8.0,-0.5642495639604419
177961,0.2753825354465116,0,2,2,2,2,1,8.25,8.25,8.25,0.2753825354465116
177966,0.24282801922094738,0,4,4,4,4,2,8.8,8.8,8.8,0.24282801922094738
177967,0.16383495236858542,0,1,1,1,1,1,9.4,9.4,9.4,0.16383495236858542
177980,-0.3910781391235604,0,1,1,1,1,1,,6.31,6.8,-0.3910781391235604
177981,0.7397459346260249,0,4,4,3,4,2,9.9,9.9,9.9,0.7397459346260249
177989,-0.2784339597057821,0,1,1,1,1,1,,6.183333333333334,7.0,-0.2784339597057821
177991,0.08237138617538681,0,1,1,1,1,1,9.0,9.0,9.0,0.08237138617538681
177992,0.20938858170484476,0,1,1,1,1,1,9.6,9.6,9.6,0.20938858170484476
177994,-0.40853862157386284,0,5,5,3,3,3,7.725,6.885,6.720000000000001,-0.40853862157386284
177997,-2.353985818483757,0,1,1,1,1,1,,5.706666666666666,0.0,-2.353985818483757
177999,-0.09793877385892626,0,4,4,4,4,2,8.766666666666666,7.867307692307692,7.75,-0.09793877385892626
178002,-0.004455754520126906,0,4,4,4,4,3,8.35,8.35,8.35,-0.004455754520126906
178006,-1.810437186244293,0,1,1,1,1,1,2.5,2.5,2.5,-1.810437186244293
178009,-0.028212554956113897,0,4,4,3,4,2,8.175,8.175,8.175,-0.028212554956113897
178012,0.07109761045705609,0,4,4,3,3,3,9.799999999999999,8.925,8.925,0.07109761045705609
178013,0.4950665578689501,0,1,1,1,1,1,8.9,8.9,8.9,0.4950665578689501
178016,-1.3986561859961004,0,1,1,1,1,1,,5.828571428571429,2.2,-1.3986561859961004
178018,0.6147669980432034,0,2,2,2,2,2,9.0,9.0,9.0,0.6147669980432034
178022,-0.5888761703253669,0,3,3,3,2,3,8.85,7.802222222222222,5.8999999999999995,-0.5888761703253669
178027,-1.3092023796978154,0,4,4,4,1,3,3.7,4.020416666666666,3.3,-1.3092023796978154
178034,0.48892247541263545,0,4,4,3,4,2,9.75,9.75,9.75,0.48892247541263545
178036,0.04452037390907791,0,1,1,1,1,1,7.8,7.8,7.8,0.04452037390907791
178040,-2.353985818483757,0,1,1,1,1,1,0.0,0.0,0.0,-2.353985818483757
178045,0.3826756838054064,0,1,1,1,1,1,10.0,10.0,10.0,0.3826756838054064
178054,0.25651948819323867,0,4,4,3,4,2,9.675,9.675,9.675,0.25651948819323867
178055,0.7404835157437519,0,4,4,4,4,2,9.925,9.925,9.925,0.7404835157437519
178056,-0.583999371235248,0,4,4,3,3,3,9.333333333333334,9.333333333333334,8.233333333333334,-0.583999371235248
178059,0.3826756838054064,0,1,1,1,1,1,10.0,10.0,10.0,0.3826756838054064
178061,-0.7070586335275555,0,5,5,5,3,3,5.54,5.54,5.54,-0.7070586335275555
178071,-0.5946680161443936,0,2,2,2,1,2,8.0,5.621428571428572,5.0,-0.5946680161443936
178073,0.02874481532254408,0,2,2,2,2,2,8.6,6.26,6.5,0.02874481532254408
178076,-0.8784432386563301,0,2,2,2,2,2,4.25,4.25,4.25,-0.8784432386563301
178080,0.34111552419920876,0,4,4,2,4,2,9.55,9.55,9.55,0.34111552419920876
178083,0.866422526410781,0,4,4,3,4,2,9.35,9.35,9.35,0.866422526410781
178084,-2.4891090106546083,0,1,1,1,1,1,0.0,0.0,0.0,-2.4891090106546083
178085,-0.02348469830373051,0,2,2,2,2,2,8.3,8.3,8.3,-0.02348469830373051
178090,0.07942325512942411,0,1,1,1,1,1,9.3,9.3,9.3,0.07942325512942411
178092,-3.7963194968579725,0,1,1,1,1,1,0.0,0.0,0.0,-3.7963194968579725
178103,0.47125341881407234,0,1,1,1,1,1,9.3,9.3,9.3,0.47125341881407234
178104,-0.2242659117207902,0,4,4,3,4,2,9.075000000000001,9.075000000000001,9.075000000000001,-0.2242659117207902
178108,0.42865098720193556,0,4,4,3,4,3,9.399999999999999,9.399999999999999,9.399999999999999,0.42865098720193556
178115,0.8580323947828226,0,1,1,1,1,1,10.0,10.0,10.0,0.8580323947828226
178123,-0.0505420714459973,0,1,1,1,1,1,9.0,9.0,9.0,-0.0505420714459973
178124,-1.0373646446462754,0,1,1,1,1,1,7.5,7.5,7.5,-1.0373646446462754
178125,0.3826756838054064,0,1,1,1,1,1,10.0,10.0,10.0,0.3826756838054064
178127,0.43480766517518,0,3,3,2,2,2,8.85,8.003333333333332,8.166666666666666,0.43480766517518
178131,0.41979423110986347,0,1,1,1,1,1,10.0,10.0,10.0,0.41979423110986347
178132,-0.007600782139080053,0,2,2,2,2,2,8.0,8.0,8.0,-0.007600782139080053
178134,-0.36634924756074655,0,1,1,1,1,1,5.8,5.8,5.8,-0.36634924756074655
178136,-0.7359197337400236,0,1,1,1,1,1,7.5,7.5,7.5,-0.7359197337400236
178139,0.6517407998882625,0,4,4,2,4,2,10.0,10.0,10.0,0.6517407998882625
178141,-1.1575630407896487,0,1,1,1,1,1,4.4,4.4,4.4,-1.1575630407896487
178142,-0.6588300147279635,0,2,2,2,2,2,4.95,4.95,4.95,-0.6588300147279635
178148,0.3334847369241889,0,4,4,4,4,3,8.666666666666666,7.856249999999999,8.275,0.3334847369241889
178149,-0.29776043658557844,0,4,4,4,3,2,8.766666666666667,7.8,7.575,-0.29776043658557844
178152,-0.2548260567365297,0,2,2,2,2,2,8.0,6.584615384615384,7.25,-0.2548260567365297
178161,0.3838381239714905,0,2,2,2,2,2,8.850000000000001,8.850000000000001,8.850000000000001,0.3838381239714905
178162,-0.49483586744621616,0,3,3,3,3,2,9.25,9.25,7.708333333333333,-0.49483586744621616
178168,-1.1701375968909753,0,1,1,1,1,1,2.9,2.9,2.9,-1.1701375968909753
178169,-0.7075380418163484,0,1,1,1,1,1,4.3,4.3,4.3,-0.7075380418163484
178170,-0.2755567023294113,0,3,3,3,3,2,8.266666666666667,8.266666666666667,8.266666666666667,-0.2755567023294113
178180,0.3826756838054064,0,1,1,1,1,1,10.0,10.0,10.0,0.3826756838054064
178184,-0.7428410194548674,0,8,8,7,5,3,8.2,7.79375,7.475,-0.7428410194548674
178189,-0.054402143633215355,0,2,2,1,2,1,8.2,6.477272727272727,6.1,-0.054402143633215355
178191,0.8288684459933066,0,1,1,1,1,1,8.9,8.9,8.9,0.8288684459933066
178193,0.36066613513683965,0,2,2,2,2,2,8.2,8.2,8.2,0.36066613513683965
178195,-0.7614421633826383,0,3,3,3,2,2,9.65,8.933333333333334,6.926666666666667,-0.7614421633826383
178196,-0.5839869177868535,0,3,3,3,3,2,8.533333333333333,8.533333333333333,8.533333333333333,-0.5839869177868535
178197,-1.5200242054751227,0,8,8,6,4,3,7.116666666666667,6.351875,7.0875,-1.5200242054751227
178198,-0.7507976351260309,0,4,4,3,4,2,7.933333333333334,7.11875,6.85,-0.7507976351260309
178200,-0.381388394835636,0,4,4,4,4,2,8.649999999999999,6.611057692307692,5.8,-0.381388394835636
178204,-0.582065215068655,0,4,4,4,4,2,7.9,7.9,7.9,-0.582065215068655
178209,0.29279262380881504,0,3,3,3,3,2,9.533333333333333,9.533333333333333,9.533333333333333,0.29279262380881504
178214,0.6607372813874836,0,3,3,3,3,2,9.066666666666668,9.066666666666668,9.066666666666668,0.6607372813874836
178223,-0.5512969473896097,0,2,2,2,1,1,9.2,6.6899999999999995,4.6,-0.5512969473896097
178231,0.5141034225685587,0,4,4,3,4,2,9.675,9.675,9.675,0.5141034225685587
178234,-0.9714793130730185,0,1,1,1,1,1,,2.4899999999999998,1.5,-0.9714793130730185
178237,0.7811835816855096,0,4,4,4,4,2,9.625,9.625,9.625,0.7811835816855096
178239,0.770899629853214,0,2,2,1,2,2,9.65,9.65,9.65,0.770899629853214
178241,-0.2784339597057821,0,1,1,1,1,1,,6.183333333333334,7.0,-0.2784339597057821
178251,0.6212340821330676,0,1,1,1,1,1,8.9,8.9,8.9,0.6212340821330676
178254,-1.9777393424876588,0,1,1,1,1,1,0.0,0.0,0.0,-1.9777393424876588
178256,-0.7799732010840081,0,4,4,4,3,3,8.166666666666666,7.741666666666666,6.45,-0.7799732010840081
178264,-0.08736057592600727,0,3,3,2,3,2,8.15,7.029166666666666,7.466666666666666,-0.08736057592600727
178270,0.5716844752826448,0,1,1,1,1,1,9.6,9.6,9.6,0.5716844752826448
178271,-2.5935637816664174,0,1,1,1,1,1,,5.424999999999999,0.0,-2.5935637816664174
178274,0.19642702224975028,0,4,4,3,4,3,8.875,8.875,8.875,0.19642702224975028
178278,0.3216842978391718,0,1,1,1,1,1,,5.706666666666666,7.2,0.3216842978391718
178294,0.8158824967875338,0,2,2,2,2,1,10.0,10.0,10.0,0.8158824967875338
178296,-1.7965825017828425,0,8,8,6,3,3,2.7125,2.7125,2.7125,-1.7965825017828425
178297,0.1167422179008511,0,2,2,2,2,2,9.1,9.1,9.1,0.1167422179008511
178301,0.09401650094468497,0,5,5,5,4,3,9.225,8.545714285714286,7.82,0.09401650094468497
178305,-0.7916947694452559,0,1,1,1,1,1,,6.31,6.0,-0.7916947694452559
178312,0.6922017297554679,0,1,1,1,1,1,8.9,8.9,8.9,0.6922017297554679
178316,-1.0992640305391321,0,3,3,3,3,2,8.9,6.128888888888889,3.8000000000000003,-1.0992640305391321
178335,-0.09413242000510595,0,3,3,3,3,2,9.5,6.45,6.5,-0.09413242000510595
178337,-0.12386767795624204,0,1,1,1,1,1,8.1,8.1,8.1,-0.12386767795624204
178344,-0.6138334435201491,0,2,2,2,1,2,7.9,3.95,3.95,-0.6138334435201491
178346,0.2983476825599893,0,3,3,3,3,2,9.133333333333333,9.133333333333333,9.133333333333333,0.2983476825599893
178347,0.1745892663448538,0,1,1,1,1,1,8.2,8.2,8.2,0.1745892663448538
178348,0.6545282108318948,0,4,4,4,4,2,9.3,9.3,9.3,0.6545282108318948
178351,0.849159962930949,0,4,4,4,4,2,10.0,10.0,10.0,0.849159962930949
178365,0.48216993679766307,0,4,4,4,4,2,9.275,9.275,9.275,0.48216993679766307
178373,-0.2508408265946053,0,4,4,3,3,3,8.0,8.0,8.0,-0.2508408265946053
178377,-2.669482114474088,0,1,1,1,1,1,0.0,0.0,0.0,-2.669482114474088
178380,0.39188768580412536,0,4,4,4,4,2,9.4,9.4,9.4,0.39188768580412536
178381,0.7817777658434139,0,1,1,1,1,1,9.6,9.6,9.6,0.7817777658434139
178383,-0.4411552179137721,0,1,1,1,1,1,,6.31,6.7,-0.4411552179137721
178384,-2.5935637816664174,0,1,1,1,1,1,0.0,0.0,0.0,-2.5935637816664174
178385,0.38096766106116364,0,1,1,1,1,1,9.4,9.4,9.4,0.38096766106116364
178388,-1.0511828114299049,0,1,1,1,1,1,,0.2,0.0,-1.0511828114299049
178389,-0.5967495980583228,0,5,5,4,4,3,8.725,7.87,6.9799999999999995,-0.5967495980583228
178399,0.7333056563345343,0,1,1,1,1,1,9.4,9.4,9.4,0.7333056563345343
178407,-0.6023985380162995,0,4,4,3,3,3,8.733333333333334,8.095833333333333,7.7250000000000005,-0.6023985380162995
178410,0.004663219536864368,0,1,1,1,1,1,8.8,8.8,8.8,0.004663219536864368
178412,-0.3910781391235604,0,1,1,1,1,1,6.8,6.8,6.8,-0.3910781391235604
178417,-1.242126569463363,0,2,2,2,1,2,0.7,0.44999999999999996,0.35,-1.242126569463363
178419,-2.642109331711684,0,1,1,1,1,1,0.0,0.0,0.0,-2.642109331711684
178422,-2.642109331711684,0,1,1,1,1,1,,1.822222222222222,0.0,-2.642109331711684
178424,-2.5670092155557267,0,1,1,1,1,1,0.0,0.0,0.0,-2.5670092155557267
178425,0.01073806160287213,0,1,1,1,1,1,7.8,7.8,7.8,0.01073806160287213
178429,0.3823986551437752,0,1,1,1,1,1,8.2,8.2,8.2,0.3823986551437752
178431,-0.7492325410475116,0,4,4,3,3,3,6.15,6.15,6.15,-0.7492325410475116
178436,-1.2657735302996589,0,4,4,4,3,3,8.1,4.59375,2.3249999999999997,-1.2657735302996589
178438,-1.3499777467378309,0,1,1,1,1,1,0.0,0.0,0.0,-1.3499777467378309
178439,-0.9329695977457416,0,3,3,3,1,3,7.199999999999999,6.861111111111111,4.8,-0.9329695977457416
178441,0.16606680617970454,0,1,1,1,1,1,9.5,9.5,9.5,0.16606680617970454
178442,-1.0352124282145194,0,1,1,1,1,1,4.8,4.8,4.8,-1.0352124282145194
178444,-1.4336405843485305,0,2,2,2,1,2,,4.308333333333334,2.5,-1.4336405843485305
178445,-4.937766587095981,0,1,1,1,1,1,,7.5,1.85,-4.937766587095981
178447,-0.6150112697359792,0,3,3,3,2,3,3.033333333333333,3.033333333333333,3.033333333333333,-0.6150112697359792
178453,-0.42660280744278395,0,1,1,1,1,1,,6.183333333333334,6.6,-0.42660280744278395
178462,0.39490623221428967,0,4,4,4,4,2,8.8,8.8,8.8,0.39490623221428967
178469,-0.15961606805509762,0,6,6,6,4,3,8.059999999999999,7.578205128205128,7.8,-0.15961606805509762
178470,-1.6072657112335607,0,6,6,5,4,3,5.066666666666666,5.066666666666666,5.066666666666666,-1.6072657112335607
178473,-1.1514277691316865,0,2,2,2,2,2,7.9,6.533333333333333,5.2,-1.1514277691316865
178474,-1.1317900401616137,0,5,5,5,4,3,8.825,8.825,7.8,-1.1317900401616137
178475,-2.642109331711684,0,1,1,1,1,1,0.0,0.0,0.0,-2.642109331711684
178478,-0.40018969015119515,0,6,6,5,5,2,8.28,7.675,6.8999999999999995,-0.40018969015119515
178479,-0.2684469327655038,0,5,5,5,3,3,7.333333333333333,6.228846153846154,5.779999999999999,-0.2684469327655038
178480,0.025742989388873483,0,1,1,1,1,1,9.5,9.5,9.5,0.025742989388873483
178484,0.5792634766593483,0,2,2,2,2,2,8.4,8.4,8.4,0.5792634766593483
178486,0.5382074564597873,0,1,1,1,1,1,9.5,9.5,9.5,0.5382074564597873
178494,0.3160890283077178,0,2,2,2,2,1,10.0,7.020833333333334,7.9,0.3160890283077178
178498,-0.13171345635215406,0,4,4,4,3,2,9.5,8.466666666666667,7.4,-0.13171345635215406
178501,-2.1448324658994173,0,1,1,1,1,1,,4.45,0.0,-2.1448324658994173
178504,0.47125341881407234,0,1,1,1,1,1,9.3,9.3,9.3,0.47125341881407234
178508,0.5274874667845415,0,3,3,3,3,2,9.766666666666667,9.766666666666667,9.766666666666667,0.5274874667845415
178510,-2.8713887951033117,0,1,1,1,1,1,0.0,0.0,0.0,-2.8713887951033117
178513,0.23774989705734484,0,3,3,3,3,2,9.700000000000001,9.700000000000001,9.700000000000001,0.23774989705734484
178514,0.3992626447826407,0,3,3,3,3,3,8.333333333333334,8.333333333333334,8.333333333333334,0.3992626447826407
178517,-1.4619887984716105,0,3,3,3,1,2,10.0,5.516666666666667,5.2,-1.4619887984716105
178518,0.4407703961635912,0,4,4,3,4,3,9.4,9.4,9.4,0.4407703961635912
178519,0.03753685513156277,0,2,2,2,1,2,8.5,5.495,6.0,0.03753685513156277
178523,-2.199511854547123,0,2,2,2,1,2,0.0,2.87,0.0,-2.199511854547123
178524,-0.7359197337400236,0,1,1,1,1,1,7.5,7.5,7.5,-0.7359197337400236
178530,-1.6119535893387975,0,1,1,1,1,1,3.4,3.4,3.4,-1.6119535893387975
178533,-1.1162753902432363,0,1,1,1,1,1,,2.733333333333333,0.7,-1.1162753902432363
178535,-0.7471284951828365,0,2,2,2,1,2,6.1,6.141666666666667,5.4,-0.7471284951828365
178538,-0.2908739574318339,0,1,1,1,1,1,8.5,8.5,8.5,-0.2908739574318339
178541,-1.0511828114299049,0,1,1,1,1,1,0.0,0.0,0.0,-1.0511828114299049
178558,0.4995258415244507,0,1,1,1,1,1,8.9,8.9,8.9,0.4995258415244507
178561,0.1271325909364134,0,3,3,2,2,2,7.5,7.103333333333333,7.266666666666667,0.1271325909364134
178567,0.5644837122621188,0,1,1,1,1,1,8.5,8.5,8.5,0.5644837122621188
178569,0.07834511091241542,0,1,1,1,1,1,9.0,9.0,9.0,0.07834511091241542
178574,-0.6617249235808654,0,4,4,4,4,2,7.775,7.775,7.775,-0.6617249235808654
178587,0.47125341881407234,0,1,1,1,1,1,9.3,9.3,9.3,0.47125341881407234
178588,0.3602337092226805,0,1,1,1,1,1,9.3,9.3,9.3,0.3602337092226805
178592,0.5911625386059652,0,1,1,1,1,1,8.8,8.8,8.8,0.5911625386059652
178596,-1.8247719055193803,0,4,4,4,3,3,2.5,3.190909090909091,2.0,-1.8247719055193803
178606,-0.07665395092582357,0,4,4,4,4,2,8.6,8.6,8.6,-0.07665395092582357
178607,-0.8848157025565007,0,4,4,4,4,2,8.033333333333333,6.9,6.9,-0.8848157025565007
178618,-1.372942623564935,0,2,2,2,2,2,3.85,3.85,3.85,-1.372942623564935
178624,0.2690984244382954,0,1,1,1,1,1,9.2,9.2,9.2,0.2690984244382954
178629,-3.6221557752584603,0,1,1,1,1,1,,7.5,3.7,-3.6221557752584603
178632,-1.546919814103892,0,3,3,3,1,2,7.5,6.0809523809523816,3.486666666666667,-1.546919814103892
178633,0.9835741146299803,0,4,4,4,4,2,9.9,9.9,9.9,0.9835741146299803
178634,-2.044375569904874,0,1,1,1,1,1,,5.8999999999999995,2.7,-2.044375569904874
178638,-1.1701375968909753,0,1,1,1,1,1,,5.828571428571429,2.9,-1.1701375968909753
178645,0.5320701020996084,0,3,3,3,3,2,10.0,10.0,10.0,0.5320701020996084
178646,-0.5511170669808666,0,1,1,1,1,1,,4.45,5.0,-0.5511170669808666
178648,0.5965450374845571,0,4,4,4,4,2,9.625,9.625,9.625,0.5965450374845571
178652,-0.8779902200730326,0,1,1,1,1,1,,0.2,0.8,-0.8779902200730326
178663,0.5504600478403449,0,2,2,1,2,2,10.0,10.0,10.0,0.5504600478403449
178664,0.4019330489777199,0,4,4,3,4,2,9.25,9.25,9.25,0.4019330489777199
178665,-1.170182102918973,0,5,5,5,3,3,4.62,4.62,4.62,-1.170182102918973
178673,-0.34515620106913963,0,2,2,2,1,2,6.300000000000001,6.300000000000001,6.300000000000001,-0.34515620106913963
178676,0.5848168759726482,0,1,1,1,1,1,9.1,9.1,9.1,0.5848168759726482
178680,0.2600204870850519,0,4,4,4,4,2,9.25,9.25,9.25,0.2600204870850519
178681,-0.8791382141272518,0,6,6,6,4,4,6.95,6.95,6.95,-0.8791382141272518
178682,0.6696137435925881,0,2,2,2,2,2,10.0,10.0,10.0,0.6696137435925881
178689,0.760392491785401,0,2,2,2,2,2,9.9,9.9,9.9,0.760392491785401
178696,0.7354060072901105,0,4,4,4,4,3,9.425,9.425,9.425,0.7354060072901105
178698,-0.5558857909875357,0,5,5,5,4,3,8.025,7.453846153846155,6.42,-0.5558857909875357
178715,0.3826756838054064,0,1,1,1,1,1,10.0,10.0,10.0,0.3826756838054064
178717,-0.3333740415896474,0,3,3,2,2,2,8.899999999999999,7.108333333333333,6.533333333333332,-0.3333740415896474
178718,-0.7173373513379855,0,6,6,6,4,3,8.05,6.946825396825397,5.366666666666667,-0.7173373513379855
178728,-1.6712757858488136,0,1,1,1,1,1,2.9,2.9,2.9,-1.6712757858488136
178732,-1.8205958687718222,0,3,3,3,1,2,0.4,1.3111111111111111,2.1666666666666665,-1.8205958687718222
178740,0.2841670258996129,0,1,1,1,1,1,8.5,8.5,8.5,0.2841670258996129
178742,-2.3397285964306995,0,2,2,2,1,2,2.3,4.574999999999999,3.6,-2.3397285964306995
178744,-0.07835585807997801,0,1,1,1,1,1,7.5,7.5,7.5,-0.07835585807997801
178753,-0.10669895995480398,0,4,4,4,4,2,8.125,8.125,8.125,-0.10669895995480398
178754,-0.36534523684832726,0,5,5,5,3,3,8.075,7.601333333333334,7.06,-0.36534523684832726
178756,-0.6622456838343592,0,3,3,3,3,2,8.0,5.826984126984127,3.5666666666666664,-0.6622456838343592
178760,-0.6337194744605759,0,2,2,2,1,2,4.65,4.65,4.65,-0.6337194744605759
178762,0.15332400352301037,0,1,1,1,1,1,,3.56,7.0,0.15332400352301037
178764,0.022087547350744918,0,4,4,3,4,3,8.45,8.45,8.45,0.022087547350744918
178766,0.20929582216799192,0,4,4,4,4,2,9.15,9.15,9.15,0.20929582216799192
178769,0.13464962251178234,0,1,1,1,1,1,7.5,7.5,7.5,0.13464962251178234
178771,0.2624904083593397,0,4,4,4,4,2,8.7,8.7,8.7,0.2624904083593397
178777,-0.8579269017466225,0,2,2,2,1,2,9.5,6.84,4.75,-0.8579269017466225
178781,-0.33068463546715743,0,7,7,5,3,4,6.083333333333333,5.952747252747253,5.214285714285714,-0.33068463546715743
178787,-1.3344835237558816,0,4,4,4,3,2,3.6999999999999997,3.841666666666667,2.775,-1.3344835237558816
178789,0.12775090592623423,0,1,1,1,1,1,,4.3125,7.3,0.12775090592623423
178790,-0.6725536388856302,0,2,2,2,1,1,7.9,7.9,7.9,-0.6725536388856302
178806,0.47097006003826203,0,3,3,3,3,2,9.633333333333333,9.633333333333333,9.633333333333333,0.47097006003826203
178807,-0.45148658674642383,0,4,4,3,3,3,7.9750000000000005,7.9750000000000005,7.9750000000000005,-0.45148658674642383
178824,-1.122929835576401,0,4,4,3,4,2,9.1,6.066666666666666,5.9375,-1.122929835576401
178838,0.4508465403308751,0,4,4,3,4,2,9.025,9.025,9.025,0.4508465403308751
178848,0.5735760030341694,0,1,1,1,1,1,9.6,9.6,9.6,0.5735760030341694
178859,-0.813417438481943,0,1,1,1,1,1,7.8,7.8,7.8,-0.813417438481943
178860,0.6605405154708908,0,1,1,1,1,1,8.9,8.9,8.9,0.6605405154708908
178862,-0.3844381802879616,0,2,2,2,2,2,9.1,6.616666666666667,6.65,-0.3844381802879616
178871,-1.856756278515137,0,5,5,4,3,3,3.18,3.18,3.18,-1.856756278515137
178877,-0.13055450604449367,0,1,1,1,1,1,,3.242857142857143,6.4,-0.13055450604449367
178880,-2.015465852993076,0,1,1,1,1,1,0.0,0.0,0.0,-2.015465852993076
178894,-1.3499777467378309,0,1,1,1,1,1,0.0,0.0,0.0,-1.3499777467378309
178897,-0.3101287432253216,0,4,4,4,2,3,9.5,5.9624999999999995,6.025,-0.3101287432253216
178907,0.2841670258996129,0,1,1,1,1,1,8.5,8.5,8.5,0.2841670258996129
178917,-0.7290626264235528,0,4,4,3,2,4,8.05,6.976666666666667,7.0,-0.7290626264235528
178930,0.25271035722998497,0,1,1,1,1,1,9.7,9.7,9.7,0.25271035722998497
178932,-0.5792651026304015,0,3,3,2,3,3,8.033333333333333,8.033333333333333,8.033333333333333,-0.5792651026304015
178934,-1.2762853549647997,0,1,1,1,1,1,2.9,2.9,2.9,-1.2762853549647997
178938,0.6998602778507101,0,1,1,1,1,1,9.4,9.4,9.4,0.6998602778507101
178941,-0.01330106758879234,0,3,3,3,3,3,7.85,6.307407407407408,6.766666666666667,-0.01330106758879234
178948,-2.1705241681224043,0,1,1,1,1,1,,6.68,5.8,-2.1705241681224043
178952,-1.3499777467378309,0,1,1,1,1,1,,2.4899999999999998,0.0,-1.3499777467378309
178954,-0.46877208665035885,0,1,1,1,1,1,7.6,7.6,7.6,-0.46877208665035885
178961,-0.9462460841620309,0,1,1,1,1,1,,2.4899999999999998,1.6,-0.9462460841620309
178964,0.555228394727117,0,1,1,1,1,1,9.5,9.5,9.5,0.555228394727117
178972,-1.3499777467378309,0,1,1,1,1,1,,2.4899999999999998,0.0,-1.3499777467378309
178975,0.1570204548968307,0,1,1,1,1,1,9.1,9.1,9.1,0.1570204548968307
178976,-0.4668147348532686,0,1,1,1,1,1,,2.4899999999999998,3.5,-0.4668147348532686
178977,-0.07292969353645838,0,1,1,1,1,1,7.5,7.5,7.5,-0.07292969353645838
178983,-1.0511828114299049,0,1,1,1,1,1,0.0,0.0,0.0,-1.0511828114299049
178985,0.7869182968456596,0,1,1,1,1,1,9.9,9.9,9.9,0.7869182968456596
178986,-0.031391675343905794,0,1,1,1,1,1,,4.416666666666667,6.5,-0.031391675343905794
178987,0.5870944058383848,0,1,1,1,1,1,8.9,8.9,8.9,0.5870944058383848
178990,-0.8090764452978081,0,4,4,4,1,4,3.7,3.4770833333333333,3.1500000000000004,-0.8090764452978081
178991,-1.0511828114299049,0,1,1,1,1,1,,0.2,0.0,-1.0511828114299049
178996,-0.007075827296447279,0,1,1,1,1,1,7.5,7.5,7.5,-0.007075827296447279
179001,0.6049148672254953,0,1,1,1,1,1,9.7,9.7,9.7,0.6049148672254953
179003,0.1732523393281185,0,4,4,3,4,2,9.075,9.075,9.075,0.1732523393281185
179006,-1.5531580516044778,0,2,2,2,1,2,0.0,0.1,0.0,-1.5531580516044778
179012,-0.03524295570082726,0,1,1,1,1,1,7.9,7.9,7.9,-0.03524295570082726
179013,-1.3986561859961004,0,1,1,1,1,1,2.2,2.2,2.2,-1.3986561859961004
179016,1.0050601421971346,0,4,4,4,4,2,8.675,8.675,8.675,1.0050601421971346
179024,-1.7745725575369025,0,2,2,2,2,2,6.8,4.645,3.4,-1.7745725575369025
179027,-0.25369774913493215,0,5,5,4,4,3,9.075,8.425714285714287,7.7,-0.25369774913493215
179028,-0.8438661495531455,0,2,2,2,1,1,5.550000000000001,5.550000000000001,5.550000000000001,-0.8438661495531455
179030,-0.8597330755933879,0,2,2,2,2,1,5.0,5.0,5.0,-0.8597330755933879
179031,-1.2720229973579398,0,3,3,3,1,2,1.2,2.5233333333333334,2.8000000000000003,-1.2720229973579398
179037,0.41979423110986347,0,1,1,1,1,1,10.0,10.0,10.0,0.41979423110986347
179038,-0.7840411083414399,0,3,3,3,3,2,8.9,6.4188888888888895,4.6000000000000005,-0.7840411083414399
179043,0.16739660589813382,0,1,1,1,1,1,8.1,8.1,8.1,0.16739660589813382
179047,-2.353985818483757,0,1,1,1,1,1,,5.706666666666666,0.0,-2.353985818483757
179051,-0.3926732289097388,0,6,6,4,4,3,6.9,5.783333333333332,5.75,-0.3926732289097388
179052,-0.7574965544090851,0,3,3,3,2,2,9.1,6.217619047619048,5.3,-0.7574965544090851
179055,-2.669482114474088,0,1,1,1,1,1,0.0,0.0,0.0,-2.669482114474088
179061,0.6822554083481309,0,1,1,1,1,1,9.7,9.7,9.7,0.6822554083481309
179063,-1.7958816329854976,0,1,1,1,1,1,5.1,5.1,5.1,-1.7958816329854976
179064,-0.19858489144584232,0,1,1,1,1,1,,5.706666666666666,5.8,-0.19858489144584232
179068,-0.8946705787962012,0,7,7,6,3,4,6.466666666666666,5.388109668109668,4.771428571428571,-0.8946705787962012
179070,0.5911625386059652,0,1,1,1,1,1,8.8,8.8,8.8,0.5911625386059652
179073,-0.04777859509515929,0,2,2,2,2,2,8.0,6.583333333333334,7.0,-0.04777859509515929
179075,0.13641261672306104,0,1,1,1,1,1,9.6,9.6,9.6,0.13641261672306104
179084,-2.9497408047802347,0,1,1,1,1,1,0.0,0.0,0.0,-2.9497408047802347
179100,-0.6834844909670144,0,4,4,4,3,3,7.933333333333334,7.2425,5.95,-0.6834844909670144
179101,0.2355557455953842,0,5,5,4,5,2,9.16,9.16,9.16,0.2355557455953842
179109,0.7032261520542663,0,3,3,2,3,2,9.700000000000001,9.700000000000001,9.700000000000001,0.7032261520542663
179110,-0.3644130393335781,0,4,4,3,3,2,7.466666666666666,7.19,6.050000000000001,-0.3644130393335781
179112,-0.6918695707432871,0,4,4,3,4,2,9.0,5.908333333333333,6.825,-0.6918695707432871
179116,0.41979423110986347,0,1,1,1,1,1,10.0,10.0,10.0,0.41979423110986347
179117,-0.06524003987832855,0,2,2,2,1,1,6.65,6.65,6.65,-0.06524003987832855
179119,-1.055172259521276,0,3,3,3,1,2,6.05,5.422222222222222,4.033333333333333,-1.055172259521276
179121,0.32126659076150177,0,2,2,2,2,2,10.0,10.0,10.0,0.32126659076150177
179124,0.622497424908301,0,3,3,3,3,1,9.833333333333334,9.833333333333334,9.833333333333334,0.622497424908301
179130,0.8288684459933066,0,1,1,1,1,1,8.9,8.9,8.9,0.8288684459933066
179132,0.03321196627249012,0,3,3,3,3,2,9.2,7.733333333333333,7.333333333333333,0.03321196627249012
179134,0.07266434850862194,0,5,5,3,4,2,9.425,8.469999999999999,8.7,0.07266434850862194
179137,0.7415202562414774,0,1,1,1,1,1,9.3,9.3,9.3,0.7415202562414774
179139,-0.11240820261346456,0,1,1,1,1,1,8.8,8.8,8.8,-0.11240820261346456
179146,0.7883112352132283,0,3,3,3,3,2,9.9,9.9,9.9,0.7883112352132283
179149,-1.046365786531687,0,1,1,1,1,1,,3.75,5.9,-1.046365786531687
179150,0.7879616164067849,0,3,3,3,3,2,9.833333333333334,9.833333333333334,9.833333333333334,0.7879616164067849
179155,0.7719173728893508,0,1,1,1,1,1,10.0,10.0,10.0,0.7719173728893508
179166,0.5501893290951123,0,3,3,2,3,2,9.4,9.4,9.4,0.5501893290951123
179173,-0.23971386806929376,0,5,5,4,4,3,8.36,8.36,8.36,-0.23971386806929376
179174,0.765195517079796,0,3,3,3,3,2,10.0,10.0,10.0,0.765195517079796
179180,1.0893134513380132,0,1,1,1,1,1,8.6,8.6,8.6,1.0893134513380132
179182,0.7097868962312641,0,4,4,4,4,2,9.75,9.75,9.75,0.7097868962312641
179188,0.4590231009087326,0,2,2,2,2,2,9.65,9.65,9.65,0.4590231009087326
179193,0.10219555622389266,0,4,4,3,4,2,9.275,9.275,9.275,0.10219555622389266
179195,-0.5541040435204877,0,3,3,3,3,2,9.05,7.107407407407408,6.033333333333334,-0.5541040435204877
179196,0.4774094932957786,0,3,3,3,3,2,9.5,9.5,9.5,0.4774094932957786
179198,-2.1896059836967714,0,1,1,1,1,1,0.5,0.5,0.5,-2.1896059836967714
179207,-0.3031615161393462,0,1,1,1,1,1,8.6,8.6,8.6,-0.3031615161393462
179211,0.6827689407220284,0,3,3,3,3,2,9.0,9.0,9.0,0.6827689407220284
179212,0.08741401710505638,0,2,2,2,1,2,8.55,8.55,8.55,0.08741401710505638
179216,0.1745892663448538,0,1,1,1,1,1,8.2,8.2,8.2,0.1745892663448538
179217,-3.063741131053474,0,1,1,1,1,1,,3.1666666666666665,0.9,-3.063741131053474
179219,0.745981708252997,0,1,1,1,1,1,9.7,9.7,9.7,0.745981708252997
179221,0.7974103759780983,0,3,3,2,3,2,9.933333333333334,9.933333333333334,9.933333333333334,0.7974103759780983
179248,0.13641261672306104,0,1,1,1,1,1,9.6,9.6,9.6,0.13641261672306104
179250,-2.693853600645513,0,1,1,1,1,1,,0.0,0.0,-2.693853600645513
179252,-2.2168147784846375,0,1,1,1,1,1,,4.166666666666667,0.0,-2.2168147784846375
179258,0.41979423110986347,0,1,1,1,1,1,10.0,10.0,10.0,0.41979423110986347
179260,-0.008129386967914709,0,3,3,3,3,2,8.8,8.125,7.966666666666666,-0.008129386967914709
179262,0.7719173728893508,0,1,1,1,1,1,10.0,10.0,10.0,0.7719173728893508
179263,0.7158041989084967,0,1,1,1,1,1,9.8,9.8,9.8,0.7158041989084967
179264,0.7246433222012432,0,4,4,3,4,2,9.8,9.8,9.8,0.7246433222012432
179273,-0.8849818967143854,0,2,2,2,1,2,5.8,5.8,5.8,-0.8849818967143854
179279,-2.3065449634209405,0,1,1,1,1,1,,7.5,5.550000000000001,-2.3065449634209405
179280,-2.491806421696791,0,1,1,1,1,1,0.0,0.0,0.0,-2.491806421696791
179282,0.2234047129389268,0,1,1,1,1,1,8.6,8.6,8.6,0.2234047129389268
179298,-2.850591937968329,0,1,1,1,1,1,,2.25,0.0,-2.850591937968329
179302,0.3891971333930355,0,1,1,1,1,1,10.0,10.0,10.0,0.3891971333930355
179311,0.41979423110986347,0,1,1,1,1,1,10.0,10.0,10.0,0.41979423110986347
179313,0.22168798411888785,0,1,1,1,1,1,9.6,9.6,9.6,0.22168798411888785
179314,-0.07872046888527326,0,4,4,2,4,2,8.95,8.95,8.95,-0.07872046888527326
179316,0.5425575242135079,0,4,4,4,4,2,9.1,9.1,9.1,0.5425575242135079
179318,-4.008055705029818,0,1,1,1,1,1,,,2.466666666666667,-4.008055705029818
179321,0.13641261672306104,0,1,1,1,1,1,9.6,9.6,9.6,0.13641261672306104
179327,0.7197300458337325,0,3,3,3,3,2,9.299999999999999,9.299999999999999,9.299999999999999,0.7197300458337325
179328,0.44074096856648814,0,2,2,2,2,2,8.75,8.75,8.75,0.44074096856648814
179342,0.6935118834848755,0,1,1,1,1,1,8.9,8.9,8.9,0.6935118834848755
179343,0.8072356476873734,0,1,1,1,1,1,9.3,9.3,9.3,0.8072356476873734
179347,0.312981467889401,0,3,3,3,3,2,9.1,9.1,9.1,0.312981467889401
179349,-0.5712243793038408,0,6,6,6,4,3,9.033333333333333,6.815833333333333,6.1000000000000005,-0.5712243793038408
179363,0.41979423110986347,0,1,1,1,1,1,10.0,10.0,10.0,0.41979423110986347
179367,-1.7522861673199646,0,4,4,3,3,3,5.900000000000001,5.300000000000001,4.425000000000001,-1.7522861673199646
179373,-0.0931225725061563,0,4,4,3,4,2,9.475,9.475,9.475,-0.0931225725061563
179374,0.9909022040721991,0,1,1,1,1,1,10.0,10.0,10.0,0.9909022040721991
179385,0.9140915777102483,0,1,1,1,1,1,9.6,9.6,9.6,0.9140915777102483
179386,0.7476573755573579,0,3,3,3,3,3,9.799999999999999,9.799999999999999,9.799999999999999,0.7476573755573579
179388,-1.1040981500007885,0,3,3,3,2,3,5.65,5.65,4.260000000000001,-1.1040981500007885
179389,0.3274184300430226,0,3,3,3,3,2,8.700000000000001,8.700000000000001,8.700000000000001,0.3274184300430226
179396,-2.9497408047802347,0,1,1,1,1,1,,3.5,0.0,-2.9497408047802347
179400,0.729808836358295,0,3,3,3,3,2,9.9,9.9,9.9,0.729808836358295
179411,-0.30550851726386175,0,5,5,4,4,3,9.05,7.753333333333333,7.720000000000001,-0.30550851726386175
179415,0.9988784473989895,0,1,1,1,1,1,9.5,9.5,9.5,0.9988784473989895
179427,0.3235474996634793,0,2,2,2,2,2,9.5,9.5,9.5,0.3235474996634793
179429,0.16908619048459286,0,3,3,3,3,1,8.799999999999999,8.799999999999999,8.799999999999999,0.16908619048459286
179430,0.4301300465835423,0,3,3,3,3,2,9.833333333333334,9.833333333333334,9.833333333333334,0.4301300465835423
179431,-0.6993713133083437,0,4,4,4,4,2,9.75,5.375,5.375,-0.6993713133083437
179444,0.7794373135377846,0,1,1,1,1,1,10.0,10.0,10.0,0.7794373135377846
179445,0.8110665917539432,0,1,1,1,1,1,10.0,10.0,10.0,0.8110665917539432
179448,0.13616847409184238,0,3,3,2,3,2,8.933333333333332,8.933333333333332,8.933333333333332,0.13616847409184238
179455,-1.9516540425622682,0,1,1,1,1,1,0.0,0.0,0.0,-1.9516540425622682
179457,-0.2839323751518627,0,3,3,3,3,2,7.233333333333333,7.233333333333333,7.233333333333333,-0.2839323751518627
179458,0.36447508120123706,0,1,1,1,1,1,9.3,9.3,9.3,0.36447508120123706
179459,0.5691520229583154,0,3,3,3,3,2,9.666666666666666,9.666666666666666,9.666666666666666,0.5691520229583154
179469,0.326423052698671,0,4,4,3,4,2,9.35,9.35,9.35,0.326423052698671
179471,-2.491806421696791,0,1,1,1,1,1,0.0,0.0,0.0,-2.491806421696791
179474,0.626379312779851,0,4,4,4,4,2,9.725,9.725,9.725,0.626379312779851
179476,0.06364769493514946,0,4,4,4,4,2,9.6,8.95,9.0,0.06364769493514946
179477,0.31957790001720154,0,4,4,1,4,2,9.3,9.3,9.3,0.31957790001720154
179480,0.4810647747624647,0,2,2,2,2,1,9.2,9.2,9.2,0.4810647747624647
179484,0.6101069326614972,0,3,3,3,3,2,9.533333333333333,9.533333333333333,9.533333333333333,0.6101069326614972
179486,-2.015465852993076,0,1,1,1,1,1,,4.18,0.0,-2.015465852993076
179487,0.8413583650159386,0,1,1,1,1,1,9.8,9.8,9.8,0.8413583650159386
179495,-1.9041341153949782,0,1,1,1,1,1,,1.3363636363636362,0.0,-1.9041341153949782
179496,1.0321116785418187,0,1,1,1,1,1,10.0,10.0,10.0,1.0321116785418187
179498,0.7964414489984554,0,3,3,3,3,2,9.4,9.4,9.4,0.7964414489984554
179499,0.9909022040721991,0,1,1,1,1,1,10.0,10.0,10.0,0.9909022040721991
179502,-2.401447964924033,0,1,1,1,1,1,6.4,6.4,6.4,-2.401447964924033
179507,0.986271657730836,0,1,1,1,1,1,9.2,9.2,9.2,0.986271657730836
179513,0.875314754120949,0,2,2,2,2,2,10.0,10.0,10.0,0.875314754120949
179517,-0.4737477244959494,0,3,3,2,3,2,8.75,6.9190476190476184,7.5,-0.4737477244959494
179522,0.3891971333930355,0,1,1,1,1,1,10.0,10.0,10.0,0.3891971333930355
179523,-0.6341872260710306,0,4,4,4,3,2,7.8999999999999995,6.905,5.925,-0.6341872260710306
179525,0.13641261672306104,0,1,1,1,1,1,9.6,9.6,9.6,0.13641261672306104
179545,0.24000247884834008,0,2,2,2,2,2,7.949999999999999,7.949999999999999,7.949999999999999,0.24000247884834008
179548,-0.7865744550279459,0,3,3,3,2,3,8.75,7.266666666666667,6.2,-0.7865744550279459
179552,-2.54561151704512,0,1,1,1,1,1,0.0,0.0,0.0,-2.54561151704512
179554,-2.54561151704512,0,1,1,1,1,1,,0.0,0.0,-2.54561151704512
179558,0.563547631872631,0,1,1,1,1,1,9.3,9.3,9.3,0.563547631872631
179559,0.47729192539898024,0,4,4,3,4,2,9.675,9.675,9.675,0.47729192539898024
179560,0.4448104779651224,0,2,2,2,2,2,9.649999999999999,9.649999999999999,9.649999999999999,0.4448104779651224
179561,-1.1615514270058087,0,1,1,1,1,1,7.7,7.7,7.7,-1.1615514270058087
179562,0.5589903564193218,0,1,1,1,1,1,9.1,9.1,9.1,0.5589903564193218
179565,0.3891971333930355,0,1,1,1,1,1,10.0,10.0,10.0,0.3891971333930355
179568,0.3201014245933949,0,1,1,1,1,1,8.5,8.5,8.5,0.3201014245933949
179569,-0.3144350755958576,0,4,4,4,4,2,9.433333333333332,8.0125,7.074999999999999,-0.3144350755958576
179571,0.38817938523095824,0,1,1,1,1,1,8.4,8.4,8.4,0.38817938523095824
179572,-0.9010689817661833,0,1,1,1,1,1,,4.266666666666667,5.3,-0.9010689817661833
179575,-1.08337957460382,0,5,5,3,4,2,9.55,6.116666666666666,4.96,-1.08337957460382
179581,0.3789239353418368,0,1,1,1,1,1,10.0,10.0,10.0,0.3789239353418368
179588,0.0830905312659486,0,4,4,3,4,2,9.025,9.025,9.025,0.0830905312659486
179589,0.7601467814761063,0,2,2,2,2,2,10.0,10.0,10.0,0.7601467814761063
179594,0.37623683794455465,0,4,4,4,4,2,9.05,9.05,9.05,0.37623683794455465
179598,-0.19016250934738818,0,4,4,4,3,3,9.133333333333333,7.533333333333333,6.85,-0.19016250934738818
179599,-0.2619349783046637,0,4,4,3,4,2,9.225,9.225,9.225,-0.2619349783046637
179600,0.6877570879755832,0,4,4,4,4,2,9.825,9.825,9.825,0.6877570879755832
179601,-1.046365786531687,0,1,1,1,1,1,,3.75,5.9,-1.046365786531687
179605,0.00716418488513304,0,3,3,3,2,2,7.8999999999999995,7.8999999999999995,7.8999999999999995,0.00716418488513304
179614,-0.6642820635527484,0,2,2,2,2,2,8.0,8.0,8.0,-0.6642820635527484
179615,0.17241107218655827,0,4,4,3,4,2,8.825,8.825,8.825,0.17241107218655827
179618,0.2404198578658028,0,3,3,3,3,2,8.266666666666667,8.266666666666667,8.266666666666667,0.2404198578658028
179619,0.3600958079263128,0,1,1,1,1,1,9.8,9.8,9.8,0.3600958079263128
179620,-0.7292607273905306,0,4,4,3,4,2,8.033333333333333,7.775,7.825,-0.7292607273905306
179621,0.5399602832344383,0,2,2,2,2,1,10.0,10.0,10.0,0.5399602832344383
179623,0.38476880002243863,0,1,1,1,1,1,9.8,9.8,9.8,0.38476880002243863
179629,0.20237469800703112,0,3,3,3,3,2,9.366666666666667,9.366666666666667,9.366666666666667,0.20237469800703112
179630,0.32323017061921505,0,1,1,1,1,1,8.3,8.3,8.3,0.32323017061921505
179631,0.744368031079697,0,4,4,3,4,2,10.0,10.0,10.0,0.744368031079697
179636,1.1712853078305847,0,1,1,1,1,1,9.3,9.3,9.3,1.1712853078305847
179637,0.32849855907511155,0,3,3,3,3,2,9.733333333333334,9.733333333333334,9.733333333333334,0.32849855907511155
179639,0.8609733846920149,0,1,1,1,1,1,10.0,10.0,10.0,0.8609733846920149
179644,0.3439261755261699,0,4,4,2,4,2,9.025,9.025,9.025,0.3439261755261699
179645,0.3789239353418368,0,1,1,1,1,1,10.0,10.0,10.0,0.3789239353418368
179648,-1.6302889568945447,0,1,1,1,1,1,,3.75,0.4,-1.6302889568945447
179650,0.41979423110986347,0,1,1,1,1,1,10.0,10.0,10.0,0.41979423110986347
179653,0.2751966856772071,0,4,4,4,4,2,9.825,9.825,9.825,0.2751966856772071
179654,-0.8125044418683282,0,3,3,2,3,1,4.366666666666667,4.366666666666667,4.366666666666667,-0.8125044418683282
179657,0.5478496159259879,0,1,1,1,1,1,10.0,10.0,10.0,0.5478496159259879
179660,0.8887594381866597,0,3,3,3,3,2,9.566666666666666,9.566666666666666,9.566666666666666,0.8887594381866597
179661,0.49184832031572623,0,4,4,3,4,2,9.475,9.475,9.475,0.49184832031572623
179663,0.03227875666546143,0,3,3,3,3,2,8.2,5.811111111111111,5.833333333333333,0.03227875666546143
179677,0.4376334140292551,0,1,1,1,1,1,8.0,8.0,8.0,0.4376334140292551
179681,-0.4306352794953109,0,1,1,1,1,1,8.8,8.8,8.8,-0.4306352794953109
179685,0.3789239353418368,0,1,1,1,1,1,10.0,10.0,10.0,0.3789239353418368
179693,0.14513199494465795,0,4,4,4,4,2,9.225,9.225,9.225,0.14513199494465795
179698,-0.5336438605493736,0,3,3,3,2,3,8.149999999999999,7.427777777777777,5.966666666666666,-0.5336438605493736
179703,0.9254010083235311,0,4,4,2,4,2,9.95,9.95,9.95,0.9254010083235311
179704,-4.072517218019847,0,1,1,1,1,1,,,2.466666666666667,-4.072517218019847
179707,0.5110801706445083,0,1,1,1,1,1,9.0,9.0,9.0,0.5110801706445083
179711,0.7687162387331553,0,3,3,3,3,2,9.933333333333334,9.933333333333334,9.933333333333334,0.7687162387331553
179716,0.5050383306377103,0,4,4,4,4,2,9.675,9.675,9.675,0.5050383306377103
179717,0.7559802705610078,0,4,4,3,4,2,9.95,9.95,9.95,0.7559802705610078
179718,-0.23126282014788183,0,4,4,4,3,3,8.133333333333333,7.815,7.8,-0.23126282014788183
179721,0.473482379478364,0,4,4,3,4,2,9.425,9.425,9.425,0.473482379478364
179725,-0.15778512366732944,0,4,4,4,4,2,7.824999999999999,7.824999999999999,7.824999999999999,-0.15778512366732944
179730,-5.091394065700938,0,1,1,1,1,1,0.0,0.0,0.0,-5.091394065700938
179734,0.4622876313017121,0,3,3,3,3,2,8.700000000000001,8.700000000000001,8.700000000000001,0.4622876313017121
179743,-0.7353701582789554,0,4,4,4,3,2,8.0,6.883333333333333,6.0,-0.7353701582789554
179744,0.05860716821533854,0,1,1,1,1,1,9.4,9.4,9.4,0.05860716821533854
179751,0.5478496159259879,0,1,1,1,1,1,10.0,10.0,10.0,0.5478496159259879
179753,0.633951193916373,0,1,1,1,1,1,7.5,7.5,7.5,0.633951193916373
179760,-0.24238660285582467,0,4,4,3,2,3,6.733333333333333,5.9312499999999995,5.574999999999999,-0.24238660285582467
179763,0.461816950203002,0,4,4,4,4,2,9.025,9.025,9.025,0.461816950203002
179781,0.9493903529404958,0,1,1,1,1,1,9.8,9.8,9.8,0.9493903529404958
179783,-1.688151697921352,0,1,1,1,1,1,2.3,2.3,2.3,-1.688151697921352
179784,0.9184759700521699,0,4,4,3,4,2,9.775,9.775,9.775,0.9184759700521699
179794,-0.7800447999540479,0,1,1,1,1,1,8.1,8.1,8.1,-0.7800447999540479
179795,0.6655344996394242,0,3,3,2,3,2,9.733333333333333,9.733333333333333,9.733333333333333,0.6655344996394242
179796,0.5478496159259879,0,1,1,1,1,1,10.0,10.0,10.0,0.5478496159259879
179797,0.9506606269103135,0,1,1,1,1,1,9.7,9.7,9.7,0.9506606269103135
179800,0.5110801706445083,0,1,1,1,1,1,9.0,9.0,9.0,0.5110801706445083
179805,-2.54561151704512,0,1,1,1,1,1,,0.0,0.0,-2.54561151704512
179819,0.3302465963345369,0,1,1,1,1,1,9.7,9.7,9.7,0.3302465963345369
179820,0.6669890965888082,0,3,3,2,3,2,9.233333333333333,9.233333333333333,9.233333333333333,0.6669890965888082
179821,0.44406656695806906,0,1,1,1,1,1,10.0,10.0,10.0,0.44406656695806906
179824,-0.5944925110228114,0,1,1,1,1,1,6.5,6.5,6.5,-0.5944925110228114
179827,-0.0022099907132261923,0,1,1,1,1,1,7.7,7.7,7.7,-0.0022099907132261923
179828,0.39391242953138345,0,3,3,2,3,1,9.4,9.4,9.4,0.39391242953138345
179830,0.2994694963617834,0,4,4,3,4,2,9.85,9.85,9.85,0.2994694963617834
179831,0.555228394727117,0,1,1,1,1,1,9.5,9.5,9.5,0.555228394727117
179833,0.30729593601364086,0,1,1,1,1,1,8.0,8.0,8.0,0.30729593601364086
179841,0.499414435149349,0,1,1,1,1,1,8.1,8.1,8.1,0.499414435149349
179843,0.37574139438262266,0,3,3,3,3,2,9.566666666666666,9.566666666666666,9.566666666666666,0.37574139438262266
179844,-0.1151541717010143,0,2,2,2,2,2,8.85,8.85,8.85,-0.1151541717010143
179846,-0.00974999316155184,0,4,4,4,4,2,8.8,8.8,8.8,-0.00974999316155184
179853,-2.3208436770385816,0,2,2,2,1,1,0.5,2.881818181818182,0.25,-2.3208436770385816
179867,0.18594126869763372,0,1,1,1,1,1,8.2,8.2,8.2,0.18594126869763372
179868,0.210002447606854,0,1,1,1,1,1,,5.17,7.0,0.210002447606854
179869,-0.27628948199776904,0,1,1,1,1,1,7.3,7.3,7.3,-0.27628948199776904
179870,0.8367311189434357,0,2,2,2,2,2,9.85,9.85,9.85,0.8367311189434357
179878,0.6402210041104803,0,3,3,3,3,2,9.466666666666667,9.466666666666667,9.466666666666667,0.6402210041104803
179879,-0.6550300531715987,0,3,3,3,2,2,8.8,7.0125,5.866666666666667,-0.6550300531715987
179886,-2.232331023654769,0,2,2,2,1,2,,6.199999999999999,4.883333333333333,-2.232331023654769
179887,-2.107296858236153,0,1,1,1,1,1,,1.3250000000000002,0.6,-2.107296858236153
179889,0.28159182105921715,0,3,3,3,3,2,8.95,7.905555555555555,8.233333333333333,0.28159182105921715
179891,-2.073045164316382,0,2,2,2,1,1,,1.78,0.45,-2.073045164316382
179892,-1.9516540425622682,0,1,1,1,1,1,0.0,0.0,0.0,-1.9516540425622682
179894,0.21287574948387367,0,3,3,3,3,2,9.200000000000001,9.200000000000001,9.200000000000001,0.21287574948387367
179897,0.5884217363849165,0,1,1,1,1,1,9.1,9.1,9.1,0.5884217363849165
179898,0.6474820887292391,0,3,3,3,3,2,9.733333333333333,9.733333333333333,9.733333333333333,0.6474820887292391
179899,1.2738410664875874,0,2,2,2,2,1,9.85,9.85,9.85,1.2738410664875874
179902,-1.180547819715985,0,2,2,2,1,2,,4.615151515151515,4.65,-1.180547819715985
179904,0.598137052668845,0,1,1,1,1,1,8.1,8.1,8.1,0.598137052668845
179915,0.19275023243687295,0,4,4,4,4,2,9.1,9.1,9.1,0.19275023243687295
179918,0.9416877754567139,0,4,4,3,4,2,9.225,9.225,9.225,0.9416877754567139
179926,-1.3470304353881417,0,3,3,3,3,2,10.0,6.353333333333334,3.9333333333333336,-1.3470304353881417
179927,0.8979408164927485,0,1,1,1,1,1,9.0,9.0,9.0,0.8979408164927485
179938,-0.06257034635072517,0,4,4,3,4,2,8.525,8.525,8.525,-0.06257034635072517
179940,-0.5473456135830963,0,3,3,3,3,1,7.699999999999999,6.308333333333334,5.733333333333333,-0.5473456135830963
179943,0.4280004479665851,0,3,3,3,3,2,9.566666666666668,9.566666666666668,9.566666666666668,0.4280004479665851
179944,0.5631351501373794,0,3,3,3,3,2,8.700000000000001,8.700000000000001,8.700000000000001,0.5631351501373794
179946,0.5534232583410775,0,4,4,4,4,2,9.2,9.2,9.2,0.5534232583410775
179950,0.3153960925655452,0,1,1,1,1,1,10.0,10.0,10.0,0.3153960925655452
179955,-0.4440647437024762,0,5,5,5,4,2,8.2,7.7299999999999995,7.4,-0.4440647437024762
179957,0.5774172266952485,0,4,4,3,4,2,9.275,9.275,9.275,0.5774172266952485
179961,-0.01866623645051819,0,3,3,3,3,2,8.933333333333332,8.933333333333332,8.933333333333332,-0.01866623645051819
179962,0.14156955165427132,0,4,4,4,4,2,9.2,9.2,9.2,0.14156955165427132
179965,0.6114396661984808,0,1,1,1,1,1,10.0,10.0,10.0,0.6114396661984808
179975,0.5556238856242911,0,2,2,2,1,2,8.5,8.5,8.5,0.5556238856242911
179979,0.557816353336476,0,2,2,1,2,2,8.2,8.2,8.2,0.557816353336476
179980,0.13448142615989597,0,4,4,4,3,2,8.933333333333334,7.559375,7.825,0.13448142615989597
179990,0.41979423110986347,0,1,1,1,1,1,10.0,10.0,10.0,0.41979423110986347
179992,0.722160142481139,0,3,3,2,3,2,9.633333333333333,9.633333333333333,9.633333333333333,0.722160142481139
179993,-1.4330703274968213,0,1,1,1,1,1,,5.8,0.7,-1.4330703274968213
179995,0.8413583650159386,0,1,1,1,1,1,9.8,9.8,9.8,0.8413583650159386
179999,0.5113608462149009,0,4,4,2,4,2,8.8,8.8,8.8,0.5113608462149009
180012,-2.152278008543622,0,1,1,1,1,1,0.3,0.3,0.3,-2.152278008543622
180014,-2.449870101975127,0,2,2,2,1,1,7.5,7.5,5.6,-2.449870101975127
180020,0.41979423110986347,0,1,1,1,1,1,10.0,10.0,10.0,0.41979423110986347
180023,0.5170186809894031,0,5,5,4,5,2,8.92,8.92,8.92,0.5170186809894031
180024,-0.18445661746545203,0,6,6,5,4,3,9.075,7.6450000000000005,6.983333333333333,-0.18445661746545203
180027,-2.3271036773088265,0,1,1,1,1,1,0.5,0.5,0.5,-2.3271036773088265
180033,0.11937068511599921,0,4,4,3,4,2,9.325,9.325,9.325,0.11937068511599921
180036,0.6978345586538368,0,2,2,2,2,2,10.0,10.0,10.0,0.6978345586538368
180061,0.3902569229892414,0,1,1,1,1,1,9.7,9.7,9.7,0.3902569229892414
180063,-1.2502605781516192,0,3,3,2,3,2,10.0,7.140000000000001,5.816666666666666,-1.2502605781516192
180064,-1.9516540425622682,0,1,1,1,1,1,0.0,0.0,0.0,-1.9516540425622682
180069,0.09931612895923275,0,4,4,3,4,2,9.25,9.25,9.25,0.09931612895923275
180071,-1.1864074168326497,0,1,1,1,1,1,,6.68,6.8,-1.1864074168326497
180073,0.4925383882983723,0,3,3,3,3,2,9.266666666666667,9.266666666666667,9.266666666666667,0.4925383882983723
180075,-0.18209472724866055,0,5,5,4,4,3,8.260000000000002,8.260000000000002,8.260000000000002,-0.18209472724866055
180078,-2.055133291779051,0,1,1,1,1,1,0.0,0.0,0.0,-2.055133291779051
180082,0.10056902990470117,0,2,2,2,2,2,8.45,8.45,8.45,0.10056902990470117
180083,0.7132767108637486,0,2,2,1,2,2,10.0,10.0,10.0,0.7132767108637486
180086,-0.02867031757503176,0,4,4,2,4,2,8.975,8.975,8.975,-0.02867031757503176
180092,0.5110801706445083,0,1,1,1,1,1,9.0,9.0,9.0,0.5110801706445083
180093,0.41979423110986347,0,1,1,1,1,1,10.0,10.0,10.0,0.41979423110986347
180105,0.6539146938636118,0,4,4,3,4,2,9.85,9.85,9.85,0.6539146938636118
180106,-0.9527960687952444,0,4,4,4,2,3,7.3,6.93,5.85,-0.9527960687952444
180110,-0.907210389781105,0,1,1,1,1,1,4.5,4.5,4.5,-0.907210389781105
180119,0.6799244028777962,0,4,4,3,4,2,9.125,9.125,9.125,0.6799244028777962
180120,0.6791451991216843,0,4,4,4,4,2,9.65,9.65,9.65,0.6791451991216843
180122,0.6520901764826001,0,4,4,4,4,2,9.125,9.125,9.125,0.6520901764826001
180127,0.5625671556437652,0,2,2,2,2,1,9.55,9.55,9.55,0.5625671556437652
180131,0.6680516524659006,0,5,5,5,5,2,9.58,9.58,9.58,0.6680516524659006
180134,0.31682137521870224,0,2,2,1,2,2,9.3,9.3,9.3,0.31682137521870224
180137,0.6406755003204576,0,4,4,3,4,2,9.775,9.775,9.775,0.6406755003204576
180138,-1.2484709336130868,0,1,1,1,1,1,,3.4375,0.0,-1.2484709336130868
180139,0.8004338469012815,0,3,3,3,3,1,10.0,10.0,10.0,0.8004338469012815
180140,-0.2726468639706667,0,2,2,2,2,2,8.149999999999999,8.149999999999999,8.149999999999999,-0.2726468639706667
180152,0.41979423110986347,0,1,1,1,1,1,10.0,10.0,10.0,0.41979423110986347
180156,-1.1782923634277103,0,2,2,2,1,2,,5.46875,2.9600000000000004,-1.1782923634277103
180157,0.5113271264933869,0,3,3,3,3,1,10.0,10.0,10.0,0.5113271264933869
180165,0.8568147042037011,0,4,4,3,4,2,9.95,9.95,9.95,0.8568147042037011
180166,0.710202724285263,0,3,3,3,3,2,9.966666666666667,9.966666666666667,9.966666666666667,0.710202724285263
180168,0.5478496159259879,0,1,1,1,1,1,10.0,10.0,10.0,0.5478496159259879
180172,-2.050462206496715,0,1,1,1,1,1,,4.000000000000001,0.3,-2.050462206496715
180175,-0.05822171323262795,0,4,4,4,4,2,8.433333333333334,7.2625,6.325,-0.05822171323262795
180177,0.5504445075272869,0,3,3,2,3,2,9.9,9.9,9.9,0.5504445075272869
180189,0.49962425519583653,0,1,1,1,1,1,9.6,9.6,9.6,0.49962425519583653
180191,0.9149078173007806,0,3,3,3,3,2,9.633333333333333,9.633333333333333,9.633333333333333,0.9149078173007806
180198,-2.9780815767124253,0,3,3,3,3,2,5.85,5.85,4.516666666666667,-2.9780815767124253
180202,0.2458042884507284,0,3,3,3,3,2,8.200000000000001,8.200000000000001,8.200000000000001,0.2458042884507284
180207,0.4729887622437981,0,2,2,2,2,2,8.05,8.05,8.05,0.4729887622437981
180208,0.09294435984403118,0,1,1,1,1,1,8.1,8.1,8.1,0.09294435984403118
180211,0.38476880002243863,0,1,1,1,1,1,9.8,9.8,9.8,0.38476880002243863
180213,0.24507728365811587,0,3,3,3,3,2,9.299999999999999,9.299999999999999,9.299999999999999,0.24507728365811587
180215,0.30635180206440443,0,3,3,3,3,2,9.1,9.1,9.1,0.30635180206440443
180216,0.5850027354889085,0,1,1,1,1,1,8.6,8.6,8.6,0.5850027354889085
180218,0.41979423110986347,0,1,1,1,1,1,10.0,10.0,10.0,0.41979423110986347
180220,-0.1888867605309294,0,5,5,4,4,2,8.525,7.99,7.659999999999999,-0.1888867605309294
180232,-3.5928317528640803,0,1,1,1,1,1,0.0,0.0,0.0,-3.5928317528640803
180239,0.8774025847594422,0,1,1,1,1,1,10.0,10.0,10.0,0.8774025847594422
180242,-0.33980408023572284,0,4,4,4,4,2,7.75,7.75,7.75,-0.33980408023572284
180246,0.3864272680895772,0,1,1,1,1,1,7.5,7.5,7.5,0.3864272680895772
180253,-0.4705101648795812,0,5,5,5,5,2,8.74,8.74,8.74,-0.4705101648795812
180255,1.0212629739060461,0,4,4,2,4,2,9.875,9.875,9.875,1.0212629739060461
180259,0.11150453676375566,0,4,4,4,4,2,9.65,9.65,9.65,0.11150453676375566
180264,0.13641261672306104,0,1,1,1,1,1,9.6,9.6,9.6,0.13641261672306104
180268,-0.36209456751185043,0,4,4,4,2,3,5.825,5.825,5.825,-0.36209456751185043
180269,0.9909022040721991,0,1,1,1,1,1,10.0,10.0,10.0,0.9909022040721991
180270,0.6273152148042098,0,2,2,2,2,2,10.0,10.0,10.0,0.6273152148042098
180296,0.5881867218902492,0,3,3,3,3,2,10.0,10.0,10.0,0.5881867218902492
180301,0.8997114093880232,0,2,2,2,2,2,9.95,9.95,9.95,0.8997114093880232
180302,0.39883350387998046,0,4,4,4,4,2,9.475,9.475,9.475,0.39883350387998046
180308,0.5478496159259879,0,1,1,1,1,1,10.0,10.0,10.0,0.5478496159259879
180315,-0.3187113410874595,0,5,5,4,5,2,9.120000000000001,9.120000000000001,9.120000000000001,-0.3187113410874595
180317,0.6276968060358575,0,3,3,3,3,2,9.333333333333334,9.333333333333334,9.333333333333334,0.6276968060358575
180318,0.22454596471103247,0,1,1,1,1,1,8.4,8.4,8.4,0.22454596471103247
180321,0.35530794998990617,0,2,2,2,2,2,9.6,9.6,9.6,0.35530794998990617
180331,-0.7833212044864309,0,3,3,2,3,2,8.5,8.5,8.5,-0.7833212044864309
180332,0.38476880002243863,0,1,1,1,1,1,9.8,9.8,9.8,0.38476880002243863
180333,-0.9779338889026655,0,2,2,2,2,2,5.800000000000001,5.800000000000001,5.800000000000001,-0.9779338889026655
180335,-0.4265293533487425,0,5,5,5,3,3,7.325,6.61875,5.86,-0.4265293533487425
180336,0.12297649093919065,0,3,3,3,3,2,8.4,8.4,8.4,0.12297649093919065
180344,0.6562292657943214,0,4,4,2,4,2,9.7,9.7,9.7,0.6562292657943214
180347,0.35563090028113853,0,1,1,1,1,1,8.1,8.1,8.1,0.35563090028113853
180351,0.9665896095919084,0,1,1,1,1,1,10.0,10.0,10.0,0.9665896095919084
180354,0.030826924512379617,0,2,2,1,2,2,8.85,8.85,8.85,0.030826924512379617
180355,0.41996213864831644,0,1,1,1,1,1,7.9,7.9,7.9,0.41996213864831644
180356,0.6583921845114697,0,3,3,3,3,2,8.799999999999999,8.799999999999999,8.799999999999999,0.6583921845114697
180357,0.5660965342833808,0,4,4,4,4,2,9.875,9.875,9.875,0.5660965342833808
180364,0.7774974729029644,0,1,1,1,1,1,8.8,8.8,8.8,0.7774974729029644
180367,0.13641261672306104,0,1,1,1,1,1,9.6,9.6,9.6,0.13641261672306104
180368,-2.1304565790348384,0,1,1,1,1,1,,7.5,1.4800000000000002,-2.1304565790348384
180371,0.25853708469213993,0,3,3,3,3,2,9.333333333333334,9.333333333333334,9.333333333333334,0.25853708469213993
180373,0.5552751748968275,0,3,3,3,3,2,9.533333333333333,9.533333333333333,9.533333333333333,0.5552751748968275
180376,-1.1162753902432363,0,1,1,1,1,1,,2.733333333333333,0.7,-1.1162753902432363
180379,1.055726872941291,0,1,1,1,1,1,8.7,8.7,8.7,1.055726872941291
180382,0.6101584610929017,0,4,4,3,4,2,9.25,9.25,9.25,0.6101584610929017
180384,-0.14703461638417925,0,3,3,3,2,3,9.0,6.911111111111111,6.233333333333333,-0.14703461638417925
180388,-0.6752565033506364,0,1,1,1,1,1,8.5,8.5,8.5,-0.6752565033506364
180390,0.3356326747310129,0,4,4,4,4,2,8.9,8.9,8.9,0.3356326747310129
180396,0.34387610595746626,0,1,1,1,1,1,8.7,8.7,8.7,0.34387610595746626
180399,0.7940325698713442,0,2,2,2,2,2,10.0,10.0,10.0,0.7940325698713442
180413,0.2346925410517438,0,4,4,4,4,2,9.075,9.075,9.075,0.2346925410517438
180428,0.517741890520729,0,4,4,2,4,2,8.95,8.95,8.95,0.517741890520729
180434,0.5307487290471092,0,3,3,3,3,1,9.633333333333333,9.633333333333333,9.633333333333333,0.5307487290471092
180437,-0.45596589806606214,0,4,4,4,4,2,8.475,8.475,8.475,-0.45596589806606214
180439,-0.05646548382026069,0,1,1,1,1,1,,6.016666666666667,6.5,-0.05646548382026069
180441,0.4486874057594355,0,3,3,3,3,2,8.666666666666666,8.666666666666666,8.666666666666666,0.4486874057594355
180445,0.14786921484207177,0,4,4,4,4,3,9.05,9.05,9.05,0.14786921484207177
180446,0.42324351449461706,0,4,4,3,4,2,9.425,9.425,9.425,0.42324351449461706
180447,0.49513476833405695,0,4,4,4,4,2,9.425,9.425,9.425,0.49513476833405695
180448,-2.693853600645513,0,1,1,1,1,1,,0.0,0.0,-2.693853600645513
180457,0.5782239629007521,0,1,1,1,1,1,9.8,9.8,9.8,0.5782239629007521
180460,0.5915873135124913,0,1,1,1,1,1,9.3,9.3,9.3,0.5915873135124913
180461,0.3600958079263128,0,1,1,1,1,1,9.8,9.8,9.8,0.3600958079263128
180462,0.49809724295623586,0,3,3,3,3,2,9.533333333333333,9.533333333333333,9.533333333333333,0.49809724295623586
180466,0.9516915446387537,0,2,2,2,2,2,10.0,10.0,10.0,0.9516915446387537
180468,-1.2484709336130868,0,1,1,1,1,1,,3.4375,0.0,-1.2484709336130868
180470,-4.589196085035834,0,1,1,1,1,1,,,3.7,-4.589196085035834
180476,-1.0304776220372904,0,4,4,4,4,2,8.35,5.3149999999999995,5.1499999999999995,-1.0304776220372904
180478,0.30193831574350644,0,4,4,4,4,2,9.0,9.0,9.0,0.30193831574350644
180481,-0.2369511558058836,0,4,4,4,3,3,6.533333333333334,6.23,6.625,-0.2369511558058836
180482,-0.6027860672419202,0,2,2,2,1,2,0.4,2.785,3.2,-0.6027860672419202
180488,0.7696147760968504,0,4,4,4,4,2,9.925,9.925,9.925,0.7696147760968504
180496,0.1784698331424653,0,3,3,3,3,2,8.4,8.4,8.4,0.1784698331424653
180498,-0.08417307634101723,0,1,1,1,1,1,7.8,7.8,7.8,-0.08417307634101723
180499,0.25702809800250465,0,3,3,3,3,2,9.166666666666666,9.166666666666666,9.166666666666666,0.25702809800250465
180500,-0.3365357223141264,0,4,4,4,3,3,8.65,7.01125,7.775,-0.3365357223141264
180501,-0.6163296739517911,0,1,1,1,1,1,1.8,1.8,1.8,-0.6163296739517911
180504,-0.6774635984666203,0,5,5,3,4,3,9.433333333333334,7.7948571428571425,6.0200000000000005,-0.6774635984666203
180505,-0.08447524308116575,0,5,5,5,4,3,8.9,7.8075,7.12,-0.08447524308116575
180506,0.18704065060061614,0,1,1,1,1,1,8.4,8.4,8.4,0.18704065060061614
180509,0.5110801706445083,0,1,1,1,1,1,9.0,9.0,9.0,0.5110801706445083
180510,-0.7910111184789598,0,3,3,3,3,3,7.800000000000001,7.133333333333333,5.433333333333334,-0.7910111184789598
180511,0.17146891543405232,0,4,4,3,4,2,9.175,9.175,9.175,0.17146891543405232
180512,0.37777511581960654,0,3,3,3,3,2,9.4,9.4,9.4,0.37777511581960654
180513,-0.16838973000143825,0,5,5,4,4,3,8.649999999999999,7.4,7.419999999999999,-0.16838973000143825
180516,0.3600958079263128,0,1,1,1,1,1,9.8,9.8,9.8,0.3600958079263128
180523,-0.7134707767285573,0,2,2,2,1,1,8.7,8.1,5.46,-0.7134707767285573
180529,0.20585897258025498,0,1,1,1,1,1,9.6,9.6,9.6,0.20585897258025498
180532,-2.693853600645513,0,1,1,1,1,1,0.0,0.0,0.0,-2.693853600645513
180534,0.41979423110986347,0,1,1,1,1,1,10.0,10.0,10.0,0.41979423110986347
180536,-0.15659657815234107,0,4,4,4,4,2,8.5,8.5,8.5,-0.15659657815234107
180537,0.19216523905011593,0,3,3,3,3,2,9.200000000000001,9.200000000000001,9.200000000000001,0.19216523905011593
180538,0.3789239353418368,0,1,1,1,1,1,10.0,10.0,10.0,0.3789239353418368
180540,-1.542509584927195,0,1,1,1,1,1,,7.5,2.9600000000000004,-1.542509584927195
180545,-0.9305858206895627,0,3,3,3,1,2,4.8999999999999995,4.8999999999999995,4.8999999999999995,-0.9305858206895627
180546,0.4376840795617533,0,3,3,3,3,2,9.799999999999999,9.799999999999999,9.799999999999999,0.4376840795617533
180548,0.0646009253634558,0,3,3,3,2,2,8.4,7.605555555555555,7.8,0.0646009253634558
180549,-0.8262201124580086,0,4,4,4,4,2,7.975,7.975,7.975,-0.8262201124580086
180552,0.21006414719895689,0,4,4,3,4,2,9.175,9.175,9.175,0.21006414719895689
180554,0.7431191339307187,0,3,3,2,3,2,9.299999999999999,9.299999999999999,9.299999999999999,0.7431191339307187
180556,0.9560986488137754,0,4,4,3,4,2,9.775,9.775,9.775,0.9560986488137754
180557,0.729826881936272,0,3,3,2,3,2,9.866666666666667,9.866666666666667,9.866666666666667,0.729826881936272
180562,0.5332075297745378,0,4,4,3,4,2,9.275,9.275,9.275,0.5332075297745378
180565,-0.7503629675732425,0,4,4,4,3,3,8.766666666666666,7.525,6.6,-0.7503629675732425
180566,0.41979423110986347,0,1,1,1,1,1,10.0,10.0,10.0,0.41979423110986347
180571,0.4503377465873087,0,3,3,3,3,3,9.366666666666667,9.366666666666667,9.366666666666667,0.4503377465873087
180572,-0.26625006325902606,0,4,4,3,4,2,8.325,8.325,8.325,-0.26625006325902606
180578,-0.28302870050890955,0,2,2,2,2,2,8.95,8.95,8.95,-0.28302870050890955
180583,0.5608400598208125,0,2,2,2,2,2,9.75,9.75,9.75,0.5608400598208125
180584,0.6609769977581195,0,4,4,4,4,2,10.0,10.0,10.0,0.6609769977581195
180585,0.7182035664432747,0,4,4,4,4,3,9.825,9.825,9.825,0.7182035664432747
180591,0.6386316857017411,0,2,2,2,2,2,9.0,9.0,9.0,0.6386316857017411
180593,0.6652976560440965,0,4,4,4,4,2,9.15,9.15,9.15,0.6652976560440965
180596,-0.17719000072564545,0,1,1,1,1,1,8.0,8.0,8.0,-0.17719000072564545
180597,0.4309493337858342,0,2,2,2,2,2,9.4,9.4,9.4,0.4309493337858342
180599,0.5093079004043846,0,4,4,4,4,2,9.3,9.3,9.3,0.5093079004043846
180600,0.41979423110986347,0,1,1,1,1,1,10.0,10.0,10.0,0.41979423110986347
180601,0.07335258282894441,0,4,4,3,4,2,9.125,9.125,9.125,0.07335258282894441
180606,-0.7303430412338945,0,3,3,3,3,2,8.899999999999999,7.873333333333332,6.433333333333333,-0.7303430412338945
180609,0.718695427723834,0,2,2,2,2,2,9.8,9.8,9.8,0.718695427723834
180616,0.5730019740176607,0,4,4,3,4,2,9.525,9.525,9.525,0.5730019740176607
180618,0.6907304872877755,0,4,4,4,4,2,9.625,9.625,9.625,0.6907304872877755
180623,0.28688216433193925,0,3,3,3,3,2,9.299999999999999,9.299999999999999,9.299999999999999,0.28688216433193925
180624,0.9150760777474741,0,4,4,3,4,2,9.825,9.825,9.825,0.9150760777474741
180626,0.2529729837690788,0,1,1,1,1,1,8.7,8.7,8.7,0.2529729837690788
180635,0.4663092079742133,0,1,1,1,1,1,9.9,9.9,9.9,0.4663092079742133
180636,-0.12365023661301085,0,3,3,3,3,2,9.0,9.0,9.0,-0.12365023661301085
180637,-0.8890203376657366,0,1,1,1,1,1,,3.966666666666667,4.2,-0.8890203376657366
180647,-0.11076656469317234,0,5,5,5,5,2,9.14,9.14,9.14,-0.11076656469317234
180648,-1.1543945680554049,0,5,5,5,3,2,8.700000000000001,6.884,6.0200000000000005,-1.1543945680554049
180654,-1.140657999024011,0,3,3,3,2,2,8.9,8.433333333333334,6.550000000000001,-1.140657999024011
180656,-1.328643546077783,0,4,4,3,4,2,7.966666666666666,7.69,7.775,-1.328643546077783
180660,-0.8890203376657366,0,1,1,1,1,1,4.2,4.2,4.2,-0.8890203376657366
180662,0.18626347231584992,0,1,1,1,1,1,,5.11,7.3,0.18626347231584992
180664,-0.8516392858343809,0,2,2,2,2,2,8.1,5.661111111111111,4.05,-0.8516392858343809
180677,0.41979423110986347,0,1,1,1,1,1,10.0,10.0,10.0,0.41979423110986347
180679,0.3600958079263128,0,1,1,1,1,1,9.8,9.8,9.8,0.3600958079263128
180680,-0.05542022167316132,0,4,4,3,4,2,8.7,8.7,8.7,-0.05542022167316132
180685,-2.130455300433651,0,3,3,3,1,2,0.25,1.8444444444444443,0.5333333333333333,-2.130455300433651
180687,0.9786494360048107,0,1,1,1,1,1,9.0,9.0,9.0,0.9786494360048107
180688,-1.3345620765021415,0,6,6,5,3,3,5.25,5.25,5.25,-1.3345620765021415
180691,-0.022933239736436125,0,1,1,1,1,1,9.3,9.3,9.3,-0.022933239736436125
180693,-0.1428471933585925,0,1,1,1,1,1,,5.17,6.0,-0.1428471933585925
180694,0.7582155715904013,0,1,1,1,1,1,8.4,8.4,8.4,0.7582155715904013
180696,1.0062522350417444,0,1,1,1,1,1,10.0,10.0,10.0,1.0062522350417444
180702,0.7160736745261362,0,4,4,4,4,2,8.8,8.8,8.8,0.7160736745261362
180704,0.060288255261932,0,5,5,5,4,3,8.26,8.26,8.26,0.060288255261932
180705,0.5130685743645745,0,2,2,2,2,2,9.8,9.8,9.8,0.5130685743645745
180706,-0.5944925110228114,0,1,1,1,1,1,,5.033333333333333,6.5,-0.5944925110228114
180711,0.5110801706445083,0,1,1,1,1,1,9.0,9.0,9.0,0.5110801706445083
180712,-0.651583901601939,0,2,2,2,2,2,7.8,7.8,5.01,-0.651583901601939
180716,0.06282570826464053,0,3,3,3,2,2,9.05,7.787499999999999,7.7,0.06282570826464053
180717,0.48360891244667376,0,3,3,3,3,2,9.033333333333333,9.033333333333333,9.033333333333333,0.48360891244667376
180721,-0.29811774743533626,0,4,4,3,3,2,7.5,6.1884375,6.125,-0.29811774743533626
180722,-0.6639272520161117,0,2,2,2,1,2,8.1,6.949999999999999,4.3999999999999995,-0.6639272520161117
180723,0.6615337274523505,0,2,2,2,2,1,10.0,10.0,10.0,0.6615337274523505
180727,-1.6187260134318096,0,1,1,1,1,1,,5.983333333333334,1.6,-1.6187260134318096
180728,-2.050462206496715,0,1,1,1,1,1,0.3,0.3,0.3,-2.050462206496715
180732,0.6049034806844316,0,4,4,4,4,2,9.95,9.95,9.95,0.6049034806844316
180733,0.3461547712782183,0,4,4,4,4,2,9.2,9.2,9.2,0.3461547712782183
180734,-2.1937866326317836,0,2,2,2,1,1,,3.56,2.716666666666667,-2.1937866326317836
180735,0.41979423110986347,0,1,1,1,1,1,10.0,10.0,10.0,0.41979423110986347
180738,-1.2484709336130868,0,1,1,1,1,1,0.0,0.0,0.0,-1.2484709336130868
180740,0.37609968479496647,0,4,4,4,4,2,9.5,9.5,9.5,0.37609968479496647
180743,-1.1960071825045353,0,2,2,2,1,2,,3.9875,0.15,-1.1960071825045353
180747,0.43996609112686036,0,3,3,2,3,2,9.6,9.6,9.6,0.43996609112686036
180748,-0.1860140556399869,0,1,1,1,1,1,9.1,9.1,9.1,-0.1860140556399869
180753,-0.4082784712897377,0,2,2,1,2,2,9.1,9.1,9.1,-0.4082784712897377
180759,-1.1786335098291938,0,3,3,3,1,3,5.3,4.5249999999999995,3.6333333333333333,-1.1786335098291938
180760,0.20611257373433584,0,5,5,4,5,2,9.4,9.4,9.4,0.20611257373433584
180764,0.3201896900064673,0,3,3,3,2,2,8.633333333333333,8.633333333333333,8.633333333333333,0.3201896900064673
180771,0.3891971333930355,0,1,1,1,1,1,10.0,10.0,10.0,0.3891971333930355
180778,0.41979423110986347,0,1,1,1,1,1,10.0,10.0,10.0,0.41979423110986347
180779,-2.588978373850015,0,1,1,1,1,1,,7.5,3.7,-2.588978373850015
180781,-1.2543975186707055,0,4,4,4,3,2,7.633333333333333,6.539285714285715,5.725,-1.2543975186707055
180784,0.12199165856527659,0,1,1,1,1,1,9.3,9.3,9.3,0.12199165856527659
180794,0.5753707217553055,0,2,2,2,2,2,9.9,9.9,9.9,0.5753707217553055
180795,0.4076415950113487,0,4,4,3,3,3,8.925,8.925,8.925,0.4076415950113487
180797,0.3789239353418368,0,1,1,1,1,1,10.0,10.0,10.0,0.3789239353418368
180801,-0.27429812493206407,0,5,5,5,4,3,8.45,7.4475,6.959999999999999,-0.27429812493206407
180806,0.6221809011412109,0,3,3,3,3,2,9.033333333333333,9.033333333333333,9.033333333333333,0.6221809011412109
180815,0.676716131989252,0,3,3,3,3,2,9.666666666666666,9.666666666666666,9.666666666666666,0.676716131989252
180817,-0.591904809212479,0,4,4,4,3,2,8.3,6.605555555555555,5.975,-0.591904809212479
180818,-1.092403965870584,0,1,1,1,1,1,,5.0,0.0,-1.092403965870584
180822,-0.13653756281519297,0,5,5,4,4,3,8.375,8.2,7.81,-0.13653756281519297
180823,-0.27692540612491284,0,2,2,2,1,2,8.0,5.75,6.65,-0.27692540612491284
180824,-2.2599450391512717,0,1,1,1,1,1,0.0,0.0,0.0,-2.2599450391512717
180829,0.27250698932869466,0,1,1,1,1,1,9.4,9.4,9.4,0.27250698932869466
180830,-0.5274852119154607,0,5,5,4,4,2,8.625,8.069999999999999,7.739999999999999,-0.5274852119154607
180833,-1.1560719506983992,0,4,4,4,3,2,6.5,6.5,6.5,-1.1560719506983992
180834,-0.06329395211190547,0,2,2,2,2,2,8.8,8.8,8.8,-0.06329395211190547
180840,0.7794373135377846,0,1,1,1,1,1,10.0,10.0,10.0,0.7794373135377846
180841,0.5597920096528497,0,1,1,1,1,1,9.6,9.6,9.6,0.5597920096528497
180843,0.0673506098559318,0,4,4,4,4,2,8.45,8.45,8.45,0.0673506098559318
180845,0.3789239353418368,0,1,1,1,1,1,10.0,10.0,10.0,0.3789239353418368
180851,-0.3385404708060091,0,3,3,3,3,2,8.4,8.4,8.4,-0.3385404708060091
180852,0.5505959653112076,0,1,1,1,1,1,10.0,10.0,10.0,0.5505959653112076
180855,0.3789239353418368,0,1,1,1,1,1,10.0,10.0,10.0,0.3789239353418368
180858,0.8356665887379978,0,1,1,1,1,1,9.4,9.4,9.4,0.8356665887379978
180860,-0.3108064859529268,0,3,3,3,1,3,6.449999999999999,5.45,6.233333333333333,-0.3108064859529268
180861,0.3620056059204807,0,4,4,3,4,2,9.4,9.4,9.4,0.3620056059204807
180862,-1.2966539900588379,0,1,1,1,1,1,,3.56,1.9,-1.2966539900588379
180864,0.45874237629507764,0,1,1,1,1,1,7.8,7.8,7.8,0.45874237629507764
180865,0.7422471392602169,0,3,3,3,3,1,9.6,9.6,9.6,0.7422471392602169
180869,-1.2966539900588379,0,1,1,1,1,1,,3.56,1.9,-1.2966539900588379
180870,-0.3422592637591234,0,1,1,1,1,1,8.5,8.5,8.5,-0.3422592637591234
180872,-0.08052767903931038,0,5,5,4,3,3,8.8,7.833333333333334,7.88,-0.08052767903931038
180874,0.004919174794296766,0,4,4,3,3,3,9.299999999999999,8.030000000000001,8.1,0.004919174794296766
180875,-2.2599450391512717,0,1,1,1,1,1,,5.17,0.0,-2.2599450391512717
180876,-1.4086113380612324,0,5,5,4,4,3,3.34,3.34,3.34,-1.4086113380612324
180880,0.26955874204055946,0,1,1,1,1,1,8.1,8.1,8.1,0.26955874204055946
180882,-2.4954404435200526,0,1,1,1,1,1,,,3.7,-2.4954404435200526
180883,0.8292410845598881,0,2,2,2,2,2,9.8,9.8,9.8,0.8292410845598881
180885,0.21357820760675242,0,3,3,3,3,2,9.166666666666666,9.166666666666666,9.166666666666666,0.21357820760675242
180887,0.7855287666433328,0,4,4,4,4,2,9.75,9.75,9.75,0.7855287666433328
180888,-0.5808480026622173,0,4,4,4,4,2,7.866666666666667,7.15,5.9,-0.5808480026622173
180892,0.5849781581408718,0,3,3,3,3,2,10.0,10.0,10.0,0.5849781581408718
180897,-1.2484709336130868,0,1,1,1,1,1,0.0,0.0,0.0,-1.2484709336130868
180899,-0.07848756094509077,0,4,4,4,2,3,8.0,6.98,7.4,-0.07848756094509077
180904,0.40081433791983917,0,1,1,1,1,1,9.2,9.2,9.2,0.40081433791983917
180911,0.5821366278321451,0,3,3,3,3,3,9.866666666666667,9.866666666666667,9.866666666666667,0.5821366278321451
180914,-1.0854072488105921,0,5,5,5,3,3,4.766666666666667,3.8400000000000007,4.040000000000001,-1.0854072488105921
180919,0.712784689097846,0,4,4,3,4,2,9.575,9.575,9.575,0.712784689097846
180922,0.42171223218612175,0,1,1,1,1,1,7.6,7.6,7.6,0.42171223218612175
180929,-2.273160517230369,0,3,3,2,1,2,0.6666666666666666,0.6666666666666666,0.6666666666666666,-2.273160517230369
180933,0.646560219126442,0,3,3,3,3,2,9.466666666666667,9.466666666666667,9.466666666666667,0.646560219126442
180938,0.3668219023883805,0,4,4,4,3,3,7.7250000000000005,7.7250000000000005,7.7250000000000005,0.3668219023883805
180941,-0.2696037749014575,0,4,4,4,4,2,7.85,7.85,7.85,-0.2696037749014575
180947,-1.2848190919616247,0,1,1,1,1,1,6.7,6.7,6.7,-1.2848190919616247
180949,-2.286097803783463,0,1,1,1,1,1,0.0,0.0,0.0,-2.286097803783463
180953,0.5585403459990735,0,3,3,3,3,2,9.833333333333334,9.833333333333334,9.833333333333334,0.5585403459990735
180955,0.6783359681599632,0,1,1,1,1,1,9.2,9.2,9.2,0.6783359681599632
180956,0.7262889995757879,0,3,3,3,3,2,10.0,10.0,10.0,0.7262889995757879
180963,0.7765471525225527,0,4,4,3,4,2,9.775,9.775,9.775,0.7765471525225527
180966,-0.21030258823435133,0,3,3,3,3,2,8.933333333333334,8.933333333333334,8.933333333333334,-0.21030258823435133
180974,-0.14930091953059585,0,3,3,3,2,3,7.5,6.723333333333334,6.5,-0.14930091953059585
180977,-1.1162753902432363,0,1,1,1,1,1,0.7,0.7,0.7,-1.1162753902432363
180978,-1.7496151711095862,0,3,3,3,2,2,6.166666666666667,6.166666666666667,6.166666666666667,-1.7496151711095862
180979,0.35006588490854257,0,1,1,1,1,1,8.4,8.4,8.4,0.35006588490854257
180984,0.36193142072868933,0,2,2,2,2,1,9.75,9.75,9.75,0.36193142072868933
180990,-1.9459044254655684,0,2,2,2,1,2,,5.244545454545454,1.2,-1.9459044254655684
180997,0.27924500347417225,0,2,2,2,2,2,9.1,9.1,9.1,0.27924500347417225
180999,0.3548276288077496,0,4,4,4,4,2,8.85,8.85,8.85,0.3548276288077496
181004,0.6180976248676648,0,2,2,2,2,2,9.0,9.0,9.0,0.6180976248676648
181005,0.6353737220038,0,4,4,2,4,2,9.2,9.2,9.2,0.6353737220038
181013,0.02680504961439673,0,3,3,3,3,2,9.200000000000001,9.200000000000001,9.200000000000001,0.02680504961439673
181015,-1.9041341153949782,0,1,1,1,1,1,0.0,0.0,0.0,-1.9041341153949782
181020,-0.4835731198301964,0,1,1,1,1,1,7.5,7.5,7.5,-0.4835731198301964
181026,0.3891971333930355,0,1,1,1,1,1,10.0,10.0,10.0,0.3891971333930355
181031,-0.5007433829623272,0,1,1,1,1,1,,3.966666666666667,5.2,-0.5007433829623272
181041,0.6791783190386678,0,1,1,1,1,1,10.0,10.0,10.0,0.6791783190386678
181044,0.5589903564193218,0,1,1,1,1,1,9.1,9.1,9.1,0.5589903564193218
181045,0.00858422085324766,0,5,5,4,4,3,8.225,7.506666666666666,7.5,0.00858422085324766
181051,0.37914678292508763,0,4,4,3,4,2,9.45,9.45,9.45,0.37914678292508763
181062,-0.2021245986195134,0,5,5,4,3,3,8.1,8.1,8.1,-0.2021245986195134
181063,-0.15917126798005377,0,2,2,2,2,2,4.6499999999999995,4.6499999999999995,4.6499999999999995,-0.15917126798005377
181065,-0.4535283098032165,0,4,4,4,3,3,8.3,8.3,8.3,-0.4535283098032165
181067,0.7627015912113285,0,3,3,3,3,2,9.833333333333334,9.833333333333334,9.833333333333334,0.7627015912113285
181071,-1.2493133132088947,0,2,2,2,1,2,,3.1848484848484846,3.25,-1.2493133132088947
181073,0.31704698681506066,0,1,1,1,1,1,8.3,8.3,8.3,0.31704698681506066
181076,0.052174673211009624,0,3,3,3,1,2,6.266666666666667,6.266666666666667,6.266666666666667,0.052174673211009624
181084,0.23407964390809452,0,4,4,4,4,2,8.850000000000001,8.850000000000001,8.850000000000001,0.23407964390809452
181111,0.5594252522047364,0,3,3,3,3,2,9.166666666666666,9.166666666666666,9.166666666666666,0.5594252522047364
181116,-1.2484709336130868,0,1,1,1,1,1,0.0,0.0,0.0,-1.2484709336130868
181122,-0.5307549588350563,0,2,2,2,1,2,7.35,7.35,7.35,-0.5307549588350563
181124,0.32294730187598275,0,3,3,3,3,2,8.433333333333334,8.433333333333334,8.433333333333334,0.32294730187598275
181126,0.7063162869773202,0,4,4,4,4,2,9.175,9.175,9.175,0.7063162869773202
181127,0.5478496159259879,0,1,1,1,1,1,10.0,10.0,10.0,0.5478496159259879
181131,0.7150951939936879,0,3,3,3,3,2,9.133333333333333,9.133333333333333,9.133333333333333,0.7150951939936879
181132,-0.2509142036330404,0,1,1,1,1,1,7.8,7.8,7.8,-0.2509142036330404
181133,-0.09727408287154704,0,4,4,3,4,2,8.95,8.95,8.95,-0.09727408287154704
181134,0.08492234088099433,0,2,2,2,1,2,9.1,7.1812499999999995,8.2,0.08492234088099433
181138,0.5450533668240652,0,4,4,4,4,2,9.075,9.075,9.075,0.5450533668240652
181140,0.6409630999372619,0,3,3,3,3,1,9.866666666666667,9.866666666666667,9.866666666666667,0.6409630999372619
181141,-0.840893614089653,0,4,4,4,3,3,8.649999999999999,6.2749999999999995,5.0,-0.840893614089653
181145,0.924021360627701,0,5,5,4,5,2,9.959999999999999,9.959999999999999,9.959999999999999,0.924021360627701
181149,0.20585897258025498,0,1,1,1,1,1,9.6,9.6,9.6,0.20585897258025498
181151,0.48395107989646163,0,4,4,4,4,2,8.925,8.925,8.925,0.48395107989646163
181161,-0.3078822033820734,0,4,4,3,4,2,8.1,8.1,8.1,-0.3078822033820734
181162,0.5395026892174847,0,2,2,2,2,1,8.2,8.2,8.2,0.5395026892174847
181163,-0.2964041815993844,0,4,4,3,3,2,8.733333333333334,8.005,7.95,-0.2964041815993844
181179,0.5891237092834806,0,4,4,3,4,2,9.5,9.5,9.5,0.5891237092834806
181185,-1.0963527321457764,0,5,5,3,3,2,9.200000000000001,7.525,7.13,-1.0963527321457764
181196,0.1416276983562818,0,5,5,5,3,3,7.675,7.343333333333334,7.459999999999999,0.1416276983562818
181201,-2.655726745556625,0,1,1,1,1,1,,,4.933333333333334,-2.655726745556625
181210,-0.5130824617402019,0,2,2,2,2,2,8.3,6.133333333333334,5.4,-0.5130824617402019
181215,0.4279472059178635,0,1,1,1,1,1,,2.9749999999999996,7.1,0.4279472059178635
181217,0.013260182590297265,0,2,2,2,2,2,8.8,8.8,8.8,0.013260182590297265
181218,0.6758278546036,0,4,4,3,4,2,9.6,9.6,9.6,0.6758278546036
181222,0.6650748897511181,0,3,3,2,3,2,9.6,9.6,9.6,0.6650748897511181
181223,-0.7468465543697494,0,4,4,4,4,2,8.85,8.85,8.85,-0.7468465543697494
181227,0.11740289004128417,0,2,2,2,2,2,8.1,8.1,8.1,0.11740289004128417
181228,0.626217680189906,0,4,4,4,4,2,9.375,9.375,9.375,0.626217680189906
181233,0.15506586486844298,0,4,4,4,4,2,9.2,9.2,9.2,0.15506586486844298
181242,-0.7522219966626782,0,2,2,2,2,2,8.45,8.45,8.45,-0.7522219966626782
181243,0.2825412545992313,0,1,1,1,1,1,8.8,8.8,8.8,0.2825412545992313
181245,-2.870858447994044,0,1,1,1,1,1,0.0,0.0,0.0,-2.870858447994044
181248,0.2114089289156798,0,2,2,2,2,2,8.899999999999999,8.899999999999999,8.899999999999999,0.2114089289156798
181255,-0.06511907666487965,0,4,4,4,3,2,8.966666666666667,8.0175,7.475,-0.06511907666487965
181261,0.22454596471103247,0,1,1,1,1,1,8.4,8.4,8.4,0.22454596471103247
181263,-0.26939797796561354,0,5,5,5,3,3,8.799999999999999,7.019999999999999,6.419999999999999,-0.26939797796561354
181266,0.5660000123076177,0,3,3,3,3,2,9.633333333333333,9.633333333333333,9.633333333333333,0.5660000123076177
181268,0.36833621560940377,0,4,4,4,4,2,9.0,9.0,9.0,0.36833621560940377
181271,0.3789239353418368,0,1,1,1,1,1,10.0,10.0,10.0,0.3789239353418368
181277,0.15508893891916906,0,2,2,2,2,2,8.850000000000001,8.850000000000001,8.850000000000001,0.15508893891916906
181282,-1.2081351769652668,0,2,2,2,1,2,,5.6571428571428575,3.825,-1.2081351769652668
181290,-1.061053274826011,0,2,2,2,1,2,8.3,5.825,4.15,-1.061053274826011
181293,0.1734676115848307,0,3,3,2,3,2,9.0,9.0,9.0,0.1734676115848307
181295,-0.8022610329475736,0,2,2,1,1,2,4.75,4.75,4.75,-0.8022610329475736
181304,-0.9840980636402393,0,4,4,3,3,2,7.075,7.075,7.075,-0.9840980636402393
181306,0.12130211519210901,0,1,1,1,1,1,9.0,9.0,9.0,0.12130211519210901
181307,0.26786677835528255,0,3,3,2,3,2,9.033333333333333,9.033333333333333,9.033333333333333,0.26786677835528255
181309,0.5573575127981197,0,3,3,3,3,2,9.666666666666666,9.666666666666666,9.666666666666666,0.5573575127981197
181316,-0.0535668032306564,0,1,1,1,1,1,8.0,8.0,8.0,-0.0535668032306564
181319,0.8925284708392466,0,1,1,1,1,1,9.6,9.6,9.6,0.8925284708392466
181322,0.5084563854144091,0,1,1,1,1,1,,3.4375,7.0,0.5084563854144091
181323,-1.0528511629401298,0,2,2,2,2,2,4.15,4.15,4.15,-1.0528511629401298
181329,0.2671786665403308,0,1,1,1,1,1,9.7,9.7,9.7,0.2671786665403308
181353,0.40504110587146025,0,3,3,3,3,2,9.1,9.1,9.1,0.40504110587146025
181365,0.6463055143749661,0,4,4,4,4,2,9.825,9.825,9.825,0.6463055143749661
181371,0.21733510591614066,0,2,2,2,1,2,10.0,6.725,7.9,0.21733510591614066
181377,-1.2484709336130868,0,1,1,1,1,1,,3.4375,0.0,-1.2484709336130868
181378,-0.8744324342533817,0,2,2,2,1,2,9.0,7.085,4.5,-0.8744324342533817
181384,0.29094866747856285,0,3,3,2,3,2,9.5,9.5,9.5,0.29094866747856285
181387,0.7694100229374319,0,4,4,3,4,2,10.0,10.0,10.0,0.7694100229374319
181388,-0.2826827287132582,0,2,2,2,1,1,10.0,8.75,7.220000000000001,-0.2826827287132582
181391,-1.923534461433115,0,3,3,3,1,2,2.1,3.6972222222222215,0.9666666666666667,-1.923534461433115
181399,0.3755666246510421,0,3,3,3,3,2,8.833333333333334,8.833333333333334,8.833333333333334,0.3755666246510421
181401,0.12379590675049984,0,4,4,4,3,3,8.666666666666666,7.491666666666667,7.8,0.12379590675049984
181408,0.1346113426172479,0,4,4,4,4,2,8.825,8.825,8.825,0.1346113426172479
181412,0.28493005835434515,0,2,2,2,2,1,9.0,9.0,9.0,0.28493005835434515
181416,-1.5763025245040325,0,2,2,2,1,2,,2.386931818181818,0.0,-1.5763025245040325
181419,-1.2484709336130868,0,1,1,1,1,1,,3.4375,0.0,-1.2484709336130868
181439,0.09808994875744181,0,4,4,4,4,2,8.65,8.65,8.65,0.09808994875744181
181448,-0.2726088777517227,0,4,4,4,2,3,9.3,6.780803571428571,6.125,-0.2726088777517227
181461,-0.16986631073829828,0,6,6,6,5,3,8.440000000000001,8.003333333333334,7.966666666666666,-0.16986631073829828
181463,0.14969080609156787,0,1,1,1,1,1,7.8,7.8,7.8,0.14969080609156787
181466,0.9014891745690042,0,3,3,3,3,2,9.733333333333333,9.733333333333333,9.733333333333333,0.9014891745690042
181468,-0.2555113332519097,0,4,4,4,4,2,7.933333333333334,7.48125,7.2,-0.2555113332519097
181469,-2.517591709750601,0,2,2,2,1,2,,4.266666666666667,2.466666666666667,-2.517591709750601
181470,0.16421072242619,0,4,4,4,2,3,8.1,7.390625,7.550000000000001,0.16421072242619
181487,0.5659468052746286,0,3,3,3,3,2,10.0,10.0,10.0,0.5659468052746286
181491,0.33229419680939326,0,3,3,3,3,2,8.333333333333334,8.333333333333334,8.333333333333334,0.33229419680939326
181492,0.3807715319280061,0,1,1,1,1,1,7.8,7.8,7.8,0.3807715319280061
181511,0.46316846739620643,0,4,4,4,4,3,9.05,9.05,9.05,0.46316846739620643
181512,0.17681988511023605,0,4,4,3,4,2,8.725,8.725,8.725,0.17681988511023605
181514,0.29762133730055684,0,1,1,1,1,1,9.8,9.8,9.8,0.29762133730055684
181515,-1.6880527644394712,0,4,4,4,2,3,3.0666666666666664,2.3,2.3,-1.6880527644394712
181516,-0.33226938375158055,0,4,4,4,3,2,9.700000000000001,8.254999999999999,7.275,-0.33226938375158055
181522,-0.8622675792130674,0,2,2,2,1,2,8.5,6.9399999999999995,5.25,-0.8622675792130674
181526,0.3789239353418368,0,1,1,1,1,1,10.0,10.0,10.0,0.3789239353418368
181529,0.35798004613544715,0,3,3,3,3,2,7.933333333333334,7.933333333333334,7.933333333333334,0.35798004613544715
181536,0.6877211361627745,0,3,3,2,3,2,9.333333333333334,9.333333333333334,9.333333333333334,0.6877211361627745
181537,-0.9569021842169043,0,2,2,2,2,2,8.3,7.65,7.300000000000001,-0.9569021842169043
181563,-1.03378878770663,0,2,2,2,2,2,8.0,6.98,5.9,-1.03378878770663
181567,-3.5928317528640803,0,1,1,1,1,1,,0.0,0.0,-3.5928317528640803
181574,0.5163108449121367,0,4,4,2,4,2,9.75,9.75,9.75,0.5163108449121367
181578,-2.870858447994044,0,1,1,1,1,1,0.0,0.0,0.0,-2.870858447994044
181583,0.7683271325260244,0,4,4,3,4,2,9.575,9.575,9.575,0.7683271325260244
181585,0.7377713246524474,0,1,1,1,1,1,8.7,8.7,8.7,0.7377713246524474
181589,-0.36777370954973887,0,2,2,2,1,2,10.0,6.366666666666666,5.0,-0.36777370954973887
181591,0.18642209846638644,0,4,4,4,3,3,9.299999999999999,8.2675,8.475,0.18642209846638644
181592,0.3800487028804682,0,4,4,4,4,2,9.225,9.225,9.225,0.3800487028804682
181597,-0.1428471933585925,0,1,1,1,1,1,6.0,6.0,6.0,-0.1428471933585925
181599,0.6373605045610561,0,1,1,1,1,1,10.0,10.0,10.0,0.6373605045610561
181605,-0.11901765709541089,0,1,1,1,1,1,,3.4375,4.5,-0.11901765709541089
181607,0.41979423110986347,0,1,1,1,1,1,10.0,10.0,10.0,0.41979423110986347
181608,-0.3073626235708584,0,4,4,3,4,2,6.574999999999999,6.574999999999999,6.574999999999999,-0.3073626235708584
181609,-2.870858447994044,0,1,1,1,1,1,,3.75,0.0,-2.870858447994044
181610,0.007946662013592912,0,1,1,1,1,1,7.6,7.6,7.6,0.007946662013592912
181615,0.5587389599242636,0,4,4,4,4,2,8.95,8.95,8.95,0.5587389599242636
181619,-0.6163296739517911,0,1,1,1,1,1,,3.2600000000000002,1.8,-0.6163296739517911
181627,-0.41600418725195604,0,5,5,5,4,3,6.25,5.75,5.0,-0.41600418725195604
181633,-1.2460393590130612,0,1,1,1,1,1,7.8,7.8,7.8,-1.2460393590130612
181635,-1.2966539900588379,0,1,1,1,1,1,1.9,1.9,1.9,-1.2966539900588379
181645,-0.4190290548678436,0,5,5,5,4,3,8.9,7.111666666666667,6.380000000000001,-0.4190290548678436
181660,-1.7661871703281422,0,2,2,2,1,2,0.0,2.8,1.45,-1.7661871703281422
181670,-1.201396116254932,0,1,1,1,1,1,,5.17,3.0,-1.201396116254932
181672,0.5575677085285946,0,5,5,5,5,2,9.9,9.9,9.9,0.5575677085285946
181677,0.6114396661984808,0,1,1,1,1,1,10.0,10.0,10.0,0.6114396661984808
181681,0.2277334552246,0,3,3,3,3,2,8.966666666666667,8.966666666666667,8.966666666666667,0.2277334552246
181688,0.7397379819829187,0,2,2,2,2,2,9.7,9.7,9.7,0.7397379819829187
181689,-1.046758512010813,0,2,2,2,1,2,7.5,5.625,3.75,-1.046758512010813
181696,0.3948953751971212,0,2,2,2,2,1,9.05,9.05,9.05,0.3948953751971212
181700,0.25979389952574583,0,3,3,3,3,2,8.633333333333333,8.633333333333333,8.633333333333333,0.25979389952574583
181703,0.6523150646320444,0,4,4,3,4,2,9.175,9.175,9.175,0.6523150646320444
181705,0.024164364967523062,0,1,1,1,1,1,7.5,7.5,7.5,0.024164364967523062
181706,0.31210952542938325,0,1,1,1,1,1,8.9,8.9,8.9,0.31210952542938325
181707,0.6650809424342511,0,1,1,1,1,1,8.8,8.8,8.8,0.6650809424342511
181709,0.28976771010198316,0,1,1,1,1,1,8.3,8.3,8.3,0.28976771010198316
181714,0.4223977114721711,0,3,3,3,3,2,9.700000000000001,9.700000000000001,9.700000000000001,0.4223977114721711
181715,0.5077725674530039,0,3,3,3,3,2,9.9,9.9,9.9,0.5077725674530039
181716,0.5486556920705996,0,1,1,1,1,1,9.7,9.7,9.7,0.5486556920705996
181725,-0.17018501718797108,0,5,5,4,3,3,8.350000000000001,7.840000000000001,6.82,-0.17018501718797108
181726,0.41979423110986347,0,1,1,1,1,1,10.0,10.0,10.0,0.41979423110986347
181729,0.07755506584503559,0,4,4,3,4,2,9.35,9.35,9.35,0.07755506584503559
181736,0.41979423110986347,0,1,1,1,1,1,10.0,10.0,10.0,0.41979423110986347
181737,0.41979423110986347,0,1,1,1,1,1,10.0,10.0,10.0,0.41979423110986347
181739,-0.1259755846005953,0,4,4,4,3,2,7.85,7.85,7.85,-0.1259755846005953
181740,0.6989521629449389,0,2,2,2,2,2,10.0,10.0,10.0,0.6989521629449389
181748,0.8417307634101737,0,1,1,1,1,1,9.5,9.5,9.5,0.8417307634101737
181752,-0.2297758512978828,0,2,2,2,2,2,9.3,5.8500000000000005,5.25,-0.2297758512978828
181754,0.26763840779573844,0,5,5,5,4,3,9.275,8.1075,7.42,0.26763840779573844
181759,0.3789239353418368,0,1,1,1,1,1,10.0,10.0,10.0,0.3789239353418368
181760,-1.4062992989902354,0,1,1,1,1,1,,4.15,4.3,-1.4062992989902354
181762,-0.8535601345016225,0,5,5,5,3,3,8.566666666666666,6.076666666666666,5.279999999999999,-0.8535601345016225
181765,-1.348152855195477,0,1,1,1,1,1,,5.6571428571428575,0.0,-1.348152855195477
181773,0.18272290655435683,0,4,4,4,3,3,7.575,7.575,7.575,0.18272290655435683
181777,0.7725987756326399,0,4,4,4,4,2,9.975,9.975,9.975,0.7725987756326399
181780,0.12274341954431713,0,4,4,3,4,2,9.2,9.2,9.2,0.12274341954431713
181784,0.9414091313804411,0,1,1,1,1,1,10.0,10.0,10.0,0.9414091313804411
181788,0.07112343994496852,0,3,3,3,3,2,8.466666666666667,8.466666666666667,8.466666666666667,0.07112343994496852
181795,-0.6721216548067622,0,1,1,1,1,1,,5.17,4.5,-0.6721216548067622
181805,0.3891971333930355,0,1,1,1,1,1,10.0,10.0,10.0,0.3891971333930355
181814,-1.6946871647675803,0,1,1,1,1,1,0.5,0.5,0.5,-1.6946871647675803
181818,0.13641261672306104,0,1,1,1,1,1,9.6,9.6,9.6,0.13641261672306104
181824,0.009663307998102957,0,4,4,4,3,2,8.233333333333334,7.490625,7.65,0.009663307998102957
181828,-0.030749191073112594,0,4,4,4,4,2,8.575,8.575,8.575,-0.030749191073112594
181829,-0.37648575466787154,0,3,3,3,3,2,9.05,7.787499999999999,6.266666666666666,-0.37648575466787154
181832,0.2600445007598054,0,3,3,3,3,2,8.933333333333334,8.933333333333334,8.933333333333334,0.2600445007598054
181834,-1.0667626548782592,0,2,2,2,1,1,8.2,4.1,4.1,-1.0667626548782592
181835,0.9574756347673992,0,4,4,4,4,2,9.875,9.875,9.875,0.9574756347673992
181836,0.35789454136805027,0,3,3,3,3,2,8.533333333333333,8.533333333333333,8.533333333333333,0.35789454136805027
181838,0.4161096170600241,0,3,3,3,2,2,9.9,8.605555555555556,8.766666666666667,0.4161096170600241
181840,-2.019867083803068,0,2,2,2,1,2,,5.033333333333333,0.35,-2.019867083803068
181845,0.04599508795801444,0,1,1,1,1,1,8.0,8.0,8.0,0.04599508795801444
181850,0.6230869248181806,0,1,1,1,1,1,10.0,10.0,10.0,0.6230869248181806
181858,0.41979423110986347,0,1,1,1,1,1,10.0,10.0,10.0,0.41979423110986347
181865,-1.4330703274968213,0,1,1,1,1,1,,5.8,0.7,-1.4330703274968213
181866,0.36974353793032666,0,4,4,4,4,2,8.475,8.475,8.475,0.36974353793032666
181870,0.10513162961831839,0,1,1,1,1,1,8.2,8.2,8.2,0.10513162961831839
181877,0.4138955498787051,0,3,3,3,3,2,8.933333333333334,8.933333333333334,8.933333333333334,0.4138955498787051
181881,-0.0022146641242120346,0,4,4,4,3,3,8.5,6.975,7.0,-0.0022146641242120346
181886,-1.2861433844106853,0,1,1,1,1,1,0.0,0.0,0.0,-1.2861433844106853
181887,-1.929129776973843,0,1,1,1,1,1,,5.96,4.7,-1.929129776973843
181888,0.04501663963240719,0,4,4,3,4,2,8.899999999999999,8.899999999999999,8.899999999999999,0.04501663963240719
181889,-2.565126928067681,0,1,1,1,1,1,0.0,0.0,0.0,-2.565126928067681
181895,-0.6274814597427942,0,2,2,2,1,2,8.0,6.585,5.5,-0.6274814597427942
181896,-1.1343634302884684,0,5,5,5,3,2,8.6,6.433928571428571,5.5200000000000005,-1.1343634302884684
181897,0.22528307750576138,0,4,4,3,4,2,8.675,8.675,8.675,0.22528307750576138
181904,-0.4837095131276964,0,5,5,5,4,3,8.325,7.409999999999999,6.659999999999999,-0.4837095131276964
181914,-0.7246034633687243,0,4,4,4,3,3,6.533333333333332,5.583333333333333,5.074999999999999,-0.7246034633687243
181916,0.10442389009338816,0,4,4,2,4,2,9.05,9.05,9.05,0.10442389009338816
181917,0.011290768340563445,0,2,2,2,1,1,10.0,8.75,7.960000000000001,0.011290768340563445
181920,-0.0036159968675061327,0,4,4,4,3,3,9.799999999999999,8.84,8.525,-0.0036159968675061327
181921,-2.5474393803662916,0,1,1,1,1,1,,,4.933333333333334,-2.5474393803662916
181923,-0.7305824267407256,0,3,3,3,3,2,9.633333333333333,9.633333333333333,9.633333333333333,-0.7305824267407256
181927,-0.9914577652810395,0,1,1,1,1,1,,3.5,5.3,-0.9914577652810395
181928,0.42096091533900126,0,2,2,2,2,2,8.15,8.15,8.15,0.42096091533900126
181930,0.37746103369562206,0,4,4,3,4,2,9.1,9.1,9.1,0.37746103369562206
181941,-0.9796989070158947,0,6,6,6,3,3,5.1,4.6648148148148145,4.533333333333333,-0.9796989070158947
181942,0.6114396661984808,0,1,1,1,1,1,10.0,10.0,10.0,0.6114396661984808
181943,0.31343168199789706,0,4,4,2,4,2,9.375,9.375,9.375,0.31343168199789706
181965,-0.6752565033506364,0,1,1,1,1,1,8.5,8.5,8.5,-0.6752565033506364
181974,0.27566054135669227,0,2,2,2,2,2,8.3,8.3,8.3,0.27566054135669227
181979,0.07606754044996686,0,2,2,2,2,1,,5.539583333333333,7.1,0.07606754044996686
181980,0.45713029689857737,0,3,3,3,3,1,9.033333333333333,9.033333333333333,9.033333333333333,0.45713029689857737
181981,-1.4330703274968213,0,1,1,1,1,1,,5.8,0.7,-1.4330703274968213
181984,-0.6464742246020976,0,2,2,2,2,1,7.5,7.5,7.5,-0.6464742246020976
181988,-1.705324853841977,0,7,7,6,3,3,6.366666666666667,5.814285714285715,5.457142857142857,-1.705324853841977
181989,-0.36621342264325935,0,3,3,3,3,3,5.1,5.095238095238096,5.733333333333333,-0.36621342264325935
182001,-1.6187260134318096,0,1,1,1,1,1,1.6,1.6,1.6,-1.6187260134318096
182009,-0.00913456433091997,0,3,3,3,3,2,8.066666666666668,8.066666666666668,8.066666666666668,-0.00913456433091997
182010,-0.17719000072564545,0,1,1,1,1,1,8.0,8.0,8.0,-0.17719000072564545
182016,-0.39051283120842883,0,4,4,3,4,2,8.725,8.725,8.725,-0.39051283120842883
182020,-1.4912778966949238,0,1,1,1,1,1,1.1,1.1,1.1,-1.4912778966949238
182026,0.24874687690017866,0,4,4,2,4,2,9.4,9.4,9.4,0.24874687690017866
182027,-1.2848190919616247,0,1,1,1,1,1,,6.68,6.7,-1.2848190919616247
182028,-1.5340469279440487,0,4,4,4,2,3,8.4,4.8275,2.675,-1.5340469279440487
182030,0.5470775960723251,0,1,1,1,1,1,9.8,9.8,9.8,0.5470775960723251
182035,0.30322839207066254,0,1,1,1,1,1,9.7,9.7,9.7,0.30322839207066254
182036,-1.5490911606615325,0,1,1,1,1,1,,3.966666666666667,2.5,-1.5490911606615325
182041,0.2787150022208247,0,4,4,4,4,2,9.05,9.05,9.05,0.2787150022208247
182046,-0.8808682184269636,0,2,2,2,1,2,7.3,6.99,7.0,-0.8808682184269636
182049,-1.9041341153949782,0,1,1,1,1,1,0.0,0.0,0.0,-1.9041341153949782
182050,-0.4468459552867492,0,3,3,2,3,2,8.75,6.9190476190476184,6.166666666666667,-0.4468459552867492
182051,-0.7621475885713934,0,4,4,4,3,2,8.0,6.440972222222222,5.3,-0.7621475885713934
182052,0.10537308790505256,0,2,2,2,2,2,8.1,8.1,8.1,0.10537308790505256
182063,0.07578478706836736,0,1,1,1,1,1,9.5,9.5,9.5,0.07578478706836736
182073,0.4774166643368173,0,4,4,3,4,3,9.5,9.5,9.5,0.4774166643368173
182081,-1.135246723843842,0,4,4,4,3,3,3.9499999999999997,3.9537500000000003,4.725,-1.135246723843842
182082,-1.929129776973843,0,1,1,1,1,1,,5.96,4.7,-1.929129776973843
182088,-0.1558904078324037,0,2,2,2,2,2,8.55,8.55,8.55,-0.1558904078324037
182095,0.3712460670896872,0,1,1,1,1,1,9.1,9.1,9.1,0.3712460670896872
182099,-1.2484709336130868,0,1,1,1,1,1,,3.4375,0.0,-1.2484709336130868
182101,-0.34113878013441157,0,5,5,5,4,2,8.799999999999999,6.779999999999999,5.279999999999999,-0.34113878013441157
182102,0.41979423110986347,0,1,1,1,1,1,10.0,10.0,10.0,0.41979423110986347
182109,0.5151902274156874,0,4,4,2,4,2,9.725,9.725,9.725,0.5151902274156874
182110,-2.565126928067681,0,1,1,1,1,1,,0.0,0.0,-2.565126928067681
182114,0.0918795076905492,0,4,4,4,4,2,9.1,9.1,9.1,0.0918795076905492
182119,0.5762379774653807,0,2,2,2,2,2,9.25,9.25,9.25,0.5762379774653807
182124,0.5178744036832515,0,1,1,1,1,1,8.9,8.9,8.9,0.5178744036832515
182129,-1.6223616459562342,0,3,3,3,1,2,6.1000000000000005,4.066666666666667,4.066666666666667,-1.6223616459562342
182131,-0.1712680173917135,0,4,4,4,3,3,8.266666666666666,6.199999999999999,6.199999999999999,-0.1712680173917135
182137,0.33965002328688804,0,3,3,3,3,2,9.4,9.4,9.4,0.33965002328688804
182140,-0.10134661622986885,0,5,5,5,5,2,8.440000000000001,8.440000000000001,8.440000000000001,-0.10134661622986885
182152,-0.12514074190163194,0,4,4,4,4,2,8.366666666666667,7.2125,6.275,-0.12514074190163194
182153,-0.2720472565916839,0,5,5,4,4,3,8.425,7.9,6.88,-0.2720472565916839
182154,-0.4783287516642307,0,4,4,4,3,2,8.333333333333334,7.94375,7.825,-0.4783287516642307
182157,-1.4912778966949238,0,1,1,1,1,1,,3.45,1.1,-1.4912778966949238
182161,-1.4912778966949238,0,1,1,1,1,1,,3.45,1.1,-1.4912778966949238
182168,-1.4330703274968213,0,1,1,1,1,1,0.7,0.7,0.7,-1.4330703274968213
182171,-0.07264209965808735,0,1,1,1,1,1,,7.5,6.66,-0.07264209965808735
182173,-0.4141543851883777,0,5,5,5,3,3,9.166666666666666,7.3845,6.26,-0.4141543851883777
182174,-1.4330703274968213,0,1,1,1,1,1,,5.8,0.7,-1.4330703274968213
182182,-0.5585584460664511,0,3,3,1,3,2,8.166666666666666,8.166666666666666,8.166666666666666,-0.5585584460664511
182192,-0.21422670314577313,0,4,4,3,4,2,8.15,8.15,8.15,-0.21422670314577313
182199,-0.21915307023945838,0,6,6,5,4,3,7.3,7.05,6.199999999999999,-0.21915307023945838
182207,-0.5238042453793365,0,4,4,4,4,2,9.0,8.025,7.95,-0.5238042453793365
182208,-1.4330703274968213,0,1,1,1,1,1,,5.8,0.7,-1.4330703274968213
182215,-2.0821514489494723,0,3,3,3,1,3,1.2,1.95,1.1666666666666667,-2.0821514489494723
182219,-1.0115758862451945,0,2,2,2,1,2,,2.386931818181818,2.25,-1.0115758862451945
182235,-0.7086593574020492,0,3,3,3,3,2,8.75,7.82,7.1000000000000005,-0.7086593574020492
182246,-0.3693600342032322,0,5,5,3,4,2,7.866666666666667,6.220000000000001,4.720000000000001,-0.3693600342032322
182250,-1.870195342563633,0,4,4,3,3,2,7.95,7.633333333333333,6.166666666666667,-1.870195342563633
182251,-1.4926790538823518,0,3,3,3,2,3,4.0,4.272222222222222,3.3333333333333335,-1.4926790538823518
182258,-0.08427139921009326,0,6,6,4,4,3,8.5,7.041666666666667,7.349999999999999,-0.08427139921009326
182261,-0.34504502235876344,0,5,5,4,3,3,8.133333333333333,5.9037500000000005,6.36,-0.34504502235876344
182263,-1.1368736324431552,0,3,3,2,1,2,5.033333333333334,5.033333333333334,5.033333333333334,-1.1368736324431552
182265,0.4557746706473184,0,3,3,3,3,2,9.433333333333332,9.433333333333332,9.433333333333332,0.4557746706473184
182266,-1.1030974014631878,0,1,1,1,1,1,,5.96,6.3,-1.1030974014631878
182268,-0.1009862199302801,0,1,1,1,1,1,,5.11,6.5,-0.1009862199302801
182271,0.5788667316503823,0,1,1,1,1,1,8.3,8.3,8.3,0.5788667316503823
182275,0.1913560349730063,0,1,1,1,1,1,8.2,8.2,8.2,0.1913560349730063
182285,-0.005467315284943936,0,1,1,1,1,1,8.0,8.0,8.0,-0.005467315284943936
182290,-2.870858447994044,0,1,1,1,1,1,,3.75,0.0,-2.870858447994044
182291,-1.652102101183845,0,4,4,4,1,3,1.9,1.9,1.9,-1.652102101183845
182296,0.7335138959546581,0,1,1,1,1,1,,3.2600000000000002,7.0,0.7335138959546581
182299,-0.11592575347892625,0,1,1,1,1,1,,3.45,5.8,-0.11592575347892625
182301,0.7582891720935843,0,3,3,2,3,3,9.666666666666666,9.666666666666666,9.666666666666666,0.7582891720935843
182305,0.28951459845099464,0,2,2,2,2,1,8.8,8.8,8.8,0.28951459845099464
182307,-0.6680804945117295,0,3,3,2,3,2,9.100000000000001,7.840000000000001,6.566666666666667,-0.6680804945117295
182308,-0.5802638293132205,0,2,2,2,1,2,8.2,4.1,4.1,-0.5802638293132205
182313,-0.819176467434913,0,5,5,4,4,3,6.775,6.616666666666667,5.74,-0.819176467434913
182316,-0.20229066554289504,0,1,1,1,1,1,7.8,7.8,7.8,-0.20229066554289504
182317,0.2838050815997045,0,5,5,3,4,3,9.825,9.36,8.97,0.2838050815997045
182318,0.3004033002388963,0,4,4,3,3,2,9.133333333333333,8.1275,8.475,0.3004033002388963
182331,0.30003384589382004,0,2,2,1,2,2,9.45,9.45,9.45,0.30003384589382004
182333,-1.3100318184317925,0,2,2,2,1,2,1.8,3.891666666666667,3.05,-1.3100318184317925
182342,-0.6152588479509858,0,5,5,5,4,3,6.779999999999999,6.779999999999999,6.779999999999999,-0.6152588479509858
182343,0.6814936169824906,0,3,3,3,3,2,9.333333333333334,9.333333333333334,9.333333333333334,0.6814936169824906
182344,-1.2801780974226264,0,1,1,1,1,1,,2.25,4.5,-1.2801780974226264
182347,-0.18092739423167084,0,3,3,3,3,2,8.633333333333333,8.633333333333333,8.633333333333333,-0.18092739423167084
182351,0.054984342856348824,0,3,3,2,2,2,9.95,8.055555555555555,8.4,0.054984342856348824
182352,0.607310574743442,0,4,4,4,4,2,9.625,9.625,9.625,0.607310574743442
182356,0.6731175041590864,0,3,3,3,3,1,10.0,10.0,10.0,0.6731175041590864
182359,-1.258928910245854,0,3,3,3,2,3,5.949999999999999,5.661904761904762,4.633333333333333,-1.258928910245854
182366,-0.5449871278920501,0,3,3,3,3,2,5.233333333333333,5.233333333333333,5.233333333333333,-0.5449871278920501
182374,0.41979423110986347,0,1,1,1,1,1,10.0,10.0,10.0,0.41979423110986347
182375,-0.15218162927220252,0,4,4,4,4,2,8.7,8.7,8.7,-0.15218162927220252
182387,-0.2554323795263501,0,3,3,3,3,2,8.566666666666666,8.566666666666666,8.566666666666666,-0.2554323795263501
182390,0.47741729343093453,0,2,2,2,2,2,9.75,9.75,9.75,0.47741729343093453
182391,-0.9421768060529203,0,2,2,2,1,2,6.0,6.0,6.0,-0.9421768060529203
182392,0.48810750280027787,0,4,4,4,4,1,7.699999999999999,7.699999999999999,7.699999999999999,0.48810750280027787
182404,0.0761694184728974,0,5,5,5,3,3,8.625,7.5875,7.1,0.0761694184728974
182406,0.2930916999834814,0,4,4,4,3,3,9.4,8.504999999999999,8.45,0.2930916999834814
182414,-0.4126372830782813,0,2,2,2,2,2,9.3,7.6416666666666675,6.800000000000001,-0.4126372830782813
182425,0.35006588490854257,0,1,1,1,1,1,8.4,8.4,8.4,0.35006588490854257
182427,-0.04970411697444349,0,4,4,4,4,2,8.625,8.625,8.625,-0.04970411697444349
182428,-1.291840931282754,0,2,2,2,1,2,0.0,1.725,0.55,-1.291840931282754
182429,-1.7303937432832526,0,4,4,4,1,3,5.0,4.49375,2.5,-1.7303937432832526
182431,-0.12336107543430457,0,1,1,1,1,1,8.0,8.0,8.0,-0.12336107543430457
182436,-1.195615114683665,0,3,3,3,1,3,0.0,2.2033333333333336,1.9666666666666668,-1.195615114683665
182438,0.2814026564105133,0,4,4,3,4,2,9.05,9.05,9.05,0.2814026564105133
182439,-2.4275943770502164,0,1,1,1,1,1,0.1,0.1,0.1,-2.4275943770502164
182445,-0.6077239802156158,0,2,2,2,1,2,7.6,5.2875,4.1,-0.6077239802156158
182450,-1.2790329336155308,0,2,2,2,1,1,7.8,3.9,3.9,-1.2790329336155308
182452,0.18935513733345244,0,3,3,3,2,2,7.433333333333334,7.433333333333334,7.433333333333334,0.18935513733345244
182455,-0.5845336919829767,0,2,2,2,2,2,9.6,6.0,4.8,-0.5845336919829767
182456,-0.9106947345366025,0,3,3,3,3,2,6.05,4.833333333333333,4.033333333333333,-0.9106947345366025
182464,0.34167779625953526,0,1,1,1,1,1,9.0,9.0,9.0,0.34167779625953526
182465,0.41979423110986347,0,1,1,1,1,1,10.0,10.0,10.0,0.41979423110986347
182466,0.393592153105639,0,2,2,2,2,2,8.85,8.85,8.85,0.393592153105639
182467,-1.2751556413250855,0,4,4,3,3,2,9.05,8.153333333333334,6.208333333333334,-1.2751556413250855
182468,-0.42493130849052074,0,4,4,4,3,3,6.333333333333333,5.609375,4.75,-0.42493130849052074
182471,0.34067909334256985,0,4,4,4,4,2,8.625,8.625,8.625,0.34067909334256985
182472,0.6314810602100095,0,3,3,3,3,1,9.366666666666667,9.366666666666667,9.366666666666667,0.6314810602100095
182473,-1.5382397875815528,0,5,5,4,3,3,4.949999999999999,4.459999999999999,3.9599999999999995,-1.5382397875815528
182477,0.6309382640505248,0,1,1,1,1,1,7.9,7.9,7.9,0.6309382640505248
182497,0.4457657918039648,0,2,2,1,2,2,9.7,9.7,9.7,0.4457657918039648
182504,0.1350897381488123,0,2,2,2,2,2,10.0,6.71875,7.25,0.1350897381488123
182506,0.22480487269046373,0,2,2,2,1,2,8.25,8.25,8.25,0.22480487269046373
182507,0.45546247786764643,0,3,3,3,3,2,9.033333333333333,9.033333333333333,9.033333333333333,0.45546247786764643
182508,-0.3352635005536533,0,4,4,4,3,2,5.566666666666666,5.629166666666666,5.6000000000000005,-0.3352635005536533
182510,-1.6325629745402164,0,5,5,5,3,3,3.1666666666666665,3.215,3.4,-1.6325629745402164
182521,0.4809269519160455,0,3,3,3,3,2,9.266666666666667,9.266666666666667,9.266666666666667,0.4809269519160455
182526,-2.3937729881985867,0,1,1,1,1,1,,5.96,3.8,-2.3937729881985867
182531,0.41979423110986347,0,1,1,1,1,1,10.0,10.0,10.0,0.41979423110986347
182536,0.3742669826249457,0,3,3,3,3,2,8.133333333333333,8.133333333333333,8.133333333333333,0.3742669826249457
182548,1.2582829694299111,0,1,1,1,1,1,9.6,9.6,9.6,1.2582829694299111
182550,-1.5809634005650823,0,1,1,1,1,1,0.9,0.9,0.9,-1.5809634005650823
182551,0.33682597626200517,0,3,3,3,3,2,9.266666666666666,9.266666666666666,9.266666666666666,0.33682597626200517
182553,0.8991584449287661,0,4,4,4,4,2,9.95,9.95,9.95,0.8991584449287661
182554,-0.7075380418163484,0,1,1,1,1,1,,5.983333333333334,4.3,-0.7075380418163484
182555,0.3789239353418368,0,1,1,1,1,1,10.0,10.0,10.0,0.3789239353418368
182557,-2.010056720332872,0,3,3,3,3,2,6.9,7.0,6.8,-2.010056720332872
182560,-1.3275797669648357,0,1,1,1,1,1,7.7,7.7,7.7,-1.3275797669648357
182562,-0.0643138405824838,0,4,4,4,3,3,8.333333333333334,7.1125,6.525,-0.0643138405824838
182564,0.5351858076898149,0,4,4,4,4,2,9.35,9.35,9.35,0.5351858076898149
182566,0.05898368126061974,0,4,4,4,4,2,9.200000000000001,7.5,7.525,0.05898368126061974
182568,0.2820724821571476,0,3,3,2,3,2,8.933333333333334,8.933333333333334,8.933333333333334,0.2820724821571476
182571,-1.1300130255714875,0,5,5,4,3,3,8.25,4.692,5.24,-1.1300130255714875
182574,-0.8915587570880262,0,3,3,3,3,3,8.55,7.722222222222221,6.766666666666667,-0.8915587570880262
182576,0.05407126672178665,0,2,2,2,2,2,8.5,8.5,8.5,0.05407126672178665
182582,0.5318809312850421,0,4,4,3,4,2,9.5,9.5,9.5,0.5318809312850421
182585,0.8110665917539432,0,1,1,1,1,1,10.0,10.0,10.0,0.8110665917539432
182591,-1.456922114956328,0,1,1,1,1,1,,0.0,0.0,-1.456922114956328
182593,0.00580242677497908,0,2,2,2,2,1,7.5,6.38125,7.25,0.00580242677497908
182595,1.0444981182761957,0,3,3,3,3,2,10.0,10.0,10.0,1.0444981182761957
182598,0.5987219282155856,0,4,4,3,4,2,8.6,8.6,8.6,0.5987219282155856
182603,-1.5490911606615325,0,1,1,1,1,1,,3.966666666666667,2.5,-1.5490911606615325
182604,0.6834144106178835,0,1,1,1,1,1,8.7,8.7,8.7,0.6834144106178835
182616,-1.0176016147119238,0,5,5,5,3,3,8.5,5.978,5.38,-1.0176016147119238
182622,0.7403468889307113,0,1,1,1,1,1,9.8,9.8,9.8,0.7403468889307113
182624,-0.0858732834705422,0,5,5,5,4,3,8.350000000000001,7.3675000000000015,6.6800000000000015,-0.0858732834705422
182625,-0.5398827417658711,0,4,4,4,3,3,8.25,5.629166666666666,5.775,-0.5398827417658711
182632,0.5999338819394038,0,3,3,3,3,2,9.866666666666667,9.866666666666667,9.866666666666667,0.5999338819394038
182637,-0.18119255626340022,0,5,5,5,4,3,8.875,8.293333333333333,8.459999999999999,-0.18119255626340022
182639,0.8564738433602372,0,4,4,4,4,2,9.925,9.925,9.925,0.8564738433602372
182643,0.15064340174123592,0,1,1,1,1,1,8.6,8.6,8.6,0.15064340174123592
182650,-0.18743632276911323,0,3,3,3,3,2,9.15,8.433333333333334,8.5,-0.18743632276911323
182651,0.17022210548474198,0,1,1,1,1,1,9.0,9.0,9.0,0.17022210548474198
182653,-0.7948330158426612,0,2,2,2,2,2,4.5,4.5,4.5,-0.7948330158426612
182657,-1.00985269609202,0,3,3,3,3,2,3.6666666666666665,3.6666666666666665,3.6666666666666665,-1.00985269609202
182665,0.8642523663420006,0,4,4,4,4,2,10.0,10.0,10.0,0.8642523663420006
182676,-0.8618357499992929,0,4,4,4,3,2,5.333333333333333,5.2925,5.525,-0.8618357499992929
182677,0.3363160642437498,0,1,1,1,1,1,8.8,8.8,8.8,0.3363160642437498
182680,-2.8149054164846654,0,1,1,1,1,1,,3.75,1.6,-2.8149054164846654
182688,0.6474214383831807,0,3,3,2,3,2,9.433333333333334,9.433333333333334,9.433333333333334,0.6474214383831807
182695,0.7794373135377846,0,1,1,1,1,1,10.0,10.0,10.0,0.7794373135377846
182696,0.8494448762382232,0,2,2,2,2,2,10.0,10.0,10.0,0.8494448762382232
182697,-0.031784421078297265,0,2,2,2,1,1,7.65,7.65,7.65,-0.031784421078297265
182698,0.809506226412005,0,1,1,1,1,1,8.8,8.8,8.8,0.809506226412005
182716,-1.1051899515747736,0,4,4,4,3,2,5.525,5.525,5.525,-1.1051899515747736
182717,0.5420086863967977,0,2,2,2,2,2,9.399999999999999,9.399999999999999,9.399999999999999,0.5420086863967977
182725,0.3891971333930355,0,1,1,1,1,1,10.0,10.0,10.0,0.3891971333930355
182730,1.1183476102365746,0,3,3,3,3,2,10.0,10.0,10.0,1.1183476102365746
182733,0.23859501820360926,0,3,3,3,3,2,8.966666666666667,8.966666666666667,8.966666666666667,0.23859501820360926
182744,0.3891971333930355,0,1,1,1,1,1,10.0,10.0,10.0,0.3891971333930355
182745,-1.0187680903703629,0,2,2,2,1,1,2.0,3.195,4.55,-1.0187680903703629
182750,0.5930810126759718,0,2,2,2,1,2,8.2,5.975,7.6499999999999995,0.5930810126759718
182753,1.0062522350417444,0,1,1,1,1,1,10.0,10.0,10.0,1.0062522350417444
182761,0.8206457149539977,0,3,3,3,3,2,9.9,9.9,9.9,0.8206457149539977
182765,-0.4060566975079281,0,2,2,2,1,2,9.6,8.15,8.0,-0.4060566975079281
182770,0.3855849168120265,0,2,2,1,2,2,8.75,8.75,8.75,0.3855849168120265
182773,-0.6894327489827291,0,2,2,2,2,2,8.9,6.416666666666667,4.45,-0.6894327489827291
182774,0.48868363224762723,0,2,2,2,2,1,8.95,8.95,8.95,0.48868363224762723
182783,-1.9920524380865985,0,1,1,1,1,1,0.0,0.0,0.0,-1.9920524380865985
182792,-1.1794925032699326,0,2,2,2,1,1,8.7,5.8999999999999995,4.35,-1.1794925032699326
182799,-3.5845177936448445,0,1,1,1,1,1,,4.8,4.8,-3.5845177936448445
182811,0.6879269441737577,0,2,2,1,2,2,9.9,9.9,9.9,0.6879269441737577
182830,-0.8804648537801127,0,2,2,2,2,2,8.8,5.9,4.4,-0.8804648537801127
182832,0.5990036718940885,0,3,3,3,3,1,9.233333333333334,9.233333333333334,9.233333333333334,0.5990036718940885
182845,0.5233641649003858,0,3,3,3,3,2,9.733333333333333,9.733333333333333,9.733333333333333,0.5233641649003858
182848,0.6716184459064056,0,3,3,3,3,2,9.866666666666667,9.866666666666667,9.866666666666667,0.6716184459064056
182850,0.5023499238290751,0,3,3,2,3,2,9.133333333333333,9.133333333333333,9.133333333333333,0.5023499238290751
182854,0.7867364914162582,0,3,3,3,3,1,9.933333333333334,9.933333333333334,9.933333333333334,0.7867364914162582
182871,0.199475337826569,0,3,3,3,3,2,8.066666666666666,8.066666666666666,8.066666666666666,0.199475337826569
182874,0.5080068566497888,0,1,1,1,1,1,10.0,10.0,10.0,0.5080068566497888
182879,-0.4013639906048162,0,2,2,2,1,2,9.5,6.35,6.35,-0.4013639906048162
182882,-1.7839431077924173,0,1,1,1,1,1,,4.625,0.0,-1.7839431077924173
182884,1.166630320184522,0,3,3,3,3,2,9.9,9.9,9.9,1.166630320184522
182885,0.7789239288657029,0,3,3,2,3,2,10.0,10.0,10.0,0.7789239288657029
182887,0.7324100124714611,0,3,3,3,3,2,9.799999999999999,9.799999999999999,9.799999999999999,0.7324100124714611
182890,0.637832909889694,0,2,2,2,2,2,9.35,9.35,9.35,0.637832909889694
182891,0.555969464199458,0,2,2,1,2,2,9.7,9.7,9.7,0.555969464199458
182895,1.032273369333699,0,3,3,2,3,2,9.633333333333333,9.633333333333333,9.633333333333333,1.032273369333699
182928,0.48203663086065107,0,2,2,2,2,2,9.35,9.35,9.35,0.48203663086065107
182929,0.5642130029651143,0,1,1,1,1,1,9.4,9.4,9.4,0.5642130029651143
182931,0.2995804132768937,0,3,3,3,3,2,8.933333333333334,8.933333333333334,8.933333333333334,0.2995804132768937
182934,-2.097836848191526,0,2,2,2,1,2,3.3,3.1374999999999997,1.7999999999999998,-2.097836848191526
182935,-1.0894228461360707,0,1,1,1,1,1,,3.216666666666667,0.3,-1.0894228461360707
182936,-0.3926782563058461,0,2,2,2,1,2,8.6,5.9,5.9,-0.3926782563058461
182939,0.2555828456952109,0,1,1,1,1,1,8.4,8.4,8.4,0.2555828456952109
182952,-0.29026115817775133,0,2,2,2,1,2,8.5,5.25,4.25,-0.29026115817775133
182966,0.4882438784600923,0,2,2,1,2,1,10.0,10.0,10.0,0.4882438784600923
182967,-1.445384835188167,0,3,3,3,3,2,5.433333333333334,5.433333333333334,5.433333333333334,-1.445384835188167
182970,-0.17398971876873306,0,1,1,1,1,1,7.9,7.9,7.9,-0.17398971876873306
182972,0.2656154891240885,0,2,2,2,2,2,9.05,9.05,9.05,0.2656154891240885
182973,1.1627028576789815,0,1,1,1,1,1,9.6,9.6,9.6,1.1627028576789815
182974,-1.6613055749036096,0,2,2,2,2,2,3.9000000000000004,3.9000000000000004,3.9000000000000004,-1.6613055749036096
182975,0.3891971333930355,0,1,1,1,1,1,10.0,10.0,10.0,0.3891971333930355
182978,-1.2339705472982263,0,1,1,1,1,1,,7.183333333333334,5.6,-1.2339705472982263
182980,-0.17485473583749567,0,3,3,3,3,2,8.033333333333333,8.033333333333333,8.033333333333333,-0.17485473583749567
182985,0.21675193255296338,0,2,2,2,2,2,8.65,8.65,8.65,0.21675193255296338
182986,-1.0835832173809465,0,1,1,1,1,1,,3.2600000000000002,0.0,-1.0835832173809465
182987,0.887013978650971,0,2,2,2,2,2,9.8,9.8,9.8,0.887013978650971
182993,-1.1269201144435828,0,2,2,2,1,2,,3.2333333333333334,1.7,-1.1269201144435828
182994,-0.13559266536268177,0,2,2,2,2,2,8.9,6.83,5.45,-0.13559266536268177
182997,-1.2339705472982263,0,1,1,1,1,1,,7.183333333333334,5.6,-1.2339705472982263
182998,-1.032868311499702,0,2,2,2,1,1,,3.070833333333333,4.25,-1.032868311499702
183001,-1.4062992989902354,0,1,1,1,1,1,4.3,4.3,4.3,-1.4062992989902354
183003,0.9039302062842107,0,2,2,2,2,2,10.0,10.0,10.0,0.9039302062842107
183004,0.5200557548961676,0,3,3,3,3,2,8.9,8.9,8.9,0.5200557548961676
183013,0.5488635379777378,0,2,2,2,2,2,9.2,9.2,9.2,0.5488635379777378
183016,-0.4142172219906513,0,1,1,1,1,1,8.1,8.1,8.1,-0.4142172219906513
183018,0.5098597788854048,0,3,3,2,3,1,8.9,8.9,8.9,0.5098597788854048
183019,0.6427768608957183,0,2,2,2,2,2,9.8,9.8,9.8,0.6427768608957183
183020,0.5450538120180113,0,3,3,2,3,2,9.766666666666667,9.766666666666667,9.766666666666667,0.5450538120180113
183022,0.6422596101845733,0,3,3,3,3,2,9.466666666666667,9.466666666666667,9.466666666666667,0.6422596101845733
183023,0.6886001273080398,0,2,2,1,2,2,9.7,9.7,9.7,0.6886001273080398
183026,0.508249485468217,0,3,3,3,3,2,9.6,9.6,9.6,0.508249485468217
183028,0.583847722643838,0,3,3,3,3,2,9.5,9.5,9.5,0.583847722643838
183031,0.5505959653112076,0,1,1,1,1,1,10.0,10.0,10.0,0.5505959653112076
183033,-1.3622345595331367,0,2,2,2,1,2,5.4,5.741666666666667,5.0,-1.3622345595331367
183037,1.109240067300718,0,1,1,1,1,1,10.0,10.0,10.0,1.109240067300718
183038,0.4562092427922888,0,1,1,1,1,1,8.2,8.2,8.2,0.4562092427922888
183039,-0.18740563006389596,0,1,1,1,1,1,,3.25,6.5,-0.18740563006389596
183040,0.5626820350333153,0,2,2,2,2,2,9.35,9.35,9.35,0.5626820350333153
183048,-1.2339705472982263,0,1,1,1,1,1,,7.183333333333334,5.6,-1.2339705472982263
183054,0.18594126869763372,0,1,1,1,1,1,8.2,8.2,8.2,0.18594126869763372
183055,-0.42541399612628467,0,3,3,3,2,2,8.8,7.561904761904763,6.533333333333334,-0.42541399612628467
183072,0.6427768608957183,0,2,2,2,2,2,9.8,9.8,9.8,0.6427768608957183
183078,0.4832435891617823,0,3,3,3,3,2,9.033333333333333,9.033333333333333,9.033333333333333,0.4832435891617823
183079,0.10845148493309621,0,2,2,1,2,2,8.35,8.35,8.35,0.10845148493309621
183081,0.2931057586645365,0,3,3,2,3,2,9.200000000000001,9.200000000000001,9.200000000000001,0.2931057586645365
183083,-2.179402998920733,0,1,1,1,1,1,,,0.5692307692307693,-2.179402998920733
183086,-0.8060139335838206,0,2,2,2,2,2,7.6,5.675,3.8,-0.8060139335838206
183090,0.20539710222394175,0,1,1,1,1,1,7.8,7.8,7.8,0.20539710222394175
183094,0.5748846639885271,0,3,3,3,3,2,9.533333333333333,9.533333333333333,9.533333333333333,0.5748846639885271
183101,0.7776827278004008,0,3,3,3,3,2,9.700000000000001,9.700000000000001,9.700000000000001,0.7776827278004008
183103,-0.5621571270678756,0,2,2,1,2,2,10.0,6.8,6.95,-0.5621571270678756
183104,0.10862971222566387,0,3,3,3,3,1,8.366666666666667,8.366666666666667,8.366666666666667,0.10862971222566387
183109,0.5333093173566965,0,1,1,1,1,1,9.3,9.3,9.3,0.5333093173566965
183110,0.5590604772233538,0,1,1,1,1,1,10.0,10.0,10.0,0.5590604772233538
183111,-1.3684492209286687,0,1,1,1,1,1,,4.625,1.5,-1.3684492209286687
183112,1.0980387319926357,0,4,4,4,4,2,9.95,9.95,9.95,1.0980387319926357
183113,1.0160078679966082,0,1,1,1,1,1,8.2,8.2,8.2,1.0160078679966082
183114,-0.13294134564754465,0,2,2,2,2,2,8.5,8.5,8.5,-0.13294134564754465
183116,-1.101028689083387,0,1,1,1,1,1,,6.7,6.8,-1.101028689083387
183117,-3.5845177936448445,0,1,1,1,1,1,4.8,4.8,4.8,-3.5845177936448445
183119,0.8368754997104721,0,1,1,1,1,1,9.6,9.6,9.6,0.8368754997104721
183121,0.3476054336502615,0,3,3,3,3,2,8.933333333333334,8.933333333333334,8.933333333333334,0.3476054336502615
183126,0.10178363871055726,0,4,4,4,4,2,9.0,9.0,9.0,0.10178363871055726
183128,0.3614817140310752,0,1,1,1,1,1,8.8,8.8,8.8,0.3614817140310752
183129,0.6063159702145469,0,2,2,2,2,2,9.45,9.45,9.45,0.6063159702145469
183130,0.5642130029651143,0,1,1,1,1,1,9.4,9.4,9.4,0.5642130029651143
183131,0.06115108856503862,0,2,2,2,2,2,9.0,9.0,9.0,0.06115108856503862
183133,-0.40320135797313106,0,3,3,3,3,2,10.0,6.5200000000000005,8.166666666666666,-0.40320135797313106
183135,0.0009549638562638685,0,2,2,1,2,2,8.25,8.25,8.25,0.0009549638562638685
183138,0.47789393180531864,0,3,3,2,3,2,9.4,9.4,9.4,0.47789393180531864
183139,0.9076081081299359,0,2,2,2,2,2,9.600000000000001,9.600000000000001,9.600000000000001,0.9076081081299359
183147,0.7205692004598708,0,3,3,3,3,2,9.6,9.6,9.6,0.7205692004598708
183148,0.38388476576819125,0,3,3,3,3,2,8.766666666666667,8.766666666666667,8.766666666666667,0.38388476576819125
183150,-1.9878853419851075,0,1,1,1,1,1,,,1.1384615384615386,-1.9878853419851075
183151,0.7517880567400905,0,1,1,1,1,1,7.6,7.6,7.6,0.7517880567400905
183153,0.39862006449377213,0,3,3,2,3,2,9.433333333333332,9.433333333333332,9.433333333333332,0.39862006449377213
183156,0.4882438784600923,0,2,2,1,2,1,10.0,10.0,10.0,0.4882438784600923
183157,-0.7435312977136498,0,2,2,2,1,2,8.6,8.6,5.153846153846153,-0.7435312977136498
183159,0.2746552350304712,0,2,2,2,2,2,8.65,8.65,8.65,0.2746552350304712
183162,0.8486810472830677,0,1,1,1,1,1,10.0,10.0,10.0,0.8486810472830677
183164,-1.9125255950472366,0,1,1,1,1,1,,3.1,1.8,-1.9125255950472366
183166,0.15139231526923244,0,2,2,2,2,2,8.4,8.4,8.4,0.15139231526923244
183168,0.8681536842420439,0,2,2,1,2,1,9.2,9.2,9.2,0.8681536842420439
183169,0.5316062123080387,0,2,2,2,2,2,9.3,9.3,9.3,0.5316062123080387
183170,0.3938032745638823,0,1,1,1,1,1,8.9,8.9,8.9,0.3938032745638823
183171,1.6263337128549538,0,1,1,1,1,1,10.0,10.0,10.0,1.6263337128549538
183188,-0.45776830332224067,0,3,3,3,3,2,7.95,6.722222222222222,7.066666666666666,-0.45776830332224067
183190,-0.44013945881591665,0,1,1,1,1,1,6.8,6.8,6.8,-0.44013945881591665
183191,0.5490205609590373,0,2,2,2,2,2,9.45,9.45,9.45,0.5490205609590373
183196,0.09766489119935291,0,3,3,3,3,2,8.9,8.9,8.9,0.09766489119935291
183198,0.8238485635383253,0,3,3,3,3,2,9.9,9.9,9.9,0.8238485635383253
183200,-0.2545973711542208,0,3,3,2,3,2,8.633333333333333,8.633333333333333,8.633333333333333,-0.2545973711542208
183201,0.2718496978692135,0,3,3,3,3,2,9.299999999999999,9.299999999999999,9.299999999999999,0.2718496978692135
183202,-0.612928595730719,0,3,3,3,2,2,8.15,6.683333333333334,5.433333333333334,-0.612928595730719
183205,0.2468051732763974,0,2,2,2,2,2,8.85,8.85,8.85,0.2468051732763974
183215,-0.5978746425099156,0,1,1,1,1,1,7.1,7.1,7.1,-0.5978746425099156
183216,0.8492442697270018,0,3,3,2,3,2,10.0,10.0,10.0,0.8492442697270018
183220,-3.231330713515775,0,1,1,1,1,1,,7.5,1.4800000000000002,-3.231330713515775
183222,0.13117466777488257,0,1,1,1,1,1,7.7,7.7,7.7,0.13117466777488257
183223,-0.42393650306027353,0,2,2,2,1,2,8.4,8.4,5.338461538461539,-0.42393650306027353
183227,0.7521306062973144,0,3,3,3,3,2,9.866666666666667,9.866666666666667,9.866666666666667,0.7521306062973144
183228,-1.1556602902599742,0,1,1,1,1,1,,5.6,5.2,-1.1556602902599742
183229,0.8349103032298703,0,2,2,2,2,2,10.0,10.0,10.0,0.8349103032298703
183231,-0.050473896099006134,0,3,3,3,3,2,9.149999999999999,9.149999999999999,7.333333333333333,-0.050473896099006134
183232,0.4882438784600923,0,2,2,1,2,1,10.0,10.0,10.0,0.4882438784600923
183233,-0.2034499205709095,0,3,3,3,3,2,7.9,7.5249999999999995,7.366666666666667,-0.2034499205709095
183234,0.4827380854899637,0,3,3,3,3,2,9.266666666666667,9.266666666666667,9.266666666666667,0.4827380854899637
183235,0.520896726282041,0,4,4,4,4,2,9.05,9.05,9.05,0.520896726282041
183237,0.6882384878519938,0,2,2,2,2,2,8.8,8.8,8.8,0.6882384878519938
183238,-0.06001127342056808,0,3,3,2,3,2,8.5,8.5,8.5,-0.06001127342056808
183239,-0.4003306201546073,0,2,2,2,2,2,3.8499999999999996,3.8499999999999996,3.8499999999999996,-0.4003306201546073
183240,0.001160837767919739,0,1,1,1,1,1,7.5,7.5,7.5,0.001160837767919739
183249,0.7501484825654997,0,3,3,2,3,2,8.9,8.9,8.9,0.7501484825654997
183250,0.3891971333930355,0,1,1,1,1,1,10.0,10.0,10.0,0.3891971333930355
183262,-0.0868964185142665,0,3,3,3,3,2,8.266666666666667,8.266666666666667,8.266666666666667,-0.0868964185142665
183267,-0.06908926260846458,0,3,3,3,3,2,8.4,8.4,8.4,-0.06908926260846458
183272,0.7659759976977616,0,1,1,1,1,1,9.8,9.8,9.8,0.7659759976977616
183274,-1.5809634005650823,0,1,1,1,1,1,,3.56,0.9,-1.5809634005650823
183275,0.5632040690586028,0,3,3,3,3,1,9.666666666666666,9.666666666666666,9.666666666666666,0.5632040690586028
183276,-1.7098132915851825,0,1,1,1,1,1,0.0,0.0,0.0,-1.7098132915851825
183277,1.4136153506000675,0,1,1,1,1,1,9.8,9.8,9.8,1.4136153506000675
183278,1.301299137837547,0,1,1,1,1,1,9.5,9.5,9.5,1.301299137837547
183280,0.7954074495619953,0,3,3,2,3,2,9.833333333333334,9.833333333333334,9.833333333333334,0.7954074495619953
183285,0.47717788207447914,0,1,1,1,1,1,9.9,9.9,9.9,0.47717788207447914
183287,0.14964750147897898,0,1,1,1,1,1,9.5,9.5,9.5,0.14964750147897898
183288,0.4715019461398605,0,1,1,1,1,1,9.1,9.1,9.1,0.4715019461398605
183289,0.5084469886642805,0,2,2,2,2,2,9.8,9.8,9.8,0.5084469886642805
183290,0.15475705566814726,0,1,1,1,1,1,9.1,9.1,9.1,0.15475705566814726
183295,0.31341269177672837,0,1,1,1,1,1,9.7,9.7,9.7,0.31341269177672837
183298,0.09983487560560211,0,3,3,3,2,2,9.7,7.716666666666666,6.466666666666666,0.09983487560560211
183305,0.8442282356281878,0,3,3,2,3,2,9.633333333333333,9.633333333333333,9.633333333333333,0.8442282356281878
183306,-1.7530810381365856,0,3,3,3,3,2,9.0,6.96,4.522222222222222,-1.7530810381365856
183308,-2.0024645567372192,0,1,1,1,1,1,,7.15,6.1,-2.0024645567372192
183311,0.3363092245981806,0,1,1,1,1,1,6.4,6.4,6.4,0.3363092245981806
183312,0.3366219055140416,0,3,3,2,3,2,8.0,8.0,8.0,0.3366219055140416
183318,0.6502227264963237,0,2,2,2,2,2,9.25,9.25,9.25,0.6502227264963237
183320,0.8346804611586,0,1,1,1,1,1,7.9,7.9,7.9,0.8346804611586
183321,0.554941178647092,0,2,2,2,2,2,8.95,8.95,8.95,0.554941178647092
183322,0.4545938023136106,0,1,1,1,1,1,10.0,10.0,10.0,0.4545938023136106
183325,0.4676654826622216,0,2,2,2,2,1,9.600000000000001,9.600000000000001,9.600000000000001,0.4676654826622216
183326,0.4273815923925872,0,3,3,3,3,2,9.466666666666667,9.466666666666667,9.466666666666667,0.4273815923925872
183327,0.4765083241491885,0,1,1,1,1,1,9.1,9.1,9.1,0.4765083241491885
183328,0.11597348654372835,0,2,2,2,1,2,9.4,7.57,7.800000000000001,0.11597348654372835
183330,-0.8329436403075201,0,1,1,1,1,1,8.3,8.3,8.3,-0.8329436403075201
183332,0.6354542518285832,0,2,2,1,2,2,9.8,9.8,9.8,0.6354542518285832
183334,-2.329101444003985,0,2,2,2,1,2,2.2,3.1750000000000003,2.1500000000000004,-2.329101444003985
183336,0.3173735477216056,0,3,3,3,3,2,9.633333333333333,9.633333333333333,9.633333333333333,0.3173735477216056
183337,0.3499588922377147,0,2,2,2,2,2,8.7,8.7,8.7,0.3499588922377147
183339,0.6606488930574631,0,3,3,3,3,2,9.933333333333334,9.933333333333334,9.933333333333334,0.6606488930574631
183348,1.1560061729454747,0,1,1,1,1,1,10.0,10.0,10.0,1.1560061729454747
183350,0.27247667237829837,0,4,4,4,4,2,8.825,8.825,8.825,0.27247667237829837
183355,0.6162732634714194,0,2,2,2,2,2,9.7,9.7,9.7,0.6162732634714194
183356,-0.6816843792123294,0,2,2,2,2,2,6.85,6.85,6.85,-0.6816843792123294
183364,-0.34390611693654066,0,3,3,3,3,2,8.2,8.2,6.946666666666666,-0.34390611693654066
183365,-0.19995599975059894,0,3,3,2,3,2,9.133333333333333,9.133333333333333,9.133333333333333,-0.19995599975059894
183366,-0.4012963218171732,0,1,1,1,1,1,8.5,8.5,8.5,-0.4012963218171732
183367,-0.9859995407102713,0,4,4,4,3,2,4.866666666666666,4.69375,4.05,-0.9859995407102713
183370,0.4763528234192008,0,1,1,1,1,1,8.7,8.7,8.7,0.4763528234192008
183374,0.1383782695028254,0,3,3,3,3,1,8.633333333333333,8.633333333333333,8.633333333333333,0.1383782695028254
183381,0.5895171843988813,0,2,2,2,2,2,9.05,9.05,9.05,0.5895171843988813
183384,0.5153757488808067,0,3,3,3,3,2,9.133333333333333,9.133333333333333,9.133333333333333,0.5153757488808067
183387,0.2611884977818454,0,1,1,1,1,1,7.9,7.9,7.9,0.2611884977818454
183388,-1.8603905849378268,0,1,1,1,1,1,,5.11,1.6,-1.8603905849378268
183391,0.3974012612135591,0,3,3,3,3,2,9.666666666666666,9.666666666666666,9.666666666666666,0.3974012612135591
183392,0.550211921793755,0,3,3,3,3,2,9.866666666666667,9.866666666666667,9.866666666666667,0.550211921793755
183398,0.32619541278532654,0,1,1,1,1,1,8.0,8.0,8.0,0.32619541278532654
183399,0.023464890157605098,0,4,4,4,4,2,7.85,7.85,7.85,0.023464890157605098
183400,0.4047853494857996,0,3,3,2,3,2,9.266666666666666,9.266666666666666,9.266666666666666,0.4047853494857996
183401,-2.195079020689188,0,4,4,4,3,2,4.2,4.2,4.383333333333333,-2.195079020689188
183404,0.7816667545996416,0,2,2,1,2,2,10.0,10.0,10.0,0.7816667545996416
183407,0.052658026323622986,0,3,3,3,3,2,8.4,8.4,8.4,0.052658026323622986
183412,0.6366500013836262,0,1,1,1,1,1,8.7,8.7,8.7,0.6366500013836262
183415,-0.038716451457489545,0,2,2,2,2,2,8.3,8.3,8.3,-0.038716451457489545
183419,0.47285601918189046,0,2,2,1,2,2,9.7,9.7,9.7,0.47285601918189046
183420,0.8468096021301527,0,3,3,2,3,2,9.4,9.4,9.4,0.8468096021301527
183425,0.7505727500654558,0,1,1,1,1,1,10.0,10.0,10.0,0.7505727500654558
183430,0.7599680689579795,0,3,3,3,3,2,9.9,9.9,9.9,0.7599680689579795
183432,-1.7098132915851825,0,1,1,1,1,1,0.0,0.0,0.0,-1.7098132915851825
183433,0.7931342800926356,0,1,1,1,1,1,9.4,9.4,9.4,0.7931342800926356
183435,0.5385472440809047,0,3,3,2,3,2,9.700000000000001,9.700000000000001,9.700000000000001,0.5385472440809047
183436,-0.222707985459548,0,2,2,2,1,2,9.7,6.449999999999999,6.449999999999999,-0.222707985459548
183443,0.30898805268275614,0,3,3,3,3,2,8.466666666666667,8.466666666666667,8.466666666666667,0.30898805268275614
183445,0.6005658985271485,0,1,1,1,1,1,9.4,9.4,9.4,0.6005658985271485
183446,0.4351557993565354,0,1,1,1,1,1,9.0,9.0,9.0,0.4351557993565354
183453,0.7894416535304657,0,1,1,1,1,1,7.6,7.6,7.6,0.7894416535304657
183456,0.8072420684113896,0,3,3,3,3,2,9.433333333333334,9.433333333333334,9.433333333333334,0.8072420684113896
183460,0.28347380706047526,0,3,3,2,3,2,9.266666666666667,9.266666666666667,9.266666666666667,0.28347380706047526
183465,0.31341269177672837,0,1,1,1,1,1,9.7,9.7,9.7,0.31341269177672837
183468,0.14043595244578883,0,2,2,2,1,2,9.6,6.58,8.3,0.14043595244578883
183474,-0.4598987784065641,0,2,2,2,2,1,8.25,8.25,8.25,-0.4598987784065641
183476,0.6326099220532582,0,3,3,3,3,2,9.066666666666668,9.066666666666668,9.066666666666668,0.6326099220532582
183477,0.5822353341681569,0,3,3,3,3,2,9.700000000000001,9.700000000000001,9.700000000000001,0.5822353341681569
183478,0.6419184233198015,0,1,1,1,1,1,9.5,9.5,9.5,0.6419184233198015
183479,0.5590604772233538,0,1,1,1,1,1,10.0,10.0,10.0,0.5590604772233538
183482,0.703985452362631,0,2,2,2,2,2,8.25,8.25,8.25,0.703985452362631
183484,0.8492380770001566,0,3,3,3,3,1,9.166666666666666,9.166666666666666,9.166666666666666,0.8492380770001566
183487,1.1560061729454747,0,1,1,1,1,1,10.0,10.0,10.0,1.1560061729454747
183488,0.15249236448099393,0,2,2,2,2,2,8.6,6.266666666666667,7.949999999999999,0.15249236448099393
183489,-0.28156870681860774,0,2,2,2,2,2,7.7,6.23,4.85,-0.28156870681860774
183500,0.9930137447080992,0,1,1,1,1,1,8.1,8.1,8.1,0.9930137447080992
183502,1.5002739399137304,0,1,1,1,1,1,10.0,10.0,10.0,1.5002739399137304
183504,0.06355083555409721,0,2,2,2,2,2,9.05,9.05,9.05,0.06355083555409721
183506,-2.1000991743501443,0,4,4,4,3,2,3.6666666666666665,4.2875,3.95,-2.1000991743501443
183508,0.4675761391897564,0,2,2,2,2,2,9.7,9.7,9.7,0.4675761391897564
183512,-1.092403965870584,0,1,1,1,1,1,,5.0,0.0,-1.092403965870584
183513,0.9554795445682279,0,3,3,3,3,2,9.666666666666666,9.666666666666666,9.666666666666666,0.9554795445682279
183515,-0.3782804443547878,0,4,4,4,3,2,6.85,6.0181249999999995,5.55,-0.3782804443547878
183527,0.4470407518991665,0,1,1,1,1,1,8.2,8.2,8.2,0.4470407518991665
183533,0.410749840484285,0,4,4,4,4,2,9.025,9.025,9.025,0.410749840484285
183540,0.6421584882272958,0,3,3,3,3,2,10.0,10.0,10.0,0.6421584882272958
183543,0.3350069969471088,0,1,1,1,1,1,8.7,8.7,8.7,0.3350069969471088
183544,-0.0535668032306564,0,1,1,1,1,1,8.0,8.0,8.0,-0.0535668032306564
183546,0.5604068098307405,0,2,2,2,2,2,9.05,9.05,9.05,0.5604068098307405
183547,0.7961047445566339,0,2,2,2,2,2,9.95,9.95,9.95,0.7961047445566339
183548,-0.4910114506341336,0,2,2,2,1,2,8.9,5.9375,4.45,-0.4910114506341336
183551,0.8486810472830677,0,1,1,1,1,1,10.0,10.0,10.0,0.8486810472830677
183553,-1.070453931260969,0,1,1,1,1,1,3.8,3.8,3.8,-1.070453931260969
183559,0.1622732205142585,0,2,2,2,2,2,8.9,8.9,8.9,0.1622732205142585
183560,-0.003389001494830642,0,3,3,3,3,2,9.9,8.186666666666667,6.633333333333333,-0.003389001494830642
183565,0.8710240832712146,0,2,2,1,2,2,10.0,10.0,10.0,0.8710240832712146
183576,0.32621892706155436,0,1,1,1,1,1,8.0,8.0,8.0,0.32621892706155436
183577,0.46555578580338586,0,2,2,1,2,2,9.45,9.45,9.45,0.46555578580338586
183582,-1.8603905849378268,0,1,1,1,1,1,1.6,1.6,1.6,-1.8603905849378268
183583,0.3770694492676349,0,2,2,2,2,2,9.2,9.2,9.2,0.3770694492676349
183585,0.6419548985297687,0,2,2,1,2,2,9.8,9.8,9.8,0.6419548985297687
183587,-0.798099855709411,0,4,4,4,4,2,6.7,6.7,6.7,-0.798099855709411
183588,0.6815916354009807,0,3,3,3,3,2,9.933333333333334,9.933333333333334,9.933333333333334,0.6815916354009807
183589,0.38456406760853984,0,2,2,2,2,2,8.55,8.55,8.55,0.38456406760853984
183592,0.9140915777102483,0,1,1,1,1,1,9.6,9.6,9.6,0.9140915777102483
183593,-1.2339705472982263,0,1,1,1,1,1,,7.183333333333334,5.6,-1.2339705472982263
183595,0.5928404143886099,0,3,3,1,3,2,9.799999999999999,9.799999999999999,9.799999999999999,0.5928404143886099
183597,0.7165417223132415,0,3,3,3,3,2,9.333333333333334,9.333333333333334,9.333333333333334,0.7165417223132415
183600,0.1336866506592627,0,1,1,1,1,1,8.2,8.2,8.2,0.1336866506592627
183601,0.7241572552672542,0,1,1,1,1,1,7.5,7.5,7.5,0.7241572552672542
183602,0.7934981043498179,0,2,2,2,2,2,10.0,10.0,10.0,0.7934981043498179
183604,0.5281944269278323,0,3,3,3,3,2,9.633333333333333,9.633333333333333,9.633333333333333,0.5281944269278323
183605,-0.4769173448923024,0,1,1,1,1,1,,6.1875,7.3,-0.4769173448923024
183607,-0.12709909505914124,0,1,1,1,1,1,7.5,7.5,7.5,-0.12709909505914124
183611,0.4659422909581792,0,2,2,2,2,2,8.2,8.2,8.2,0.4659422909581792
183613,0.7541972105300729,0,2,2,2,2,2,9.9,9.9,9.9,0.7541972105300729
183614,-0.31047882458347104,0,3,3,3,3,2,8.55,7.286666666666666,5.733333333333333,-0.31047882458347104
183615,0.8376914824691419,0,3,3,2,3,2,9.733333333333333,9.733333333333333,9.733333333333333,0.8376914824691419
183617,-1.9041341153949782,0,1,1,1,1,1,0.0,0.0,0.0,-1.9041341153949782
183618,0.5513571782317531,0,1,1,1,1,1,8.4,8.4,8.4,0.5513571782317531
183619,0.29547870877613275,0,1,1,1,1,1,7.5,7.5,7.5,0.29547870877613275
183620,0.3858830609391812,0,3,3,2,3,2,9.6,9.6,9.6,0.3858830609391812
183622,0.8394277607418782,0,2,2,2,2,2,9.9,9.9,9.9,0.8394277607418782
183627,0.9771414253104398,0,1,1,1,1,1,9.4,9.4,9.4,0.9771414253104398
183629,0.1857449038189113,0,2,2,2,2,2,8.25,8.25,8.25,0.1857449038189113
183631,0.4169056487928313,0,2,2,2,2,2,9.75,9.75,9.75,0.4169056487928313
183632,0.12070965807564128,0,2,2,2,2,2,9.2,9.2,9.2,0.12070965807564128
183637,0.39120232778880765,0,1,1,1,1,1,8.1,8.1,8.1,0.39120232778880765
183639,0.8099181036286044,0,2,2,2,2,2,9.45,9.45,9.45,0.8099181036286044
183644,-2.4275943770502164,0,1,1,1,1,1,,4.39,0.1,-2.4275943770502164
183645,0.12671821296605268,0,2,2,1,2,2,9.399999999999999,9.399999999999999,9.399999999999999,0.12671821296605268
183646,0.10433560101530925,0,1,1,1,1,1,8.2,8.2,8.2,0.10433560101530925
183648,0.039034035326537535,0,3,3,3,3,2,8.766666666666666,8.766666666666666,8.766666666666666,0.039034035326537535
183649,-0.5169823273102739,0,3,3,2,3,2,9.299999999999999,9.299999999999999,9.299999999999999,-0.5169823273102739
183653,-1.585009401688454,0,1,1,1,1,1,,2.0,0.5,-1.585009401688454
183661,0.19379098960714705,0,3,3,3,3,2,9.166666666666666,9.166666666666666,9.166666666666666,0.19379098960714705
183662,-0.8340066939803784,0,4,4,4,3,2,5.366666666666666,5.3025,4.975,-0.8340066939803784
183663,0.2833800743217895,0,3,3,3,3,2,8.766666666666667,8.766666666666667,8.766666666666667,0.2833800743217895
183668,-0.9171848366588949,0,2,2,1,2,2,8.85,8.85,8.85,-0.9171848366588949
183669,-1.4515479983014183,0,1,1,1,1,1,,4.625,1.2,-1.4515479983014183
183675,-1.9595559467521566,0,3,3,3,3,2,4.066666666666666,4.066666666666666,4.066666666666666,-1.9595559467521566
183679,0.6791783190386678,0,1,1,1,1,1,10.0,10.0,10.0,0.6791783190386678
183680,-0.3566796750533492,0,3,3,2,3,2,8.566666666666666,8.566666666666666,8.566666666666666,-0.3566796750533492
183682,0.6322313980284375,0,2,2,2,2,2,9.6,9.6,9.6,0.6322313980284375
183685,0.35345592775776213,0,2,2,2,2,2,9.45,9.45,9.45,0.35345592775776213
183688,1.1815352910767936,0,2,2,2,2,1,8.45,8.45,8.45,1.1815352910767936
183690,0.7530492515459201,0,1,1,1,1,1,9.0,9.0,9.0,0.7530492515459201
183691,0.8310540324149527,0,2,2,2,2,2,9.8,9.8,9.8,0.8310540324149527
183692,-0.27447596794342505,0,1,1,1,1,1,7.8,7.8,7.8,-0.27447596794342505
183694,0.5213430132014003,0,2,2,2,2,2,9.3,9.3,9.3,0.5213430132014003
183695,-0.23703327077693892,0,2,2,2,1,2,8.5,5.85,5.85,-0.23703327077693892
183697,-0.385706973929215,0,2,2,2,1,2,9.5,9.5,6.173076923076923,-0.385706973929215
183699,-0.7840846940085225,0,3,3,3,3,2,8.35,6.233333333333333,6.233333333333333,-0.7840846940085225
183701,0.001160837767919739,0,1,1,1,1,1,7.5,7.5,7.5,0.001160837767919739
183702,0.2359262721243556,0,2,2,2,2,2,8.95,8.95,8.95,0.2359262721243556
183703,0.7197336818361912,0,2,2,2,2,2,9.100000000000001,9.100000000000001,9.100000000000001,0.7197336818361912
183707,-0.0035400971010336136,0,1,1,1,1,1,5.5,5.5,5.5,-0.0035400971010336136
183711,0.776193156928662,0,4,4,4,4,2,8.725,8.725,8.725,0.776193156928662
183712,0.5874490795890588,0,2,2,2,2,2,9.8,9.8,9.8,0.5874490795890588
183716,0.2611884977818454,0,1,1,1,1,1,7.9,7.9,7.9,0.2611884977818454
183717,0.31777222649602194,0,4,4,4,4,2,8.675,8.675,8.675,0.31777222649602194
183718,0.26221242278610246,0,1,1,1,1,1,7.8,7.8,7.8,0.26221242278610246
183726,0.18536812136021683,0,3,3,3,3,2,8.299999999999999,8.299999999999999,8.299999999999999,0.18536812136021683
183729,0.5371134937946196,0,3,3,3,3,2,9.333333333333334,9.333333333333334,9.333333333333334,0.5371134937946196
183731,-0.18740563006389596,0,1,1,1,1,1,,3.25,6.5,-0.18740563006389596
183732,0.6677582313344766,0,3,3,3,3,2,9.433333333333334,9.433333333333334,9.433333333333334,0.6677582313344766
183738,-0.02750752584582335,0,3,3,3,3,2,8.666666666666666,8.666666666666666,8.666666666666666,-0.02750752584582335
183750,0.5590604772233538,0,1,1,1,1,1,10.0,10.0,10.0,0.5590604772233538
183753,-1.7098132915851825,0,1,1,1,1,1,,2.0,0.0,-1.7098132915851825
183754,0.5738303959872504,0,3,3,2,3,2,9.733333333333333,9.733333333333333,9.733333333333333,0.5738303959872504
183758,0.5765640593445368,0,2,2,1,2,2,9.55,9.55,9.55,0.5765640593445368
183759,0.7614871691754356,0,3,3,2,3,2,9.966666666666667,9.966666666666667,9.966666666666667,0.7614871691754356
183766,-0.1578619487458145,0,2,2,2,2,2,8.4,8.4,8.4,-0.1578619487458145
183769,0.7490953139931978,0,1,1,1,1,1,8.7,8.7,8.7,0.7490953139931978
183774,-0.8383373192541856,0,1,1,1,1,1,8.3,8.3,8.3,-0.8383373192541856
183776,-1.0835832173809465,0,1,1,1,1,1,,3.2600000000000002,0.0,-1.0835832173809465
183780,1.0412714778236212,0,1,1,1,1,1,9.1,9.1,9.1,1.0412714778236212
183781,0.8012199949429798,0,3,3,3,3,2,9.533333333333333,9.533333333333333,9.533333333333333,0.8012199949429798
183782,0.6541777310321596,0,3,3,2,3,2,9.9,9.9,9.9,0.6541777310321596
183785,-0.32511275133866346,0,1,1,1,1,1,,3.6500000000000004,6.5,-0.32511275133866346
183789,1.2362922228340658,0,1,1,1,1,1,9.4,9.4,9.4,1.2362922228340658
183799,-0.9839440365595377,0,2,2,2,1,2,7.5,5.375,3.75,-0.9839440365595377
183800,-0.3455257554325055,0,2,2,1,2,2,9.05,9.05,9.05,-0.3455257554325055
183802,-2.434889969430087,0,1,1,1,1,1,0.0,0.0,0.0,-2.434889969430087
183803,0.4930630997637964,0,3,3,3,3,2,9.433333333333332,9.433333333333332,9.433333333333332,0.4930630997637964
183804,0.7214494941978591,0,2,2,2,2,2,10.0,10.0,10.0,0.7214494941978591
183805,0.216913531772263,0,2,2,2,2,2,8.95,8.95,8.95,0.216913531772263
183807,-0.22094363980582674,0,3,3,2,3,2,5.05,4.953333333333333,5.033333333333333,-0.22094363980582674
183809,-1.6649947417005222,0,2,2,2,2,2,7.5,6.21,3.75,-1.6649947417005222
183810,-0.4833192836808351,0,2,2,2,1,2,8.4,8.4,5.907692307692308,-0.4833192836808351
183811,-0.11773652434021414,0,1,1,1,1,1,9.3,9.3,9.3,-0.11773652434021414
183812,-1.7098132915851825,0,1,1,1,1,1,,2.0,0.0,-1.7098132915851825
183817,0.47191210389187405,0,3,3,3,3,2,9.6,9.6,9.6,0.47191210389187405
183818,0.6721769824750219,0,1,1,1,1,1,9.2,9.2,9.2,0.6721769824750219
183819,-0.029175200975414633,0,3,3,3,3,2,8.0,8.0,8.0,-0.029175200975414633
183823,-2.340733444226163,0,1,1,1,1,1,,5.0,0.0,-2.340733444226163
183825,0.076284209873361,0,4,4,4,4,2,8.225,8.225,8.225,0.076284209873361
183829,0.7551806194437312,0,2,2,2,2,2,9.9,9.9,9.9,0.7551806194437312
183830,0.9811954892927054,0,1,1,1,1,1,10.0,10.0,10.0,0.9811954892927054
183836,0.8486810472830677,0,1,1,1,1,1,10.0,10.0,10.0,0.8486810472830677
183838,-0.5781156638504638,0,2,2,2,2,2,8.4,8.4,8.4,-0.5781156638504638
183841,0.18704065060061614,0,1,1,1,1,1,8.4,8.4,8.4,0.18704065060061614
183844,0.5906288785184242,0,2,2,2,2,2,9.649999999999999,9.649999999999999,9.649999999999999,0.5906288785184242
183848,0.7816667545996416,0,2,2,1,2,2,10.0,10.0,10.0,0.7816667545996416
183850,0.34279212402486525,0,3,3,3,3,2,9.366666666666667,9.366666666666667,9.366666666666667,0.34279212402486525
183851,0.26434336976830664,0,3,3,3,3,2,9.166666666666666,9.166666666666666,9.166666666666666,0.26434336976830664
183852,0.8181683989059219,0,2,2,2,2,2,9.95,9.95,9.95,0.8181683989059219
183859,0.6886844015743918,0,1,1,1,1,1,8.6,8.6,8.6,0.6886844015743918
183865,0.14964750147897898,0,1,1,1,1,1,9.5,9.5,9.5,0.14964750147897898
183866,-2.899108519521537,0,1,1,1,1,1,,1.9,1.9,-2.899108519521537
183873,0.7617416441285516,0,3,3,3,3,2,9.833333333333334,9.833333333333334,9.833333333333334,0.7617416441285516
183876,0.29393095531213487,0,2,2,2,2,2,8.75,8.75,8.75,0.29393095531213487
183879,-2.850591937968329,0,1,1,1,1,1,,2.25,0.0,-2.850591937968329
183883,0.6791783190386678,0,1,1,1,1,1,10.0,10.0,10.0,0.6791783190386678
183884,-1.7749719117232532,0,2,2,2,1,2,3.9,5.3,5.4,-1.7749719117232532
183887,0.024324967814521592,0,3,3,3,3,2,8.966666666666667,8.966666666666667,8.966666666666667,0.024324967814521592
183888,0.6702078271202335,0,3,3,3,3,2,9.9,9.9,9.9,0.6702078271202335
183894,0.681427196739596,0,2,2,2,2,2,10.0,10.0,10.0,0.681427196739596
183895,-0.48406214268316355,0,2,2,2,1,2,9.0,7.85,7.95,-0.48406214268316355
183896,-1.2339705472982263,0,1,1,1,1,1,,7.183333333333334,5.6,-1.2339705472982263
183898,-1.348152855195477,0,1,1,1,1,1,,5.6571428571428575,0.0,-1.348152855195477
183905,0.5265921668242671,0,3,3,2,3,2,9.5,9.5,9.5,0.5265921668242671
183907,0.3085322798631428,0,1,1,1,1,1,8.6,8.6,8.6,0.3085322798631428
183908,0.2488264408133764,0,1,1,1,1,1,8.5,8.5,8.5,0.2488264408133764
183910,0.2996120494998311,0,1,1,1,1,1,9.5,9.5,9.5,0.2996120494998311
183911,0.5669154507732345,0,2,2,1,2,2,9.65,9.65,9.65,0.5669154507732345
183914,0.314738673045715,0,2,2,2,2,2,8.75,8.75,8.75,0.314738673045715
183916,0.6462325478672817,0,2,2,2,2,2,9.5,9.5,9.5,0.6462325478672817
183917,0.5928811037209664,0,3,3,3,3,2,9.533333333333333,9.533333333333333,9.533333333333333,0.5928811037209664
183918,0.8326139012982127,0,3,3,3,3,2,9.666666666666666,9.666666666666666,9.666666666666666,0.8326139012982127
183919,0.43320244440551753,0,2,2,2,2,2,9.25,9.25,9.25,0.43320244440551753
183921,-1.1023400307094635,0,1,1,1,1,1,,3.2,3.2,-1.1023400307094635
183922,-1.2339705472982263,0,1,1,1,1,1,,7.183333333333334,5.6,-1.2339705472982263
183924,0.7287998148324034,0,3,3,3,3,2,9.533333333333333,9.533333333333333,9.533333333333333,0.7287998148324034
183928,0.34941723003617836,0,2,2,2,2,2,9.3,9.3,9.3,0.34941723003617836
183931,0.4682137173551893,0,3,3,3,3,2,9.733333333333333,9.733333333333333,9.733333333333333,0.4682137173551893
183938,0.6751790743152769,0,1,1,1,1,1,9.6,9.6,9.6,0.6751790743152769
183940,0.8099666161792722,0,3,3,3,3,2,9.566666666666666,9.566666666666666,9.566666666666666,0.8099666161792722
183943,0.32690027945801214,0,2,2,1,2,2,9.5,9.5,9.5,0.32690027945801214
183944,0.6454573975854266,0,3,3,3,3,2,9.700000000000001,9.700000000000001,9.700000000000001,0.6454573975854266
183958,0.8312023887084866,0,3,3,3,3,2,9.9,9.9,9.9,0.8312023887084866
183962,0.34446284661152426,0,2,2,2,2,2,9.5,9.5,9.5,0.34446284661152426
183963,-0.5928606321163381,0,1,1,1,1,1,,4.625,4.3,-0.5928606321163381
183967,0.6262288848707358,0,1,1,1,1,1,9.8,9.8,9.8,0.6262288848707358
183968,-0.36861892543969177,0,1,1,1,1,1,,5.74,6.2,-0.36861892543969177
183971,0.6997259949102829,0,2,2,2,2,2,10.0,10.0,10.0,0.6997259949102829
183976,0.42868939108880666,0,1,1,1,1,1,9.4,9.4,9.4,0.42868939108880666
183977,-0.1809046152354392,0,1,1,1,1,1,8.0,8.0,8.0,-0.1809046152354392
183978,0.41850133216310487,0,3,3,3,3,2,9.233333333333333,9.233333333333333,9.233333333333333,0.41850133216310487
183983,0.2611884977818454,0,1,1,1,1,1,7.9,7.9,7.9,0.2611884977818454
183989,0.12754790136856725,0,1,1,1,1,1,9.6,9.6,9.6,0.12754790136856725
183990,0.3724877817236479,0,3,3,1,3,2,9.5,9.5,9.5,0.3724877817236479
183991,0.853612928901442,0,1,1,1,1,1,9.5,9.5,9.5,0.853612928901442
183992,-1.2339705472982263,0,1,1,1,1,1,,7.183333333333334,5.6,-1.2339705472982263
183993,0.30593570911574636,0,3,3,3,3,2,9.066666666666666,9.066666666666666,9.066666666666666,0.30593570911574636
183994,0.3299114611449188,0,2,2,2,2,2,8.85,8.85,8.85,0.3299114611449188
183995,0.3920636579810272,0,2,2,2,1,2,8.25,8.25,8.25,0.3920636579810272
183996,0.38418033318786654,0,3,3,3,3,2,9.033333333333333,9.033333333333333,9.033333333333333,0.38418033318786654
184000,0.9164063730593079,0,2,2,2,2,2,10.0,10.0,10.0,0.9164063730593079
184001,0.704956190530571,0,2,2,2,2,2,9.85,9.85,9.85,0.704956190530571
184002,0.17560341398230364,0,3,3,3,3,2,8.766666666666666,8.766666666666666,8.766666666666666,0.17560341398230364
184006,0.5882134538771495,0,3,3,3,3,2,9.733333333333333,9.733333333333333,9.733333333333333,0.5882134538771495
184010,-1.092403965870584,0,1,1,1,1,1,,5.0,0.0,-1.092403965870584
184011,0.6601328498881863,0,3,3,3,3,2,9.9,9.9,9.9,0.6601328498881863
184017,0.5691009057374874,0,2,2,2,2,2,9.8,9.8,9.8,0.5691009057374874
184018,0.6419184233198015,0,1,1,1,1,1,9.5,9.5,9.5,0.6419184233198015
184021,0.7969305635142144,0,3,3,3,3,2,10.0,10.0,10.0,0.7969305635142144
184022,0.5212161577957711,0,1,1,1,1,1,8.3,8.3,8.3,0.5212161577957711
184025,0.7659759976977616,0,1,1,1,1,1,9.8,9.8,9.8,0.7659759976977616
184027,-1.0733183390825303,0,2,2,2,1,2,5.1,4.175,2.55,-1.0733183390825303
184028,0.5543265956372191,0,3,3,3,3,2,9.833333333333334,9.833333333333334,9.833333333333334,0.5543265956372191
184031,0.3938032745638823,0,1,1,1,1,1,8.9,8.9,8.9,0.3938032745638823
184033,0.5709962875242274,0,2,2,2,2,2,9.3,9.3,9.3,0.5709962875242274
184035,-0.014117688818770393,0,1,1,1,1,1,9.3,9.3,9.3,-0.014117688818770393
184038,0.7794188582129271,0,1,1,1,1,1,7.7,7.7,7.7,0.7794188582129271
184039,-2.5389027034766802,0,1,1,1,1,1,,7.5,2.9600000000000004,-2.5389027034766802
184041,-1.092403965870584,0,1,1,1,1,1,,5.0,0.0,-1.092403965870584
184047,0.39638447067764043,0,2,2,2,2,2,8.75,8.75,8.75,0.39638447067764043
184054,0.2611884977818454,0,1,1,1,1,1,7.9,7.9,7.9,0.2611884977818454
184055,0.7999126997704494,0,3,3,2,3,2,9.833333333333334,9.833333333333334,9.833333333333334,0.7999126997704494
184056,0.2053425908140235,0,2,2,1,2,2,8.8,8.8,8.8,0.2053425908140235
184057,0.3711949059339759,0,3,3,3,3,2,8.700000000000001,8.700000000000001,8.700000000000001,0.3711949059339759
184058,0.5221708668265634,0,1,1,1,1,1,9.4,9.4,9.4,0.5221708668265634
184062,0.38468787691524176,0,2,2,1,2,2,8.15,8.15,8.15,0.38468787691524176
184071,0.08457527738632911,0,1,1,1,1,1,7.6,7.6,7.6,0.08457527738632911
184075,0.3891902986071052,0,3,3,3,3,2,9.366666666666667,9.366666666666667,9.366666666666667,0.3891902986071052
184077,-0.4159406360479605,0,3,3,2,3,2,8.8,6.533333333333334,6.533333333333334,-0.4159406360479605
184078,0.08512224765846424,0,2,2,2,2,2,9.0,9.0,9.0,0.08512224765846424
184083,-1.585009401688454,0,1,1,1,1,1,0.5,0.5,0.5,-1.585009401688454
184084,0.4053314579692103,0,3,3,3,3,2,9.200000000000001,9.200000000000001,9.200000000000001,0.4053314579692103
184086,0.6364248257200675,0,3,3,2,3,2,9.966666666666667,9.966666666666667,9.966666666666667,0.6364248257200675
184089,0.7368604619284763,0,3,3,3,3,2,10.0,10.0,10.0,0.7368604619284763
184093,0.1815951676236558,0,2,2,2,1,2,10.0,6.625,8.25,0.1815951676236558
184099,0.6047824138355903,0,3,3,3,3,2,9.433333333333334,9.433333333333334,9.433333333333334,0.6047824138355903
184100,0.02509201374025784,0,3,3,2,3,2,8.433333333333334,8.433333333333334,8.433333333333334,0.02509201374025784
184103,-0.5978746425099156,0,1,1,1,1,1,,6.1875,7.1,-0.5978746425099156
184106,0.2158844875397307,0,2,2,2,2,2,9.15,9.15,9.15,0.2158844875397307
184108,0.4188924538161696,0,2,2,2,2,2,9.5,9.5,9.5,0.4188924538161696
184111,0.7852835060451073,0,2,2,2,2,2,9.85,9.85,9.85,0.7852835060451073
184112,0.9789485960448244,0,3,3,2,3,2,9.533333333333333,9.533333333333333,9.533333333333333,0.9789485960448244
184113,0.4310254388352484,0,3,3,3,3,2,8.799999999999999,8.799999999999999,8.799999999999999,0.4310254388352484
184117,-0.893216578456866,0,2,2,2,2,2,4.6,4.6,4.6,-0.893216578456866
184118,-2.3661056050091385,0,1,1,1,1,1,,0.0,0.0,-2.3661056050091385
184121,0.2996120494998311,0,1,1,1,1,1,9.5,9.5,9.5,0.2996120494998311
184126,0.2396721659963601,0,2,2,2,1,2,8.2,8.2,8.2,0.2396721659963601
184127,0.4544626335912488,0,3,3,3,3,2,9.233333333333334,9.233333333333334,9.233333333333334,0.4544626335912488
184128,0.5590604772233538,0,1,1,1,1,1,10.0,10.0,10.0,0.5590604772233538
184133,0.6687729815173156,0,1,1,1,1,1,8.9,8.9,8.9,0.6687729815173156
184135,0.7169344628349208,0,3,3,3,3,2,9.4,9.4,9.4,0.7169344628349208
184138,0.37407026034253754,0,1,1,1,1,1,,5.1090909090909085,6.5,0.37407026034253754
184140,0.5590604772233538,0,1,1,1,1,1,10.0,10.0,10.0,0.5590604772233538
184141,-1.1692090364055925,0,1,1,1,1,1,7.5,7.5,7.5,-1.1692090364055925
184143,-0.7170398173339927,0,1,1,1,1,1,7.5,7.5,7.5,-0.7170398173339927
184144,0.4545938023136106,0,1,1,1,1,1,10.0,10.0,10.0,0.4545938023136106
184147,0.492152662057316,0,3,3,3,3,2,8.333333333333334,8.333333333333334,8.333333333333334,0.492152662057316
184150,-1.030297057306981,0,1,1,1,1,1,,,3.9846153846153847,-1.030297057306981
184153,-0.015474871948304825,0,3,3,3,3,2,8.266666666666667,8.266666666666667,8.266666666666667,-0.015474871948304825
184157,0.8064644038163754,0,3,3,3,3,2,9.700000000000001,9.700000000000001,9.700000000000001,0.8064644038163754
184160,0.3728323270773501,0,1,1,1,1,1,9.9,9.9,9.9,0.3728323270773501
184162,0.31341269177672837,0,1,1,1,1,1,9.7,9.7,9.7,0.31341269177672837
184167,0.46378587421308365,0,2,2,2,1,2,7.75,7.75,7.75,0.46378587421308365
184171,1.109240067300718,0,1,1,1,1,1,10.0,10.0,10.0,1.109240067300718
184174,-0.3361494184624634,0,3,3,3,3,2,7.8,7.8,7.8,-0.3361494184624634
184180,-1.322914463677695,0,2,2,2,1,2,9.0,6.0375,4.6,-1.322914463677695
184183,0.6680855111028351,0,2,2,2,2,2,9.85,9.85,9.85,0.6680855111028351
184185,0.7527702951071304,0,2,2,2,2,2,9.9,9.9,9.9,0.7527702951071304
184189,0.42085797591052515,0,2,2,1,2,2,9.5,9.5,9.5,0.42085797591052515
184190,-0.9490644778609549,0,2,2,2,1,2,7.1499999999999995,7.1499999999999995,7.1499999999999995,-0.9490644778609549
184192,0.31341269177672837,0,1,1,1,1,1,9.7,9.7,9.7,0.31341269177672837
184195,0.7132767108637486,0,2,2,1,2,2,10.0,10.0,10.0,0.7132767108637486
184196,0.4545938023136106,0,1,1,1,1,1,10.0,10.0,10.0,0.4545938023136106
184201,-0.2508870660911575,0,2,2,2,1,2,9.4,6.300000000000001,6.300000000000001,-0.2508870660911575
184203,0.6854870486585843,0,3,3,2,3,2,9.299999999999999,9.299999999999999,9.299999999999999,0.6854870486585843
184204,-0.024950122059028662,0,1,1,1,1,1,8.4,8.4,8.4,-0.024950122059028662
184205,0.12754790136856725,0,1,1,1,1,1,9.6,9.6,9.6,0.12754790136856725
184207,0.5357724237966179,0,2,2,2,2,2,8.899999999999999,8.899999999999999,8.899999999999999,0.5357724237966179
184208,0.7132767108637486,0,2,2,1,2,2,10.0,10.0,10.0,0.7132767108637486
184209,0.2845339836848808,0,1,1,1,1,1,8.6,8.6,8.6,0.2845339836848808
184210,0.6806850432057839,0,3,3,3,3,2,9.799999999999999,9.799999999999999,9.799999999999999,0.6806850432057839
184211,0.5298670414630807,0,3,3,3,3,2,9.433333333333332,9.433333333333332,9.433333333333332,0.5298670414630807
184212,0.04941088039346971,0,3,3,3,3,2,8.966666666666667,8.966666666666667,8.966666666666667,0.04941088039346971
184222,0.5588290590078924,0,1,1,1,1,1,7.5,7.5,7.5,0.5588290590078924
184223,-0.09980408978008048,0,2,2,2,2,2,7.800000000000001,7.800000000000001,7.800000000000001,-0.09980408978008048
184230,0.45130242252740327,0,2,2,2,2,2,9.15,9.15,9.15,0.45130242252740327
184233,0.6708234468774221,0,3,3,2,3,2,9.666666666666666,9.666666666666666,9.666666666666666,0.6708234468774221
184244,0.009610309878079953,0,2,2,2,2,2,8.35,8.35,8.35,0.009610309878079953
184246,0.6647953024192305,0,3,3,3,3,2,9.9,9.9,9.9,0.6647953024192305
184248,0.627084319298748,0,2,2,2,2,2,9.65,9.65,9.65,0.627084319298748
184250,-0.5799447592205396,0,1,1,1,1,1,,6.875,6.5,-0.5799447592205396
184251,0.4590466496382211,0,3,3,3,3,2,9.366666666666667,9.366666666666667,9.366666666666667,0.4590466496382211
184254,-0.18363872711574747,0,2,2,2,1,2,9.1,9.1,6.826923076923077,-0.18363872711574747
184255,0.9674393864931329,0,3,3,3,3,2,9.933333333333334,9.933333333333334,9.933333333333334,0.9674393864931329
184258,0.8395723522477407,0,2,2,2,2,2,9.55,9.55,9.55,0.8395723522477407
184259,-0.9314071043162205,0,1,1,1,1,1,7.5,7.5,7.5,-0.9314071043162205
184260,0.26650997961866646,0,3,3,3,3,2,9.0,9.0,9.0,0.26650997961866646
184263,0.5705222511021579,0,1,1,1,1,1,8.5,8.5,8.5,0.5705222511021579
184264,0.2935263265263256,0,1,1,1,1,1,7.5,7.5,7.5,0.2935263265263256
184268,0.7241572552672542,0,1,1,1,1,1,7.5,7.5,7.5,0.7241572552672542
184269,-0.12517154243488834,0,3,3,3,3,2,8.95,7.553333333333334,6.400000000000001,-0.12517154243488834
184270,0.6419184233198015,0,1,1,1,1,1,9.5,9.5,9.5,0.6419184233198015
184272,0.6005658985271485,0,1,1,1,1,1,9.4,9.4,9.4,0.6005658985271485
184276,0.5555584394217802,0,2,2,2,2,2,9.55,9.55,9.55,0.5555584394217802
184277,0.3121985694539535,0,3,3,3,3,2,8.733333333333333,8.733333333333333,8.733333333333333,0.3121985694539535
184278,-0.18771114236372863,0,3,3,3,3,2,8.266666666666667,8.266666666666667,8.266666666666667,-0.18771114236372863
184279,0.5590604772233538,0,1,1,1,1,1,10.0,10.0,10.0,0.5590604772233538
184280,0.23731231545289871,0,2,2,2,2,2,8.45,8.45,8.45,0.23731231545289871
184281,0.0992527117562153,0,2,2,2,2,2,9.1,9.1,9.1,0.0992527117562153
184282,0.27547925444100474,0,2,2,2,2,2,9.2,9.2,9.2,0.27547925444100474
184285,-0.6867170336178469,0,3,3,3,3,2,8.5,6.333333333333333,6.333333333333333,-0.6867170336178469
184286,0.9663158396972766,0,1,1,1,1,1,8.0,8.0,8.0,0.9663158396972766
184287,-1.3758261758321495,0,1,1,1,1,1,,2.9749999999999996,0.0,-1.3758261758321495
184289,-0.8428244633088297,0,2,2,2,1,2,7.5,4.75,3.75,-0.8428244633088297
184290,-0.08612372160296504,0,3,3,1,3,2,9.233333333333333,9.233333333333333,9.233333333333333,-0.08612372160296504
184291,0.3086612548153995,0,3,3,3,3,2,8.933333333333334,8.933333333333334,8.933333333333334,0.3086612548153995
184295,-1.2339705472982263,0,1,1,1,1,1,5.6,5.6,5.6,-1.2339705472982263
184296,-0.7207282363876955,0,2,2,2,1,2,10.0,6.625,5.0,-0.7207282363876955
184298,0.19503805934348173,0,3,3,3,3,2,8.933333333333334,8.933333333333334,8.933333333333334,0.19503805934348173
184300,0.08265407470014387,0,3,3,2,3,2,8.666666666666666,8.666666666666666,8.666666666666666,0.08265407470014387
184301,0.22302611736510894,0,1,1,1,1,1,,5.1090909090909085,6.1,0.22302611736510894
184302,0.45886913413788527,0,3,3,3,3,2,9.299999999999999,9.299999999999999,9.299999999999999,0.45886913413788527
184303,0.36916265933784853,0,1,1,1,1,1,9.2,9.2,9.2,0.36916265933784853
184304,0.13903949826529413,0,3,3,3,3,2,8.766666666666666,8.766666666666666,8.766666666666666,0.13903949826529413
184305,0.9389474982388228,0,1,1,1,1,1,8.9,8.9,8.9,0.9389474982388228
184306,-0.435883114624823,0,2,2,2,1,2,7.7,7.2,7.300000000000001,-0.435883114624823
184310,0.9175728655771089,0,1,1,1,1,1,8.2,8.2,8.2,0.9175728655771089
184312,-0.5468022325093789,0,2,2,2,2,2,8.7,8.7,8.7,-0.5468022325093789
184319,0.1867695648126336,0,3,3,3,3,2,9.200000000000001,9.200000000000001,9.200000000000001,0.1867695648126336
184321,-2.427904767703429,0,1,1,1,1,1,,0.0,0.0,-2.427904767703429
184324,0.9745702265190547,0,1,1,1,1,1,9.7,9.7,9.7,0.9745702265190547
184326,0.0018262489690471367,0,2,2,1,2,2,8.55,8.55,8.55,0.0018262489690471367
184327,-0.06578384971093815,0,2,2,2,2,2,8.55,8.55,8.55,-0.06578384971093815
184330,-0.06878790517690524,0,3,3,3,3,2,8.4,8.4,8.4,-0.06878790517690524
184332,-0.019721973362650008,0,1,1,1,1,1,7.9,7.9,7.9,-0.019721973362650008
184334,0.3569410419486576,0,2,2,2,2,2,8.600000000000001,8.600000000000001,8.600000000000001,0.3569410419486576
184335,0.001160837767919739,0,1,1,1,1,1,7.5,7.5,7.5,0.001160837767919739
184337,0.4481373202335915,0,3,3,2,3,2,9.366666666666667,9.366666666666667,9.366666666666667,0.4481373202335915
184341,0.38800591073992446,0,2,2,2,2,2,9.5,9.5,9.5,0.38800591073992446
184342,0.08206410622084054,0,3,3,3,3,2,9.166666666666666,9.166666666666666,9.166666666666666,0.08206410622084054
184344,-0.2874794001877028,0,2,2,1,2,2,8.6,7.975,7.9,-0.2874794001877028
184349,1.5613267978514727,0,1,1,1,1,1,9.9,9.9,9.9,1.5613267978514727
184350,0.6944039037124652,0,3,3,3,3,2,9.6,9.6,9.6,0.6944039037124652
184354,0.4102881360532352,0,2,2,2,2,2,7.949999999999999,7.949999999999999,7.949999999999999,0.4102881360532352
184355,0.49074103604860286,0,1,1,1,1,1,8.9,8.9,8.9,0.49074103604860286
184358,-0.546541013534897,0,2,2,2,1,2,7.6,7.15,7.199999999999999,-0.546541013534897
184360,-1.2339705472982263,0,1,1,1,1,1,,7.183333333333334,5.6,-1.2339705472982263
184362,-0.25607003072798507,0,3,3,2,3,2,9.0,9.0,9.0,-0.25607003072798507
184364,0.802079837584607,0,2,2,2,2,2,9.95,9.95,9.95,0.802079837584607
184366,0.4706916495204076,0,3,3,3,3,2,9.466666666666667,9.466666666666667,9.466666666666667,0.4706916495204076
184368,-2.464148862609746,0,1,1,1,1,1,0.0,0.0,0.0,-2.464148862609746
184375,-1.7839431077924173,0,1,1,1,1,1,0.0,0.0,0.0,-1.7839431077924173
184376,-1.8464746934375857,0,1,1,1,1,1,,7.5,4.44,-1.8464746934375857
184378,-0.1700417043281447,0,2,2,2,2,2,7.5,7.5,7.5,-0.1700417043281447
184380,-0.5928606321163381,0,1,1,1,1,1,4.3,4.3,4.3,-0.5928606321163381
184381,0.17842977966491047,0,2,2,2,2,2,8.35,8.35,8.35,0.17842977966491047
184382,0.27592466635984003,0,3,3,3,3,2,9.066666666666666,9.066666666666666,9.066666666666666,0.27592466635984003
184386,0.5871796021805883,0,3,3,3,3,2,9.333333333333334,9.333333333333334,9.333333333333334,0.5871796021805883
184387,0.4545938023136106,0,1,1,1,1,1,10.0,10.0,10.0,0.4545938023136106
184389,0.7315744877798662,0,2,2,1,2,2,9.85,9.85,9.85,0.7315744877798662
184390,0.01186130132119068,0,2,2,2,2,2,9.15,9.15,9.15,0.01186130132119068
184392,0.48979394653759933,0,2,2,2,2,2,8.6,8.6,8.6,0.48979394653759933
184398,-0.5978746425099156,0,1,1,1,1,1,,6.1875,7.1,-0.5978746425099156
184399,0.7706344747938366,0,2,2,2,2,2,9.75,9.75,9.75,0.7706344747938366
184400,0.4341212367858317,0,2,2,2,2,2,9.75,9.75,9.75,0.4341212367858317
184402,0.663358923073494,0,2,2,2,2,2,9.9,9.9,9.9,0.663358923073494
184403,0.43196355895349353,0,3,3,3,3,2,9.266666666666666,9.266666666666666,9.266666666666666,0.43196355895349353
184404,0.7241572552672542,0,1,1,1,1,1,7.5,7.5,7.5,0.7241572552672542
184407,-0.5928606321163381,0,1,1,1,1,1,,4.625,4.3,-0.5928606321163381
184408,0.5341932111970973,0,2,2,2,2,2,9.05,9.05,9.05,0.5341932111970973
184412,1.4863112714794087,0,1,1,1,1,1,9.9,9.9,9.9,1.4863112714794087
184417,0.681320620932491,0,1,1,1,1,1,8.9,8.9,8.9,0.681320620932491
184419,-0.2986593767158505,0,2,2,2,2,2,8.35,8.35,8.35,-0.2986593767158505
184423,0.37444772911916396,0,3,3,3,3,2,8.966666666666667,8.966666666666667,8.966666666666667,0.37444772911916396
184424,0.1506711218389777,0,3,3,3,3,2,9.200000000000001,9.200000000000001,9.200000000000001,0.1506711218389777
184429,0.22839317539326925,0,1,1,1,1,1,8.5,8.5,8.5,0.22839317539326925
184430,-0.3806589240392402,0,2,2,2,2,2,8.05,8.05,8.05,-0.3806589240392402
184431,0.16225918220433,0,2,2,2,2,2,9.5,9.5,9.5,0.16225918220433
184434,0.7388345321652362,0,3,3,2,3,2,9.799999999999999,9.799999999999999,9.799999999999999,0.7388345321652362
184435,0.5568785665885063,0,2,2,2,2,2,9.149999999999999,9.149999999999999,9.149999999999999,0.5568785665885063
184436,0.6771785447815712,0,2,2,2,2,2,9.15,9.15,9.15,0.6771785447815712
184438,1.6263337128549538,0,1,1,1,1,1,10.0,10.0,10.0,1.6263337128549538
184439,0.7335138959546581,0,1,1,1,1,1,,3.2600000000000002,7.0,0.7335138959546581
184440,-0.49729255576209713,0,3,3,3,3,2,8.05,6.966666666666666,6.566666666666666,-0.49729255576209713
184441,0.9140915777102483,0,1,1,1,1,1,9.6,9.6,9.6,0.9140915777102483
184442,0.48211920536595293,0,3,3,3,3,2,9.666666666666666,9.666666666666666,9.666666666666666,0.48211920536595293
184446,-1.0155276850722113,0,2,2,2,2,2,8.5,6.05,6.3,-1.0155276850722113
184447,-2.899108519521537,0,1,1,1,1,1,,1.9,1.9,-2.899108519521537
184448,0.04578642613230679,0,1,1,1,1,1,9.5,9.5,9.5,0.04578642613230679
184449,-2.464148862609746,0,1,1,1,1,1,,5.74,0.0,-2.464148862609746
184450,0.447541301549082,0,2,2,2,2,2,9.7,9.7,9.7,0.447541301549082
184454,-0.36567358102197994,0,2,2,2,1,2,8.8,7.472222222222222,7.25,-0.36567358102197994
184460,0.3593139192505032,0,3,3,1,3,2,9.266666666666666,9.266666666666666,9.266666666666666,0.3593139192505032
184462,-0.23048468114970064,0,1,1,1,1,1,8.1,8.1,8.1,-0.23048468114970064
184465,-0.4396523550949568,0,2,2,2,1,2,7.5,7.1,6.95,-0.4396523550949568
184469,0.02683307111800559,0,2,2,2,1,2,10.0,6.6,6.6,0.02683307111800559
184470,-0.7218177488646634,0,2,2,2,1,2,7.5,7.325,6.8,-0.7218177488646634
184473,-0.0442163422139189,0,2,2,2,1,2,7.5,7.5,6.311538461538461,-0.0442163422139189
184476,-0.631810307265482,0,3,3,3,3,2,7.633333333333333,7.633333333333333,7.633333333333333,-0.631810307265482
184480,-0.24642065548528588,0,3,3,3,3,2,9.25,7.753333333333333,6.833333333333333,-0.24642065548528588
184481,0.9244425032626117,0,3,3,2,3,2,9.266666666666667,9.266666666666667,9.266666666666667,0.9244425032626117
184486,0.40323108694677806,0,3,3,3,3,2,9.433333333333332,9.433333333333332,9.433333333333332,0.40323108694677806
184487,-1.2427610018296813,0,3,3,3,3,2,8.75,7.416666666666667,6.5,-1.2427610018296813
184490,0.6419184233198015,0,1,1,1,1,1,9.5,9.5,9.5,0.6419184233198015
184491,0.3185336854036792,0,2,2,2,2,2,9.55,9.55,9.55,0.3185336854036792
184492,0.6946070968275286,0,2,2,2,2,2,9.7,9.7,9.7,0.6946070968275286
184496,0.9152236072882186,0,1,1,1,1,1,7.7,7.7,7.7,0.9152236072882186
184497,0.8310420991555456,0,2,2,2,2,2,10.0,10.0,10.0,0.8310420991555456
184498,0.13117466777488257,0,1,1,1,1,1,7.7,7.7,7.7,0.13117466777488257
184499,0.61859126228298,0,2,2,2,2,2,9.350000000000001,9.350000000000001,9.350000000000001,0.61859126228298
184502,0.8221182705188962,0,3,3,3,3,2,9.666666666666666,9.666666666666666,9.666666666666666,0.8221182705188962
184511,-1.3232643901709125,0,1,1,1,1,1,,7.159999999999999,6.9,-1.3232643901709125
184512,-2.0024645567372192,0,1,1,1,1,1,,7.15,6.1,-2.0024645567372192
184514,0.9426881277373439,0,3,3,3,3,2,10.0,10.0,10.0,0.9426881277373439
184523,-0.02957464220194239,0,2,2,2,1,2,9.7,6.449999999999999,6.449999999999999,-0.02957464220194239
184524,0.4545938023136106,0,1,1,1,1,1,10.0,10.0,10.0,0.4545938023136106
184530,0.8886214705509726,0,2,2,2,2,2,10.0,10.0,10.0,0.8886214705509726
184532,0.09125961311523485,0,1,1,1,1,1,8.3,8.3,8.3,0.09125961311523485
184534,-0.24604388423514548,0,2,2,1,2,2,9.6,9.6,9.6,-0.24604388423514548
184539,0.022753329640586795,0,2,2,2,2,2,8.1,8.1,8.1,0.022753329640586795
184544,0.9327439226860677,0,2,2,2,2,2,9.95,9.95,9.95,0.9327439226860677
184549,-0.40892662780873057,0,2,2,2,1,2,10.0,7.3125,5.75,-0.40892662780873057
184552,0.791452853834901,0,3,3,3,3,2,9.6,9.6,9.6,0.791452853834901
184556,1.6263337128549538,0,1,1,1,1,1,10.0,10.0,10.0,1.6263337128549538
184557,-1.1178778436082384,0,2,2,2,1,2,8.5,7.12,4.25,-1.1178778436082384
184560,1.1072596336212395,0,3,3,3,3,2,9.799999999999999,9.799999999999999,9.799999999999999,1.1072596336212395
184561,-0.7777119024190264,0,2,2,2,1,2,8.2,7.675,7.1499999999999995,-0.7777119024190264
184564,-0.30414510997687366,0,3,3,3,3,2,7.833333333333333,7.833333333333333,7.833333333333333,-0.30414510997687366
184566,-1.092403965870584,0,1,1,1,1,1,0.0,0.0,0.0,-1.092403965870584
184568,-0.3559600472746892,0,1,1,1,1,1,7.5,7.5,7.5,-0.3559600472746892
184569,-0.1520886081985806,0,2,2,2,2,2,7.95,7.95,7.95,-0.1520886081985806
184571,0.17149230568536,0,3,3,3,3,2,9.0,9.0,9.0,0.17149230568536
184574,-1.2339705472982263,0,1,1,1,1,1,,7.183333333333334,5.6,-1.2339705472982263
184575,0.5956729285345864,0,2,2,2,2,2,9.95,9.95,9.95,0.5956729285345864
184579,0.9930991978597444,0,1,1,1,1,1,8.0,8.0,8.0,0.9930991978597444
184582,0.024164364967523062,0,1,1,1,1,1,7.5,7.5,7.5,0.024164364967523062
184583,-0.5268559485105044,0,2,2,2,1,2,9.0,6.1,6.1,-0.5268559485105044
184585,0.681427196739596,0,2,2,2,2,2,10.0,10.0,10.0,0.681427196739596
184588,0.5764310328448801,0,2,2,2,2,2,9.600000000000001,9.600000000000001,9.600000000000001,0.5764310328448801
184589,0.41253372738190985,0,2,2,2,2,2,9.2,9.2,9.2,0.41253372738190985
184590,-0.5638944353059433,0,3,3,3,3,2,9.0,7.640000000000001,6.0,-0.5638944353059433
184591,0.47080058516332707,0,3,3,3,3,2,9.6,9.6,9.6,0.47080058516332707
184593,0.3186420672432575,0,3,3,2,3,2,9.1,9.1,9.1,0.3186420672432575
184594,0.27487459174263507,0,2,2,2,2,2,8.55,8.55,8.55,0.27487459174263507
184595,0.4462125510027846,0,3,3,3,3,2,9.633333333333333,9.633333333333333,9.633333333333333,0.4462125510027846
184596,1.4343942110983912,0,1,1,1,1,1,9.7,9.7,9.7,1.4343942110983912
184597,-0.1517092848225749,0,2,2,2,2,2,8.7,8.7,8.7,-0.1517092848225749
184598,-0.23538786764301806,0,2,2,2,1,2,9.6,8.55,7.76,-0.23538786764301806
184599,0.8143820436063325,0,3,3,3,3,2,9.133333333333333,9.133333333333333,9.133333333333333,0.8143820436063325
184600,-1.7839431077924173,0,1,1,1,1,1,,4.625,0.0,-1.7839431077924173
184602,0.3728323270773501,0,1,1,1,1,1,9.9,9.9,9.9,0.3728323270773501
184603,-0.4235819419142638,0,2,2,2,1,2,8.4,5.800000000000001,5.800000000000001,-0.4235819419142638
184606,0.001160837767919739,0,1,1,1,1,1,7.5,7.5,7.5,0.001160837767919739
184607,0.2935263265263256,0,1,1,1,1,1,7.5,7.5,7.5,0.2935263265263256
184609,1.0197116497189218,0,1,1,1,1,1,8.2,8.2,8.2,1.0197116497189218
184612,0.6284208903112056,0,1,1,1,1,1,9.3,9.3,9.3,0.6284208903112056
184616,-1.1023400307094635,0,1,1,1,1,1,3.2,3.2,3.2,-1.1023400307094635
184618,0.45590926732263326,0,2,2,2,2,2,8.95,8.95,8.95,0.45590926732263326
184619,0.15300628863521346,0,2,2,2,2,2,8.5,8.5,8.5,0.15300628863521346
184620,0.04578642613230679,0,1,1,1,1,1,9.5,9.5,9.5,0.04578642613230679
184621,-0.04403075573921089,0,2,2,2,2,2,8.55,8.55,8.55,-0.04403075573921089
184622,0.28687912015926365,0,3,3,2,3,2,9.4,9.4,9.4,0.28687912015926365
184623,0.5152861646393007,0,3,3,3,3,2,9.333333333333334,9.333333333333334,9.333333333333334,0.5152861646393007
184624,-2.402360327123657,0,2,2,2,1,2,,1.9833333333333332,1.1,-2.402360327123657
184625,0.07352996436626529,0,2,2,2,2,2,8.5,8.5,8.5,0.07352996436626529
184627,0.6978487521968119,0,3,3,3,3,2,9.433333333333334,9.433333333333334,9.433333333333334,0.6978487521968119
184630,0.025456443816948348,0,2,2,2,2,2,8.399999999999999,8.399999999999999,8.399999999999999,0.025456443816948348
184634,-0.3414934562820757,0,2,2,2,2,2,9.0,9.0,9.0,-0.3414934562820757
184638,0.40337394900362616,0,3,3,3,3,2,9.166666666666666,9.166666666666666,9.166666666666666,0.40337394900362616
184641,0.4405982605314428,0,1,1,1,1,1,9.0,9.0,9.0,0.4405982605314428
184654,0.5929366854630539,0,3,3,3,3,2,9.433333333333334,9.433333333333334,9.433333333333334,0.5929366854630539
184655,0.3025267080305302,0,3,3,3,3,2,9.299999999999999,9.299999999999999,9.299999999999999,0.3025267080305302
184659,-2.899108519521537,0,1,1,1,1,1,1.9,1.9,1.9,-2.899108519521537
184663,0.5514091569428082,0,3,3,3,3,2,9.566666666666666,9.566666666666666,9.566666666666666,0.5514091569428082
184666,0.5575033703536943,0,3,3,3,3,2,9.299999999999999,9.299999999999999,9.299999999999999,0.5575033703536943
184669,0.30080308749477863,0,2,2,2,1,2,9.0,6.375,8.05,0.30080308749477863
184670,-1.2912046579788794,0,2,2,2,1,2,6.5,6.825,6.3,-1.2912046579788794
184671,-2.0024645567372192,0,1,1,1,1,1,,7.15,6.1,-2.0024645567372192
184672,0.5059475080976027,0,3,3,3,3,2,9.433333333333334,9.433333333333334,9.433333333333334,0.5059475080976027
184675,-0.6163296739517911,0,1,1,1,1,1,,3.2600000000000002,1.8,-0.6163296739517911
184677,-0.24827932084799573,0,3,3,3,3,2,8.5,8.5,8.5,-0.24827932084799573
184685,-1.092403965870584,0,1,1,1,1,1,,5.0,0.0,-1.092403965870584
184686,0.059805497167646285,0,2,2,1,2,2,8.1,8.1,8.1,0.059805497167646285
184689,-0.3542683780727906,0,2,2,2,1,2,8.9,6.050000000000001,6.050000000000001,-0.3542683780727906
184696,-0.22994346847277736,0,2,2,2,1,2,7.25,7.25,7.25,-0.22994346847277736
184699,0.6102669677653739,0,3,3,3,3,2,8.966666666666667,8.966666666666667,8.966666666666667,0.6102669677653739
184700,-4.59954301715577,0,1,1,1,1,1,,,3.7,-4.59954301715577
184709,-2.3661056050091385,0,1,1,1,1,1,,0.0,0.0,-2.3661056050091385
184710,0.1791151773635897,0,2,2,2,2,2,9.05,9.05,9.05,0.1791151773635897
184712,0.32619541278532654,0,1,1,1,1,1,8.0,8.0,8.0,0.32619541278532654
184715,0.8486810472830677,0,1,1,1,1,1,10.0,10.0,10.0,0.8486810472830677
184718,0.39120232778880765,0,1,1,1,1,1,8.1,8.1,8.1,0.39120232778880765
184720,0.00542372355899882,0,3,3,2,3,2,9.25,8.616666666666667,8.566666666666666,0.00542372355899882
184723,-3.914179510476957,0,1,1,1,1,1,0.0,0.0,0.0,-3.914179510476957
184729,-2.0795920415932643,0,2,2,2,1,2,,4.295833333333333,1.2999999999999998,-2.0795920415932643
184734,-0.9967088306052709,0,1,1,1,1,1,8.1,8.1,8.1,-0.9967088306052709
184735,-0.18740563006389596,0,1,1,1,1,1,,3.25,6.5,-0.18740563006389596
184737,-0.3559600472746892,0,1,1,1,1,1,7.5,7.5,7.5,-0.3559600472746892
184739,0.4503130025546936,0,2,2,2,2,2,9.55,9.55,9.55,0.4503130025546936
184742,0.771661598969227,0,3,3,3,3,2,9.433333333333332,9.433333333333332,9.433333333333332,0.771661598969227
184745,0.02163055143000308,0,1,1,1,1,1,8.0,8.0,8.0,0.02163055143000308
184747,0.5986749705709201,0,1,1,1,1,1,9.5,9.5,9.5,0.5986749705709201
184753,0.8328263146431631,0,1,1,1,1,1,7.5,7.5,7.5,0.8328263146431631
184757,0.2386822290734543,0,2,2,2,1,2,9.2,9.2,7.446153846153846,0.2386822290734543
184759,-0.2597654742653959,0,1,1,1,1,1,9.0,9.0,9.0,-0.2597654742653959
184760,-0.5653989355471222,0,2,2,2,1,2,7.4,7.4,7.4,-0.5653989355471222
184761,-0.30840884676208397,0,3,3,2,3,2,9.299999999999999,9.299999999999999,9.299999999999999,-0.30840884676208397
184762,-1.9382676243930992,0,1,1,1,1,1,,3.6500000000000004,1.3,-1.9382676243930992
184763,0.7651795383273559,0,2,2,2,2,2,9.75,9.75,9.75,0.7651795383273559
184765,0.670944561635908,0,2,2,2,2,2,9.6,9.6,9.6,0.670944561635908
184771,0.21615445184913498,0,1,1,1,1,1,9.0,9.0,9.0,0.21615445184913498
184776,0.4816961329962943,0,2,2,2,2,2,9.15,9.15,9.15,0.4816961329962943
184778,-0.2642264295644797,0,1,1,1,1,1,,,6.2615384615384615,-0.2642264295644797
184779,0.4375757117537513,0,2,2,2,2,2,9.25,9.25,9.25,0.4375757117537513
184780,0.7605764024296469,0,2,2,2,2,2,9.5,9.5,9.5,0.7605764024296469
184781,0.19632857632878364,0,3,3,3,3,2,9.166666666666666,9.166666666666666,9.166666666666666,0.19632857632878364
184782,0.7366720270211397,0,3,3,3,3,2,9.6,9.6,9.6,0.7366720270211397
184783,-0.914582936883224,0,2,2,2,1,2,8.0,5.4875,4.0,-0.914582936883224
184784,0.6825310183457147,0,2,2,2,2,2,9.5,9.5,9.5,0.6825310183457147
184787,0.4331743252708678,0,2,2,1,2,2,9.4,9.4,9.4,0.4331743252708678
184790,1.109240067300718,0,1,1,1,1,1,10.0,10.0,10.0,1.109240067300718
184794,0.3114763466795099,0,2,2,2,2,2,8.75,8.75,8.75,0.3114763466795099
184802,0.10065771883884665,0,1,1,1,1,1,7.9,7.9,7.9,0.10065771883884665
184803,-0.25175011891135046,0,3,3,3,3,2,7.866666666666667,7.866666666666667,7.866666666666667,-0.25175011891135046
184815,0.21615445184913498,0,1,1,1,1,1,9.0,9.0,9.0,0.21615445184913498
184817,0.31341269177672837,0,1,1,1,1,1,9.7,9.7,9.7,0.31341269177672837
184819,-1.1117987116170163,0,2,2,2,1,2,8.6,8.6,4.711111111111111,-1.1117987116170163
184822,0.6512299878027333,0,1,1,1,1,1,8.5,8.5,8.5,0.6512299878027333
184823,0.11270358096945944,0,2,2,2,2,2,8.75,8.75,8.75,0.11270358096945944
184824,-0.21185267330322594,0,1,1,1,1,1,8.0,8.0,8.0,-0.21185267330322594
184828,0.6194995141556238,0,3,3,2,3,2,10.0,10.0,10.0,0.6194995141556238
184829,0.3096506269791859,0,3,3,3,3,2,9.1,9.1,9.1,0.3096506269791859
184830,0.21270364729636426,0,2,2,1,2,2,9.5,9.5,9.5,0.21270364729636426
184836,-1.0835832173809465,0,1,1,1,1,1,,3.2600000000000002,0.0,-1.0835832173809465
184837,-1.2339705472982263,0,1,1,1,1,1,,7.183333333333334,5.6,-1.2339705472982263
184840,0.5619884612814179,0,2,2,2,2,2,9.45,9.45,9.45,0.5619884612814179
184841,0.6291091147532502,0,2,2,2,2,2,9.65,9.65,9.65,0.6291091147532502
184849,0.3743278237037513,0,2,2,2,2,2,9.5,9.5,9.5,0.3743278237037513
184851,0.29106068948647995,0,1,1,1,1,1,8.8,8.8,8.8,0.29106068948647995
184853,0.01731039193951621,0,1,1,1,1,1,7.5,7.5,7.5,0.01731039193951621
184855,0.5761597625079372,0,2,2,2,2,2,9.75,9.75,9.75,0.5761597625079372
184859,0.674077988863087,0,2,2,2,2,2,9.85,9.85,9.85,0.674077988863087
184860,-0.34421906641108285,0,3,3,2,3,2,8.033333333333333,8.033333333333333,8.033333333333333,-0.34421906641108285
184866,0.45324620320976816,0,3,3,3,3,2,9.166666666666666,9.166666666666666,9.166666666666666,0.45324620320976816
184869,0.7862645063493906,0,1,1,1,1,1,10.0,10.0,10.0,0.7862645063493906
184874,0.3970210773321246,0,2,2,2,2,2,9.0,9.0,9.0,0.3970210773321246
184875,0.8705353617376941,0,2,2,2,2,2,9.9,9.9,9.9,0.8705353617376941
184876,0.4938552994509055,0,1,1,1,1,1,9.3,9.3,9.3,0.4938552994509055
184878,0.44364480058214056,0,3,3,3,3,2,9.233333333333334,9.233333333333334,9.233333333333334,0.44364480058214056
184880,0.6791783190386678,0,1,1,1,1,1,10.0,10.0,10.0,0.6791783190386678
184881,0.8010099026567356,0,1,1,1,1,1,8.6,8.6,8.6,0.8010099026567356
184885,0.1278691431957637,0,1,1,1,1,1,8.3,8.3,8.3,0.1278691431957637
184887,0.22326084636516835,0,2,2,2,2,2,9.15,9.15,9.15,0.22326084636516835
184897,0.17439197544196944,0,2,2,2,2,2,8.35,8.35,8.35,0.17439197544196944
184900,-0.2920842097001119,0,2,2,2,1,2,8.9,6.050000000000001,6.050000000000001,-0.2920842097001119
184902,0.6175814545064567,0,3,3,3,3,2,9.933333333333334,9.933333333333334,9.933333333333334,0.6175814545064567
184904,0.21484842955971203,0,2,2,2,1,2,9.2,9.2,8.015384615384615,0.21484842955971203
184905,1.1662500788326366,0,1,1,1,1,1,9.1,9.1,9.1,1.1662500788326366
184912,0.03689875906903556,0,3,3,3,3,2,8.700000000000001,8.700000000000001,8.700000000000001,0.03689875906903556
184914,-1.4515479983014183,0,1,1,1,1,1,1.2,1.2,1.2,-1.4515479983014183
184915,0.7624557141301733,0,3,3,2,3,2,9.9,9.9,9.9,0.7624557141301733
184917,-0.7679060242659121,0,1,1,1,1,1,,5.6571428571428575,2.1,-0.7679060242659121
184918,0.1857910876089407,0,2,2,1,2,2,9.15,9.15,9.15,0.1857910876089407
184919,-2.06233827600929,0,2,2,2,1,2,,4.8125,0.0,-2.06233827600929
184921,-0.6738073445828837,0,3,3,2,3,2,4.3,4.3,4.3,-0.6738073445828837
184922,-0.8191274909922271,0,2,2,2,1,2,8.3,6.4625,4.15,-0.8191274909922271
184926,0.18591076243583746,0,2,2,2,2,2,8.75,8.75,8.75,0.18591076243583746
184927,-1.4324096946584486,0,2,2,2,1,2,0.3,1.78,1.05,-1.4324096946584486
184928,0.6836120234494176,0,3,3,3,3,2,9.866666666666667,9.866666666666667,9.866666666666667,0.6836120234494176
184930,-0.09795543091027914,0,2,2,2,2,2,9.7,7.2299999999999995,5.699999999999999,-0.09795543091027914
184931,0.4470407518991665,0,1,1,1,1,1,8.2,8.2,8.2,0.4470407518991665
184935,0.06314624436042146,0,1,1,1,1,1,8.8,8.8,8.8,0.06314624436042146
184937,-0.4823590480493112,0,3,3,3,3,2,7.466666666666668,7.466666666666668,7.466666666666668,-0.4823590480493112
184940,-0.14156754960515103,0,2,2,2,2,2,8.1,8.1,8.1,-0.14156754960515103
184942,-0.619746599700617,0,2,2,2,2,2,8.65,8.65,8.65,-0.619746599700617
184944,-0.11606880854306859,0,2,2,2,2,2,8.85,8.85,8.85,-0.11606880854306859
184945,0.8677109814776802,0,3,3,3,3,2,9.833333333333334,9.833333333333334,9.833333333333334,0.8677109814776802
184949,0.2776981402226426,0,3,3,3,3,2,8.200000000000001,8.200000000000001,8.200000000000001,0.2776981402226426
184951,0.05469447090593611,0,2,2,1,2,2,8.45,8.45,8.45,0.05469447090593611
184952,-1.3758261758321495,0,1,1,1,1,1,,2.9749999999999996,0.0,-1.3758261758321495
184953,-2.850591937968329,0,1,1,1,1,1,0.0,0.0,0.0,-2.850591937968329
184956,1.366306052841028,0,1,1,1,1,1,9.6,9.6,9.6,1.366306052841028
184957,-1.7466504104340572,0,2,2,2,1,2,3.5,5.1,5.15,-1.7466504104340572
184960,0.41415994593712946,0,2,2,2,2,2,9.75,9.75,9.75,0.41415994593712946
184962,0.36337288293308406,0,2,2,1,2,2,9.5,9.5,9.5,0.36337288293308406
184966,0.06776490633010429,0,1,1,1,1,1,9.4,9.4,9.4,0.06776490633010429
184969,-0.15805053888661527,0,3,3,3,3,2,9.35,8.108333333333333,8.366666666666667,-0.15805053888661527
184970,-4.696379137570817,0,1,1,1,1,1,,,3.7,-4.696379137570817
184971,-1.2339705472982263,0,1,1,1,1,1,,7.183333333333334,5.6,-1.2339705472982263
184974,-2.3922721317847278,0,1,1,1,1,1,,6.875,3.5,-2.3922721317847278
184975,0.3879564311150412,0,1,1,1,1,1,8.9,8.9,8.9,0.3879564311150412
184977,0.42032269372436526,0,2,2,2,2,2,9.5,9.5,9.5,0.42032269372436526
184978,0.4817984347422173,0,2,2,2,2,2,9.6,9.6,9.6,0.4817984347422173
184980,-0.8663594282756485,0,2,2,2,1,2,8.6,7.875,7.35,-0.8663594282756485
184981,-0.5495486242650945,0,2,2,2,1,2,8.8,6.7125,5.0,-0.5495486242650945
184983,-0.19013222657358061,0,2,2,1,2,2,8.15,8.15,8.15,-0.19013222657358061
184984,0.2933344707275409,0,1,1,1,1,1,8.5,8.5,8.5,0.2933344707275409
184986,-0.5902359632958177,0,2,2,2,2,2,9.6,6.3,6.199999999999999,-0.5902359632958177
184987,0.6721769824750219,0,1,1,1,1,1,9.2,9.2,9.2,0.6721769824750219
184989,0.3711602193484837,0,3,3,3,3,2,9.200000000000001,9.200000000000001,9.200000000000001,0.3711602193484837
184990,0.6886844015743918,0,1,1,1,1,1,8.6,8.6,8.6,0.6886844015743918
184991,0.46012043902540284,0,3,3,2,3,2,9.166666666666666,9.166666666666666,9.166666666666666,0.46012043902540284
184994,0.5290912048378443,0,3,3,3,3,2,9.233333333333333,9.233333333333333,9.233333333333333,0.5290912048378443
184995,-2.3922721317847278,0,1,1,1,1,1,,6.875,3.5,-2.3922721317847278
184996,0.5986749705709201,0,1,1,1,1,1,9.5,9.5,9.5,0.5986749705709201
184998,0.35421722018410273,0,3,3,3,3,2,8.366666666666667,8.366666666666667,8.366666666666667,0.35421722018410273
185006,-0.4948291658070307,0,2,2,2,1,2,8.8,6.7125,5.15,-0.4948291658070307
185008,0.7483359859060811,0,3,3,3,3,2,9.799999999999999,9.799999999999999,9.799999999999999,0.7483359859060811
185009,-0.3474963599252882,0,3,3,3,3,2,7.6000000000000005,7.6000000000000005,7.6000000000000005,-0.3474963599252882
185012,0.930328051249617,0,1,1,1,1,1,9.0,9.0,9.0,0.930328051249617
185013,0.31341269177672837,0,1,1,1,1,1,9.7,9.7,9.7,0.31341269177672837
185015,0.07685513360148306,0,3,3,3,3,2,8.866666666666667,8.866666666666667,8.866666666666667,0.07685513360148306
185016,-0.053571510162095326,0,2,2,2,2,2,8.399999999999999,8.399999999999999,8.399999999999999,-0.053571510162095326
185017,0.5879758619881572,0,2,2,2,2,2,9.25,9.25,9.25,0.5879758619881572
185018,0.46837939802341705,0,2,2,2,2,2,9.4,9.4,9.4,0.46837939802341705
185020,0.3952952869256045,0,1,1,1,1,1,9.8,9.8,9.8,0.3952952869256045
185026,0.32619541278532654,0,1,1,1,1,1,8.0,8.0,8.0,0.32619541278532654
185033,0.7326556312838293,0,1,1,1,1,1,9.3,9.3,9.3,0.7326556312838293
185036,0.23098989791183805,0,2,2,2,2,2,9.0,9.0,9.0,0.23098989791183805
185037,-0.08285421532534681,0,2,2,2,2,2,9.8,7.28,5.550000000000001,-0.08285421532534681
185042,0.9762645628201402,0,1,1,1,1,1,9.0,9.0,9.0,0.9762645628201402
185044,0.40659431232455273,0,3,3,3,3,2,9.700000000000001,9.700000000000001,9.700000000000001,0.40659431232455273
185047,0.6791783190386678,0,1,1,1,1,1,10.0,10.0,10.0,0.6791783190386678
185051,0.29106068948647995,0,1,1,1,1,1,8.8,8.8,8.8,0.29106068948647995
185060,0.13711389879727862,0,2,2,2,2,2,9.25,9.25,9.25,0.13711389879727862
185078,0.052083821813694677,0,3,3,3,3,2,9.7,8.066666666666666,7.666666666666667,0.052083821813694677
185081,0.49540932833984686,0,1,1,1,1,1,8.7,8.7,8.7,0.49540932833984686
185085,0.5761423992058764,0,2,2,2,2,2,9.9,9.9,9.9,0.5761423992058764
185087,0.4738319953598737,0,3,3,2,3,2,9.933333333333334,9.933333333333334,9.933333333333334,0.4738319953598737
185092,0.11471672592783902,0,2,2,2,1,2,7.6,7.6,7.6,0.11471672592783902
185093,-4.062333509792909,0,1,1,1,1,1,,7.5,2.466666666666667,-4.062333509792909
185095,-0.7679060242659121,0,1,1,1,1,1,,5.6571428571428575,2.1,-0.7679060242659121
185098,0.4183481522403021,0,3,3,2,3,2,9.799999999999999,9.799999999999999,9.799999999999999,0.4183481522403021
185099,-0.8793225236824572,0,2,2,2,2,2,6.55,6.55,6.55,-0.8793225236824572
185108,1.202482619068114,0,3,3,2,3,2,9.6,9.6,9.6,1.202482619068114
185109,0.5504600478403449,0,2,2,1,2,2,10.0,10.0,10.0,0.5504600478403449
185110,-0.1166301374042769,0,3,3,3,3,2,8.433333333333334,8.433333333333334,8.433333333333334,-0.1166301374042769
185118,0.04993078285360188,0,2,2,2,2,2,7.8,7.8,7.8,0.04993078285360188
185128,0.576949289160078,0,3,3,3,3,2,9.633333333333333,9.633333333333333,9.633333333333333,0.576949289160078
185135,0.7937948088141543,0,1,1,1,1,1,9.9,9.9,9.9,0.7937948088141543
185136,-0.09818739533331,0,3,3,3,3,2,8.1,8.1,8.1,-0.09818739533331
185144,-0.5996370532586829,0,3,3,3,3,2,9.15,7.7,6.3,-0.5996370532586829
185147,0.6057221492121144,0,3,3,3,3,2,9.933333333333334,9.933333333333334,9.933333333333334,0.6057221492121144
185148,-0.590901149057748,0,2,2,2,1,2,8.6,6.6125,4.8999999999999995,-0.590901149057748
185158,0.6569240597903675,0,1,1,1,1,1,9.7,9.7,9.7,0.6569240597903675
185161,0.3733611810231156,0,2,2,2,2,2,8.95,8.95,8.95,0.3733611810231156
185174,0.6311453239318889,0,2,2,2,2,2,10.0,10.0,10.0,0.6311453239318889
185175,-1.9682933893579384,0,1,1,1,1,1,,5.0,0.0,-1.9682933893579384
185176,0.45137038997699047,0,1,1,1,1,1,9.1,9.1,9.1,0.45137038997699047
185179,0.6334845525200771,0,3,3,3,3,2,9.933333333333334,9.933333333333334,9.933333333333334,0.6334845525200771
185180,0.653307383628506,0,3,3,3,3,2,10.0,10.0,10.0,0.653307383628506
185182,-1.0989472577935369,0,2,2,2,1,2,9.0,7.541666666666666,5.45,-1.0989472577935369
185188,0.911257647816659,0,1,1,1,1,1,8.9,8.9,8.9,0.911257647816659
185191,0.538503590228312,0,3,3,2,3,2,9.833333333333334,9.833333333333334,9.833333333333334,0.538503590228312
185192,0.3166094318231807,0,2,2,2,2,2,9.35,9.35,9.35,0.3166094318231807
185200,0.6886844015743918,0,1,1,1,1,1,8.6,8.6,8.6,0.6886844015743918
185205,0.2871252384923017,0,3,3,2,3,2,8.233333333333333,8.233333333333333,8.233333333333333,0.2871252384923017
185206,-1.9682933893579384,0,1,1,1,1,1,,5.0,0.0,-1.9682933893579384
185211,0.16645037563302187,0,1,1,1,1,1,,3.75,7.1,0.16645037563302187
185213,1.0051914704324987,0,1,1,1,1,1,10.0,10.0,10.0,1.0051914704324987
185216,-0.25889270979240736,0,3,3,3,3,2,8.133333333333333,8.133333333333333,8.133333333333333,-0.25889270979240736
185217,0.4444037810270201,0,3,3,3,3,2,9.200000000000001,9.200000000000001,9.200000000000001,0.4444037810270201
185218,0.6807507106784954,0,3,3,3,3,2,10.0,10.0,10.0,0.6807507106784954
185219,0.2211972949515052,0,3,3,3,3,2,8.633333333333333,8.633333333333333,8.633333333333333,0.2211972949515052
185221,-2.574211948896426,0,3,3,3,3,2,8.5,5.45,4.866666666666666,-2.574211948896426
185223,-0.6163296739517911,0,1,1,1,1,1,,3.2600000000000002,1.8,-0.6163296739517911
185230,-1.7095527784577327,0,1,1,1,1,1,,4.816666666666666,3.2,-1.7095527784577327
185234,-2.383870753094554,0,1,1,1,1,1,,7.5,4.933333333333334,-2.383870753094554
185240,0.1558824303262289,0,2,2,2,2,2,8.75,8.75,8.75,0.1558824303262289
185241,0.18554148708669585,0,1,1,1,1,1,8.7,8.7,8.7,0.18554148708669585
185244,0.47717788207447914,0,1,1,1,1,1,9.9,9.9,9.9,0.47717788207447914
185405,0.8328263146431631,0,1,1,1,1,1,7.5,7.5,7.5,0.8328263146431631
185406,0.6298373980585033,0,3,3,2,3,2,10.0,10.0,10.0,0.6298373980585033
185414,0.5203300165348715,0,1,1,1,1,1,9.4,9.4,9.4,0.5203300165348715
185417,0.7264952579152869,0,3,3,3,3,2,10.0,10.0,10.0,0.7264952579152869
185441,-0.5344185857144188,0,2,2,2,1,2,9.5,7.0625,5.5,-0.5344185857144188
185442,0.23976073373871104,0,1,1,1,1,1,8.0,8.0,8.0,0.23976073373871104
185443,-3.494789326314789,0,1,1,1,1,1,4.1,4.1,4.1,-3.494789326314789
185444,0.24719794715659307,0,1,1,1,1,1,9.6,9.6,9.6,0.24719794715659307
185453,-1.1818806574017864,0,2,2,2,1,2,2.25,2.25,2.25,-1.1818806574017864
185454,-1.7375569767469368,0,1,1,1,1,1,,3.75,0.0,-1.7375569767469368
185455,0.19264538551798852,0,3,3,3,3,2,8.966666666666667,8.966666666666667,8.966666666666667,0.19264538551798852
185456,-2.340733444226163,0,1,1,1,1,1,,5.0,0.0,-2.340733444226163
185465,0.14234405415421122,0,3,3,3,3,2,8.366666666666667,8.366666666666667,8.366666666666667,0.14234405415421122
185466,0.2329582319919518,0,3,3,3,3,2,8.9,8.9,8.9,0.2329582319919518
185467,-0.3820255082182085,0,2,2,2,1,2,8.100000000000001,8.100000000000001,8.100000000000001,-0.3820255082182085
185473,-2.427904767703429,0,1,1,1,1,1,0.0,0.0,0.0,-2.427904767703429
185474,0.430209145473605,0,3,3,3,3,2,9.033333333333333,9.033333333333333,9.033333333333333,0.430209145473605
185475,-2.0024645567372192,0,1,1,1,1,1,,7.15,6.1,-2.0024645567372192
185478,-0.8615867525455562,0,2,2,2,1,2,9.1,9.1,5.372222222222222,-0.8615867525455562
185481,0.6226379006845532,0,3,3,3,3,2,9.666666666666666,9.666666666666666,9.666666666666666,0.6226379006845532
185483,0.15416170543578644,0,2,2,2,2,2,8.45,8.45,8.45,0.15416170543578644
185484,0.9106471249777263,0,1,1,1,1,1,9.0,9.0,9.0,0.9106471249777263
185487,-0.7852526791113829,0,1,1,1,1,1,8.0,8.0,8.0,-0.7852526791113829
185504,0.32619541278532654,0,1,1,1,1,1,8.0,8.0,8.0,0.32619541278532654
185511,-1.3684492209286687,0,1,1,1,1,1,1.5,1.5,1.5,-1.3684492209286687
185517,0.026159307178223845,0,2,2,2,2,2,9.0,9.0,9.0,0.026159307178223845
185518,0.6029644881727207,0,2,2,2,2,2,9.55,9.55,9.55,0.6029644881727207
185519,0.37075548853342716,0,1,1,1,1,1,8.7,8.7,8.7,0.37075548853342716
185520,0.08457527738632911,0,1,1,1,1,1,7.6,7.6,7.6,0.08457527738632911
185521,-0.06804230534841053,0,3,3,3,3,2,8.866666666666665,8.866666666666665,8.866666666666665,-0.06804230534841053
185524,0.4118409755999167,0,1,1,1,1,1,9.2,9.2,9.2,0.4118409755999167
185526,-0.5356977285075833,0,3,3,3,3,2,8.0,6.644444444444443,5.599999999999999,-0.5356977285075833
185527,0.6005658985271485,0,1,1,1,1,1,9.4,9.4,9.4,0.6005658985271485
185528,-0.877309372345398,0,3,3,3,3,2,8.4,8.4,8.4,-0.877309372345398
185529,0.043089550421791155,0,1,1,1,1,1,9.3,9.3,9.3,0.043089550421791155
185533,0.3911911730628566,0,2,2,2,2,2,9.0,9.0,9.0,0.3911911730628566
185537,-1.214466948159725,0,2,2,2,2,2,9.9,6.0,4.95,-1.214466948159725
185538,-1.0835832173809465,0,1,1,1,1,1,,3.2600000000000002,0.0,-1.0835832173809465
185539,0.28812327890529893,0,3,3,3,3,2,8.633333333333333,8.633333333333333,8.633333333333333,0.28812327890529893
185540,0.6464793428792617,0,2,2,2,2,2,9.3,9.3,9.3,0.6464793428792617
185543,0.47717788207447914,0,1,1,1,1,1,9.9,9.9,9.9,0.47717788207447914
185547,0.5590604772233538,0,1,1,1,1,1,10.0,10.0,10.0,0.5590604772233538
185555,0.01731039193951621,0,1,1,1,1,1,7.5,7.5,7.5,0.01731039193951621
185556,0.7325375855185401,0,2,2,2,2,2,9.85,9.85,9.85,0.7325375855185401
185558,0.22971635023313508,0,3,3,2,3,2,9.333333333333334,9.333333333333334,9.333333333333334,0.22971635023313508
185559,-0.06107449815530346,0,1,1,1,1,1,7.8,7.8,7.8,-0.06107449815530346
185560,0.4938552994509055,0,1,1,1,1,1,9.3,9.3,9.3,0.4938552994509055
185561,0.14167173246234624,0,1,1,1,1,1,8.2,8.2,8.2,0.14167173246234624
185563,0.10759398694777844,0,2,2,2,2,2,8.25,8.25,8.25,0.10759398694777844
185565,0.07522147662722917,0,2,2,2,2,2,8.649999999999999,8.649999999999999,8.649999999999999,0.07522147662722917
185570,-0.09299590949274551,0,1,1,1,1,1,8.3,8.3,8.3,-0.09299590949274551
185571,0.4438628147598688,0,1,1,1,1,1,8.3,8.3,8.3,0.4438628147598688
185572,0.2783417603070861,0,3,3,2,3,2,9.466666666666667,9.466666666666667,9.466666666666667,0.2783417603070861
185576,0.21388216102073662,0,3,3,3,3,2,8.700000000000001,8.700000000000001,8.700000000000001,0.21388216102073662
185578,0.40776512576979396,0,2,2,2,2,2,9.3,9.3,9.3,0.40776512576979396
185580,0.7234135893646997,0,2,2,2,2,2,9.9,9.9,9.9,0.7234135893646997
185582,0.6259651872224036,0,3,3,3,3,2,9.366666666666667,9.366666666666667,9.366666666666667,0.6259651872224036
185587,-0.8725092001200737,0,2,2,2,2,2,8.1,6.016666666666667,4.05,-0.8725092001200737
185588,0.44509868173649436,0,3,3,3,3,2,9.066666666666666,9.066666666666666,9.066666666666666,0.44509868173649436
185589,0.4207676044387015,0,2,2,2,2,2,9.4,9.4,9.4,0.4207676044387015
185595,-1.3758261758321495,0,1,1,1,1,1,0.0,0.0,0.0,-1.3758261758321495
185597,-1.4219394208019491,0,2,2,2,2,2,4.05,4.05,4.05,-1.4219394208019491
185603,-0.11773652434021414,0,1,1,1,1,1,9.3,9.3,9.3,-0.11773652434021414
185604,0.6424970044380571,0,3,3,3,3,2,9.966666666666667,9.966666666666667,9.966666666666667,0.6424970044380571
185605,-0.12940368129488253,0,2,2,2,2,2,8.8,8.8,8.8,-0.12940368129488253
185606,0.9609073319709127,0,3,3,3,3,2,9.733333333333333,9.733333333333333,9.733333333333333,0.9609073319709127
185608,0.11700660375679049,0,2,2,2,2,2,8.95,8.95,8.95,0.11700660375679049
185610,-1.9060205350606467,0,1,1,1,1,1,,,2.466666666666667,-1.9060205350606467
185611,0.32040438374447716,0,2,2,2,2,2,7.5,7.5,7.5,0.32040438374447716
185614,0.4267960153098749,0,3,3,3,3,2,9.333333333333334,9.333333333333334,9.333333333333334,0.4267960153098749
185615,0.16079685065144114,0,2,2,1,2,2,9.100000000000001,9.100000000000001,9.100000000000001,0.16079685065144114
185617,0.7505727500654558,0,1,1,1,1,1,10.0,10.0,10.0,0.7505727500654558
185618,0.46561208057230946,0,3,3,3,3,2,9.866666666666667,9.866666666666667,9.866666666666667,0.46561208057230946
185619,0.7335138959546581,0,1,1,1,1,1,,3.2600000000000002,7.0,0.7335138959546581
185621,-1.348152855195477,0,1,1,1,1,1,,5.6571428571428575,0.0,-1.348152855195477
185623,-1.3758261758321495,0,1,1,1,1,1,0.0,0.0,0.0,-1.3758261758321495
185624,-1.487450228524296,0,3,3,3,3,2,8.5,4.141666666666667,4.033333333333334,-1.487450228524296
185625,0.08994006742882359,0,3,3,3,3,2,8.6,8.6,8.6,0.08994006742882359
185630,0.4768401281297321,0,2,2,2,2,2,9.3,9.3,9.3,0.4768401281297321
185631,-0.6867548967983851,0,3,3,3,3,2,8.85,7.211111111111111,5.8999999999999995,-0.6867548967983851
185639,0.5893318505743884,0,2,2,1,2,2,9.95,9.95,9.95,0.5893318505743884
185641,-1.6123592408809928,0,1,1,1,1,1,,,3.2888888888888888,-1.6123592408809928
185642,0.5333093173566965,0,1,1,1,1,1,9.3,9.3,9.3,0.5333093173566965
185645,-0.38405099069506543,0,2,2,2,1,2,10.0,10.0,7.055555555555555,-0.38405099069506543
185649,0.08457527738632911,0,1,1,1,1,1,7.6,7.6,7.6,0.08457527738632911
185679,0.07074723699628509,0,3,3,3,3,2,7.533333333333334,7.533333333333334,7.533333333333334,0.07074723699628509
185680,0.08582495398936461,0,2,2,1,2,2,8.9,8.9,8.9,0.08582495398936461
185681,0.3532539136657964,0,3,3,3,3,2,8.9,8.9,8.9,0.3532539136657964
185688,0.8710240832712146,0,2,2,1,2,2,10.0,10.0,10.0,0.8710240832712146
185689,0.4932701747873442,0,3,3,2,3,2,9.9,9.9,9.9,0.4932701747873442
185690,0.6791783190386678,0,1,1,1,1,1,10.0,10.0,10.0,0.6791783190386678
185693,0.7845518629637513,0,1,1,1,1,1,10.0,10.0,10.0,0.7845518629637513
185695,0.8598366071819514,0,1,1,1,1,1,8.8,8.8,8.8,0.8598366071819514
185698,0.33959100816030136,0,3,3,3,3,2,8.866666666666667,8.866666666666667,8.866666666666667,0.33959100816030136
185699,0.5418851501800522,0,3,3,3,3,2,9.433333333333334,9.433333333333334,9.433333333333334,0.5418851501800522
185702,0.12320926027538055,0,1,1,1,1,1,7.9,7.9,7.9,0.12320926027538055
185703,0.572451452563545,0,2,2,2,2,2,9.8,9.8,9.8,0.572451452563545
185704,1.3565186205268653,0,1,1,1,1,1,9.4,9.4,9.4,1.3565186205268653
185705,-2.3661056050091385,0,1,1,1,1,1,0.0,0.0,0.0,-2.3661056050091385
185706,-0.5799447592205396,0,1,1,1,1,1,,6.875,6.5,-0.5799447592205396
185712,0.6910671789334151,0,3,3,2,3,2,9.933333333333334,9.933333333333334,9.933333333333334,0.6910671789334151
185713,0.3110982249785754,0,1,1,1,1,1,8.7,8.7,8.7,0.3110982249785754
185715,-0.6454777047551047,0,1,1,1,1,1,3.8,3.8,3.8,-0.6454777047551047
185716,0.7301896417412203,0,2,2,2,2,2,9.85,9.85,9.85,0.7301896417412203
185717,0.5345223405412964,0,1,1,1,1,1,9.7,9.7,9.7,0.5345223405412964
185718,-0.9163223695087334,0,2,2,2,1,2,8.5,6.125,4.45,-0.9163223695087334
185720,-2.3661056050091385,0,1,1,1,1,1,0.0,0.0,0.0,-2.3661056050091385
185724,0.16106813083594998,0,2,2,2,2,2,8.95,8.95,8.95,0.16106813083594998
185730,0.12909772290814786,0,2,2,2,1,2,7.25,7.25,7.25,0.12909772290814786
185733,0.3621375076492095,0,2,2,2,2,2,9.2,9.2,9.2,0.3621375076492095
185743,-2.7076360848851104,0,1,1,1,1,1,,3.9666666666666663,1.4,-2.7076360848851104
185744,0.3938032745638823,0,1,1,1,1,1,8.9,8.9,8.9,0.3938032745638823
185746,-0.5323968006121862,0,2,2,2,2,2,7.8,7.8,7.8,-0.5323968006121862
185747,-2.850591937968329,0,1,1,1,1,1,,2.25,0.0,-2.850591937968329
185749,0.48706813470135185,0,3,3,2,3,2,9.533333333333333,9.533333333333333,9.533333333333333,0.48706813470135185
185759,0.3521224538948351,0,2,2,2,2,2,8.5,8.5,8.5,0.3521224538948351
185760,-2.1061965942096026,0,2,2,2,2,2,9.1,5.125,4.55,-2.1061965942096026
185767,-2.0024645567372192,0,1,1,1,1,1,,7.15,6.1,-2.0024645567372192
185780,0.4673805823669391,0,1,1,1,1,1,9.2,9.2,9.2,0.4673805823669391
185781,0.7223242933084281,0,2,2,2,2,2,9.8,9.8,9.8,0.7223242933084281
185782,0.6269081395450291,0,2,2,2,2,2,9.7,9.7,9.7,0.6269081395450291
185787,-0.6593442437243163,0,2,2,2,2,2,9.8,7.180000000000001,7.300000000000001,-0.6593442437243163
185788,0.24177265587833943,0,3,3,3,3,2,9.0,9.0,9.0,0.24177265587833943
185793,-1.907240231767419,0,3,3,3,3,2,9.0,6.78,5.833333333333333,-1.907240231767419
185796,-0.05848128930159488,0,2,2,2,2,2,8.9,8.9,7.41,-0.05848128930159488
185798,0.5588290590078924,0,1,1,1,1,1,7.5,7.5,7.5,0.5588290590078924
185799,0.08226489563203722,0,1,1,1,1,1,7.9,7.9,7.9,0.08226489563203722
185806,0.6311604383343002,0,3,3,3,3,2,9.6,9.6,9.6,0.6311604383343002
185807,-1.0250366525216845,0,1,1,1,1,1,,,4.933333333333334,-1.0250366525216845
185809,0.3750144865888179,0,2,2,2,2,2,8.75,8.75,8.75,0.3750144865888179
185812,-1.092403965870584,0,1,1,1,1,1,,5.0,0.0,-1.092403965870584
185816,0.681389455269358,0,3,3,3,3,2,9.299999999999999,9.299999999999999,9.299999999999999,0.681389455269358
185817,1.0652071866372919,0,1,1,1,1,1,9.8,9.8,9.8,1.0652071866372919
185823,0.5575268021497259,0,2,2,2,2,2,9.75,9.75,9.75,0.5575268021497259
185824,0.29106068948647995,0,1,1,1,1,1,8.8,8.8,8.8,0.29106068948647995
185829,0.5955224550425899,0,1,1,1,1,1,8.7,8.7,8.7,0.5955224550425899
185830,-0.21561859519140147,0,2,2,2,2,2,7.85,7.85,7.85,-0.21561859519140147
185832,-1.1161207511468934,0,1,1,1,1,1,0.2,0.2,0.2,-1.1161207511468934
185839,0.390602274576644,0,2,2,2,2,2,9.65,9.65,9.65,0.390602274576644
185840,-0.839134825543904,0,2,2,2,1,2,10.0,5.0,5.0,-0.839134825543904
185841,0.572451452563545,0,2,2,2,2,2,9.8,9.8,9.8,0.572451452563545
185842,-0.09016291148162642,0,3,3,3,3,2,9.5,7.033333333333334,7.733333333333333,-0.09016291148162642
185845,-0.015473505172094532,0,2,2,2,2,2,8.95,8.95,8.95,-0.015473505172094532
185846,0.7659759976977616,0,1,1,1,1,1,9.8,9.8,9.8,0.7659759976977616
185847,0.289251483429311,0,3,3,2,3,2,9.066666666666668,9.066666666666668,9.066666666666668,0.289251483429311
185856,-2.3661056050091385,0,1,1,1,1,1,,0.0,0.0,-2.3661056050091385
185857,0.559262766702625,0,3,3,3,3,2,9.933333333333334,9.933333333333334,9.933333333333334,0.559262766702625
185860,0.8899420641042726,0,1,1,1,1,1,8.1,8.1,8.1,0.8899420641042726
185861,0.8066409189011658,0,2,2,2,2,2,9.9,9.9,9.9,0.8066409189011658
185862,-0.6673946630767165,0,1,1,1,1,1,6.6,6.6,6.6,-0.6673946630767165
185870,0.1710506237938071,0,3,3,3,3,2,8.733333333333333,8.733333333333333,8.733333333333333,0.1710506237938071
185875,-0.2190437631219961,0,3,3,3,3,2,8.066666666666666,8.066666666666666,8.066666666666666,-0.2190437631219961
185880,0.4684809002703958,0,1,1,1,1,1,10.0,10.0,10.0,0.4684809002703958
185881,-0.5473845613791978,0,2,2,2,2,2,8.7,6.7299999999999995,4.3999999999999995,-0.5473845613791978
185884,0.04578642613230679,0,1,1,1,1,1,9.5,9.5,9.5,0.04578642613230679
185885,-1.7375569767469368,0,1,1,1,1,1,,3.75,0.0,-1.7375569767469368
185888,-0.05474464642610713,0,2,2,2,2,2,8.65,8.65,8.65,-0.05474464642610713
185894,0.3264920618637471,0,1,1,1,1,1,8.9,8.9,8.9,0.3264920618637471
185899,0.26993952293246937,0,2,2,2,2,2,8.9,8.9,8.9,0.26993952293246937
185904,0.3952952869256045,0,1,1,1,1,1,9.8,9.8,9.8,0.3952952869256045
185905,-0.6433308225238151,0,3,3,3,3,2,9.0,6.666666666666667,6.666666666666667,-0.6433308225238151
185906,-0.001190518760187973,0,1,1,1,1,1,7.8,7.8,7.8,-0.001190518760187973
185907,-0.05428280203441205,0,2,2,2,1,2,7.5,6.822222222222222,7.05,-0.05428280203441205
185909,-1.7375569767469368,0,1,1,1,1,1,0.0,0.0,0.0,-1.7375569767469368
185912,0.930328051249617,0,1,1,1,1,1,9.0,9.0,9.0,0.930328051249617
185913,0.44419038498976776,0,3,3,3,3,2,8.866666666666667,8.866666666666667,8.866666666666667,0.44419038498976776
185918,0.1841316628965394,0,3,3,2,3,2,9.466666666666667,9.466666666666667,9.466666666666667,0.1841316628965394
185927,-1.1281299854996936,0,3,3,3,3,2,8.5,5.633333333333333,4.8999999999999995,-1.1281299854996936
185928,-2.6944570610438445,0,1,1,1,1,1,0.2,0.2,0.2,-2.6944570610438445
185929,0.5118782846247792,0,3,3,3,3,2,9.766666666666667,9.766666666666667,9.766666666666667,0.5118782846247792
185930,-0.09600028396764654,0,1,1,1,1,1,9.2,9.2,9.2,-0.09600028396764654
185933,0.5193424761363301,0,1,1,1,1,1,10.0,10.0,10.0,0.5193424761363301
185936,-1.1161207511468934,0,1,1,1,1,1,,3.216666666666667,0.2,-1.1161207511468934
185941,-1.5517366293086177,0,3,3,3,3,2,9.2,6.566666666666666,6.166666666666667,-1.5517366293086177
185945,0.2720107794082536,0,2,2,2,2,2,9.4,9.4,9.4,0.2720107794082536
185948,-1.2801780974226264,0,1,1,1,1,1,,2.25,4.5,-1.2801780974226264
185949,-1.2339705472982263,0,1,1,1,1,1,,7.183333333333334,5.6,-1.2339705472982263
185950,0.3507102249020603,0,2,2,2,2,2,9.45,9.45,9.45,0.3507102249020603
185953,-0.37716619096842763,0,2,2,2,1,2,7.5,7.5,6.627777777777778,-0.37716619096842763
185954,-0.4377140641623765,0,1,1,1,1,1,,,6.5777777777777775,-0.4377140641623765
185955,0.5024261901849948,0,1,1,1,1,1,9.5,9.5,9.5,0.5024261901849948
185957,0.2647434489643575,0,3,3,2,3,2,9.299999999999999,9.299999999999999,9.299999999999999,0.2647434489643575
185960,-0.7510610451586455,0,1,1,1,1,1,8.4,8.4,8.4,-0.7510610451586455
185963,0.28120594320158876,0,3,3,3,3,2,8.9,8.9,8.9,0.28120594320158876
185966,0.5505959653112076,0,1,1,1,1,1,10.0,10.0,10.0,0.5505959653112076
185970,0.5475520458999886,0,3,3,3,3,2,9.5,9.5,9.5,0.5475520458999886
185976,0.5250929872410448,0,2,2,2,2,2,9.3,9.3,9.3,0.5250929872410448
185977,-0.9294272152689699,0,2,2,2,2,2,7.5,5.716666666666667,3.75,-0.9294272152689699
185979,-1.6850531225605352,0,3,3,2,3,2,8.75,7.7555555555555555,6.6000000000000005,-1.6850531225605352
185980,-0.2032035235864656,0,2,2,2,2,2,8.65,8.65,8.65,-0.2032035235864656
185984,-1.2339705472982263,0,1,1,1,1,1,,7.183333333333334,5.6,-1.2339705472982263
185985,0.04578642613230679,0,1,1,1,1,1,9.5,9.5,9.5,0.04578642613230679
185986,0.4870103268052757,0,2,2,2,2,2,9.7,9.7,9.7,0.4870103268052757
185989,-0.4519851130776755,0,2,2,1,2,2,7.75,7.75,7.75,-0.4519851130776755
185991,-0.15999539587561862,0,2,2,2,1,2,7.6,7.6,7.6,-0.15999539587561862
185992,0.4545938023136106,0,1,1,1,1,1,10.0,10.0,10.0,0.4545938023136106
185996,-0.38680898811587205,0,2,2,2,2,2,9.9,7.7625,7.35,-0.38680898811587205
185999,-2.850591937968329,0,1,1,1,1,1,,2.25,0.0,-2.850591937968329
186004,-0.20235578212292196,0,1,1,1,1,1,8.5,8.5,8.5,-0.20235578212292196
186006,0.051431337800997436,0,3,3,3,3,2,8.7,7.386666666666667,7.466666666666666,0.051431337800997436
186008,0.24719794715659307,0,1,1,1,1,1,9.6,9.6,9.6,0.24719794715659307
186009,-0.7679060242659121,0,1,1,1,1,1,,5.6571428571428575,2.1,-0.7679060242659121
186010,0.38751817978427844,0,3,3,2,3,2,9.6,9.6,9.6,0.38751817978427844
186011,0.13227228771797564,0,3,3,3,3,2,9.200000000000001,9.200000000000001,9.200000000000001,0.13227228771797564
186013,0.12118105123227114,0,3,3,3,3,2,9.45,8.75,8.700000000000001,0.12118105123227114
186017,-1.2663875739736772,0,2,2,2,1,2,7.5,7.33,6.95,-1.2663875739736772
186028,0.5390702352276572,0,3,3,3,3,2,9.6,9.6,9.6,0.5390702352276572
186031,-1.9529283338194041,0,1,1,1,1,1,,5.38,2.0,-1.9529283338194041
186033,-0.8604745438385337,0,3,3,2,3,2,8.3,6.844444444444444,5.8,-0.8604745438385337
186034,0.18704065060061614,0,1,1,1,1,1,8.4,8.4,8.4,0.18704065060061614
186041,0.7080769952771017,0,3,3,3,3,2,9.799999999999999,9.799999999999999,9.799999999999999,0.7080769952771017
186045,0.3938032745638823,0,1,1,1,1,1,8.9,8.9,8.9,0.3938032745638823
186047,-0.15458424007846222,0,1,1,1,1,1,,5.1090909090909085,5.1,-0.15458424007846222
186051,-1.2801780974226264,0,1,1,1,1,1,,2.25,4.5,-1.2801780974226264
186052,0.38332073518742443,0,3,3,3,3,2,9.299999999999999,9.299999999999999,9.299999999999999,0.38332073518742443
186053,0.001160837767919739,0,1,1,1,1,1,7.5,7.5,7.5,0.001160837767919739
186055,-0.7546192766145351,0,3,3,3,3,2,8.8,5.508333333333333,6.033333333333334,-0.7546192766145351
186056,0.49962425519583653,0,1,1,1,1,1,9.6,9.6,9.6,0.49962425519583653
186064,-0.19253614025523108,0,2,2,2,2,2,7.6000000000000005,7.6000000000000005,7.6000000000000005,-0.19253614025523108
186066,0.6389483747329897,0,1,1,1,1,1,10.0,10.0,10.0,0.6389483747329897
186081,-0.15458424007846222,0,1,1,1,1,1,,5.1090909090909085,5.1,-0.15458424007846222
186082,-0.7275079577504763,0,2,2,2,2,2,8.7,6.316666666666666,4.35,-0.7275079577504763
186096,1.301299137837547,0,1,1,1,1,1,9.5,9.5,9.5,1.301299137837547
186109,-0.2709263738412585,0,3,3,3,3,2,8.366666666666667,8.366666666666667,8.366666666666667,-0.2709263738412585
186116,-0.11395388944732504,0,2,2,2,2,2,7.6,6.18,4.8,-0.11395388944732504
186120,-1.092403965870584,0,1,1,1,1,1,,5.0,0.0,-1.092403965870584
186123,0.7014618512898325,0,2,2,2,2,2,9.8,9.8,9.8,0.7014618512898325
186125,0.20672547294207239,0,2,2,2,2,2,9.0,9.0,9.0,0.20672547294207239
186127,0.44287813675877513,0,1,1,1,1,1,8.9,8.9,8.9,0.44287813675877513
186133,-1.4066829755807075,0,3,3,3,3,2,8.8,5.545000000000001,5.3999999999999995,-1.4066829755807075
186138,0.4517621459397805,0,2,2,1,2,2,9.65,9.65,9.65,0.4517621459397805
186139,-1.2339705472982263,0,1,1,1,1,1,,7.183333333333334,5.6,-1.2339705472982263
186142,-1.9011079305650211,0,1,1,1,1,1,2.4,2.4,2.4,-1.9011079305650211
186149,0.6666271226626866,0,3,3,2,3,2,9.166666666666666,9.166666666666666,9.166666666666666,0.6666271226626866
186163,-3.0740804604834984,0,1,1,1,1,1,,7.5,1.2333333333333334,-3.0740804604834984
186165,0.20930937660482773,0,1,1,1,1,1,9.7,9.7,9.7,0.20930937660482773
186166,0.6373444815993607,0,3,3,2,3,2,9.833333333333334,9.833333333333334,9.833333333333334,0.6373444815993607
186168,-1.1023400307094635,0,1,1,1,1,1,,3.2,3.2,-1.1023400307094635
186171,0.23833745502955211,0,2,2,1,2,2,9.25,9.25,9.25,0.23833745502955211
186178,0.6389483747329897,0,1,1,1,1,1,10.0,10.0,10.0,0.6389483747329897
186180,-0.11404545203946274,0,1,1,1,1,1,7.9,7.9,7.9,-0.11404545203946274
186188,-1.6847399858889787,0,1,1,1,1,1,3.0,3.0,3.0,-1.6847399858889787
186191,-0.2970911108028799,0,1,1,1,1,1,8.8,8.8,8.8,-0.2970911108028799
186200,-2.3661056050091385,0,1,1,1,1,1,,0.0,0.0,-2.3661056050091385
186201,0.7397038890651602,0,2,2,2,2,2,8.7,8.7,8.7,0.7397038890651602
186212,-2.5537649205114517,0,1,1,1,1,1,,7.5,2.466666666666667,-2.5537649205114517
186217,-0.8834716516257982,0,3,3,3,3,2,7.05,5.625,5.0,-0.8834716516257982
186223,-1.8284515342016794,0,1,1,1,1,1,6.4,6.4,6.4,-1.8284515342016794
186248,-0.3504709937200483,0,1,1,1,1,1,,3.075,6.7,-0.3504709937200483
186249,0.06616775277140087,0,1,1,1,1,1,7.6,7.6,7.6,0.06616775277140087
186251,-0.1085209731918398,0,2,2,1,2,2,8.35,8.35,8.35,-0.1085209731918398
186252,0.22302611736510894,0,1,1,1,1,1,6.1,6.1,6.1,0.22302611736510894
186254,-0.6523033115236303,0,2,2,2,2,2,9.0,5.5,5.5,-0.6523033115236303
186255,-1.1161207511468934,0,1,1,1,1,1,,3.216666666666667,0.2,-1.1161207511468934
186257,0.7921189907628241,0,1,1,1,1,1,9.3,9.3,9.3,0.7921189907628241
186259,-1.2339705472982263,0,1,1,1,1,1,,7.183333333333334,5.6,-1.2339705472982263
186260,0.6894695773159213,0,2,2,2,2,2,8.850000000000001,8.850000000000001,8.850000000000001,0.6894695773159213
186264,0.9663158396972766,0,1,1,1,1,1,8.0,8.0,8.0,0.9663158396972766
186268,-1.6847399858889787,0,1,1,1,1,1,,3.075,3.0,-1.6847399858889787
186275,-0.825771560133019,0,2,2,2,2,2,9.0,6.466666666666667,4.5,-0.825771560133019
186281,-1.7248444111950425,0,2,2,2,1,2,0.0,0.0,0.0,-1.7248444111950425
186283,0.4869644472061975,0,3,3,2,3,2,9.766666666666667,9.766666666666667,9.766666666666667,0.4869644472061975
186287,0.024164364967523062,0,1,1,1,1,1,7.5,7.5,7.5,0.024164364967523062
186295,0.288514083452144,0,2,2,2,2,2,8.899999999999999,8.899999999999999,8.899999999999999,0.288514083452144
186299,-1.348152855195477,0,1,1,1,1,1,,5.6571428571428575,0.0,-1.348152855195477
186303,-0.5799447592205396,0,1,1,1,1,1,,6.875,6.5,-0.5799447592205396
186304,0.04578642613230679,0,1,1,1,1,1,9.5,9.5,9.5,0.04578642613230679
186305,0.5527352415939643,0,3,3,3,3,2,9.666666666666666,9.666666666666666,9.666666666666666,0.5527352415939643
186306,0.8702044057378234,0,3,3,3,3,2,9.833333333333334,9.833333333333334,9.833333333333334,0.8702044057378234
186308,-3.494789326314789,0,1,1,1,1,1,,4.1,4.1,-3.494789326314789
186320,0.2698693102304146,0,2,2,2,2,2,8.85,8.85,8.85,0.2698693102304146
186322,-1.7151754898614326,0,1,1,1,1,1,,3.9666666666666663,3.8,-1.7151754898614326
186325,0.48984718071412847,0,2,2,2,2,2,8.85,8.85,8.85,0.48984718071412847
186329,0.06298307622265617,0,1,1,1,1,1,8.1,8.1,8.1,0.06298307622265617
186332,-0.7499605483179719,0,2,2,2,2,2,7.5,6.13,4.75,-0.7499605483179719
186336,0.3339617253843366,0,2,2,2,2,2,8.35,8.35,8.35,0.3339617253843366
186337,0.4223040535707701,0,2,2,2,1,2,8.3,8.3,8.3,0.4223040535707701
186338,-0.7484045487894986,0,2,2,2,1,2,7.5,5.575,3.9,-0.7484045487894986
186343,0.42711011722179093,0,2,2,1,2,2,9.3,9.3,9.3,0.42711011722179093
186351,-0.5690072434585273,0,1,1,1,1,1,,6.144444444444444,6.8,-0.5690072434585273
186357,0.24424507684238553,0,3,3,3,3,2,9.033333333333333,9.033333333333333,9.033333333333333,0.24424507684238553
186358,-1.9822537769090105,0,2,2,2,2,2,7.5,6.5625,3.75,-1.9822537769090105
186359,-1.9682933893579384,0,1,1,1,1,1,,5.0,0.0,-1.9682933893579384
186360,0.5984352678914305,0,3,3,3,3,2,9.766666666666667,9.766666666666667,9.766666666666667,0.5984352678914305
186378,0.7241572552672542,0,1,1,1,1,1,7.5,7.5,7.5,0.7241572552672542
186380,-0.8296895600984335,0,2,2,2,1,2,6.5,7.0,5.1,-0.8296895600984335
186400,0.6681397562484941,0,2,2,2,2,2,8.25,8.25,8.25,0.6681397562484941
186401,0.7387933674848584,0,3,3,3,3,2,9.4,9.4,9.4,0.7387933674848584
186402,-0.7680454320810913,0,2,2,2,1,2,7.5,7.5,6.216666666666667,-0.7680454320810913
186405,0.5615036569668681,0,3,3,3,3,2,9.966666666666667,9.966666666666667,9.966666666666667,0.5615036569668681
186406,-0.7451128321101099,0,3,3,3,3,2,8.233333333333334,8.233333333333334,8.233333333333334,-0.7451128321101099
186417,0.01813464559525126,0,3,3,2,3,2,9.133333333333333,9.133333333333333,9.133333333333333,0.01813464559525126
186426,-0.19234527582281918,0,1,1,1,1,1,,5.1090909090909085,5.0,-0.19234527582281918
186429,0.4279472059178635,0,1,1,1,1,1,7.1,7.1,7.1,0.4279472059178635
186434,-2.3665107499681812,0,2,2,2,1,2,3.3,3.3,3.3,-2.3665107499681812
186436,-2.080397063040675,0,1,1,1,1,1,,5.1090909090909085,0.0,-2.080397063040675
186441,-0.36826754712077586,0,2,2,2,2,2,7.8,7.8,7.8,-0.36826754712077586
186445,0.33237448297165256,0,3,3,3,3,2,9.033333333333333,9.033333333333333,9.033333333333333,0.33237448297165256
186446,0.20918589832747392,0,2,2,2,2,2,8.45,8.45,8.45,0.20918589832747392
186451,0.6098676694006198,0,3,3,3,3,2,8.566666666666666,8.566666666666666,8.566666666666666,0.6098676694006198
186456,-0.21185267330322594,0,1,1,1,1,1,8.0,8.0,8.0,-0.21185267330322594
186460,0.5825476756828446,0,2,2,2,2,2,8.85,8.85,8.85,0.5825476756828446
186462,-0.9928183005953108,0,1,1,1,1,1,,7.5,6.166666666666667,-0.9928183005953108
186463,-1.2339705472982263,0,1,1,1,1,1,,7.183333333333334,5.6,-1.2339705472982263
186470,0.6832709481124547,0,1,1,1,1,1,9.6,9.6,9.6,0.6832709481124547
186474,-1.1067790019851758,0,3,3,3,3,2,8.7,5.731111111111112,4.2,-1.1067790019851758
186475,-1.0835832173809465,0,1,1,1,1,1,,3.2600000000000002,0.0,-1.0835832173809465
186483,-0.10581280955459035,0,2,2,2,2,2,8.35,8.35,8.35,-0.10581280955459035
186489,1.0431907463055787,0,1,1,1,1,1,9.7,9.7,9.7,1.0431907463055787
186490,0.32444480233725986,0,2,2,1,2,2,9.05,9.05,9.05,0.32444480233725986
186492,0.024164364967523062,0,1,1,1,1,1,7.5,7.5,7.5,0.024164364967523062
186495,0.3198985296054635,0,2,2,2,1,2,7.1,7.1,7.1,0.3198985296054635
186499,0.939617934686454,0,1,1,1,1,1,7.9,7.9,7.9,0.939617934686454
186502,0.37407026034253754,0,1,1,1,1,1,,5.1090909090909085,6.5,0.37407026034253754
186503,-0.6160023885278397,0,1,1,1,1,1,7.6,7.6,7.6,-0.6160023885278397
186505,-1.2339705472982263,0,1,1,1,1,1,,7.183333333333334,5.6,-1.2339705472982263
186506,-2.1504902257468195,0,2,2,1,1,2,,0.275,0.0,-2.1504902257468195
186510,-0.7558998691953154,0,2,2,2,1,2,9.5,7.4399999999999995,5.95,-0.7558998691953154
186511,0.7496351166156212,0,1,1,1,1,1,10.0,10.0,10.0,0.7496351166156212
186512,-0.3504709937200483,0,1,1,1,1,1,6.7,6.7,6.7,-0.3504709937200483
186513,0.3363092245981806,0,1,1,1,1,1,,5.1090909090909085,6.4,0.3363092245981806
186519,-1.8284515342016794,0,1,1,1,1,1,,7.159999999999999,6.4,-1.8284515342016794
186526,0.6720965247731314,0,2,2,2,2,2,9.7,9.7,9.7,0.6720965247731314
186528,0.29023574312307626,0,1,1,1,1,1,9.0,9.0,9.0,0.29023574312307626
186531,-1.101028689083387,0,1,1,1,1,1,6.8,6.8,6.8,-1.101028689083387
186536,-2.340733444226163,0,1,1,1,1,1,0.0,0.0,0.0,-2.340733444226163
186539,-1.7151754898614326,0,1,1,1,1,1,3.8,3.8,3.8,-1.7151754898614326
186543,-1.3758261758321495,0,1,1,1,1,1,0.0,0.0,0.0,-1.3758261758321495
186545,0.3753051490771173,0,3,3,3,3,2,9.133333333333333,9.133333333333333,9.133333333333333,0.3753051490771173
186549,-1.2339705472982263,0,1,1,1,1,1,,7.183333333333334,5.6,-1.2339705472982263
186556,-1.4515479983014183,0,1,1,1,1,1,,4.625,1.2,-1.4515479983014183
186559,0.290502526401774,0,3,3,3,3,2,9.2,9.2,8.353333333333333,0.290502526401774
186561,0.8633065469072012,0,1,1,1,1,1,7.5,7.5,7.5,0.8633065469072012
186564,-2.3661056050091385,0,1,1,1,1,1,0.0,0.0,0.0,-2.3661056050091385
186565,1.0376734194671637,0,1,1,1,1,1,9.5,9.5,9.5,1.0376734194671637
186568,0.11780096504752216,0,2,2,1,1,2,5.0,3.9875,6.05,0.11780096504752216
186573,0.13464962251178234,0,1,1,1,1,1,7.5,7.5,7.5,0.13464962251178234
186576,-1.9682933893579384,0,1,1,1,1,1,,5.0,0.0,-1.9682933893579384
186581,0.4523181966873897,0,3,3,3,3,2,9.333333333333334,9.333333333333334,9.333333333333334,0.4523181966873897
186583,-2.3922721317847278,0,1,1,1,1,1,,6.875,3.5,-2.3922721317847278
186584,0.2163088517581444,0,3,3,2,3,2,9.166666666666666,9.166666666666666,9.166666666666666,0.2163088517581444
186585,-1.9382676243930992,0,1,1,1,1,1,1.3,1.3,1.3,-1.9382676243930992
186587,0.6791783190386678,0,1,1,1,1,1,10.0,10.0,10.0,0.6791783190386678
186589,-0.756504376660435,0,2,2,2,1,2,1.9,2.58,4.45,-0.756504376660435
186590,-1.092403965870584,0,1,1,1,1,1,,5.0,0.0,-1.092403965870584
186599,-0.7679060242659121,0,1,1,1,1,1,,5.6571428571428575,2.1,-0.7679060242659121
186607,0.7241572552672542,0,1,1,1,1,1,7.5,7.5,7.5,0.7241572552672542
186612,0.7516806177861087,0,1,1,1,1,1,7.5,7.5,7.5,0.7516806177861087
186614,-0.10242702294795654,0,1,1,1,1,1,7.7,7.7,7.7,-0.10242702294795654
186615,-0.29654020009218995,0,3,3,3,3,2,8.95,6.633333333333333,6.633333333333333,-0.29654020009218995
186616,0.32523537305579914,0,1,1,1,1,1,8.2,8.2,8.2,0.32523537305579914
186617,-1.3684492209286687,0,1,1,1,1,1,,4.625,1.5,-1.3684492209286687
186618,1.4963198828479916,0,1,1,1,1,1,9.8,9.8,9.8,1.4963198828479916
186640,0.7937948088141543,0,1,1,1,1,1,9.9,9.9,9.9,0.7937948088141543
186651,-1.0894228461360707,0,1,1,1,1,1,,3.216666666666667,0.3,-1.0894228461360707
186652,0.6791783190386678,0,1,1,1,1,1,10.0,10.0,10.0,0.6791783190386678
186663,1.2786430299553393,0,1,1,1,1,1,9.1,9.1,9.1,1.2786430299553393
186664,0.9152236072882186,0,1,1,1,1,1,7.7,7.7,7.7,0.9152236072882186
186671,-1.0835832173809465,0,1,1,1,1,1,,3.2600000000000002,0.0,-1.0835832173809465
186682,0.7111078495626797,0,1,1,1,1,1,9.6,9.6,9.6,0.7111078495626797
186686,0.1874237743033421,0,1,1,1,1,1,7.7,7.7,7.7,0.1874237743033421
186696,-1.062724941125248,0,1,1,1,1,1,,3.216666666666667,0.4,-1.062724941125248
186745,0.6419184233198015,0,1,1,1,1,1,9.5,9.5,9.5,0.6419184233198015
186747,-0.2617877908005672,0,1,1,1,1,1,,3.216666666666667,3.4,-0.2617877908005672
186748,1.0709747884312706,0,1,1,1,1,1,8.3,8.3,8.3,1.0709747884312706
186750,0.7386701693131711,0,1,1,1,1,1,9.7,9.7,9.7,0.7386701693131711
186757,-1.7970632477320432,0,1,1,1,1,1,,0.55,0.5,-1.7970632477320432
186776,0.5024056317482782,0,1,1,1,1,1,9.2,9.2,9.2,0.5024056317482782
186801,1.3934823198704396,0,1,1,1,1,1,9.6,9.6,9.6,1.3934823198704396
186835,0.007946662013592912,0,1,1,1,1,1,7.6,7.6,7.6,0.007946662013592912
186836,0.5951166885735321,0,1,1,1,1,1,9.5,9.5,9.5,0.5951166885735321
186854,0.4470407518991665,0,1,1,1,1,1,8.2,8.2,8.2,0.4470407518991665
186881,0.7386701693131711,0,1,1,1,1,1,9.7,9.7,9.7,0.7386701693131711
186886,0.7496351166156212,0,1,1,1,1,1,10.0,10.0,10.0,0.7496351166156212
186902,1.1265032697622126,0,1,1,1,1,1,8.6,8.6,8.6,1.1265032697622126
186944,0.35279769280629103,0,1,1,1,1,1,8.3,8.3,8.3,0.35279769280629103
186981,-1.9348748464845005,0,1,1,1,1,1,,0.55,0.0,-1.9348748464845005
187007,-1.0894228461360707,0,1,1,1,1,1,0.3,0.3,0.3,-1.0894228461360707
187032,0.6569240597903675,0,1,1,1,1,1,9.7,9.7,9.7,0.6569240597903675
187035,0.7335138959546581,0,1,1,1,1,1,,3.2600000000000002,7.0,0.7335138959546581
187042,1.046409554729745,0,1,1,1,1,1,8.3,8.3,8.3,1.046409554729745
187044,0.5181716113092397,0,1,1,1,1,1,8.9,8.9,8.9,0.5181716113092397
187119,0.7386701693131711,0,1,1,1,1,1,9.7,9.7,9.7,0.7386701693131711
187137,0.6008585705607138,0,1,1,1,1,1,9.2,9.2,9.2,0.6008585705607138
187175,-1.062724941125248,0,1,1,1,1,1,,3.216666666666667,0.4,-1.062724941125248
187187,-1.062724941125248,0,1,1,1,1,1,,3.216666666666667,0.4,-1.062724941125248
187214,1.1265032697622126,0,1,1,1,1,1,8.6,8.6,8.6,1.1265032697622126
187219,0.8595242196539857,0,1,1,1,1,1,7.6,7.6,7.6,0.8595242196539857
187259,0.545733931059731,0,1,1,1,1,1,9.0,9.0,9.0,0.545733931059731
187260,0.35279769280629103,0,1,1,1,1,1,8.3,8.3,8.3,0.35279769280629103
187302,0.9930137447080992,0,1,1,1,1,1,8.1,8.1,8.1,0.9930137447080992
187303,0.7386701693131711,0,1,1,1,1,1,9.7,9.7,9.7,0.7386701693131711
187307,1.1532011747730353,0,1,1,1,1,1,8.7,8.7,8.7,1.1532011747730353
187320,-0.2617877908005672,0,1,1,1,1,1,,3.216666666666667,3.4,-0.2617877908005672
187361,0.2701107335548164,0,1,1,1,1,1,8.0,8.0,8.0,0.2701107335548164
187377,0.49060929155874833,0,1,1,1,1,1,8.8,8.8,8.8,0.49060929155874833
187380,-1.0894228461360707,0,1,1,1,1,1,,3.216666666666667,0.3,-1.0894228461360707
187421,0.46304697180825644,0,1,1,1,1,1,8.7,8.7,8.7,0.46304697180825644
187439,-2.080397063040675,0,1,1,1,1,1,,5.1090909090909085,0.0,-2.080397063040675
187440,-0.2617877908005672,0,1,1,1,1,1,,3.216666666666667,3.4,-0.2617877908005672
187458,0.5181716113092397,0,1,1,1,1,1,8.9,8.9,8.9,0.5181716113092397
187465,-1.4663154107261456,0,1,1,1,1,1,1.7,1.7,1.7,-1.4663154107261456
187473,0.4354846520577651,0,1,1,1,1,1,8.6,8.6,8.6,0.4354846520577651
187481,0.32523537305579914,0,1,1,1,1,1,8.2,8.2,8.2,0.32523537305579914
187482,-1.0835832173809465,0,1,1,1,1,1,,3.2600000000000002,0.0,-1.0835832173809465
187515,-1.9348748464845005,0,1,1,1,1,1,0.0,0.0,0.0,-1.9348748464845005
187518,-1.0894228461360707,0,1,1,1,1,1,,3.216666666666667,0.3,-1.0894228461360707
187524,0.5732962508102224,0,1,1,1,1,1,9.1,9.1,9.1,0.5732962508102224
187525,-0.6163296739517911,0,1,1,1,1,1,,3.2600000000000002,1.8,-0.6163296739517911
187529,0.7335138959546581,0,1,1,1,1,1,,3.2600000000000002,7.0,0.7335138959546581
187530,0.4354846520577651,0,1,1,1,1,1,8.6,8.6,8.6,0.4354846520577651
187535,0.46304697180825644,0,1,1,1,1,1,8.7,8.7,8.7,0.46304697180825644
187541,0.86496372501918,0,1,1,1,1,1,7.8,7.8,7.8,0.86496372501918
187542,0.7335138959546581,0,1,1,1,1,1,7.0,7.0,7.0,0.7335138959546581
187546,0.3728323270773501,0,1,1,1,1,1,9.9,9.9,9.9,0.3728323270773501
187551,0.545733931059731,0,1,1,1,1,1,9.0,9.0,9.0,0.545733931059731
187564,-1.0835832173809465,0,1,1,1,1,1,,3.2600000000000002,0.0,-1.0835832173809465
187565,-1.7970632477320432,0,1,1,1,1,1,0.5,0.5,0.5,-1.7970632477320432
187572,-1.4663154107261456,0,1,1,1,1,1,,0.55,1.7,-1.4663154107261456
187592,1.2425740824627516,0,1,1,1,1,1,8.8,8.8,8.8,1.2425740824627516
187652,-0.6454777047551047,0,1,1,1,1,1,,5.1090909090909085,3.8,-0.6454777047551047
187656,0.007946662013592912,0,1,1,1,1,1,7.6,7.6,7.6,0.007946662013592912
187689,0.6832709481124547,0,1,1,1,1,1,9.6,9.6,9.6,0.6832709481124547
187698,-1.6260116722596267,0,1,1,1,1,1,,6.1875,5.4,-1.6260116722596267
187710,1.0915299394853228,0,1,1,1,1,1,8.4,8.4,8.4,1.0915299394853228
187711,-0.2617877908005672,0,1,1,1,1,1,,3.216666666666667,3.4,-0.2617877908005672
187714,-1.0894228461360707,0,1,1,1,1,1,,3.216666666666667,0.3,-1.0894228461360707
187733,0.04862813368845456,0,1,1,1,1,1,9.0,9.0,9.0,0.04862813368845456
187735,-1.0835832173809465,0,1,1,1,1,1,,3.2600000000000002,0.0,-1.0835832173809465
187767,-1.0230880621986758,0,1,1,1,1,1,2.8,2.8,2.8,-1.0230880621986758
187782,-3.6157370371576425,0,1,1,1,1,1,,4.6,1.7,-3.6157370371576425
187795,-1.0230880621986758,0,1,1,1,1,1,,5.1090909090909085,2.8,-1.0230880621986758
187798,0.46304697180825644,0,1,1,1,1,1,8.7,8.7,8.7,0.46304697180825644
187832,-0.29548139846588284,0,1,1,1,1,1,7.6,7.6,7.6,-0.29548139846588284
187834,-1.092403965870584,0,1,1,1,1,1,,5.0,0.0,-1.092403965870584
187846,-1.092403965870584,0,1,1,1,1,1,,5.0,0.0,-1.092403965870584
187847,-1.092403965870584,0,1,1,1,1,1,,5.0,0.0,-1.092403965870584
402778,-2.514163469593486,0,1,1,1,1,1,0.0,0.0,0.0,-2.514163469593486
402894,0.6110093086344492,0,2,2,2,2,1,10.0,10.0,10.0,0.6110093086344492
403107,0.8470811151418853,0,1,1,1,1,1,8.0,8.0,8.0,0.8470811151418853
403205,-0.8704840727604912,0,1,1,1,1,1,8.5,8.5,8.5,-0.8704840727604912
403514,0.9230409183600403,0,2,2,2,2,2,8.45,8.45,8.45,0.9230409183600403
403772,0.5014395286165994,0,1,1,1,1,1,9.6,9.6,9.6,0.5014395286165994
